artifact_id,region_id,block_id,block_row,block_col,longitude,latitude,month,product_id,eligible_land_cell_days,valid_cell_days,detected_cell_days,native_rate_per_1000,support_fraction,observation_status,comparison_status,investigation_priority
art_science_aoi_sample_202303_r2_12de5b9c94a1,region_ne_india_myanmar_candidate_r2,h26v06_r042_c038,42,38,92.94335,26.45833,2023-03,myd14a1_061_aqua,124,102,0,0.0,0.822581,available,calibration_not_released,unavailable
art_science_aoi_sample_202303_r2_12de5b9c94a1,region_ne_india_myanmar_candidate_r2,h26v06_r042_c039,42,39,93.03643,26.45833,2023-03,myd14a1_061_aqua,2635,2208,5,2.2645,0.837951,available,calibration_not_released,unavailable
art_science_aoi_sample_202303_r2_12de5b9c94a1,region_ne_india_myanmar_candidate_r2,h26v06_r042_c040,42,40,93.12951,26.45833,2023-03,myd14a1_061_aqua,3100,2573,12,4.6638,0.83,available,calibration_not_released,unavailable
art_science_aoi_sample_202303_r2_12de5b9c94a1,region_ne_india_myanmar_candidate_r2,h26v06_r042_c041,42,41,93.2226,26.45833,2023-03,myd14a1_061_aqua,3100,2447,2,0.8173,0.789355,available,calibration_not_released,unavailable
art_science_aoi_sample_202303_r2_12de5b9c94a1,region_ne_india_myanmar_candidate_r2,h26v06_r042_c042,42,42,93.31568,26.45833,2023-03,myd14a1_061_aqua,3100,2353,11,4.6749,0.759032,available,calibration_not_released,unavailable
art_science_aoi_sample_202303_r2_12de5b9c94a1,region_ne_india_myanmar_candidate_r2,h26v06_r042_c043,42,43,93.40876,26.45833,2023-03,myd14a1_061_aqua,3100,2426,0,0.0,0.782581,available,calibration_not_released,unavailable
art_science_aoi_sample_202303_r2_12de5b9c94a1,region_ne_india_myanmar_candidate_r2,h26v06_r042_c044,42,44,93.50185,26.45833,2023-03,myd14a1_061_aqua,3100,2512,0,0.0,0.810323,available,calibration_not_released,unavailable
art_science_aoi_sample_202303_r2_12de5b9c94a1,region_ne_india_myanmar_candidate_r2,h26v06_r042_c045,42,45,93.59493,26.45833,2023-03,myd14a1_061_aqua,3100,2377,19,7.9933,0.766774,available,calibration_not_released,unavailable
art_science_aoi_sample_202303_r2_12de5b9c94a1,region_ne_india_myanmar_candidate_r2,h26v06_r042_c046,42,46,93.68801,26.45833,2023-03,myd14a1_061_aqua,3100,2364,5,2.1151,0.762581,available,calibration_not_released,unavailable
art_science_aoi_sample_202303_r2_12de5b9c94a1,region_ne_india_myanmar_candidate_r2,h26v06_r042_c047,42,47,93.7811,26.45833,2023-03,myd14a1_061_aqua,3100,2531,0,0.0,0.816452,available,calibration_not_released,unavailable
art_science_aoi_sample_202303_r2_12de5b9c94a1,region_ne_india_myanmar_candidate_r2,h26v06_r042_c048,42,48,93.87418,26.45833,2023-03,myd14a1_061_aqua,3100,2585,0,0.0,0.833871,available,calibration_not_released,unavailable
art_science_aoi_sample_202303_r2_12de5b9c94a1,region_ne_india_myanmar_candidate_r2,h26v06_r042_c049,42,49,93.96726,26.45833,2023-03,myd14a1_061_aqua,3100,2641,0,0.0,0.851935,available,calibration_not_released,unavailable
art_science_aoi_sample_202303_r2_12de5b9c94a1,region_ne_india_myanmar_candidate_r2,h26v06_r042_c050,42,50,94.06034,26.45833,2023-03,myd14a1_061_aqua,3100,2506,0,0.0,0.808387,available,calibration_not_released,unavailable
art_science_aoi_sample_202303_r2_12de5b9c94a1,region_ne_india_myanmar_candidate_r2,h26v06_r042_c051,42,51,94.15343,26.45833,2023-03,myd14a1_061_aqua,3100,2613,11,4.2097,0.842903,available,calibration_not_released,unavailable
art_science_aoi_sample_202303_r2_12de5b9c94a1,region_ne_india_myanmar_candidate_r2,h26v06_r042_c052,42,52,94.24651,26.45833,2023-03,myd14a1_061_aqua,3100,2741,9,3.2835,0.884194,available,calibration_not_released,unavailable
art_science_aoi_sample_202303_r2_12de5b9c94a1,region_ne_india_myanmar_candidate_r2,h26v06_r042_c053,42,53,94.33959,26.45833,2023-03,myd14a1_061_aqua,3100,2787,1,0.3588,0.899032,available,calibration_not_released,unavailable
art_science_aoi_sample_202303_r2_12de5b9c94a1,region_ne_india_myanmar_candidate_r2,h26v06_r042_c054,42,54,94.43268,26.45833,2023-03,myd14a1_061_aqua,3100,2858,0,0.0,0.921935,available,calibration_not_released,unavailable
art_science_aoi_sample_202303_r2_12de5b9c94a1,region_ne_india_myanmar_candidate_r2,h26v06_r042_c055,42,55,94.52576,26.45833,2023-03,myd14a1_061_aqua,3100,2859,1,0.3498,0.922258,available,calibration_not_released,unavailable
art_science_aoi_sample_202303_r2_12de5b9c94a1,region_ne_india_myanmar_candidate_r2,h26v06_r042_c056,42,56,94.61884,26.45833,2023-03,myd14a1_061_aqua,3100,2684,11,4.0984,0.865806,available,calibration_not_released,unavailable
art_science_aoi_sample_202303_r2_12de5b9c94a1,region_ne_india_myanmar_candidate_r2,h26v06_r042_c057,42,57,94.71193,26.45833,2023-03,myd14a1_061_aqua,3100,2660,3,1.1278,0.858065,available,calibration_not_released,unavailable
art_science_aoi_sample_202303_r2_12de5b9c94a1,region_ne_india_myanmar_candidate_r2,h26v06_r042_c058,42,58,94.80501,26.45833,2023-03,myd14a1_061_aqua,3100,2641,0,0.0,0.851935,available,calibration_not_released,unavailable
art_science_aoi_sample_202303_r2_12de5b9c94a1,region_ne_india_myanmar_candidate_r2,h26v06_r042_c059,42,59,94.89809,26.45833,2023-03,myd14a1_061_aqua,3100,2674,0,0.0,0.862581,available,calibration_not_released,unavailable
art_science_aoi_sample_202303_r2_12de5b9c94a1,region_ne_india_myanmar_candidate_r2,h26v06_r042_c060,42,60,94.99117,26.45833,2023-03,myd14a1_061_aqua,3100,2538,0,0.0,0.81871,available,calibration_not_released,unavailable
art_science_aoi_sample_202303_r2_12de5b9c94a1,region_ne_india_myanmar_candidate_r2,h26v06_r042_c061,42,61,95.08426,26.45833,2023-03,myd14a1_061_aqua,3100,2393,0,0.0,0.771935,available,calibration_not_released,unavailable
art_science_aoi_sample_202303_r2_12de5b9c94a1,region_ne_india_myanmar_candidate_r2,h26v06_r042_c062,42,62,95.17734,26.45833,2023-03,myd14a1_061_aqua,3100,2293,0,0.0,0.739677,available,calibration_not_released,unavailable
art_science_aoi_sample_202303_r2_12de5b9c94a1,region_ne_india_myanmar_candidate_r2,h26v06_r042_c063,42,63,95.27042,26.45833,2023-03,myd14a1_061_aqua,3100,2218,4,1.8034,0.715484,available,calibration_not_released,unavailable
art_science_aoi_sample_202303_r2_12de5b9c94a1,region_ne_india_myanmar_candidate_r2,h26v06_r042_c064,42,64,95.36351,26.45833,2023-03,myd14a1_061_aqua,3100,2304,1,0.434,0.743226,available,calibration_not_released,unavailable
art_science_aoi_sample_202303_r2_12de5b9c94a1,region_ne_india_myanmar_candidate_r2,h26v06_r042_c065,42,65,95.45659,26.45833,2023-03,myd14a1_061_aqua,3100,2359,3,1.2717,0.760968,available,calibration_not_released,unavailable
art_science_aoi_sample_202303_r2_12de5b9c94a1,region_ne_india_myanmar_candidate_r2,h26v06_r042_c066,42,66,95.54967,26.45833,2023-03,myd14a1_061_aqua,3100,2370,5,2.1097,0.764516,available,calibration_not_released,unavailable
art_science_aoi_sample_202303_r2_12de5b9c94a1,region_ne_india_myanmar_candidate_r2,h26v06_r042_c067,42,67,95.64276,26.45833,2023-03,myd14a1_061_aqua,3100,2457,0,0.0,0.792581,available,calibration_not_released,unavailable
art_science_aoi_sample_202303_r2_12de5b9c94a1,region_ne_india_myanmar_candidate_r2,h26v06_r042_c068,42,68,95.73584,26.45833,2023-03,myd14a1_061_aqua,3100,2429,0,0.0,0.783548,available,calibration_not_released,unavailable
art_science_aoi_sample_202303_r2_12de5b9c94a1,region_ne_india_myanmar_candidate_r2,h26v06_r042_c069,42,69,95.82892,26.45833,2023-03,myd14a1_061_aqua,3100,2088,0,0.0,0.673548,available,calibration_not_released,unavailable
art_science_aoi_sample_202303_r2_12de5b9c94a1,region_ne_india_myanmar_candidate_r2,h26v06_r042_c070,42,70,95.922,26.45833,2023-03,myd14a1_061_aqua,3100,2207,0,0.0,0.711935,available,calibration_not_released,unavailable
art_science_aoi_sample_202303_r2_12de5b9c94a1,region_ne_india_myanmar_candidate_r2,h26v06_r042_c071,42,71,96.01509,26.45833,2023-03,myd14a1_061_aqua,1054,791,0,0.0,0.750474,available,calibration_not_released,unavailable
art_science_aoi_sample_202303_r2_12de5b9c94a1,region_ne_india_myanmar_candidate_r2,h26v06_r043_c039,43,39,92.96924,26.375,2023-03,myd14a1_061_aqua,589,484,0,0.0,0.821732,available,calibration_not_released,unavailable
art_science_aoi_sample_202303_r2_12de5b9c94a1,region_ne_india_myanmar_candidate_r2,h26v06_r043_c040,43,40,93.06225,26.375,2023-03,myd14a1_061_aqua,3007,2478,27,10.8959,0.824077,available,calibration_not_released,unavailable
art_science_aoi_sample_202303_r2_12de5b9c94a1,region_ne_india_myanmar_candidate_r2,h26v06_r043_c041,43,41,93.15527,26.375,2023-03,myd14a1_061_aqua,3100,2560,16,6.25,0.825806,available,calibration_not_released,unavailable
art_science_aoi_sample_202303_r2_12de5b9c94a1,region_ne_india_myanmar_candidate_r2,h26v06_r043_c042,43,42,93.24828,26.375,2023-03,myd14a1_061_aqua,3100,2472,3,1.2136,0.797419,available,calibration_not_released,unavailable
art_science_aoi_sample_202303_r2_12de5b9c94a1,region_ne_india_myanmar_candidate_r2,h26v06_r043_c043,43,43,93.3413,26.375,2023-03,myd14a1_061_aqua,3100,2497,6,2.4029,0.805484,available,calibration_not_released,unavailable
art_science_aoi_sample_202303_r2_12de5b9c94a1,region_ne_india_myanmar_candidate_r2,h26v06_r043_c044,43,44,93.43431,26.375,2023-03,myd14a1_061_aqua,3100,2574,0,0.0,0.830323,available,calibration_not_released,unavailable
art_science_aoi_sample_202303_r2_12de5b9c94a1,region_ne_india_myanmar_candidate_r2,h26v06_r043_c045,43,45,93.52733,26.375,2023-03,myd14a1_061_aqua,3100,2660,0,0.0,0.858065,available,calibration_not_released,unavailable
art_science_aoi_sample_202303_r2_12de5b9c94a1,region_ne_india_myanmar_candidate_r2,h26v06_r043_c046,43,46,93.62035,26.375,2023-03,myd14a1_061_aqua,3100,2434,2,0.8217,0.785161,available,calibration_not_released,unavailable
art_science_aoi_sample_202303_r2_12de5b9c94a1,region_ne_india_myanmar_candidate_r2,h26v06_r043_c047,43,47,93.71336,26.375,2023-03,myd14a1_061_aqua,3100,2441,3,1.229,0.787419,available,calibration_not_released,unavailable
art_science_aoi_sample_202303_r2_12de5b9c94a1,region_ne_india_myanmar_candidate_r2,h26v06_r043_c048,43,48,93.80638,26.375,2023-03,myd14a1_061_aqua,3100,2537,0,0.0,0.818387,available,calibration_not_released,unavailable
art_science_aoi_sample_202303_r2_12de5b9c94a1,region_ne_india_myanmar_candidate_r2,h26v06_r043_c049,43,49,93.89939,26.375,2023-03,myd14a1_061_aqua,3100,2590,0,0.0,0.835484,available,calibration_not_released,unavailable
art_science_aoi_sample_202303_r2_12de5b9c94a1,region_ne_india_myanmar_candidate_r2,h26v06_r043_c050,43,50,93.99241,26.375,2023-03,myd14a1_061_aqua,3100,2680,0,0.0,0.864516,available,calibration_not_released,unavailable
art_science_aoi_sample_202303_r2_12de5b9c94a1,region_ne_india_myanmar_candidate_r2,h26v06_r043_c051,43,51,94.08542,26.375,2023-03,myd14a1_061_aqua,3100,2631,0,0.0,0.84871,available,calibration_not_released,unavailable
art_science_aoi_sample_202303_r2_12de5b9c94a1,region_ne_india_myanmar_candidate_r2,h26v06_r043_c052,43,52,94.17844,26.375,2023-03,myd14a1_061_aqua,3100,2665,5,1.8762,0.859677,available,calibration_not_released,unavailable
art_science_aoi_sample_202303_r2_12de5b9c94a1,region_ne_india_myanmar_candidate_r2,h26v06_r043_c053,43,53,94.27146,26.375,2023-03,myd14a1_061_aqua,3100,2681,0,0.0,0.864839,available,calibration_not_released,unavailable
art_science_aoi_sample_202303_r2_12de5b9c94a1,region_ne_india_myanmar_candidate_r2,h26v06_r043_c054,43,54,94.36447,26.375,2023-03,myd14a1_061_aqua,3100,2759,10,3.6245,0.89,available,calibration_not_released,unavailable
art_science_aoi_sample_202303_r2_12de5b9c94a1,region_ne_india_myanmar_candidate_r2,h26v06_r043_c055,43,55,94.45749,26.375,2023-03,myd14a1_061_aqua,3100,2832,0,0.0,0.913548,available,calibration_not_released,unavailable
art_science_aoi_sample_202303_r2_12de5b9c94a1,region_ne_india_myanmar_candidate_r2,h26v06_r043_c056,43,56,94.5505,26.375,2023-03,myd14a1_061_aqua,3100,2589,9,3.4762,0.835161,available,calibration_not_released,unavailable
art_science_aoi_sample_202303_r2_12de5b9c94a1,region_ne_india_myanmar_candidate_r2,h26v06_r043_c057,43,57,94.64352,26.375,2023-03,myd14a1_061_aqua,3100,2562,38,14.8322,0.826452,available,calibration_not_released,unavailable
art_science_aoi_sample_202303_r2_12de5b9c94a1,region_ne_india_myanmar_candidate_r2,h26v06_r043_c058,43,58,94.73653,26.375,2023-03,myd14a1_061_aqua,3100,2610,12,4.5977,0.841935,available,calibration_not_released,unavailable
art_science_aoi_sample_202303_r2_12de5b9c94a1,region_ne_india_myanmar_candidate_r2,h26v06_r043_c059,43,59,94.82955,26.375,2023-03,myd14a1_061_aqua,3100,2603,0,0.0,0.839677,available,calibration_not_released,unavailable
art_science_aoi_sample_202303_r2_12de5b9c94a1,region_ne_india_myanmar_candidate_r2,h26v06_r043_c060,43,60,94.92257,26.375,2023-03,myd14a1_061_aqua,3100,2603,0,0.0,0.839677,available,calibration_not_released,unavailable
art_science_aoi_sample_202303_r2_12de5b9c94a1,region_ne_india_myanmar_candidate_r2,h26v06_r043_c061,43,61,95.01558,26.375,2023-03,myd14a1_061_aqua,3100,2548,0,0.0,0.821935,available,calibration_not_released,unavailable
art_science_aoi_sample_202303_r2_12de5b9c94a1,region_ne_india_myanmar_candidate_r2,h26v06_r043_c062,43,62,95.1086,26.375,2023-03,myd14a1_061_aqua,3100,2402,4,1.6653,0.774839,available,calibration_not_released,unavailable
art_science_aoi_sample_202303_r2_12de5b9c94a1,region_ne_india_myanmar_candidate_r2,h26v06_r043_c063,43,63,95.20161,26.375,2023-03,myd14a1_061_aqua,3100,2282,0,0.0,0.736129,available,calibration_not_released,unavailable
art_science_aoi_sample_202303_r2_12de5b9c94a1,region_ne_india_myanmar_candidate_r2,h26v06_r043_c064,43,64,95.29463,26.375,2023-03,myd14a1_061_aqua,3100,2308,25,10.8319,0.744516,available,calibration_not_released,unavailable
art_science_aoi_sample_202303_r2_12de5b9c94a1,region_ne_india_myanmar_candidate_r2,h26v06_r043_c065,43,65,95.38765,26.375,2023-03,myd14a1_061_aqua,3100,2296,1,0.4355,0.740645,available,calibration_not_released,unavailable
art_science_aoi_sample_202303_r2_12de5b9c94a1,region_ne_india_myanmar_candidate_r2,h26v06_r043_c066,43,66,95.48066,26.375,2023-03,myd14a1_061_aqua,3100,2391,10,4.1824,0.77129,available,calibration_not_released,unavailable
art_science_aoi_sample_202303_r2_12de5b9c94a1,region_ne_india_myanmar_candidate_r2,h26v06_r043_c067,43,67,95.57368,26.375,2023-03,myd14a1_061_aqua,3100,2440,28,11.4754,0.787097,available,calibration_not_released,unavailable
art_science_aoi_sample_202303_r2_12de5b9c94a1,region_ne_india_myanmar_candidate_r2,h26v06_r043_c068,43,68,95.66669,26.375,2023-03,myd14a1_061_aqua,3100,2480,0,0.0,0.8,available,calibration_not_released,unavailable
art_science_aoi_sample_202303_r2_12de5b9c94a1,region_ne_india_myanmar_candidate_r2,h26v06_r043_c069,43,69,95.75971,26.375,2023-03,myd14a1_061_aqua,3100,2330,0,0.0,0.751613,available,calibration_not_released,unavailable
art_science_aoi_sample_202303_r2_12de5b9c94a1,region_ne_india_myanmar_candidate_r2,h26v06_r043_c070,43,70,95.85272,26.375,2023-03,myd14a1_061_aqua,3100,2288,0,0.0,0.738065,available,calibration_not_released,unavailable
art_science_aoi_sample_202303_r2_12de5b9c94a1,region_ne_india_myanmar_candidate_r2,h26v06_r043_c071,43,71,95.94574,26.375,2023-03,myd14a1_061_aqua,2914,2333,0,0.0,0.800618,available,calibration_not_released,unavailable
art_science_aoi_sample_202303_r2_12de5b9c94a1,region_ne_india_myanmar_candidate_r2,h26v06_r043_c072,43,72,96.03876,26.375,2023-03,myd14a1_061_aqua,403,330,0,0.0,0.818859,available,calibration_not_released,unavailable
art_science_aoi_sample_202303_r2_12de5b9c94a1,region_ne_india_myanmar_candidate_r2,h26v06_r044_c040,44,40,92.99528,26.29167,2023-03,myd14a1_061_aqua,1395,1122,2,1.7825,0.804301,available,calibration_not_released,unavailable
art_science_aoi_sample_202303_r2_12de5b9c94a1,region_ne_india_myanmar_candidate_r2,h26v06_r044_c041,44,41,93.08823,26.29167,2023-03,myd14a1_061_aqua,3100,2548,8,3.1397,0.821935,available,calibration_not_released,unavailable
art_science_aoi_sample_202303_r2_12de5b9c94a1,region_ne_india_myanmar_candidate_r2,h26v06_r044_c042,44,42,93.18118,26.29167,2023-03,myd14a1_061_aqua,3100,2693,0,0.0,0.86871,available,calibration_not_released,unavailable
art_science_aoi_sample_202303_r2_12de5b9c94a1,region_ne_india_myanmar_candidate_r2,h26v06_r044_c043,44,43,93.27413,26.29167,2023-03,myd14a1_061_aqua,3100,2587,0,0.0,0.834516,available,calibration_not_released,unavailable
art_science_aoi_sample_202303_r2_12de5b9c94a1,region_ne_india_myanmar_candidate_r2,h26v06_r044_c044,44,44,93.36708,26.29167,2023-03,myd14a1_061_aqua,3100,2505,0,0.0,0.808065,available,calibration_not_released,unavailable
art_science_aoi_sample_202303_r2_12de5b9c94a1,region_ne_india_myanmar_candidate_r2,h26v06_r044_c045,44,45,93.46003,26.29167,2023-03,myd14a1_061_aqua,3100,2524,0,0.0,0.814194,available,calibration_not_released,unavailable
art_science_aoi_sample_202303_r2_12de5b9c94a1,region_ne_india_myanmar_candidate_r2,h26v06_r044_c046,44,46,93.55297,26.29167,2023-03,myd14a1_061_aqua,3100,2523,0,0.0,0.813871,available,calibration_not_released,unavailable
art_science_aoi_sample_202303_r2_12de5b9c94a1,region_ne_india_myanmar_candidate_r2,h26v06_r044_c047,44,47,93.64592,26.29167,2023-03,myd14a1_061_aqua,3100,2450,3,1.2245,0.790323,available,calibration_not_released,unavailable
art_science_aoi_sample_202303_r2_12de5b9c94a1,region_ne_india_myanmar_candidate_r2,h26v06_r044_c048,44,48,93.73887,26.29167,2023-03,myd14a1_061_aqua,3100,2499,10,4.0016,0.806129,available,calibration_not_released,unavailable
art_science_aoi_sample_202303_r2_12de5b9c94a1,region_ne_india_myanmar_candidate_r2,h26v06_r044_c049,44,49,93.83182,26.29167,2023-03,myd14a1_061_aqua,3100,2558,0,0.0,0.825161,available,calibration_not_released,unavailable
art_science_aoi_sample_202303_r2_12de5b9c94a1,region_ne_india_myanmar_candidate_r2,h26v06_r044_c050,44,50,93.92477,26.29167,2023-03,myd14a1_061_aqua,3100,2611,0,0.0,0.842258,available,calibration_not_released,unavailable
art_science_aoi_sample_202303_r2_12de5b9c94a1,region_ne_india_myanmar_candidate_r2,h26v06_r044_c051,44,51,94.01772,26.29167,2023-03,myd14a1_061_aqua,3100,2622,0,0.0,0.845806,available,calibration_not_released,unavailable
art_science_aoi_sample_202303_r2_12de5b9c94a1,region_ne_india_myanmar_candidate_r2,h26v06_r044_c052,44,52,94.11067,26.29167,2023-03,myd14a1_061_aqua,3100,2654,1,0.3768,0.856129,available,calibration_not_released,unavailable
art_science_aoi_sample_202303_r2_12de5b9c94a1,region_ne_india_myanmar_candidate_r2,h26v06_r044_c053,44,53,94.20362,26.29167,2023-03,myd14a1_061_aqua,3100,2697,4,1.4831,0.87,available,calibration_not_released,unavailable
art_science_aoi_sample_202303_r2_12de5b9c94a1,region_ne_india_myanmar_candidate_r2,h26v06_r044_c054,44,54,94.29656,26.29167,2023-03,myd14a1_061_aqua,3100,2778,32,11.5191,0.896129,available,calibration_not_released,unavailable
art_science_aoi_sample_202303_r2_12de5b9c94a1,region_ne_india_myanmar_candidate_r2,h26v06_r044_c055,44,55,94.38951,26.29167,2023-03,myd14a1_061_aqua,3100,2674,15,5.6096,0.862581,available,calibration_not_released,unavailable
art_science_aoi_sample_202303_r2_12de5b9c94a1,region_ne_india_myanmar_candidate_r2,h26v06_r044_c056,44,56,94.48246,26.29167,2023-03,myd14a1_061_aqua,3100,2608,5,1.9172,0.84129,available,calibration_not_released,unavailable
art_science_aoi_sample_202303_r2_12de5b9c94a1,region_ne_india_myanmar_candidate_r2,h26v06_r044_c057,44,57,94.57541,26.29167,2023-03,myd14a1_061_aqua,3100,2659,5,1.8804,0.857742,available,calibration_not_released,unavailable
art_science_aoi_sample_202303_r2_12de5b9c94a1,region_ne_india_myanmar_candidate_r2,h26v06_r044_c058,44,58,94.66836,26.29167,2023-03,myd14a1_061_aqua,3100,2684,2,0.7452,0.865806,available,calibration_not_released,unavailable
art_science_aoi_sample_202303_r2_12de5b9c94a1,region_ne_india_myanmar_candidate_r2,h26v06_r044_c059,44,59,94.76131,26.29167,2023-03,myd14a1_061_aqua,3100,2591,3,1.1579,0.835806,available,calibration_not_released,unavailable
art_science_aoi_sample_202303_r2_12de5b9c94a1,region_ne_india_myanmar_candidate_r2,h26v06_r044_c060,44,60,94.85426,26.29167,2023-03,myd14a1_061_aqua,3100,2496,0,0.0,0.805161,available,calibration_not_released,unavailable
art_science_aoi_sample_202303_r2_12de5b9c94a1,region_ne_india_myanmar_candidate_r2,h26v06_r044_c061,44,61,94.94721,26.29167,2023-03,myd14a1_061_aqua,3100,2418,0,0.0,0.78,available,calibration_not_released,unavailable
art_science_aoi_sample_202303_r2_12de5b9c94a1,region_ne_india_myanmar_candidate_r2,h26v06_r044_c062,44,62,95.04016,26.29167,2023-03,myd14a1_061_aqua,3100,2348,0,0.0,0.757419,available,calibration_not_released,unavailable
art_science_aoi_sample_202303_r2_12de5b9c94a1,region_ne_india_myanmar_candidate_r2,h26v06_r044_c063,44,63,95.1331,26.29167,2023-03,myd14a1_061_aqua,3100,2299,9,3.9147,0.741613,available,calibration_not_released,unavailable
art_science_aoi_sample_202303_r2_12de5b9c94a1,region_ne_india_myanmar_candidate_r2,h26v06_r044_c064,44,64,95.22605,26.29167,2023-03,myd14a1_061_aqua,3100,2383,0,0.0,0.76871,available,calibration_not_released,unavailable
art_science_aoi_sample_202303_r2_12de5b9c94a1,region_ne_india_myanmar_candidate_r2,h26v06_r044_c065,44,65,95.319,26.29167,2023-03,myd14a1_061_aqua,3100,2323,0,0.0,0.749355,available,calibration_not_released,unavailable
art_science_aoi_sample_202303_r2_12de5b9c94a1,region_ne_india_myanmar_candidate_r2,h26v06_r044_c066,44,66,95.41195,26.29167,2023-03,myd14a1_061_aqua,3100,2326,6,2.5795,0.750323,available,calibration_not_released,unavailable
art_science_aoi_sample_202303_r2_12de5b9c94a1,region_ne_india_myanmar_candidate_r2,h26v06_r044_c067,44,67,95.5049,26.29167,2023-03,myd14a1_061_aqua,3100,2483,34,13.6931,0.800968,available,calibration_not_released,unavailable
art_science_aoi_sample_202303_r2_12de5b9c94a1,region_ne_india_myanmar_candidate_r2,h26v06_r044_c068,44,68,95.59785,26.29167,2023-03,myd14a1_061_aqua,3100,2498,15,6.0048,0.805806,available,calibration_not_released,unavailable
art_science_aoi_sample_202303_r2_12de5b9c94a1,region_ne_india_myanmar_candidate_r2,h26v06_r044_c069,44,69,95.6908,26.29167,2023-03,myd14a1_061_aqua,3100,2450,0,0.0,0.790323,available,calibration_not_released,unavailable
art_science_aoi_sample_202303_r2_12de5b9c94a1,region_ne_india_myanmar_candidate_r2,h26v06_r044_c070,44,70,95.78375,26.29167,2023-03,myd14a1_061_aqua,3100,2358,0,0.0,0.760645,available,calibration_not_released,unavailable
art_science_aoi_sample_202303_r2_12de5b9c94a1,region_ne_india_myanmar_candidate_r2,h26v06_r044_c071,44,71,95.87669,26.29167,2023-03,myd14a1_061_aqua,3100,2543,0,0.0,0.820323,available,calibration_not_released,unavailable
art_science_aoi_sample_202303_r2_12de5b9c94a1,region_ne_india_myanmar_candidate_r2,h26v06_r044_c072,44,72,95.96964,26.29167,2023-03,myd14a1_061_aqua,2480,2074,0,0.0,0.83629,available,calibration_not_released,unavailable
art_science_aoi_sample_202303_r2_12de5b9c94a1,region_ne_india_myanmar_candidate_r2,h26v06_r044_c073,44,73,96.06259,26.29167,2023-03,myd14a1_061_aqua,93,79,0,0.0,0.849462,available,calibration_not_released,unavailable
art_science_aoi_sample_202303_r2_12de5b9c94a1,region_ne_india_myanmar_candidate_r2,h26v06_r045_c040,45,40,92.9286,26.20833,2023-03,myd14a1_061_aqua,31,25,0,0.0,0.806452,available,calibration_not_released,unavailable
art_science_aoi_sample_202303_r2_12de5b9c94a1,region_ne_india_myanmar_candidate_r2,h26v06_r045_c041,45,41,93.02149,26.20833,2023-03,myd14a1_061_aqua,2263,2001,0,0.0,0.884224,available,calibration_not_released,unavailable
art_science_aoi_sample_202303_r2_12de5b9c94a1,region_ne_india_myanmar_candidate_r2,h26v06_r045_c042,45,42,93.11437,26.20833,2023-03,myd14a1_061_aqua,3100,2760,0,0.0,0.890323,available,calibration_not_released,unavailable
art_science_aoi_sample_202303_r2_12de5b9c94a1,region_ne_india_myanmar_candidate_r2,h26v06_r045_c043,45,43,93.20725,26.20833,2023-03,myd14a1_061_aqua,3100,2734,3,1.0973,0.881935,available,calibration_not_released,unavailable
art_science_aoi_sample_202303_r2_12de5b9c94a1,region_ne_india_myanmar_candidate_r2,h26v06_r045_c044,45,44,93.30013,26.20833,2023-03,myd14a1_061_aqua,3100,2604,3,1.1521,0.84,available,calibration_not_released,unavailable
art_science_aoi_sample_202303_r2_12de5b9c94a1,region_ne_india_myanmar_candidate_r2,h26v06_r045_c045,45,45,93.39302,26.20833,2023-03,myd14a1_061_aqua,3100,2455,23,9.3686,0.791935,available,calibration_not_released,unavailable
art_science_aoi_sample_202303_r2_12de5b9c94a1,region_ne_india_myanmar_candidate_r2,h26v06_r045_c046,45,46,93.4859,26.20833,2023-03,myd14a1_061_aqua,3100,2532,9,3.5545,0.816774,available,calibration_not_released,unavailable
art_science_aoi_sample_202303_r2_12de5b9c94a1,region_ne_india_myanmar_candidate_r2,h26v06_r045_c047,45,47,93.57878,26.20833,2023-03,myd14a1_061_aqua,3100,2495,3,1.2024,0.804839,available,calibration_not_released,unavailable
art_science_aoi_sample_202303_r2_12de5b9c94a1,region_ne_india_myanmar_candidate_r2,h26v06_r045_c048,45,48,93.67166,26.20833,2023-03,myd14a1_061_aqua,3100,2455,3,1.222,0.791935,available,calibration_not_released,unavailable
art_science_aoi_sample_202303_r2_12de5b9c94a1,region_ne_india_myanmar_candidate_r2,h26v06_r045_c049,45,49,93.76454,26.20833,2023-03,myd14a1_061_aqua,3100,2498,0,0.0,0.805806,available,calibration_not_released,unavailable
art_science_aoi_sample_202303_r2_12de5b9c94a1,region_ne_india_myanmar_candidate_r2,h26v06_r045_c050,45,50,93.85743,26.20833,2023-03,myd14a1_061_aqua,3100,2722,0,0.0,0.878065,available,calibration_not_released,unavailable
art_science_aoi_sample_202303_r2_12de5b9c94a1,region_ne_india_myanmar_candidate_r2,h26v06_r045_c051,45,51,93.95031,26.20833,2023-03,myd14a1_061_aqua,3100,2738,0,0.0,0.883226,available,calibration_not_released,unavailable
art_science_aoi_sample_202303_r2_12de5b9c94a1,region_ne_india_myanmar_candidate_r2,h26v06_r045_c052,45,52,94.04319,26.20833,2023-03,myd14a1_061_aqua,3100,2758,0,0.0,0.889677,available,calibration_not_released,unavailable
art_science_aoi_sample_202303_r2_12de5b9c94a1,region_ne_india_myanmar_candidate_r2,h26v06_r045_c053,45,53,94.13607,26.20833,2023-03,myd14a1_061_aqua,3100,2707,1,0.3694,0.873226,available,calibration_not_released,unavailable
art_science_aoi_sample_202303_r2_12de5b9c94a1,region_ne_india_myanmar_candidate_r2,h26v06_r045_c054,45,54,94.22895,26.20833,2023-03,myd14a1_061_aqua,2876,2590,3,1.1583,0.900556,available,calibration_not_released,unavailable
art_science_aoi_sample_202303_r2_12de5b9c94a1,region_ne_india_myanmar_candidate_r2,h26v06_r045_c055,45,55,94.32184,26.20833,2023-03,myd14a1_061_aqua,2836,2550,2,0.7843,0.899154,available,calibration_not_released,unavailable
art_science_aoi_sample_202303_r2_12de5b9c94a1,region_ne_india_myanmar_candidate_r2,h26v06_r045_c056,45,56,94.41472,26.20833,2023-03,myd14a1_061_aqua,3100,2699,4,1.482,0.870645,available,calibration_not_released,unavailable
art_science_aoi_sample_202303_r2_12de5b9c94a1,region_ne_india_myanmar_candidate_r2,h26v06_r045_c057,45,57,94.5076,26.20833,2023-03,myd14a1_061_aqua,3100,2659,7,2.6326,0.857742,available,calibration_not_released,unavailable
art_science_aoi_sample_202303_r2_12de5b9c94a1,region_ne_india_myanmar_candidate_r2,h26v06_r045_c058,45,58,94.60048,26.20833,2023-03,myd14a1_061_aqua,3100,2565,0,0.0,0.827419,available,calibration_not_released,unavailable
art_science_aoi_sample_202303_r2_12de5b9c94a1,region_ne_india_myanmar_candidate_r2,h26v06_r045_c059,45,59,94.69337,26.20833,2023-03,myd14a1_061_aqua,3100,2574,6,2.331,0.830323,available,calibration_not_released,unavailable
art_science_aoi_sample_202303_r2_12de5b9c94a1,region_ne_india_myanmar_candidate_r2,h26v06_r045_c060,45,60,94.78625,26.20833,2023-03,myd14a1_061_aqua,3100,2460,3,1.2195,0.793548,available,calibration_not_released,unavailable
art_science_aoi_sample_202303_r2_12de5b9c94a1,region_ne_india_myanmar_candidate_r2,h26v06_r045_c061,45,61,94.87913,26.20833,2023-03,myd14a1_061_aqua,3100,2430,0,0.0,0.783871,available,calibration_not_released,unavailable
art_science_aoi_sample_202303_r2_12de5b9c94a1,region_ne_india_myanmar_candidate_r2,h26v06_r045_c062,45,62,94.97201,26.20833,2023-03,myd14a1_061_aqua,3100,2444,0,0.0,0.788387,available,calibration_not_released,unavailable
art_science_aoi_sample_202303_r2_12de5b9c94a1,region_ne_india_myanmar_candidate_r2,h26v06_r045_c063,45,63,95.06489,26.20833,2023-03,myd14a1_061_aqua,3100,2411,0,0.0,0.777742,available,calibration_not_released,unavailable
art_science_aoi_sample_202303_r2_12de5b9c94a1,region_ne_india_myanmar_candidate_r2,h26v06_r045_c064,45,64,95.15778,26.20833,2023-03,myd14a1_061_aqua,3100,2337,0,0.0,0.753871,available,calibration_not_released,unavailable
art_science_aoi_sample_202303_r2_12de5b9c94a1,region_ne_india_myanmar_candidate_r2,h26v06_r045_c065,45,65,95.25066,26.20833,2023-03,myd14a1_061_aqua,3100,2314,0,0.0,0.746452,available,calibration_not_released,unavailable
art_science_aoi_sample_202303_r2_12de5b9c94a1,region_ne_india_myanmar_candidate_r2,h26v06_r045_c066,45,66,95.34354,26.20833,2023-03,myd14a1_061_aqua,3100,2302,9,3.9096,0.742581,available,calibration_not_released,unavailable
art_science_aoi_sample_202303_r2_12de5b9c94a1,region_ne_india_myanmar_candidate_r2,h26v06_r045_c067,45,67,95.43642,26.20833,2023-03,myd14a1_061_aqua,3100,2324,32,13.7694,0.749677,available,calibration_not_released,unavailable
art_science_aoi_sample_202303_r2_12de5b9c94a1,region_ne_india_myanmar_candidate_r2,h26v06_r045_c068,45,68,95.52931,26.20833,2023-03,myd14a1_061_aqua,3100,2279,3,1.3164,0.735161,available,calibration_not_released,unavailable
art_science_aoi_sample_202303_r2_12de5b9c94a1,region_ne_india_myanmar_candidate_r2,h26v06_r045_c069,45,69,95.62219,26.20833,2023-03,myd14a1_061_aqua,3100,2329,0,0.0,0.75129,available,calibration_not_released,unavailable
art_science_aoi_sample_202303_r2_12de5b9c94a1,region_ne_india_myanmar_candidate_r2,h26v06_r045_c070,45,70,95.71507,26.20833,2023-03,myd14a1_061_aqua,3100,2542,0,0.0,0.82,available,calibration_not_released,unavailable
art_science_aoi_sample_202303_r2_12de5b9c94a1,region_ne_india_myanmar_candidate_r2,h26v06_r045_c071,45,71,95.80795,26.20833,2023-03,myd14a1_061_aqua,3100,2652,0,0.0,0.855484,available,calibration_not_released,unavailable
art_science_aoi_sample_202303_r2_12de5b9c94a1,region_ne_india_myanmar_candidate_r2,h26v06_r045_c072,45,72,95.90083,26.20833,2023-03,myd14a1_061_aqua,3100,2687,0,0.0,0.866774,available,calibration_not_released,unavailable
art_science_aoi_sample_202303_r2_12de5b9c94a1,region_ne_india_myanmar_candidate_r2,h26v06_r045_c073,45,73,95.99372,26.20833,2023-03,myd14a1_061_aqua,1767,1492,0,0.0,0.844369,available,calibration_not_released,unavailable
art_science_aoi_sample_202303_r2_12de5b9c94a1,region_ne_india_myanmar_candidate_r2,h26v06_r046_c041,46,41,92.95504,26.125,2023-03,myd14a1_061_aqua,310,284,0,0.0,0.916129,available,calibration_not_released,unavailable
art_science_aoi_sample_202303_r2_12de5b9c94a1,region_ne_india_myanmar_candidate_r2,h26v06_r046_c042,46,42,93.04785,26.125,2023-03,myd14a1_061_aqua,2852,2586,0,0.0,0.906732,available,calibration_not_released,unavailable
art_science_aoi_sample_202303_r2_12de5b9c94a1,region_ne_india_myanmar_candidate_r2,h26v06_r046_c043,46,43,93.14067,26.125,2023-03,myd14a1_061_aqua,3100,2751,0,0.0,0.887419,available,calibration_not_released,unavailable
art_science_aoi_sample_202303_r2_12de5b9c94a1,region_ne_india_myanmar_candidate_r2,h26v06_r046_c044,46,44,93.23348,26.125,2023-03,myd14a1_061_aqua,3100,2815,4,1.421,0.908065,available,calibration_not_released,unavailable
art_science_aoi_sample_202303_r2_12de5b9c94a1,region_ne_india_myanmar_candidate_r2,h26v06_r046_c045,46,45,93.3263,26.125,2023-03,myd14a1_061_aqua,3100,2681,6,2.238,0.864839,available,calibration_not_released,unavailable
art_science_aoi_sample_202303_r2_12de5b9c94a1,region_ne_india_myanmar_candidate_r2,h26v06_r046_c046,46,46,93.41911,26.125,2023-03,myd14a1_061_aqua,3100,2587,6,2.3193,0.834516,available,calibration_not_released,unavailable
art_science_aoi_sample_202303_r2_12de5b9c94a1,region_ne_india_myanmar_candidate_r2,h26v06_r046_c047,46,47,93.51193,26.125,2023-03,myd14a1_061_aqua,3100,2477,34,13.7263,0.799032,available,calibration_not_released,unavailable
art_science_aoi_sample_202303_r2_12de5b9c94a1,region_ne_india_myanmar_candidate_r2,h26v06_r046_c048,46,48,93.60475,26.125,2023-03,myd14a1_061_aqua,3100,2424,12,4.9505,0.781935,available,calibration_not_released,unavailable
art_science_aoi_sample_202303_r2_12de5b9c94a1,region_ne_india_myanmar_candidate_r2,h26v06_r046_c049,46,49,93.69756,26.125,2023-03,myd14a1_061_aqua,3100,2552,8,3.1348,0.823226,available,calibration_not_released,unavailable
art_science_aoi_sample_202303_r2_12de5b9c94a1,region_ne_india_myanmar_candidate_r2,h26v06_r046_c050,46,50,93.79038,26.125,2023-03,myd14a1_061_aqua,3100,2614,0,0.0,0.843226,available,calibration_not_released,unavailable
art_science_aoi_sample_202303_r2_12de5b9c94a1,region_ne_india_myanmar_candidate_r2,h26v06_r046_c051,46,51,93.88319,26.125,2023-03,myd14a1_061_aqua,3100,2736,0,0.0,0.882581,available,calibration_not_released,unavailable
art_science_aoi_sample_202303_r2_12de5b9c94a1,region_ne_india_myanmar_candidate_r2,h26v06_r046_c052,46,52,93.97601,26.125,2023-03,myd14a1_061_aqua,3100,2877,6,2.0855,0.928065,available,calibration_not_released,unavailable
art_science_aoi_sample_202303_r2_12de5b9c94a1,region_ne_india_myanmar_candidate_r2,h26v06_r046_c053,46,53,94.06882,26.125,2023-03,myd14a1_061_aqua,3100,2827,0,0.0,0.911935,available,calibration_not_released,unavailable
art_science_aoi_sample_202303_r2_12de5b9c94a1,region_ne_india_myanmar_candidate_r2,h26v06_r046_c054,46,54,94.16164,26.125,2023-03,myd14a1_061_aqua,3100,2830,13,4.5936,0.912903,available,calibration_not_released,unavailable
art_science_aoi_sample_202303_r2_12de5b9c94a1,region_ne_india_myanmar_candidate_r2,h26v06_r046_c055,46,55,94.25446,26.125,2023-03,myd14a1_061_aqua,3100,2726,30,11.0051,0.879355,available,calibration_not_released,unavailable
art_science_aoi_sample_202303_r2_12de5b9c94a1,region_ne_india_myanmar_candidate_r2,h26v06_r046_c056,46,56,94.34727,26.125,2023-03,myd14a1_061_aqua,3100,2645,2,0.7561,0.853226,available,calibration_not_released,unavailable
art_science_aoi_sample_202303_r2_12de5b9c94a1,region_ne_india_myanmar_candidate_r2,h26v06_r046_c057,46,57,94.44009,26.125,2023-03,myd14a1_061_aqua,3100,2616,17,6.4985,0.843871,available,calibration_not_released,unavailable
art_science_aoi_sample_202303_r2_12de5b9c94a1,region_ne_india_myanmar_candidate_r2,h26v06_r046_c058,46,58,94.5329,26.125,2023-03,myd14a1_061_aqua,3100,2567,0,0.0,0.828065,available,calibration_not_released,unavailable
art_science_aoi_sample_202303_r2_12de5b9c94a1,region_ne_india_myanmar_candidate_r2,h26v06_r046_c059,46,59,94.62572,26.125,2023-03,myd14a1_061_aqua,3100,2552,2,0.7837,0.823226,available,calibration_not_released,unavailable
art_science_aoi_sample_202303_r2_12de5b9c94a1,region_ne_india_myanmar_candidate_r2,h26v06_r046_c060,46,60,94.71854,26.125,2023-03,myd14a1_061_aqua,3100,2530,9,3.5573,0.816129,available,calibration_not_released,unavailable
art_science_aoi_sample_202303_r2_12de5b9c94a1,region_ne_india_myanmar_candidate_r2,h26v06_r046_c061,46,61,94.81135,26.125,2023-03,myd14a1_061_aqua,3100,2576,3,1.1646,0.830968,available,calibration_not_released,unavailable
art_science_aoi_sample_202303_r2_12de5b9c94a1,region_ne_india_myanmar_candidate_r2,h26v06_r046_c062,46,62,94.90417,26.125,2023-03,myd14a1_061_aqua,3100,2480,12,4.8387,0.8,available,calibration_not_released,unavailable
art_science_aoi_sample_202303_r2_12de5b9c94a1,region_ne_india_myanmar_candidate_r2,h26v06_r046_c063,46,63,94.99698,26.125,2023-03,myd14a1_061_aqua,3100,2511,5,1.9912,0.81,available,calibration_not_released,unavailable
art_science_aoi_sample_202303_r2_12de5b9c94a1,region_ne_india_myanmar_candidate_r2,h26v06_r046_c064,46,64,95.0898,26.125,2023-03,myd14a1_061_aqua,3100,2404,0,0.0,0.775484,available,calibration_not_released,unavailable
art_science_aoi_sample_202303_r2_12de5b9c94a1,region_ne_india_myanmar_candidate_r2,h26v06_r046_c065,46,65,95.18261,26.125,2023-03,myd14a1_061_aqua,3100,2244,0,0.0,0.723871,available,calibration_not_released,unavailable
art_science_aoi_sample_202303_r2_12de5b9c94a1,region_ne_india_myanmar_candidate_r2,h26v06_r046_c066,46,66,95.27543,26.125,2023-03,myd14a1_061_aqua,3100,2311,0,0.0,0.745484,available,calibration_not_released,unavailable
art_science_aoi_sample_202303_r2_12de5b9c94a1,region_ne_india_myanmar_candidate_r2,h26v06_r046_c067,46,67,95.36825,26.125,2023-03,myd14a1_061_aqua,3100,2403,0,0.0,0.775161,available,calibration_not_released,unavailable
art_science_aoi_sample_202303_r2_12de5b9c94a1,region_ne_india_myanmar_candidate_r2,h26v06_r046_c068,46,68,95.46106,26.125,2023-03,myd14a1_061_aqua,3100,2524,0,0.0,0.814194,available,calibration_not_released,unavailable
art_science_aoi_sample_202303_r2_12de5b9c94a1,region_ne_india_myanmar_candidate_r2,h26v06_r046_c069,46,69,95.55388,26.125,2023-03,myd14a1_061_aqua,3100,2562,0,0.0,0.826452,available,calibration_not_released,unavailable
art_science_aoi_sample_202303_r2_12de5b9c94a1,region_ne_india_myanmar_candidate_r2,h26v06_r046_c070,46,70,95.64669,26.125,2023-03,myd14a1_061_aqua,3100,2590,0,0.0,0.835484,available,calibration_not_released,unavailable
art_science_aoi_sample_202303_r2_12de5b9c94a1,region_ne_india_myanmar_candidate_r2,h26v06_r046_c071,46,71,95.73951,26.125,2023-03,myd14a1_061_aqua,3100,2565,0,0.0,0.827419,available,calibration_not_released,unavailable
art_science_aoi_sample_202303_r2_12de5b9c94a1,region_ne_india_myanmar_candidate_r2,h26v06_r046_c072,46,72,95.83233,26.125,2023-03,myd14a1_061_aqua,3100,2615,0,0.0,0.843548,available,calibration_not_released,unavailable
art_science_aoi_sample_202303_r2_12de5b9c94a1,region_ne_india_myanmar_candidate_r2,h26v06_r046_c073,46,73,95.92514,26.125,2023-03,myd14a1_061_aqua,3100,2717,0,0.0,0.876452,available,calibration_not_released,unavailable
art_science_aoi_sample_202303_r2_12de5b9c94a1,region_ne_india_myanmar_candidate_r2,h26v06_r046_c074,46,74,96.01796,26.125,2023-03,myd14a1_061_aqua,930,824,0,0.0,0.886022,available,calibration_not_released,unavailable
art_science_aoi_sample_202303_r2_12de5b9c94a1,region_ne_india_myanmar_candidate_r2,h26v06_r047_c042,47,42,92.98162,26.04167,2023-03,myd14a1_061_aqua,961,879,0,0.0,0.914672,available,calibration_not_released,unavailable
art_science_aoi_sample_202303_r2_12de5b9c94a1,region_ne_india_myanmar_candidate_r2,h26v06_r047_c043,47,43,93.07437,26.04167,2023-03,myd14a1_061_aqua,3100,2847,0,0.0,0.918387,available,calibration_not_released,unavailable
art_science_aoi_sample_202303_r2_12de5b9c94a1,region_ne_india_myanmar_candidate_r2,h26v06_r047_c044,47,44,93.16712,26.04167,2023-03,myd14a1_061_aqua,3100,2864,0,0.0,0.923871,available,calibration_not_released,unavailable
art_science_aoi_sample_202303_r2_12de5b9c94a1,region_ne_india_myanmar_candidate_r2,h26v06_r047_c045,47,45,93.25987,26.04167,2023-03,myd14a1_061_aqua,3100,2760,0,0.0,0.890323,available,calibration_not_released,unavailable
art_science_aoi_sample_202303_r2_12de5b9c94a1,region_ne_india_myanmar_candidate_r2,h26v06_r047_c046,47,46,93.35262,26.04167,2023-03,myd14a1_061_aqua,3100,2588,0,0.0,0.834839,available,calibration_not_released,unavailable
art_science_aoi_sample_202303_r2_12de5b9c94a1,region_ne_india_myanmar_candidate_r2,h26v06_r047_c047,47,47,93.44537,26.04167,2023-03,myd14a1_061_aqua,3100,2612,10,3.8285,0.842581,available,calibration_not_released,unavailable
art_science_aoi_sample_202303_r2_12de5b9c94a1,region_ne_india_myanmar_candidate_r2,h26v06_r047_c048,47,48,93.53812,26.04167,2023-03,myd14a1_061_aqua,3100,2672,10,3.7425,0.861935,available,calibration_not_released,unavailable
art_science_aoi_sample_202303_r2_12de5b9c94a1,region_ne_india_myanmar_candidate_r2,h26v06_r047_c049,47,49,93.63087,26.04167,2023-03,myd14a1_061_aqua,3100,2526,4,1.5835,0.814839,available,calibration_not_released,unavailable
art_science_aoi_sample_202303_r2_12de5b9c94a1,region_ne_india_myanmar_candidate_r2,h26v06_r047_c050,47,50,93.72362,26.04167,2023-03,myd14a1_061_aqua,3100,2671,1,0.3744,0.861613,available,calibration_not_released,unavailable
art_science_aoi_sample_202303_r2_12de5b9c94a1,region_ne_india_myanmar_candidate_r2,h26v06_r047_c051,47,51,93.81637,26.04167,2023-03,myd14a1_061_aqua,3100,2632,0,0.0,0.849032,available,calibration_not_released,unavailable
art_science_aoi_sample_202303_r2_12de5b9c94a1,region_ne_india_myanmar_candidate_r2,h26v06_r047_c052,47,52,93.90912,26.04167,2023-03,myd14a1_061_aqua,3100,2824,0,0.0,0.910968,available,calibration_not_released,unavailable
art_science_aoi_sample_202303_r2_12de5b9c94a1,region_ne_india_myanmar_candidate_r2,h26v06_r047_c053,47,53,94.00187,26.04167,2023-03,myd14a1_061_aqua,3100,2812,1,0.3556,0.907097,available,calibration_not_released,unavailable
art_science_aoi_sample_202303_r2_12de5b9c94a1,region_ne_india_myanmar_candidate_r2,h26v06_r047_c054,47,54,94.09462,26.04167,2023-03,myd14a1_061_aqua,3100,2911,12,4.1223,0.939032,available,calibration_not_released,unavailable
art_science_aoi_sample_202303_r2_12de5b9c94a1,region_ne_india_myanmar_candidate_r2,h26v06_r047_c055,47,55,94.18737,26.04167,2023-03,myd14a1_061_aqua,3100,2771,39,14.0743,0.893871,available,calibration_not_released,unavailable
art_science_aoi_sample_202303_r2_12de5b9c94a1,region_ne_india_myanmar_candidate_r2,h26v06_r047_c056,47,56,94.28012,26.04167,2023-03,myd14a1_061_aqua,3100,2679,2,0.7465,0.864194,available,calibration_not_released,unavailable
art_science_aoi_sample_202303_r2_12de5b9c94a1,region_ne_india_myanmar_candidate_r2,h26v06_r047_c057,47,57,94.37287,26.04167,2023-03,myd14a1_061_aqua,3100,2705,0,0.0,0.872581,available,calibration_not_released,unavailable
art_science_aoi_sample_202303_r2_12de5b9c94a1,region_ne_india_myanmar_candidate_r2,h26v06_r047_c058,47,58,94.46562,26.04167,2023-03,myd14a1_061_aqua,3100,2721,0,0.0,0.877742,available,calibration_not_released,unavailable
art_science_aoi_sample_202303_r2_12de5b9c94a1,region_ne_india_myanmar_candidate_r2,h26v06_r047_c059,47,59,94.55837,26.04167,2023-03,myd14a1_061_aqua,3100,2614,0,0.0,0.843226,available,calibration_not_released,unavailable
art_science_aoi_sample_202303_r2_12de5b9c94a1,region_ne_india_myanmar_candidate_r2,h26v06_r047_c060,47,60,94.65112,26.04167,2023-03,myd14a1_061_aqua,3100,2592,5,1.929,0.836129,available,calibration_not_released,unavailable
art_science_aoi_sample_202303_r2_12de5b9c94a1,region_ne_india_myanmar_candidate_r2,h26v06_r047_c061,47,61,94.74387,26.04167,2023-03,myd14a1_061_aqua,3100,2610,6,2.2989,0.841935,available,calibration_not_released,unavailable
art_science_aoi_sample_202303_r2_12de5b9c94a1,region_ne_india_myanmar_candidate_r2,h26v06_r047_c062,47,62,94.83662,26.04167,2023-03,myd14a1_061_aqua,3100,2670,0,0.0,0.86129,available,calibration_not_released,unavailable
art_science_aoi_sample_202303_r2_12de5b9c94a1,region_ne_india_myanmar_candidate_r2,h26v06_r047_c063,47,63,94.92937,26.04167,2023-03,myd14a1_061_aqua,3100,2731,29,10.6188,0.880968,available,calibration_not_released,unavailable
art_science_aoi_sample_202303_r2_12de5b9c94a1,region_ne_india_myanmar_candidate_r2,h26v06_r047_c064,47,64,95.02212,26.04167,2023-03,myd14a1_061_aqua,3100,2568,11,4.2835,0.828387,available,calibration_not_released,unavailable
art_science_aoi_sample_202303_r2_12de5b9c94a1,region_ne_india_myanmar_candidate_r2,h26v06_r047_c065,47,65,95.11487,26.04167,2023-03,myd14a1_061_aqua,3100,2483,0,0.0,0.800968,available,calibration_not_released,unavailable
art_science_aoi_sample_202303_r2_12de5b9c94a1,region_ne_india_myanmar_candidate_r2,h26v06_r047_c066,47,66,95.20762,26.04167,2023-03,myd14a1_061_aqua,3100,2333,0,0.0,0.752581,available,calibration_not_released,unavailable
art_science_aoi_sample_202303_r2_12de5b9c94a1,region_ne_india_myanmar_candidate_r2,h26v06_r047_c067,47,67,95.30037,26.04167,2023-03,myd14a1_061_aqua,3100,2300,4,1.7391,0.741935,available,calibration_not_released,unavailable
art_science_aoi_sample_202303_r2_12de5b9c94a1,region_ne_india_myanmar_candidate_r2,h26v06_r047_c068,47,68,95.39312,26.04167,2023-03,myd14a1_061_aqua,3100,2572,15,5.832,0.829677,available,calibration_not_released,unavailable
art_science_aoi_sample_202303_r2_12de5b9c94a1,region_ne_india_myanmar_candidate_r2,h26v06_r047_c069,47,69,95.48587,26.04167,2023-03,myd14a1_061_aqua,3100,2689,4,1.4875,0.867419,available,calibration_not_released,unavailable
art_science_aoi_sample_202303_r2_12de5b9c94a1,region_ne_india_myanmar_candidate_r2,h26v06_r047_c070,47,70,95.57862,26.04167,2023-03,myd14a1_061_aqua,3100,2528,6,2.3734,0.815484,available,calibration_not_released,unavailable
art_science_aoi_sample_202303_r2_12de5b9c94a1,region_ne_india_myanmar_candidate_r2,h26v06_r047_c071,47,71,95.67137,26.04167,2023-03,myd14a1_061_aqua,2804,2259,0,0.0,0.805635,available,calibration_not_released,unavailable
art_science_aoi_sample_202303_r2_12de5b9c94a1,region_ne_india_myanmar_candidate_r2,h26v06_r047_c072,47,72,95.76412,26.04167,2023-03,myd14a1_061_aqua,2524,2080,0,0.0,0.824089,available,calibration_not_released,unavailable
art_science_aoi_sample_202303_r2_12de5b9c94a1,region_ne_india_myanmar_candidate_r2,h26v06_r047_c073,47,73,95.85687,26.04167,2023-03,myd14a1_061_aqua,2785,2426,0,0.0,0.871095,available,calibration_not_released,unavailable
art_science_aoi_sample_202303_r2_12de5b9c94a1,region_ne_india_myanmar_candidate_r2,h26v06_r047_c074,47,74,95.94962,26.04167,2023-03,myd14a1_061_aqua,2870,2563,0,0.0,0.893031,available,calibration_not_released,unavailable
art_science_aoi_sample_202303_r2_12de5b9c94a1,region_ne_india_myanmar_candidate_r2,h26v06_r047_c075,47,75,96.04237,26.04167,2023-03,myd14a1_061_aqua,372,310,0,0.0,0.833333,available,calibration_not_released,unavailable
art_science_aoi_sample_202303_r2_12de5b9c94a1,region_ne_india_myanmar_candidate_r2,h26v06_r048_c043,48,43,93.00837,25.95833,2023-03,myd14a1_061_aqua,1829,1631,0,0.0,0.891744,available,calibration_not_released,unavailable
art_science_aoi_sample_202303_r2_12de5b9c94a1,region_ne_india_myanmar_candidate_r2,h26v06_r048_c044,48,44,93.10106,25.95833,2023-03,myd14a1_061_aqua,3100,2681,0,0.0,0.864839,available,calibration_not_released,unavailable
art_science_aoi_sample_202303_r2_12de5b9c94a1,region_ne_india_myanmar_candidate_r2,h26v06_r048_c045,48,45,93.19374,25.95833,2023-03,myd14a1_061_aqua,3100,2725,2,0.7339,0.879032,available,calibration_not_released,unavailable
art_science_aoi_sample_202303_r2_12de5b9c94a1,region_ne_india_myanmar_candidate_r2,h26v06_r048_c046,48,46,93.28642,25.95833,2023-03,myd14a1_061_aqua,3100,2687,0,0.0,0.866774,available,calibration_not_released,unavailable
art_science_aoi_sample_202303_r2_12de5b9c94a1,region_ne_india_myanmar_candidate_r2,h26v06_r048_c047,48,47,93.37911,25.95833,2023-03,myd14a1_061_aqua,3100,2684,0,0.0,0.865806,available,calibration_not_released,unavailable
art_science_aoi_sample_202303_r2_12de5b9c94a1,region_ne_india_myanmar_candidate_r2,h26v06_r048_c048,48,48,93.47179,25.95833,2023-03,myd14a1_061_aqua,3100,2704,3,1.1095,0.872258,available,calibration_not_released,unavailable
art_science_aoi_sample_202303_r2_12de5b9c94a1,region_ne_india_myanmar_candidate_r2,h26v06_r048_c049,48,49,93.56448,25.95833,2023-03,myd14a1_061_aqua,3100,2685,6,2.2346,0.866129,available,calibration_not_released,unavailable
art_science_aoi_sample_202303_r2_12de5b9c94a1,region_ne_india_myanmar_candidate_r2,h26v06_r048_c050,48,50,93.65716,25.95833,2023-03,myd14a1_061_aqua,3100,2778,3,1.0799,0.896129,available,calibration_not_released,unavailable
art_science_aoi_sample_202303_r2_12de5b9c94a1,region_ne_india_myanmar_candidate_r2,h26v06_r048_c051,48,51,93.74984,25.95833,2023-03,myd14a1_061_aqua,3100,2782,0,0.0,0.897419,available,calibration_not_released,unavailable
art_science_aoi_sample_202303_r2_12de5b9c94a1,region_ne_india_myanmar_candidate_r2,h26v06_r048_c052,48,52,93.84253,25.95833,2023-03,myd14a1_061_aqua,3100,2756,0,0.0,0.889032,available,calibration_not_released,unavailable
art_science_aoi_sample_202303_r2_12de5b9c94a1,region_ne_india_myanmar_candidate_r2,h26v06_r048_c053,48,53,93.93521,25.95833,2023-03,myd14a1_061_aqua,3100,2808,0,0.0,0.905806,available,calibration_not_released,unavailable
art_science_aoi_sample_202303_r2_12de5b9c94a1,region_ne_india_myanmar_candidate_r2,h26v06_r048_c054,48,54,94.0279,25.95833,2023-03,myd14a1_061_aqua,3100,2869,0,0.0,0.925484,available,calibration_not_released,unavailable
art_science_aoi_sample_202303_r2_12de5b9c94a1,region_ne_india_myanmar_candidate_r2,h26v06_r048_c055,48,55,94.12058,25.95833,2023-03,myd14a1_061_aqua,3100,2810,1,0.3559,0.906452,available,calibration_not_released,unavailable
art_science_aoi_sample_202303_r2_12de5b9c94a1,region_ne_india_myanmar_candidate_r2,h26v06_r048_c056,48,56,94.21326,25.95833,2023-03,myd14a1_061_aqua,3100,2740,15,5.4745,0.883871,available,calibration_not_released,unavailable
art_science_aoi_sample_202303_r2_12de5b9c94a1,region_ne_india_myanmar_candidate_r2,h26v06_r048_c057,48,57,94.30595,25.95833,2023-03,myd14a1_061_aqua,3100,2735,0,0.0,0.882258,available,calibration_not_released,unavailable
art_science_aoi_sample_202303_r2_12de5b9c94a1,region_ne_india_myanmar_candidate_r2,h26v06_r048_c058,48,58,94.39863,25.95833,2023-03,myd14a1_061_aqua,3100,2733,0,0.0,0.881613,available,calibration_not_released,unavailable
art_science_aoi_sample_202303_r2_12de5b9c94a1,region_ne_india_myanmar_candidate_r2,h26v06_r048_c059,48,59,94.49132,25.95833,2023-03,myd14a1_061_aqua,3100,2580,7,2.7132,0.832258,available,calibration_not_released,unavailable
art_science_aoi_sample_202303_r2_12de5b9c94a1,region_ne_india_myanmar_candidate_r2,h26v06_r048_c060,48,60,94.584,25.95833,2023-03,myd14a1_061_aqua,3100,2531,9,3.5559,0.816452,available,calibration_not_released,unavailable
art_science_aoi_sample_202303_r2_12de5b9c94a1,region_ne_india_myanmar_candidate_r2,h26v06_r048_c061,48,61,94.67668,25.95833,2023-03,myd14a1_061_aqua,3100,2649,11,4.1525,0.854516,available,calibration_not_released,unavailable
art_science_aoi_sample_202303_r2_12de5b9c94a1,region_ne_india_myanmar_candidate_r2,h26v06_r048_c062,48,62,94.76937,25.95833,2023-03,myd14a1_061_aqua,3100,2668,4,1.4993,0.860645,available,calibration_not_released,unavailable
art_science_aoi_sample_202303_r2_12de5b9c94a1,region_ne_india_myanmar_candidate_r2,h26v06_r048_c063,48,63,94.86205,25.95833,2023-03,myd14a1_061_aqua,3100,2731,22,8.0557,0.880968,available,calibration_not_released,unavailable
art_science_aoi_sample_202303_r2_12de5b9c94a1,region_ne_india_myanmar_candidate_r2,h26v06_r048_c064,48,64,94.95474,25.95833,2023-03,myd14a1_061_aqua,3100,2756,5,1.8142,0.889032,available,calibration_not_released,unavailable
art_science_aoi_sample_202303_r2_12de5b9c94a1,region_ne_india_myanmar_candidate_r2,h26v06_r048_c065,48,65,95.04742,25.95833,2023-03,myd14a1_061_aqua,3100,2606,0,0.0,0.840645,available,calibration_not_released,unavailable
art_science_aoi_sample_202303_r2_12de5b9c94a1,region_ne_india_myanmar_candidate_r2,h26v06_r048_c066,48,66,95.1401,25.95833,2023-03,myd14a1_061_aqua,3100,2396,0,0.0,0.772903,available,calibration_not_released,unavailable
art_science_aoi_sample_202303_r2_12de5b9c94a1,region_ne_india_myanmar_candidate_r2,h26v06_r048_c067,48,67,95.23279,25.95833,2023-03,myd14a1_061_aqua,3100,2553,7,2.7419,0.823548,available,calibration_not_released,unavailable
art_science_aoi_sample_202303_r2_12de5b9c94a1,region_ne_india_myanmar_candidate_r2,h26v06_r048_c068,48,68,95.32547,25.95833,2023-03,myd14a1_061_aqua,3100,2534,0,0.0,0.817419,available,calibration_not_released,unavailable
art_science_aoi_sample_202303_r2_12de5b9c94a1,region_ne_india_myanmar_candidate_r2,h26v06_r048_c069,48,69,95.41816,25.95833,2023-03,myd14a1_061_aqua,3100,2545,0,0.0,0.820968,available,calibration_not_released,unavailable
art_science_aoi_sample_202303_r2_12de5b9c94a1,region_ne_india_myanmar_candidate_r2,h26v06_r048_c070,48,70,95.51084,25.95833,2023-03,myd14a1_061_aqua,3100,2547,0,0.0,0.821613,available,calibration_not_released,unavailable
art_science_aoi_sample_202303_r2_12de5b9c94a1,region_ne_india_myanmar_candidate_r2,h26v06_r048_c071,48,71,95.60352,25.95833,2023-03,myd14a1_061_aqua,2563,2150,0,0.0,0.838861,available,calibration_not_released,unavailable
art_science_aoi_sample_202303_r2_12de5b9c94a1,region_ne_india_myanmar_candidate_r2,h26v06_r048_c072,48,72,95.69621,25.95833,2023-03,myd14a1_061_aqua,2968,2508,9,3.5885,0.845013,available,calibration_not_released,unavailable
art_science_aoi_sample_202303_r2_12de5b9c94a1,region_ne_india_myanmar_candidate_r2,h26v06_r048_c073,48,73,95.78889,25.95833,2023-03,myd14a1_061_aqua,3100,2734,0,0.0,0.881935,available,calibration_not_released,unavailable
art_science_aoi_sample_202303_r2_12de5b9c94a1,region_ne_india_myanmar_candidate_r2,h26v06_r048_c074,48,74,95.88158,25.95833,2023-03,myd14a1_061_aqua,3100,2799,2,0.7145,0.902903,available,calibration_not_released,unavailable
art_science_aoi_sample_202303_r2_12de5b9c94a1,region_ne_india_myanmar_candidate_r2,h26v06_r048_c075,48,75,95.97426,25.95833,2023-03,myd14a1_061_aqua,2356,2086,0,0.0,0.885399,available,calibration_not_released,unavailable
art_science_aoi_sample_202303_r2_12de5b9c94a1,region_ne_india_myanmar_candidate_r2,h26v06_r048_c076,48,76,96.06694,25.95833,2023-03,myd14a1_061_aqua,31,26,0,0.0,0.83871,available,calibration_not_released,unavailable
art_science_aoi_sample_202303_r2_12de5b9c94a1,region_ne_india_myanmar_candidate_r2,h26v06_r049_c043,49,43,92.94266,25.875,2023-03,myd14a1_061_aqua,124,113,0,0.0,0.91129,available,calibration_not_released,unavailable
art_science_aoi_sample_202303_r2_12de5b9c94a1,region_ne_india_myanmar_candidate_r2,h26v06_r049_c044,49,44,93.03528,25.875,2023-03,myd14a1_061_aqua,2604,2413,0,0.0,0.926651,available,calibration_not_released,unavailable
art_science_aoi_sample_202303_r2_12de5b9c94a1,region_ne_india_myanmar_candidate_r2,h26v06_r049_c045,49,45,93.1279,25.875,2023-03,myd14a1_061_aqua,3100,2875,1,0.3478,0.927419,available,calibration_not_released,unavailable
art_science_aoi_sample_202303_r2_12de5b9c94a1,region_ne_india_myanmar_candidate_r2,h26v06_r049_c046,49,46,93.22052,25.875,2023-03,myd14a1_061_aqua,3100,2857,3,1.0501,0.921613,available,calibration_not_released,unavailable
art_science_aoi_sample_202303_r2_12de5b9c94a1,region_ne_india_myanmar_candidate_r2,h26v06_r049_c047,49,47,93.31314,25.875,2023-03,myd14a1_061_aqua,3100,2779,3,1.0795,0.896452,available,calibration_not_released,unavailable
art_science_aoi_sample_202303_r2_12de5b9c94a1,region_ne_india_myanmar_candidate_r2,h26v06_r049_c048,49,48,93.40575,25.875,2023-03,myd14a1_061_aqua,3100,2702,0,0.0,0.871613,available,calibration_not_released,unavailable
art_science_aoi_sample_202303_r2_12de5b9c94a1,region_ne_india_myanmar_candidate_r2,h26v06_r049_c049,49,49,93.49837,25.875,2023-03,myd14a1_061_aqua,3100,2670,2,0.7491,0.86129,available,calibration_not_released,unavailable
art_science_aoi_sample_202303_r2_12de5b9c94a1,region_ne_india_myanmar_candidate_r2,h26v06_r049_c050,49,50,93.59099,25.875,2023-03,myd14a1_061_aqua,3100,2721,0,0.0,0.877742,available,calibration_not_released,unavailable
art_science_aoi_sample_202303_r2_12de5b9c94a1,region_ne_india_myanmar_candidate_r2,h26v06_r049_c051,49,51,93.68361,25.875,2023-03,myd14a1_061_aqua,3100,2789,0,0.0,0.899677,available,calibration_not_released,unavailable
art_science_aoi_sample_202303_r2_12de5b9c94a1,region_ne_india_myanmar_candidate_r2,h26v06_r049_c052,49,52,93.77623,25.875,2023-03,myd14a1_061_aqua,3100,2795,0,0.0,0.901613,available,calibration_not_released,unavailable
art_science_aoi_sample_202303_r2_12de5b9c94a1,region_ne_india_myanmar_candidate_r2,h26v06_r049_c053,49,53,93.86885,25.875,2023-03,myd14a1_061_aqua,3100,2775,0,0.0,0.895161,available,calibration_not_released,unavailable
art_science_aoi_sample_202303_r2_12de5b9c94a1,region_ne_india_myanmar_candidate_r2,h26v06_r049_c054,49,54,93.96146,25.875,2023-03,myd14a1_061_aqua,3100,2761,0,0.0,0.890645,available,calibration_not_released,unavailable
art_science_aoi_sample_202303_r2_12de5b9c94a1,region_ne_india_myanmar_candidate_r2,h26v06_r049_c055,49,55,94.05408,25.875,2023-03,myd14a1_061_aqua,3100,2762,25,9.0514,0.890968,available,calibration_not_released,unavailable
art_science_aoi_sample_202303_r2_12de5b9c94a1,region_ne_india_myanmar_candidate_r2,h26v06_r049_c056,49,56,94.1467,25.875,2023-03,myd14a1_061_aqua,3100,2782,7,2.5162,0.897419,available,calibration_not_released,unavailable
art_science_aoi_sample_202303_r2_12de5b9c94a1,region_ne_india_myanmar_candidate_r2,h26v06_r049_c057,49,57,94.23932,25.875,2023-03,myd14a1_061_aqua,3100,2676,10,3.7369,0.863226,available,calibration_not_released,unavailable
art_science_aoi_sample_202303_r2_12de5b9c94a1,region_ne_india_myanmar_candidate_r2,h26v06_r049_c058,49,58,94.33194,25.875,2023-03,myd14a1_061_aqua,3100,2604,13,4.9923,0.84,available,calibration_not_released,unavailable
art_science_aoi_sample_202303_r2_12de5b9c94a1,region_ne_india_myanmar_candidate_r2,h26v06_r049_c059,49,59,94.42456,25.875,2023-03,myd14a1_061_aqua,3100,2669,34,12.7389,0.860968,available,calibration_not_released,unavailable
art_science_aoi_sample_202303_r2_12de5b9c94a1,region_ne_india_myanmar_candidate_r2,h26v06_r049_c060,49,60,94.51718,25.875,2023-03,myd14a1_061_aqua,3100,2721,15,5.5127,0.877742,available,calibration_not_released,unavailable
art_science_aoi_sample_202303_r2_12de5b9c94a1,region_ne_india_myanmar_candidate_r2,h26v06_r049_c061,49,61,94.60979,25.875,2023-03,myd14a1_061_aqua,3100,2665,27,10.1313,0.859677,available,calibration_not_released,unavailable
art_science_aoi_sample_202303_r2_12de5b9c94a1,region_ne_india_myanmar_candidate_r2,h26v06_r049_c062,49,62,94.70241,25.875,2023-03,myd14a1_061_aqua,3100,2686,6,2.2338,0.866452,available,calibration_not_released,unavailable
art_science_aoi_sample_202303_r2_12de5b9c94a1,region_ne_india_myanmar_candidate_r2,h26v06_r049_c063,49,63,94.79503,25.875,2023-03,myd14a1_061_aqua,3100,2759,0,0.0,0.89,available,calibration_not_released,unavailable
art_science_aoi_sample_202303_r2_12de5b9c94a1,region_ne_india_myanmar_candidate_r2,h26v06_r049_c064,49,64,94.88765,25.875,2023-03,myd14a1_061_aqua,3100,2854,8,2.8031,0.920645,available,calibration_not_released,unavailable
art_science_aoi_sample_202303_r2_12de5b9c94a1,region_ne_india_myanmar_candidate_r2,h26v06_r049_c065,49,65,94.98027,25.875,2023-03,myd14a1_061_aqua,3100,2728,4,1.4663,0.88,available,calibration_not_released,unavailable
art_science_aoi_sample_202303_r2_12de5b9c94a1,region_ne_india_myanmar_candidate_r2,h26v06_r049_c066,49,66,95.07289,25.875,2023-03,myd14a1_061_aqua,3100,2595,8,3.0829,0.837097,available,calibration_not_released,unavailable
art_science_aoi_sample_202303_r2_12de5b9c94a1,region_ne_india_myanmar_candidate_r2,h26v06_r049_c067,49,67,95.16551,25.875,2023-03,myd14a1_061_aqua,3100,2613,0,0.0,0.842903,available,calibration_not_released,unavailable
art_science_aoi_sample_202303_r2_12de5b9c94a1,region_ne_india_myanmar_candidate_r2,h26v06_r049_c068,49,68,95.25812,25.875,2023-03,myd14a1_061_aqua,3100,2521,0,0.0,0.813226,available,calibration_not_released,unavailable
art_science_aoi_sample_202303_r2_12de5b9c94a1,region_ne_india_myanmar_candidate_r2,h26v06_r049_c069,49,69,95.35074,25.875,2023-03,myd14a1_061_aqua,3100,2481,0,0.0,0.800323,available,calibration_not_released,unavailable
art_science_aoi_sample_202303_r2_12de5b9c94a1,region_ne_india_myanmar_candidate_r2,h26v06_r049_c070,49,70,95.44336,25.875,2023-03,myd14a1_061_aqua,3100,2672,0,0.0,0.861935,available,calibration_not_released,unavailable
art_science_aoi_sample_202303_r2_12de5b9c94a1,region_ne_india_myanmar_candidate_r2,h26v06_r049_c071,49,71,95.53598,25.875,2023-03,myd14a1_061_aqua,2871,2534,0,0.0,0.882619,available,calibration_not_released,unavailable
art_science_aoi_sample_202303_r2_12de5b9c94a1,region_ne_india_myanmar_candidate_r2,h26v06_r049_c072,49,72,95.6286,25.875,2023-03,myd14a1_061_aqua,2800,2435,0,0.0,0.869643,available,calibration_not_released,unavailable
art_science_aoi_sample_202303_r2_12de5b9c94a1,region_ne_india_myanmar_candidate_r2,h26v06_r049_c073,49,73,95.72122,25.875,2023-03,myd14a1_061_aqua,3100,2721,0,0.0,0.877742,available,calibration_not_released,unavailable
art_science_aoi_sample_202303_r2_12de5b9c94a1,region_ne_india_myanmar_candidate_r2,h26v06_r049_c074,49,74,95.81383,25.875,2023-03,myd14a1_061_aqua,3100,2764,0,0.0,0.891613,available,calibration_not_released,unavailable
art_science_aoi_sample_202303_r2_12de5b9c94a1,region_ne_india_myanmar_candidate_r2,h26v06_r049_c075,49,75,95.90645,25.875,2023-03,myd14a1_061_aqua,3100,2713,0,0.0,0.875161,available,calibration_not_released,unavailable
art_science_aoi_sample_202303_r2_12de5b9c94a1,region_ne_india_myanmar_candidate_r2,h26v06_r049_c076,49,76,95.99907,25.875,2023-03,myd14a1_061_aqua,1581,1391,0,0.0,0.879823,available,calibration_not_released,unavailable
art_science_aoi_sample_202303_r2_12de5b9c94a1,region_ne_india_myanmar_candidate_r2,h26v06_r050_c044,50,44,92.96979,25.79167,2023-03,myd14a1_061_aqua,620,567,0,0.0,0.914516,available,calibration_not_released,unavailable
art_science_aoi_sample_202303_r2_12de5b9c94a1,region_ne_india_myanmar_candidate_r2,h26v06_r050_c045,50,45,93.06235,25.79167,2023-03,myd14a1_061_aqua,3038,2831,0,0.0,0.931863,available,calibration_not_released,unavailable
art_science_aoi_sample_202303_r2_12de5b9c94a1,region_ne_india_myanmar_candidate_r2,h26v06_r050_c046,50,46,93.1549,25.79167,2023-03,myd14a1_061_aqua,3100,2878,1,0.3475,0.928387,available,calibration_not_released,unavailable
art_science_aoi_sample_202303_r2_12de5b9c94a1,region_ne_india_myanmar_candidate_r2,h26v06_r050_c047,50,47,93.24745,25.79167,2023-03,myd14a1_061_aqua,3100,2848,0,0.0,0.91871,available,calibration_not_released,unavailable
art_science_aoi_sample_202303_r2_12de5b9c94a1,region_ne_india_myanmar_candidate_r2,h26v06_r050_c048,50,48,93.34001,25.79167,2023-03,myd14a1_061_aqua,3100,2784,2,0.7184,0.898065,available,calibration_not_released,unavailable
art_science_aoi_sample_202303_r2_12de5b9c94a1,region_ne_india_myanmar_candidate_r2,h26v06_r050_c049,50,49,93.43256,25.79167,2023-03,myd14a1_061_aqua,3100,2624,0,0.0,0.846452,available,calibration_not_released,unavailable
art_science_aoi_sample_202303_r2_12de5b9c94a1,region_ne_india_myanmar_candidate_r2,h26v06_r050_c050,50,50,93.52511,25.79167,2023-03,myd14a1_061_aqua,3100,2679,0,0.0,0.864194,available,calibration_not_released,unavailable
art_science_aoi_sample_202303_r2_12de5b9c94a1,region_ne_india_myanmar_candidate_r2,h26v06_r050_c051,50,51,93.61767,25.79167,2023-03,myd14a1_061_aqua,3100,2836,0,0.0,0.914839,available,calibration_not_released,unavailable
art_science_aoi_sample_202303_r2_12de5b9c94a1,region_ne_india_myanmar_candidate_r2,h26v06_r050_c052,50,52,93.71022,25.79167,2023-03,myd14a1_061_aqua,3100,2798,0,0.0,0.902581,available,calibration_not_released,unavailable
art_science_aoi_sample_202303_r2_12de5b9c94a1,region_ne_india_myanmar_candidate_r2,h26v06_r050_c053,50,53,93.80277,25.79167,2023-03,myd14a1_061_aqua,3100,2736,1,0.3655,0.882581,available,calibration_not_released,unavailable
art_science_aoi_sample_202303_r2_12de5b9c94a1,region_ne_india_myanmar_candidate_r2,h26v06_r050_c054,50,54,93.89533,25.79167,2023-03,myd14a1_061_aqua,3100,2773,0,0.0,0.894516,available,calibration_not_released,unavailable
art_science_aoi_sample_202303_r2_12de5b9c94a1,region_ne_india_myanmar_candidate_r2,h26v06_r050_c055,50,55,93.98788,25.79167,2023-03,myd14a1_061_aqua,3100,2761,11,3.9841,0.890645,available,calibration_not_released,unavailable
art_science_aoi_sample_202303_r2_12de5b9c94a1,region_ne_india_myanmar_candidate_r2,h26v06_r050_c056,50,56,94.08043,25.79167,2023-03,myd14a1_061_aqua,3100,2759,8,2.8996,0.89,available,calibration_not_released,unavailable
art_science_aoi_sample_202303_r2_12de5b9c94a1,region_ne_india_myanmar_candidate_r2,h26v06_r050_c057,50,57,94.17299,25.79167,2023-03,myd14a1_061_aqua,3100,2707,0,0.0,0.873226,available,calibration_not_released,unavailable
art_science_aoi_sample_202303_r2_12de5b9c94a1,region_ne_india_myanmar_candidate_r2,h26v06_r050_c058,50,58,94.26554,25.79167,2023-03,myd14a1_061_aqua,3100,2746,0,0.0,0.885806,available,calibration_not_released,unavailable
art_science_aoi_sample_202303_r2_12de5b9c94a1,region_ne_india_myanmar_candidate_r2,h26v06_r050_c059,50,59,94.35809,25.79167,2023-03,myd14a1_061_aqua,3100,2758,0,0.0,0.889677,available,calibration_not_released,unavailable
art_science_aoi_sample_202303_r2_12de5b9c94a1,region_ne_india_myanmar_candidate_r2,h26v06_r050_c060,50,60,94.45064,25.79167,2023-03,myd14a1_061_aqua,3100,2819,12,4.2568,0.909355,available,calibration_not_released,unavailable
art_science_aoi_sample_202303_r2_12de5b9c94a1,region_ne_india_myanmar_candidate_r2,h26v06_r050_c061,50,61,94.5432,25.79167,2023-03,myd14a1_061_aqua,3100,2746,14,5.0983,0.885806,available,calibration_not_released,unavailable
art_science_aoi_sample_202303_r2_12de5b9c94a1,region_ne_india_myanmar_candidate_r2,h26v06_r050_c062,50,62,94.63575,25.79167,2023-03,myd14a1_061_aqua,3100,2658,0,0.0,0.857419,available,calibration_not_released,unavailable
art_science_aoi_sample_202303_r2_12de5b9c94a1,region_ne_india_myanmar_candidate_r2,h26v06_r050_c063,50,63,94.7283,25.79167,2023-03,myd14a1_061_aqua,3100,2685,0,0.0,0.866129,available,calibration_not_released,unavailable
art_science_aoi_sample_202303_r2_12de5b9c94a1,region_ne_india_myanmar_candidate_r2,h26v06_r050_c064,50,64,94.82086,25.79167,2023-03,myd14a1_061_aqua,3100,2808,0,0.0,0.905806,available,calibration_not_released,unavailable
art_science_aoi_sample_202303_r2_12de5b9c94a1,region_ne_india_myanmar_candidate_r2,h26v06_r050_c065,50,65,94.91341,25.79167,2023-03,myd14a1_061_aqua,3100,2696,0,0.0,0.869677,available,calibration_not_released,unavailable
art_science_aoi_sample_202303_r2_12de5b9c94a1,region_ne_india_myanmar_candidate_r2,h26v06_r050_c066,50,66,95.00596,25.79167,2023-03,myd14a1_061_aqua,3100,2561,0,0.0,0.826129,available,calibration_not_released,unavailable
art_science_aoi_sample_202303_r2_12de5b9c94a1,region_ne_india_myanmar_candidate_r2,h26v06_r050_c067,50,67,95.09852,25.79167,2023-03,myd14a1_061_aqua,3100,2497,0,0.0,0.805484,available,calibration_not_released,unavailable
art_science_aoi_sample_202303_r2_12de5b9c94a1,region_ne_india_myanmar_candidate_r2,h26v06_r050_c068,50,68,95.19107,25.79167,2023-03,myd14a1_061_aqua,3100,2571,0,0.0,0.829355,available,calibration_not_released,unavailable
art_science_aoi_sample_202303_r2_12de5b9c94a1,region_ne_india_myanmar_candidate_r2,h26v06_r050_c069,50,69,95.28362,25.79167,2023-03,myd14a1_061_aqua,3100,2460,0,0.0,0.793548,available,calibration_not_released,unavailable
art_science_aoi_sample_202303_r2_12de5b9c94a1,region_ne_india_myanmar_candidate_r2,h26v06_r050_c070,50,70,95.37618,25.79167,2023-03,myd14a1_061_aqua,3100,2625,0,0.0,0.846774,available,calibration_not_released,unavailable
art_science_aoi_sample_202303_r2_12de5b9c94a1,region_ne_india_myanmar_candidate_r2,h26v06_r050_c071,50,71,95.46873,25.79167,2023-03,myd14a1_061_aqua,2762,2448,0,0.0,0.886314,available,calibration_not_released,unavailable
art_science_aoi_sample_202303_r2_12de5b9c94a1,region_ne_india_myanmar_candidate_r2,h26v06_r050_c072,50,72,95.56128,25.79167,2023-03,myd14a1_061_aqua,2803,2524,1,0.3962,0.900464,available,calibration_not_released,unavailable
art_science_aoi_sample_202303_r2_12de5b9c94a1,region_ne_india_myanmar_candidate_r2,h26v06_r050_c073,50,73,95.65384,25.79167,2023-03,myd14a1_061_aqua,3100,2765,0,0.0,0.891935,available,calibration_not_released,unavailable
art_science_aoi_sample_202303_r2_12de5b9c94a1,region_ne_india_myanmar_candidate_r2,h26v06_r050_c074,50,74,95.74639,25.79167,2023-03,myd14a1_061_aqua,3100,2714,0,0.0,0.875484,available,calibration_not_released,unavailable
art_science_aoi_sample_202303_r2_12de5b9c94a1,region_ne_india_myanmar_candidate_r2,h26v06_r050_c075,50,75,95.83894,25.79167,2023-03,myd14a1_061_aqua,3100,2746,0,0.0,0.885806,available,calibration_not_released,unavailable
art_science_aoi_sample_202303_r2_12de5b9c94a1,region_ne_india_myanmar_candidate_r2,h26v06_r050_c076,50,76,95.9315,25.79167,2023-03,myd14a1_061_aqua,3069,2759,0,0.0,0.89899,available,calibration_not_released,unavailable
art_science_aoi_sample_202303_r2_12de5b9c94a1,region_ne_india_myanmar_candidate_r2,h26v06_r050_c077,50,77,96.02405,25.79167,2023-03,myd14a1_061_aqua,775,706,0,0.0,0.910968,available,calibration_not_released,unavailable
art_science_aoi_sample_202303_r2_12de5b9c94a1,region_ne_india_myanmar_candidate_r2,h26v06_r051_c045,51,45,92.99708,25.70833,2023-03,myd14a1_061_aqua,1457,1334,0,0.0,0.91558,available,calibration_not_released,unavailable
art_science_aoi_sample_202303_r2_12de5b9c94a1,region_ne_india_myanmar_candidate_r2,h26v06_r051_c046,51,46,93.08957,25.70833,2023-03,myd14a1_061_aqua,3100,2843,1,0.3517,0.917097,available,calibration_not_released,unavailable
art_science_aoi_sample_202303_r2_12de5b9c94a1,region_ne_india_myanmar_candidate_r2,h26v06_r051_c047,51,47,93.18206,25.70833,2023-03,myd14a1_061_aqua,3100,2735,0,0.0,0.882258,available,calibration_not_released,unavailable
art_science_aoi_sample_202303_r2_12de5b9c94a1,region_ne_india_myanmar_candidate_r2,h26v06_r051_c048,51,48,93.27455,25.70833,2023-03,myd14a1_061_aqua,3100,2773,0,0.0,0.894516,available,calibration_not_released,unavailable
art_science_aoi_sample_202303_r2_12de5b9c94a1,region_ne_india_myanmar_candidate_r2,h26v06_r051_c049,51,49,93.36704,25.70833,2023-03,myd14a1_061_aqua,3100,2725,0,0.0,0.879032,available,calibration_not_released,unavailable
art_science_aoi_sample_202303_r2_12de5b9c94a1,region_ne_india_myanmar_candidate_r2,h26v06_r051_c050,51,50,93.45952,25.70833,2023-03,myd14a1_061_aqua,3100,2762,0,0.0,0.890968,available,calibration_not_released,unavailable
art_science_aoi_sample_202303_r2_12de5b9c94a1,region_ne_india_myanmar_candidate_r2,h26v06_r051_c051,51,51,93.55201,25.70833,2023-03,myd14a1_061_aqua,3100,2790,1,0.3584,0.9,available,calibration_not_released,unavailable
art_science_aoi_sample_202303_r2_12de5b9c94a1,region_ne_india_myanmar_candidate_r2,h26v06_r051_c052,51,52,93.6445,25.70833,2023-03,myd14a1_061_aqua,3100,2668,1,0.3748,0.860645,available,calibration_not_released,unavailable
art_science_aoi_sample_202303_r2_12de5b9c94a1,region_ne_india_myanmar_candidate_r2,h26v06_r051_c053,51,53,93.73699,25.70833,2023-03,myd14a1_061_aqua,3100,2714,0,0.0,0.875484,available,calibration_not_released,unavailable
art_science_aoi_sample_202303_r2_12de5b9c94a1,region_ne_india_myanmar_candidate_r2,h26v06_r051_c054,51,54,93.82948,25.70833,2023-03,myd14a1_061_aqua,3100,2838,7,2.4665,0.915484,available,calibration_not_released,unavailable
art_science_aoi_sample_202303_r2_12de5b9c94a1,region_ne_india_myanmar_candidate_r2,h26v06_r051_c055,51,55,93.92197,25.70833,2023-03,myd14a1_061_aqua,3100,2763,11,3.9812,0.89129,available,calibration_not_released,unavailable
art_science_aoi_sample_202303_r2_12de5b9c94a1,region_ne_india_myanmar_candidate_r2,h26v06_r051_c056,51,56,94.01445,25.70833,2023-03,myd14a1_061_aqua,3100,2744,2,0.7289,0.885161,available,calibration_not_released,unavailable
art_science_aoi_sample_202303_r2_12de5b9c94a1,region_ne_india_myanmar_candidate_r2,h26v06_r051_c057,51,57,94.10694,25.70833,2023-03,myd14a1_061_aqua,3100,2687,3,1.1165,0.866774,available,calibration_not_released,unavailable
art_science_aoi_sample_202303_r2_12de5b9c94a1,region_ne_india_myanmar_candidate_r2,h26v06_r051_c058,51,58,94.19943,25.70833,2023-03,myd14a1_061_aqua,3100,2707,0,0.0,0.873226,available,calibration_not_released,unavailable
art_science_aoi_sample_202303_r2_12de5b9c94a1,region_ne_india_myanmar_candidate_r2,h26v06_r051_c059,51,59,94.29192,25.70833,2023-03,myd14a1_061_aqua,3100,2659,8,3.0086,0.857742,available,calibration_not_released,unavailable
art_science_aoi_sample_202303_r2_12de5b9c94a1,region_ne_india_myanmar_candidate_r2,h26v06_r051_c060,51,60,94.38441,25.70833,2023-03,myd14a1_061_aqua,3100,2593,10,3.8565,0.836452,available,calibration_not_released,unavailable
art_science_aoi_sample_202303_r2_12de5b9c94a1,region_ne_india_myanmar_candidate_r2,h26v06_r051_c061,51,61,94.4769,25.70833,2023-03,myd14a1_061_aqua,3100,2750,7,2.5455,0.887097,available,calibration_not_released,unavailable
art_science_aoi_sample_202303_r2_12de5b9c94a1,region_ne_india_myanmar_candidate_r2,h26v06_r051_c062,51,62,94.56938,25.70833,2023-03,myd14a1_061_aqua,3100,2777,3,1.0803,0.895806,available,calibration_not_released,unavailable
art_science_aoi_sample_202303_r2_12de5b9c94a1,region_ne_india_myanmar_candidate_r2,h26v06_r051_c063,51,63,94.66187,25.70833,2023-03,myd14a1_061_aqua,3100,2819,0,0.0,0.909355,available,calibration_not_released,unavailable
art_science_aoi_sample_202303_r2_12de5b9c94a1,region_ne_india_myanmar_candidate_r2,h26v06_r051_c064,51,64,94.75436,25.70833,2023-03,myd14a1_061_aqua,3100,2803,0,0.0,0.904194,available,calibration_not_released,unavailable
art_science_aoi_sample_202303_r2_12de5b9c94a1,region_ne_india_myanmar_candidate_r2,h26v06_r051_c065,51,65,94.84685,25.70833,2023-03,myd14a1_061_aqua,3100,2625,11,4.1905,0.846774,available,calibration_not_released,unavailable
art_science_aoi_sample_202303_r2_12de5b9c94a1,region_ne_india_myanmar_candidate_r2,h26v06_r051_c066,51,66,94.93934,25.70833,2023-03,myd14a1_061_aqua,3100,2504,3,1.1981,0.807742,available,calibration_not_released,unavailable
art_science_aoi_sample_202303_r2_12de5b9c94a1,region_ne_india_myanmar_candidate_r2,h26v06_r051_c067,51,67,95.03183,25.70833,2023-03,myd14a1_061_aqua,3100,2383,0,0.0,0.76871,available,calibration_not_released,unavailable
art_science_aoi_sample_202303_r2_12de5b9c94a1,region_ne_india_myanmar_candidate_r2,h26v06_r051_c068,51,68,95.12431,25.70833,2023-03,myd14a1_061_aqua,3100,2616,0,0.0,0.843871,available,calibration_not_released,unavailable
art_science_aoi_sample_202303_r2_12de5b9c94a1,region_ne_india_myanmar_candidate_r2,h26v06_r051_c069,51,69,95.2168,25.70833,2023-03,myd14a1_061_aqua,3100,2689,0,0.0,0.867419,available,calibration_not_released,unavailable
art_science_aoi_sample_202303_r2_12de5b9c94a1,region_ne_india_myanmar_candidate_r2,h26v06_r051_c070,51,70,95.30929,25.70833,2023-03,myd14a1_061_aqua,3100,2744,0,0.0,0.885161,available,calibration_not_released,unavailable
art_science_aoi_sample_202303_r2_12de5b9c94a1,region_ne_india_myanmar_candidate_r2,h26v06_r051_c071,51,71,95.40178,25.70833,2023-03,myd14a1_061_aqua,2626,2338,0,0.0,0.890327,available,calibration_not_released,unavailable
art_science_aoi_sample_202303_r2_12de5b9c94a1,region_ne_india_myanmar_candidate_r2,h26v06_r051_c072,51,72,95.49427,25.70833,2023-03,myd14a1_061_aqua,3058,2775,1,0.3604,0.907456,available,calibration_not_released,unavailable
art_science_aoi_sample_202303_r2_12de5b9c94a1,region_ne_india_myanmar_candidate_r2,h26v06_r051_c073,51,73,95.58676,25.70833,2023-03,myd14a1_061_aqua,3100,2773,0,0.0,0.894516,available,calibration_not_released,unavailable
art_science_aoi_sample_202303_r2_12de5b9c94a1,region_ne_india_myanmar_candidate_r2,h26v06_r051_c074,51,74,95.67924,25.70833,2023-03,myd14a1_061_aqua,3100,2718,0,0.0,0.876774,available,calibration_not_released,unavailable
art_science_aoi_sample_202303_r2_12de5b9c94a1,region_ne_india_myanmar_candidate_r2,h26v06_r051_c075,51,75,95.77173,25.70833,2023-03,myd14a1_061_aqua,3100,2756,0,0.0,0.889032,available,calibration_not_released,unavailable
art_science_aoi_sample_202303_r2_12de5b9c94a1,region_ne_india_myanmar_candidate_r2,h26v06_r051_c076,51,76,95.86422,25.70833,2023-03,myd14a1_061_aqua,3100,2775,0,0.0,0.895161,available,calibration_not_released,unavailable
art_science_aoi_sample_202303_r2_12de5b9c94a1,region_ne_india_myanmar_candidate_r2,h26v06_r051_c077,51,77,95.95671,25.70833,2023-03,myd14a1_061_aqua,2759,2433,0,0.0,0.881841,available,calibration_not_released,unavailable
art_science_aoi_sample_202303_r2_12de5b9c94a1,region_ne_india_myanmar_candidate_r2,h26v06_r051_c078,51,78,96.0492,25.70833,2023-03,myd14a1_061_aqua,217,188,0,0.0,0.866359,available,calibration_not_released,unavailable
art_science_aoi_sample_202303_r2_12de5b9c94a1,region_ne_india_myanmar_candidate_r2,h26v06_r052_c045,52,45,92.93211,25.625,2023-03,myd14a1_061_aqua,31,28,0,0.0,0.903226,available,calibration_not_released,unavailable
art_science_aoi_sample_202303_r2_12de5b9c94a1,region_ne_india_myanmar_candidate_r2,h26v06_r052_c046,52,46,93.02453,25.625,2023-03,myd14a1_061_aqua,2356,1998,0,0.0,0.848048,available,calibration_not_released,unavailable
art_science_aoi_sample_202303_r2_12de5b9c94a1,region_ne_india_myanmar_candidate_r2,h26v06_r052_c047,52,47,93.11695,25.625,2023-03,myd14a1_061_aqua,3100,2596,6,2.3112,0.837419,available,calibration_not_released,unavailable
art_science_aoi_sample_202303_r2_12de5b9c94a1,region_ne_india_myanmar_candidate_r2,h26v06_r052_c048,52,48,93.20938,25.625,2023-03,myd14a1_061_aqua,3100,2698,0,0.0,0.870323,available,calibration_not_released,unavailable
art_science_aoi_sample_202303_r2_12de5b9c94a1,region_ne_india_myanmar_candidate_r2,h26v06_r052_c049,52,49,93.3018,25.625,2023-03,myd14a1_061_aqua,3100,2762,0,0.0,0.890968,available,calibration_not_released,unavailable
art_science_aoi_sample_202303_r2_12de5b9c94a1,region_ne_india_myanmar_candidate_r2,h26v06_r052_c050,52,50,93.39422,25.625,2023-03,myd14a1_061_aqua,3100,2693,0,0.0,0.86871,available,calibration_not_released,unavailable
art_science_aoi_sample_202303_r2_12de5b9c94a1,region_ne_india_myanmar_candidate_r2,h26v06_r052_c051,52,51,93.48665,25.625,2023-03,myd14a1_061_aqua,3100,2675,2,0.7477,0.862903,available,calibration_not_released,unavailable
art_science_aoi_sample_202303_r2_12de5b9c94a1,region_ne_india_myanmar_candidate_r2,h26v06_r052_c052,52,52,93.57907,25.625,2023-03,myd14a1_061_aqua,3100,2738,5,1.8262,0.883226,available,calibration_not_released,unavailable
art_science_aoi_sample_202303_r2_12de5b9c94a1,region_ne_india_myanmar_candidate_r2,h26v06_r052_c053,52,53,93.6715,25.625,2023-03,myd14a1_061_aqua,3100,2803,22,7.8487,0.904194,available,calibration_not_released,unavailable
art_science_aoi_sample_202303_r2_12de5b9c94a1,region_ne_india_myanmar_candidate_r2,h26v06_r052_c054,52,54,93.76392,25.625,2023-03,myd14a1_061_aqua,3100,2834,4,1.4114,0.914194,available,calibration_not_released,unavailable
art_science_aoi_sample_202303_r2_12de5b9c94a1,region_ne_india_myanmar_candidate_r2,h26v06_r052_c055,52,55,93.85634,25.625,2023-03,myd14a1_061_aqua,3100,2699,5,1.8525,0.870645,available,calibration_not_released,unavailable
art_science_aoi_sample_202303_r2_12de5b9c94a1,region_ne_india_myanmar_candidate_r2,h26v06_r052_c056,52,56,93.94877,25.625,2023-03,myd14a1_061_aqua,3100,2643,1,0.3784,0.852581,available,calibration_not_released,unavailable
art_science_aoi_sample_202303_r2_12de5b9c94a1,region_ne_india_myanmar_candidate_r2,h26v06_r052_c057,52,57,94.04119,25.625,2023-03,myd14a1_061_aqua,3100,2625,0,0.0,0.846774,available,calibration_not_released,unavailable
art_science_aoi_sample_202303_r2_12de5b9c94a1,region_ne_india_myanmar_candidate_r2,h26v06_r052_c058,52,58,94.13361,25.625,2023-03,myd14a1_061_aqua,3100,2642,3,1.1355,0.852258,available,calibration_not_released,unavailable
art_science_aoi_sample_202303_r2_12de5b9c94a1,region_ne_india_myanmar_candidate_r2,h26v06_r052_c059,52,59,94.22604,25.625,2023-03,myd14a1_061_aqua,3100,2617,11,4.2033,0.844194,available,calibration_not_released,unavailable
art_science_aoi_sample_202303_r2_12de5b9c94a1,region_ne_india_myanmar_candidate_r2,h26v06_r052_c060,52,60,94.31846,25.625,2023-03,myd14a1_061_aqua,3100,2469,10,4.0502,0.796452,available,calibration_not_released,unavailable
art_science_aoi_sample_202303_r2_12de5b9c94a1,region_ne_india_myanmar_candidate_r2,h26v06_r052_c061,52,61,94.41089,25.625,2023-03,myd14a1_061_aqua,3100,2449,12,4.9,0.79,available,calibration_not_released,unavailable
art_science_aoi_sample_202303_r2_12de5b9c94a1,region_ne_india_myanmar_candidate_r2,h26v06_r052_c062,52,62,94.50331,25.625,2023-03,myd14a1_061_aqua,3100,2567,2,0.7791,0.828065,available,calibration_not_released,unavailable
art_science_aoi_sample_202303_r2_12de5b9c94a1,region_ne_india_myanmar_candidate_r2,h26v06_r052_c063,52,63,94.59573,25.625,2023-03,myd14a1_061_aqua,3100,2608,6,2.3006,0.84129,available,calibration_not_released,unavailable
art_science_aoi_sample_202303_r2_12de5b9c94a1,region_ne_india_myanmar_candidate_r2,h26v06_r052_c064,52,64,94.68816,25.625,2023-03,myd14a1_061_aqua,3100,2691,21,7.8038,0.868065,available,calibration_not_released,unavailable
art_science_aoi_sample_202303_r2_12de5b9c94a1,region_ne_india_myanmar_candidate_r2,h26v06_r052_c065,52,65,94.78058,25.625,2023-03,myd14a1_061_aqua,3100,2660,0,0.0,0.858065,available,calibration_not_released,unavailable
art_science_aoi_sample_202303_r2_12de5b9c94a1,region_ne_india_myanmar_candidate_r2,h26v06_r052_c066,52,66,94.873,25.625,2023-03,myd14a1_061_aqua,3100,2656,5,1.8825,0.856774,available,calibration_not_released,unavailable
art_science_aoi_sample_202303_r2_12de5b9c94a1,region_ne_india_myanmar_candidate_r2,h26v06_r052_c067,52,67,94.96543,25.625,2023-03,myd14a1_061_aqua,3100,2507,0,0.0,0.80871,available,calibration_not_released,unavailable
art_science_aoi_sample_202303_r2_12de5b9c94a1,region_ne_india_myanmar_candidate_r2,h26v06_r052_c068,52,68,95.05785,25.625,2023-03,myd14a1_061_aqua,3100,2589,0,0.0,0.835161,available,calibration_not_released,unavailable
art_science_aoi_sample_202303_r2_12de5b9c94a1,region_ne_india_myanmar_candidate_r2,h26v06_r052_c069,52,69,95.15028,25.625,2023-03,myd14a1_061_aqua,3100,2517,0,0.0,0.811935,available,calibration_not_released,unavailable
art_science_aoi_sample_202303_r2_12de5b9c94a1,region_ne_india_myanmar_candidate_r2,h26v06_r052_c070,52,70,95.2427,25.625,2023-03,myd14a1_061_aqua,3100,2762,0,0.0,0.890968,available,calibration_not_released,unavailable
art_science_aoi_sample_202303_r2_12de5b9c94a1,region_ne_india_myanmar_candidate_r2,h26v06_r052_c071,52,71,95.33512,25.625,2023-03,myd14a1_061_aqua,3087,2782,0,0.0,0.901199,available,calibration_not_released,unavailable
art_science_aoi_sample_202303_r2_12de5b9c94a1,region_ne_india_myanmar_candidate_r2,h26v06_r052_c072,52,72,95.42755,25.625,2023-03,myd14a1_061_aqua,2643,2294,0,0.0,0.867953,available,calibration_not_released,unavailable
art_science_aoi_sample_202303_r2_12de5b9c94a1,region_ne_india_myanmar_candidate_r2,h26v06_r052_c073,52,73,95.51997,25.625,2023-03,myd14a1_061_aqua,3095,2766,0,0.0,0.8937,available,calibration_not_released,unavailable
art_science_aoi_sample_202303_r2_12de5b9c94a1,region_ne_india_myanmar_candidate_r2,h26v06_r052_c074,52,74,95.61239,25.625,2023-03,myd14a1_061_aqua,3100,2786,0,0.0,0.89871,available,calibration_not_released,unavailable
art_science_aoi_sample_202303_r2_12de5b9c94a1,region_ne_india_myanmar_candidate_r2,h26v06_r052_c075,52,75,95.70482,25.625,2023-03,myd14a1_061_aqua,3100,2763,0,0.0,0.89129,available,calibration_not_released,unavailable
art_science_aoi_sample_202303_r2_12de5b9c94a1,region_ne_india_myanmar_candidate_r2,h26v06_r052_c076,52,76,95.79724,25.625,2023-03,myd14a1_061_aqua,3100,2818,0,0.0,0.909032,available,calibration_not_released,unavailable
art_science_aoi_sample_202303_r2_12de5b9c94a1,region_ne_india_myanmar_candidate_r2,h26v06_r052_c077,52,77,95.88967,25.625,2023-03,myd14a1_061_aqua,3100,2737,0,0.0,0.882903,available,calibration_not_released,unavailable
art_science_aoi_sample_202303_r2_12de5b9c94a1,region_ne_india_myanmar_candidate_r2,h26v06_r052_c078,52,78,95.98209,25.625,2023-03,myd14a1_061_aqua,2139,1822,0,0.0,0.8518,available,calibration_not_released,unavailable
art_science_aoi_sample_202303_r2_12de5b9c94a1,region_ne_india_myanmar_candidate_r2,h26v06_r053_c046,53,46,92.95978,25.54167,2023-03,myd14a1_061_aqua,372,318,0,0.0,0.854839,available,calibration_not_released,unavailable
art_science_aoi_sample_202303_r2_12de5b9c94a1,region_ne_india_myanmar_candidate_r2,h26v06_r053_c047,53,47,93.05214,25.54167,2023-03,myd14a1_061_aqua,2914,2489,2,0.8035,0.854152,available,calibration_not_released,unavailable
art_science_aoi_sample_202303_r2_12de5b9c94a1,region_ne_india_myanmar_candidate_r2,h26v06_r053_c048,53,48,93.14449,25.54167,2023-03,myd14a1_061_aqua,3100,2658,0,0.0,0.857419,available,calibration_not_released,unavailable
art_science_aoi_sample_202303_r2_12de5b9c94a1,region_ne_india_myanmar_candidate_r2,h26v06_r053_c049,53,49,93.23685,25.54167,2023-03,myd14a1_061_aqua,3100,2681,0,0.0,0.864839,available,calibration_not_released,unavailable
art_science_aoi_sample_202303_r2_12de5b9c94a1,region_ne_india_myanmar_candidate_r2,h26v06_r053_c050,53,50,93.32921,25.54167,2023-03,myd14a1_061_aqua,3100,2579,0,0.0,0.831935,available,calibration_not_released,unavailable
art_science_aoi_sample_202303_r2_12de5b9c94a1,region_ne_india_myanmar_candidate_r2,h26v06_r053_c051,53,51,93.42157,25.54167,2023-03,myd14a1_061_aqua,3100,2695,0,0.0,0.869355,available,calibration_not_released,unavailable
art_science_aoi_sample_202303_r2_12de5b9c94a1,region_ne_india_myanmar_candidate_r2,h26v06_r053_c052,53,52,93.51393,25.54167,2023-03,myd14a1_061_aqua,3100,2753,5,1.8162,0.888065,available,calibration_not_released,unavailable
art_science_aoi_sample_202303_r2_12de5b9c94a1,region_ne_india_myanmar_candidate_r2,h26v06_r053_c053,53,53,93.60629,25.54167,2023-03,myd14a1_061_aqua,3100,2779,10,3.5984,0.896452,available,calibration_not_released,unavailable
art_science_aoi_sample_202303_r2_12de5b9c94a1,region_ne_india_myanmar_candidate_r2,h26v06_r053_c054,53,54,93.69865,25.54167,2023-03,myd14a1_061_aqua,3100,2766,2,0.7231,0.892258,available,calibration_not_released,unavailable
art_science_aoi_sample_202303_r2_12de5b9c94a1,region_ne_india_myanmar_candidate_r2,h26v06_r053_c055,53,55,93.79101,25.54167,2023-03,myd14a1_061_aqua,3100,2742,23,8.388,0.884516,available,calibration_not_released,unavailable
art_science_aoi_sample_202303_r2_12de5b9c94a1,region_ne_india_myanmar_candidate_r2,h26v06_r053_c056,53,56,93.88337,25.54167,2023-03,myd14a1_061_aqua,3100,2629,5,1.9019,0.848065,available,calibration_not_released,unavailable
art_science_aoi_sample_202303_r2_12de5b9c94a1,region_ne_india_myanmar_candidate_r2,h26v06_r053_c057,53,57,93.97573,25.54167,2023-03,myd14a1_061_aqua,3100,2477,3,1.2111,0.799032,available,calibration_not_released,unavailable
art_science_aoi_sample_202303_r2_12de5b9c94a1,region_ne_india_myanmar_candidate_r2,h26v06_r053_c058,53,58,94.06809,25.54167,2023-03,myd14a1_061_aqua,3100,2522,3,1.1895,0.813548,available,calibration_not_released,unavailable
art_science_aoi_sample_202303_r2_12de5b9c94a1,region_ne_india_myanmar_candidate_r2,h26v06_r053_c059,53,59,94.16045,25.54167,2023-03,myd14a1_061_aqua,3100,2536,5,1.9716,0.818065,available,calibration_not_released,unavailable
art_science_aoi_sample_202303_r2_12de5b9c94a1,region_ne_india_myanmar_candidate_r2,h26v06_r053_c060,53,60,94.25281,25.54167,2023-03,myd14a1_061_aqua,3100,2503,9,3.5957,0.807419,available,calibration_not_released,unavailable
art_science_aoi_sample_202303_r2_12de5b9c94a1,region_ne_india_myanmar_candidate_r2,h26v06_r053_c061,53,61,94.34517,25.54167,2023-03,myd14a1_061_aqua,3100,2571,8,3.1116,0.829355,available,calibration_not_released,unavailable
art_science_aoi_sample_202303_r2_12de5b9c94a1,region_ne_india_myanmar_candidate_r2,h26v06_r053_c062,53,62,94.43753,25.54167,2023-03,myd14a1_061_aqua,3100,2616,4,1.5291,0.843871,available,calibration_not_released,unavailable
art_science_aoi_sample_202303_r2_12de5b9c94a1,region_ne_india_myanmar_candidate_r2,h26v06_r053_c063,53,63,94.52989,25.54167,2023-03,myd14a1_061_aqua,3100,2689,9,3.347,0.867419,available,calibration_not_released,unavailable
art_science_aoi_sample_202303_r2_12de5b9c94a1,region_ne_india_myanmar_candidate_r2,h26v06_r053_c064,53,64,94.62225,25.54167,2023-03,myd14a1_061_aqua,3100,2551,2,0.784,0.822903,available,calibration_not_released,unavailable
art_science_aoi_sample_202303_r2_12de5b9c94a1,region_ne_india_myanmar_candidate_r2,h26v06_r053_c065,53,65,94.71461,25.54167,2023-03,myd14a1_061_aqua,3100,2661,0,0.0,0.858387,available,calibration_not_released,unavailable
art_science_aoi_sample_202303_r2_12de5b9c94a1,region_ne_india_myanmar_candidate_r2,h26v06_r053_c066,53,66,94.80696,25.54167,2023-03,myd14a1_061_aqua,3100,2547,0,0.0,0.821613,available,calibration_not_released,unavailable
art_science_aoi_sample_202303_r2_12de5b9c94a1,region_ne_india_myanmar_candidate_r2,h26v06_r053_c067,53,67,94.89932,25.54167,2023-03,myd14a1_061_aqua,3100,2530,0,0.0,0.816129,available,calibration_not_released,unavailable
art_science_aoi_sample_202303_r2_12de5b9c94a1,region_ne_india_myanmar_candidate_r2,h26v06_r053_c068,53,68,94.99168,25.54167,2023-03,myd14a1_061_aqua,3100,2623,2,0.7625,0.846129,available,calibration_not_released,unavailable
art_science_aoi_sample_202303_r2_12de5b9c94a1,region_ne_india_myanmar_candidate_r2,h26v06_r053_c069,53,69,95.08404,25.54167,2023-03,myd14a1_061_aqua,3100,2655,0,0.0,0.856452,available,calibration_not_released,unavailable
art_science_aoi_sample_202303_r2_12de5b9c94a1,region_ne_india_myanmar_candidate_r2,h26v06_r053_c070,53,70,95.1764,25.54167,2023-03,myd14a1_061_aqua,3100,2736,0,0.0,0.882581,available,calibration_not_released,unavailable
art_science_aoi_sample_202303_r2_12de5b9c94a1,region_ne_india_myanmar_candidate_r2,h26v06_r053_c071,53,71,95.26876,25.54167,2023-03,myd14a1_061_aqua,3100,2783,0,0.0,0.897742,available,calibration_not_released,unavailable
art_science_aoi_sample_202303_r2_12de5b9c94a1,region_ne_india_myanmar_candidate_r2,h26v06_r053_c072,53,72,95.36112,25.54167,2023-03,myd14a1_061_aqua,2734,2432,0,0.0,0.889539,available,calibration_not_released,unavailable
art_science_aoi_sample_202303_r2_12de5b9c94a1,region_ne_india_myanmar_candidate_r2,h26v06_r053_c073,53,73,95.45348,25.54167,2023-03,myd14a1_061_aqua,2948,2629,0,0.0,0.891791,available,calibration_not_released,unavailable
art_science_aoi_sample_202303_r2_12de5b9c94a1,region_ne_india_myanmar_candidate_r2,h26v06_r053_c074,53,74,95.54584,25.54167,2023-03,myd14a1_061_aqua,3100,2798,0,0.0,0.902581,available,calibration_not_released,unavailable
art_science_aoi_sample_202303_r2_12de5b9c94a1,region_ne_india_myanmar_candidate_r2,h26v06_r053_c075,53,75,95.6382,25.54167,2023-03,myd14a1_061_aqua,3100,2809,0,0.0,0.906129,available,calibration_not_released,unavailable
art_science_aoi_sample_202303_r2_12de5b9c94a1,region_ne_india_myanmar_candidate_r2,h26v06_r053_c076,53,76,95.73056,25.54167,2023-03,myd14a1_061_aqua,3100,2882,0,0.0,0.929677,available,calibration_not_released,unavailable
art_science_aoi_sample_202303_r2_12de5b9c94a1,region_ne_india_myanmar_candidate_r2,h26v06_r053_c077,53,77,95.82292,25.54167,2023-03,myd14a1_061_aqua,3100,2807,0,0.0,0.905484,available,calibration_not_released,unavailable
art_science_aoi_sample_202303_r2_12de5b9c94a1,region_ne_india_myanmar_candidate_r2,h26v06_r053_c078,53,78,95.91528,25.54167,2023-03,myd14a1_061_aqua,3100,2707,0,0.0,0.873226,available,calibration_not_released,unavailable
art_science_aoi_sample_202303_r2_12de5b9c94a1,region_ne_india_myanmar_candidate_r2,h26v06_r053_c079,53,79,96.00764,25.54167,2023-03,myd14a1_061_aqua,1302,1156,0,0.0,0.887865,available,calibration_not_released,unavailable
art_science_aoi_sample_202303_r2_12de5b9c94a1,region_ne_india_myanmar_candidate_r2,h26v06_r054_c047,54,47,92.9876,25.45833,2023-03,myd14a1_061_aqua,1147,1053,0,0.0,0.918047,available,calibration_not_released,unavailable
art_science_aoi_sample_202303_r2_12de5b9c94a1,region_ne_india_myanmar_candidate_r2,h26v06_r054_c048,54,48,93.0799,25.45833,2023-03,myd14a1_061_aqua,3100,2728,2,0.7331,0.88,available,calibration_not_released,unavailable
art_science_aoi_sample_202303_r2_12de5b9c94a1,region_ne_india_myanmar_candidate_r2,h26v06_r054_c049,54,49,93.1722,25.45833,2023-03,myd14a1_061_aqua,3100,2663,9,3.3796,0.859032,available,calibration_not_released,unavailable
art_science_aoi_sample_202303_r2_12de5b9c94a1,region_ne_india_myanmar_candidate_r2,h26v06_r054_c050,54,50,93.26449,25.45833,2023-03,myd14a1_061_aqua,3100,2615,2,0.7648,0.843548,available,calibration_not_released,unavailable
art_science_aoi_sample_202303_r2_12de5b9c94a1,region_ne_india_myanmar_candidate_r2,h26v06_r054_c051,54,51,93.35679,25.45833,2023-03,myd14a1_061_aqua,3100,2619,0,0.0,0.844839,available,calibration_not_released,unavailable
art_science_aoi_sample_202303_r2_12de5b9c94a1,region_ne_india_myanmar_candidate_r2,h26v06_r054_c052,54,52,93.44908,25.45833,2023-03,myd14a1_061_aqua,3100,2744,9,3.2799,0.885161,available,calibration_not_released,unavailable
art_science_aoi_sample_202303_r2_12de5b9c94a1,region_ne_india_myanmar_candidate_r2,h26v06_r054_c053,54,53,93.54138,25.45833,2023-03,myd14a1_061_aqua,3100,2675,20,7.4766,0.862903,available,calibration_not_released,unavailable
art_science_aoi_sample_202303_r2_12de5b9c94a1,region_ne_india_myanmar_candidate_r2,h26v06_r054_c054,54,54,93.63367,25.45833,2023-03,myd14a1_061_aqua,3100,2640,0,0.0,0.851613,available,calibration_not_released,unavailable
art_science_aoi_sample_202303_r2_12de5b9c94a1,region_ne_india_myanmar_candidate_r2,h26v06_r054_c055,54,55,93.72597,25.45833,2023-03,myd14a1_061_aqua,3100,2718,0,0.0,0.876774,available,calibration_not_released,unavailable
art_science_aoi_sample_202303_r2_12de5b9c94a1,region_ne_india_myanmar_candidate_r2,h26v06_r054_c056,54,56,93.81826,25.45833,2023-03,myd14a1_061_aqua,3100,2752,14,5.0872,0.887742,available,calibration_not_released,unavailable
art_science_aoi_sample_202303_r2_12de5b9c94a1,region_ne_india_myanmar_candidate_r2,h26v06_r054_c057,54,57,93.91056,25.45833,2023-03,myd14a1_061_aqua,3100,2523,13,5.1526,0.813871,available,calibration_not_released,unavailable
art_science_aoi_sample_202303_r2_12de5b9c94a1,region_ne_india_myanmar_candidate_r2,h26v06_r054_c058,54,58,94.00285,25.45833,2023-03,myd14a1_061_aqua,3100,2545,6,2.3576,0.820968,available,calibration_not_released,unavailable
art_science_aoi_sample_202303_r2_12de5b9c94a1,region_ne_india_myanmar_candidate_r2,h26v06_r054_c059,54,59,94.09515,25.45833,2023-03,myd14a1_061_aqua,3100,2615,0,0.0,0.843548,available,calibration_not_released,unavailable
art_science_aoi_sample_202303_r2_12de5b9c94a1,region_ne_india_myanmar_candidate_r2,h26v06_r054_c060,54,60,94.18744,25.45833,2023-03,myd14a1_061_aqua,3100,2530,4,1.581,0.816129,available,calibration_not_released,unavailable
art_science_aoi_sample_202303_r2_12de5b9c94a1,region_ne_india_myanmar_candidate_r2,h26v06_r054_c061,54,61,94.27974,25.45833,2023-03,myd14a1_061_aqua,3100,2615,0,0.0,0.843548,available,calibration_not_released,unavailable
art_science_aoi_sample_202303_r2_12de5b9c94a1,region_ne_india_myanmar_candidate_r2,h26v06_r054_c062,54,62,94.37204,25.45833,2023-03,myd14a1_061_aqua,3100,2655,0,0.0,0.856452,available,calibration_not_released,unavailable
art_science_aoi_sample_202303_r2_12de5b9c94a1,region_ne_india_myanmar_candidate_r2,h26v06_r054_c063,54,63,94.46433,25.45833,2023-03,myd14a1_061_aqua,3100,2715,9,3.3149,0.875806,available,calibration_not_released,unavailable
art_science_aoi_sample_202303_r2_12de5b9c94a1,region_ne_india_myanmar_candidate_r2,h26v06_r054_c064,54,64,94.55663,25.45833,2023-03,myd14a1_061_aqua,3100,2591,5,1.9298,0.835806,available,calibration_not_released,unavailable
art_science_aoi_sample_202303_r2_12de5b9c94a1,region_ne_india_myanmar_candidate_r2,h26v06_r054_c065,54,65,94.64892,25.45833,2023-03,myd14a1_061_aqua,3100,2612,15,5.7427,0.842581,available,calibration_not_released,unavailable
art_science_aoi_sample_202303_r2_12de5b9c94a1,region_ne_india_myanmar_candidate_r2,h26v06_r054_c066,54,66,94.74122,25.45833,2023-03,myd14a1_061_aqua,3100,2585,0,0.0,0.833871,available,calibration_not_released,unavailable
art_science_aoi_sample_202303_r2_12de5b9c94a1,region_ne_india_myanmar_candidate_r2,h26v06_r054_c067,54,67,94.83351,25.45833,2023-03,myd14a1_061_aqua,3100,2402,4,1.6653,0.774839,available,calibration_not_released,unavailable
art_science_aoi_sample_202303_r2_12de5b9c94a1,region_ne_india_myanmar_candidate_r2,h26v06_r054_c068,54,68,94.92581,25.45833,2023-03,myd14a1_061_aqua,3100,2487,1,0.4021,0.802258,available,calibration_not_released,unavailable
art_science_aoi_sample_202303_r2_12de5b9c94a1,region_ne_india_myanmar_candidate_r2,h26v06_r054_c069,54,69,95.0181,25.45833,2023-03,myd14a1_061_aqua,3100,2594,0,0.0,0.836774,available,calibration_not_released,unavailable
art_science_aoi_sample_202303_r2_12de5b9c94a1,region_ne_india_myanmar_candidate_r2,h26v06_r054_c070,54,70,95.1104,25.45833,2023-03,myd14a1_061_aqua,3100,2601,0,0.0,0.839032,available,calibration_not_released,unavailable
art_science_aoi_sample_202303_r2_12de5b9c94a1,region_ne_india_myanmar_candidate_r2,h26v06_r054_c071,54,71,95.20269,25.45833,2023-03,myd14a1_061_aqua,3100,2691,0,0.0,0.868065,available,calibration_not_released,unavailable
art_science_aoi_sample_202303_r2_12de5b9c94a1,region_ne_india_myanmar_candidate_r2,h26v06_r054_c072,54,72,95.29499,25.45833,2023-03,myd14a1_061_aqua,3097,2719,0,0.0,0.877946,available,calibration_not_released,unavailable
art_science_aoi_sample_202303_r2_12de5b9c94a1,region_ne_india_myanmar_candidate_r2,h26v06_r054_c073,54,73,95.38728,25.45833,2023-03,myd14a1_061_aqua,2628,2311,0,0.0,0.879376,available,calibration_not_released,unavailable
art_science_aoi_sample_202303_r2_12de5b9c94a1,region_ne_india_myanmar_candidate_r2,h26v06_r054_c074,54,74,95.47958,25.45833,2023-03,myd14a1_061_aqua,3097,2760,0,0.0,0.891185,available,calibration_not_released,unavailable
art_science_aoi_sample_202303_r2_12de5b9c94a1,region_ne_india_myanmar_candidate_r2,h26v06_r054_c075,54,75,95.57188,25.45833,2023-03,myd14a1_061_aqua,3100,2741,0,0.0,0.884194,available,calibration_not_released,unavailable
art_science_aoi_sample_202303_r2_12de5b9c94a1,region_ne_india_myanmar_candidate_r2,h26v06_r054_c076,54,76,95.66417,25.45833,2023-03,myd14a1_061_aqua,3100,2863,0,0.0,0.923548,available,calibration_not_released,unavailable
art_science_aoi_sample_202303_r2_12de5b9c94a1,region_ne_india_myanmar_candidate_r2,h26v06_r054_c077,54,77,95.75647,25.45833,2023-03,myd14a1_061_aqua,3100,2871,0,0.0,0.926129,available,calibration_not_released,unavailable
art_science_aoi_sample_202303_r2_12de5b9c94a1,region_ne_india_myanmar_candidate_r2,h26v06_r054_c078,54,78,95.84876,25.45833,2023-03,myd14a1_061_aqua,3100,2780,0,0.0,0.896774,available,calibration_not_released,unavailable
art_science_aoi_sample_202303_r2_12de5b9c94a1,region_ne_india_myanmar_candidate_r2,h26v06_r054_c079,54,79,95.94106,25.45833,2023-03,myd14a1_061_aqua,3007,2671,0,0.0,0.888261,available,calibration_not_released,unavailable
art_science_aoi_sample_202303_r2_12de5b9c94a1,region_ne_india_myanmar_candidate_r2,h26v06_r054_c080,54,80,96.03335,25.45833,2023-03,myd14a1_061_aqua,527,461,0,0.0,0.874763,available,calibration_not_released,unavailable
art_science_aoi_sample_202303_r2_12de5b9c94a1,region_ne_india_myanmar_candidate_r2,h26v06_r055_c048,55,48,93.01559,25.375,2023-03,myd14a1_061_aqua,2077,1788,20,11.1857,0.860857,available,calibration_not_released,unavailable
art_science_aoi_sample_202303_r2_12de5b9c94a1,region_ne_india_myanmar_candidate_r2,h26v06_r055_c049,55,49,93.10782,25.375,2023-03,myd14a1_061_aqua,3100,2721,50,18.3756,0.877742,available,calibration_not_released,unavailable
art_science_aoi_sample_202303_r2_12de5b9c94a1,region_ne_india_myanmar_candidate_r2,h26v06_r055_c050,55,50,93.20005,25.375,2023-03,myd14a1_061_aqua,3100,2680,54,20.1493,0.864516,available,calibration_not_released,unavailable
art_science_aoi_sample_202303_r2_12de5b9c94a1,region_ne_india_myanmar_candidate_r2,h26v06_r055_c051,55,51,93.29229,25.375,2023-03,myd14a1_061_aqua,3100,2570,14,5.4475,0.829032,available,calibration_not_released,unavailable
art_science_aoi_sample_202303_r2_12de5b9c94a1,region_ne_india_myanmar_candidate_r2,h26v06_r055_c052,55,52,93.38452,25.375,2023-03,myd14a1_061_aqua,3100,2670,17,6.367,0.86129,available,calibration_not_released,unavailable
art_science_aoi_sample_202303_r2_12de5b9c94a1,region_ne_india_myanmar_candidate_r2,h26v06_r055_c053,55,53,93.47675,25.375,2023-03,myd14a1_061_aqua,3100,2682,14,5.22,0.865161,available,calibration_not_released,unavailable
art_science_aoi_sample_202303_r2_12de5b9c94a1,region_ne_india_myanmar_candidate_r2,h26v06_r055_c054,55,54,93.56898,25.375,2023-03,myd14a1_061_aqua,3100,2582,21,8.1332,0.832903,available,calibration_not_released,unavailable
art_science_aoi_sample_202303_r2_12de5b9c94a1,region_ne_india_myanmar_candidate_r2,h26v06_r055_c055,55,55,93.66121,25.375,2023-03,myd14a1_061_aqua,3100,2688,8,2.9762,0.867097,available,calibration_not_released,unavailable
art_science_aoi_sample_202303_r2_12de5b9c94a1,region_ne_india_myanmar_candidate_r2,h26v06_r055_c056,55,56,93.75344,25.375,2023-03,myd14a1_061_aqua,3100,2751,56,20.3562,0.887419,available,calibration_not_released,unavailable
art_science_aoi_sample_202303_r2_12de5b9c94a1,region_ne_india_myanmar_candidate_r2,h26v06_r055_c057,55,57,93.84568,25.375,2023-03,myd14a1_061_aqua,3100,2595,6,2.3121,0.837097,available,calibration_not_released,unavailable
art_science_aoi_sample_202303_r2_12de5b9c94a1,region_ne_india_myanmar_candidate_r2,h26v06_r055_c058,55,58,93.93791,25.375,2023-03,myd14a1_061_aqua,3100,2520,5,1.9841,0.812903,available,calibration_not_released,unavailable
art_science_aoi_sample_202303_r2_12de5b9c94a1,region_ne_india_myanmar_candidate_r2,h26v06_r055_c059,55,59,94.03014,25.375,2023-03,myd14a1_061_aqua,3100,2624,6,2.2866,0.846452,available,calibration_not_released,unavailable
art_science_aoi_sample_202303_r2_12de5b9c94a1,region_ne_india_myanmar_candidate_r2,h26v06_r055_c060,55,60,94.12237,25.375,2023-03,myd14a1_061_aqua,3100,2536,0,0.0,0.818065,available,calibration_not_released,unavailable
art_science_aoi_sample_202303_r2_12de5b9c94a1,region_ne_india_myanmar_candidate_r2,h26v06_r055_c061,55,61,94.2146,25.375,2023-03,myd14a1_061_aqua,3100,2573,0,0.0,0.83,available,calibration_not_released,unavailable
art_science_aoi_sample_202303_r2_12de5b9c94a1,region_ne_india_myanmar_candidate_r2,h26v06_r055_c062,55,62,94.30683,25.375,2023-03,myd14a1_061_aqua,3100,2645,0,0.0,0.853226,available,calibration_not_released,unavailable
art_science_aoi_sample_202303_r2_12de5b9c94a1,region_ne_india_myanmar_candidate_r2,h26v06_r055_c063,55,63,94.39907,25.375,2023-03,myd14a1_061_aqua,3100,2748,0,0.0,0.886452,available,calibration_not_released,unavailable
art_science_aoi_sample_202303_r2_12de5b9c94a1,region_ne_india_myanmar_candidate_r2,h26v06_r055_c064,55,64,94.4913,25.375,2023-03,myd14a1_061_aqua,3100,2751,4,1.454,0.887419,available,calibration_not_released,unavailable
art_science_aoi_sample_202303_r2_12de5b9c94a1,region_ne_india_myanmar_candidate_r2,h26v06_r055_c065,55,65,94.58353,25.375,2023-03,myd14a1_061_aqua,3100,2728,0,0.0,0.88,available,calibration_not_released,unavailable
art_science_aoi_sample_202303_r2_12de5b9c94a1,region_ne_india_myanmar_candidate_r2,h26v06_r055_c066,55,66,94.67576,25.375,2023-03,myd14a1_061_aqua,3100,2607,0,0.0,0.840968,available,calibration_not_released,unavailable
art_science_aoi_sample_202303_r2_12de5b9c94a1,region_ne_india_myanmar_candidate_r2,h26v06_r055_c067,55,67,94.76799,25.375,2023-03,myd14a1_061_aqua,3100,2425,8,3.299,0.782258,available,calibration_not_released,unavailable
art_science_aoi_sample_202303_r2_12de5b9c94a1,region_ne_india_myanmar_candidate_r2,h26v06_r055_c068,55,68,94.86022,25.375,2023-03,myd14a1_061_aqua,3100,2605,23,8.8292,0.840323,available,calibration_not_released,unavailable
art_science_aoi_sample_202303_r2_12de5b9c94a1,region_ne_india_myanmar_candidate_r2,h26v06_r055_c069,55,69,94.95245,25.375,2023-03,myd14a1_061_aqua,3100,2671,3,1.1232,0.861613,available,calibration_not_released,unavailable
art_science_aoi_sample_202303_r2_12de5b9c94a1,region_ne_india_myanmar_candidate_r2,h26v06_r055_c070,55,70,95.04469,25.375,2023-03,myd14a1_061_aqua,3100,2624,4,1.5244,0.846452,available,calibration_not_released,unavailable
art_science_aoi_sample_202303_r2_12de5b9c94a1,region_ne_india_myanmar_candidate_r2,h26v06_r055_c071,55,71,95.13692,25.375,2023-03,myd14a1_061_aqua,3100,2632,0,0.0,0.849032,available,calibration_not_released,unavailable
art_science_aoi_sample_202303_r2_12de5b9c94a1,region_ne_india_myanmar_candidate_r2,h26v06_r055_c072,55,72,95.22915,25.375,2023-03,myd14a1_061_aqua,3100,2741,0,0.0,0.884194,available,calibration_not_released,unavailable
art_science_aoi_sample_202303_r2_12de5b9c94a1,region_ne_india_myanmar_candidate_r2,h26v06_r055_c073,55,73,95.32138,25.375,2023-03,myd14a1_061_aqua,2546,2244,0,0.0,0.881383,available,calibration_not_released,unavailable
art_science_aoi_sample_202303_r2_12de5b9c94a1,region_ne_india_myanmar_candidate_r2,h26v06_r055_c074,55,74,95.41361,25.375,2023-03,myd14a1_061_aqua,3074,2795,0,0.0,0.909239,available,calibration_not_released,unavailable
art_science_aoi_sample_202303_r2_12de5b9c94a1,region_ne_india_myanmar_candidate_r2,h26v06_r055_c075,55,75,95.50584,25.375,2023-03,myd14a1_061_aqua,3100,2798,0,0.0,0.902581,available,calibration_not_released,unavailable
art_science_aoi_sample_202303_r2_12de5b9c94a1,region_ne_india_myanmar_candidate_r2,h26v06_r055_c076,55,76,95.59808,25.375,2023-03,myd14a1_061_aqua,3100,2881,0,0.0,0.929355,available,calibration_not_released,unavailable
art_science_aoi_sample_202303_r2_12de5b9c94a1,region_ne_india_myanmar_candidate_r2,h26v06_r055_c077,55,77,95.69031,25.375,2023-03,myd14a1_061_aqua,3100,2883,0,0.0,0.93,available,calibration_not_released,unavailable
art_science_aoi_sample_202303_r2_12de5b9c94a1,region_ne_india_myanmar_candidate_r2,h26v06_r055_c078,55,78,95.78254,25.375,2023-03,myd14a1_061_aqua,3100,2839,0,0.0,0.915806,available,calibration_not_released,unavailable
art_science_aoi_sample_202303_r2_12de5b9c94a1,region_ne_india_myanmar_candidate_r2,h26v06_r055_c079,55,79,95.87477,25.375,2023-03,myd14a1_061_aqua,3100,2777,0,0.0,0.895806,available,calibration_not_released,unavailable
art_science_aoi_sample_202303_r2_12de5b9c94a1,region_ne_india_myanmar_candidate_r2,h26v06_r055_c080,55,80,95.967,25.375,2023-03,myd14a1_061_aqua,2542,2244,0,0.0,0.882769,available,calibration_not_released,unavailable
art_science_aoi_sample_202303_r2_12de5b9c94a1,region_ne_india_myanmar_candidate_r2,h26v06_r055_c081,55,81,96.05923,25.375,2023-03,myd14a1_061_aqua,93,82,0,0.0,0.88172,available,calibration_not_released,unavailable
art_science_aoi_sample_202303_r2_12de5b9c94a1,region_ne_india_myanmar_candidate_r2,h26v06_r056_c048,56,48,92.95157,25.29167,2023-03,myd14a1_061_aqua,217,191,4,20.9424,0.880184,available,calibration_not_released,unavailable
art_science_aoi_sample_202303_r2_12de5b9c94a1,region_ne_india_myanmar_candidate_r2,h26v06_r056_c049,56,49,93.04374,25.29167,2023-03,myd14a1_061_aqua,2790,2400,31,12.9167,0.860215,available,calibration_not_released,unavailable
art_science_aoi_sample_202303_r2_12de5b9c94a1,region_ne_india_myanmar_candidate_r2,h26v06_r056_c050,56,50,93.1359,25.29167,2023-03,myd14a1_061_aqua,3100,2716,36,13.2548,0.876129,available,calibration_not_released,unavailable
art_science_aoi_sample_202303_r2_12de5b9c94a1,region_ne_india_myanmar_candidate_r2,h26v06_r056_c051,56,51,93.22807,25.29167,2023-03,myd14a1_061_aqua,3100,2651,31,11.6937,0.855161,available,calibration_not_released,unavailable
art_science_aoi_sample_202303_r2_12de5b9c94a1,region_ne_india_myanmar_candidate_r2,h26v06_r056_c052,56,52,93.32024,25.29167,2023-03,myd14a1_061_aqua,3100,2567,20,7.7912,0.828065,available,calibration_not_released,unavailable
art_science_aoi_sample_202303_r2_12de5b9c94a1,region_ne_india_myanmar_candidate_r2,h26v06_r056_c053,56,53,93.41241,25.29167,2023-03,myd14a1_061_aqua,3100,2511,16,6.372,0.81,available,calibration_not_released,unavailable
art_science_aoi_sample_202303_r2_12de5b9c94a1,region_ne_india_myanmar_candidate_r2,h26v06_r056_c054,56,54,93.50458,25.29167,2023-03,myd14a1_061_aqua,3100,2499,23,9.2037,0.806129,available,calibration_not_released,unavailable
art_science_aoi_sample_202303_r2_12de5b9c94a1,region_ne_india_myanmar_candidate_r2,h26v06_r056_c055,56,55,93.59674,25.29167,2023-03,myd14a1_061_aqua,3100,2669,43,16.1109,0.860968,available,calibration_not_released,unavailable
art_science_aoi_sample_202303_r2_12de5b9c94a1,region_ne_india_myanmar_candidate_r2,h26v06_r056_c056,56,56,93.68891,25.29167,2023-03,myd14a1_061_aqua,3100,2756,8,2.9028,0.889032,available,calibration_not_released,unavailable
art_science_aoi_sample_202303_r2_12de5b9c94a1,region_ne_india_myanmar_candidate_r2,h26v06_r056_c057,56,57,93.78108,25.29167,2023-03,myd14a1_061_aqua,3100,2714,24,8.843,0.875484,available,calibration_not_released,unavailable
art_science_aoi_sample_202303_r2_12de5b9c94a1,region_ne_india_myanmar_candidate_r2,h26v06_r056_c058,56,58,93.87325,25.29167,2023-03,myd14a1_061_aqua,3100,2630,9,3.4221,0.848387,available,calibration_not_released,unavailable
art_science_aoi_sample_202303_r2_12de5b9c94a1,region_ne_india_myanmar_candidate_r2,h26v06_r056_c059,56,59,93.96542,25.29167,2023-03,myd14a1_061_aqua,3100,2660,4,1.5038,0.858065,available,calibration_not_released,unavailable
art_science_aoi_sample_202303_r2_12de5b9c94a1,region_ne_india_myanmar_candidate_r2,h26v06_r056_c060,56,60,94.05758,25.29167,2023-03,myd14a1_061_aqua,3100,2587,5,1.9327,0.834516,available,calibration_not_released,unavailable
art_science_aoi_sample_202303_r2_12de5b9c94a1,region_ne_india_myanmar_candidate_r2,h26v06_r056_c061,56,61,94.14975,25.29167,2023-03,myd14a1_061_aqua,3100,2468,11,4.4571,0.796129,available,calibration_not_released,unavailable
art_science_aoi_sample_202303_r2_12de5b9c94a1,region_ne_india_myanmar_candidate_r2,h26v06_r056_c062,56,62,94.24192,25.29167,2023-03,myd14a1_061_aqua,3100,2439,6,2.46,0.786774,available,calibration_not_released,unavailable
art_science_aoi_sample_202303_r2_12de5b9c94a1,region_ne_india_myanmar_candidate_r2,h26v06_r056_c063,56,63,94.33409,25.29167,2023-03,myd14a1_061_aqua,3100,2546,6,2.3566,0.82129,available,calibration_not_released,unavailable
art_science_aoi_sample_202303_r2_12de5b9c94a1,region_ne_india_myanmar_candidate_r2,h26v06_r056_c064,56,64,94.42626,25.29167,2023-03,myd14a1_061_aqua,3100,2581,5,1.9372,0.832581,available,calibration_not_released,unavailable
art_science_aoi_sample_202303_r2_12de5b9c94a1,region_ne_india_myanmar_candidate_r2,h26v06_r056_c065,56,65,94.51843,25.29167,2023-03,myd14a1_061_aqua,3100,2662,0,0.0,0.85871,available,calibration_not_released,unavailable
art_science_aoi_sample_202303_r2_12de5b9c94a1,region_ne_india_myanmar_candidate_r2,h26v06_r056_c066,56,66,94.61059,25.29167,2023-03,myd14a1_061_aqua,3100,2636,3,1.1381,0.850323,available,calibration_not_released,unavailable
art_science_aoi_sample_202303_r2_12de5b9c94a1,region_ne_india_myanmar_candidate_r2,h26v06_r056_c067,56,67,94.70276,25.29167,2023-03,myd14a1_061_aqua,3100,2586,2,0.7734,0.834194,available,calibration_not_released,unavailable
art_science_aoi_sample_202303_r2_12de5b9c94a1,region_ne_india_myanmar_candidate_r2,h26v06_r056_c068,56,68,94.79493,25.29167,2023-03,myd14a1_061_aqua,3100,2573,19,7.3844,0.83,available,calibration_not_released,unavailable
art_science_aoi_sample_202303_r2_12de5b9c94a1,region_ne_india_myanmar_candidate_r2,h26v06_r056_c069,56,69,94.8871,25.29167,2023-03,myd14a1_061_aqua,3100,2438,4,1.6407,0.786452,available,calibration_not_released,unavailable
art_science_aoi_sample_202303_r2_12de5b9c94a1,region_ne_india_myanmar_candidate_r2,h26v06_r056_c070,56,70,94.97927,25.29167,2023-03,myd14a1_061_aqua,3100,2548,0,0.0,0.821935,available,calibration_not_released,unavailable
art_science_aoi_sample_202303_r2_12de5b9c94a1,region_ne_india_myanmar_candidate_r2,h26v06_r056_c071,56,71,95.07143,25.29167,2023-03,myd14a1_061_aqua,3100,2584,0,0.0,0.833548,available,calibration_not_released,unavailable
art_science_aoi_sample_202303_r2_12de5b9c94a1,region_ne_india_myanmar_candidate_r2,h26v06_r056_c072,56,72,95.1636,25.29167,2023-03,myd14a1_061_aqua,2755,2357,0,0.0,0.855535,available,calibration_not_released,unavailable
art_science_aoi_sample_202303_r2_12de5b9c94a1,region_ne_india_myanmar_candidate_r2,h26v06_r056_c073,56,73,95.25577,25.29167,2023-03,myd14a1_061_aqua,2471,2130,0,0.0,0.861999,available,calibration_not_released,unavailable
art_science_aoi_sample_202303_r2_12de5b9c94a1,region_ne_india_myanmar_candidate_r2,h26v06_r056_c074,56,74,95.34794,25.29167,2023-03,myd14a1_061_aqua,3100,2698,0,0.0,0.870323,available,calibration_not_released,unavailable
art_science_aoi_sample_202303_r2_12de5b9c94a1,region_ne_india_myanmar_candidate_r2,h26v06_r056_c075,56,75,95.44011,25.29167,2023-03,myd14a1_061_aqua,3100,2755,0,0.0,0.88871,available,calibration_not_released,unavailable
art_science_aoi_sample_202303_r2_12de5b9c94a1,region_ne_india_myanmar_candidate_r2,h26v06_r056_c076,56,76,95.53228,25.29167,2023-03,myd14a1_061_aqua,3100,2802,0,0.0,0.903871,available,calibration_not_released,unavailable
art_science_aoi_sample_202303_r2_12de5b9c94a1,region_ne_india_myanmar_candidate_r2,h26v06_r056_c077,56,77,95.62444,25.29167,2023-03,myd14a1_061_aqua,3100,2803,0,0.0,0.904194,available,calibration_not_released,unavailable
art_science_aoi_sample_202303_r2_12de5b9c94a1,region_ne_india_myanmar_candidate_r2,h26v06_r056_c078,56,78,95.71661,25.29167,2023-03,myd14a1_061_aqua,3100,2778,0,0.0,0.896129,available,calibration_not_released,unavailable
art_science_aoi_sample_202303_r2_12de5b9c94a1,region_ne_india_myanmar_candidate_r2,h26v06_r056_c079,56,79,95.80878,25.29167,2023-03,myd14a1_061_aqua,3100,2774,0,0.0,0.894839,available,calibration_not_released,unavailable
art_science_aoi_sample_202303_r2_12de5b9c94a1,region_ne_india_myanmar_candidate_r2,h26v06_r056_c080,56,80,95.90095,25.29167,2023-03,myd14a1_061_aqua,3100,2781,3,1.0787,0.897097,available,calibration_not_released,unavailable
art_science_aoi_sample_202303_r2_12de5b9c94a1,region_ne_india_myanmar_candidate_r2,h26v06_r056_c081,56,81,95.99312,25.29167,2023-03,myd14a1_061_aqua,1798,1585,0,0.0,0.881535,available,calibration_not_released,unavailable
art_science_aoi_sample_202303_r2_12de5b9c94a1,region_ne_india_myanmar_candidate_r2,h26v06_r057_c049,57,49,92.97993,25.20833,2023-03,myd14a1_061_aqua,868,761,2,2.6281,0.876728,available,calibration_not_released,unavailable
art_science_aoi_sample_202303_r2_12de5b9c94a1,region_ne_india_myanmar_candidate_r2,h26v06_r057_c050,57,50,93.07204,25.20833,2023-03,myd14a1_061_aqua,3100,2607,16,6.1373,0.840968,available,calibration_not_released,unavailable
art_science_aoi_sample_202303_r2_12de5b9c94a1,region_ne_india_myanmar_candidate_r2,h26v06_r057_c051,57,51,93.16414,25.20833,2023-03,myd14a1_061_aqua,3100,2602,18,6.9178,0.839355,available,calibration_not_released,unavailable
art_science_aoi_sample_202303_r2_12de5b9c94a1,region_ne_india_myanmar_candidate_r2,h26v06_r057_c052,57,52,93.25625,25.20833,2023-03,myd14a1_061_aqua,3100,2564,27,10.5304,0.827097,available,calibration_not_released,unavailable
art_science_aoi_sample_202303_r2_12de5b9c94a1,region_ne_india_myanmar_candidate_r2,h26v06_r057_c053,57,53,93.34835,25.20833,2023-03,myd14a1_061_aqua,3100,2564,32,12.4805,0.827097,available,calibration_not_released,unavailable
art_science_aoi_sample_202303_r2_12de5b9c94a1,region_ne_india_myanmar_candidate_r2,h26v06_r057_c054,57,54,93.44046,25.20833,2023-03,myd14a1_061_aqua,3100,2640,5,1.8939,0.851613,available,calibration_not_released,unavailable
art_science_aoi_sample_202303_r2_12de5b9c94a1,region_ne_india_myanmar_candidate_r2,h26v06_r057_c055,57,55,93.53256,25.20833,2023-03,myd14a1_061_aqua,3100,2618,19,7.2574,0.844516,available,calibration_not_released,unavailable
art_science_aoi_sample_202303_r2_12de5b9c94a1,region_ne_india_myanmar_candidate_r2,h26v06_r057_c056,57,56,93.62467,25.20833,2023-03,myd14a1_061_aqua,3100,2766,14,5.0615,0.892258,available,calibration_not_released,unavailable
art_science_aoi_sample_202303_r2_12de5b9c94a1,region_ne_india_myanmar_candidate_r2,h26v06_r057_c057,57,57,93.71677,25.20833,2023-03,myd14a1_061_aqua,3100,2797,3,1.0726,0.902258,available,calibration_not_released,unavailable
art_science_aoi_sample_202303_r2_12de5b9c94a1,region_ne_india_myanmar_candidate_r2,h26v06_r057_c058,57,58,93.80888,25.20833,2023-03,myd14a1_061_aqua,3100,2772,14,5.0505,0.894194,available,calibration_not_released,unavailable
art_science_aoi_sample_202303_r2_12de5b9c94a1,region_ne_india_myanmar_candidate_r2,h26v06_r057_c059,57,59,93.90098,25.20833,2023-03,myd14a1_061_aqua,3100,2864,1,0.3492,0.923871,available,calibration_not_released,unavailable
art_science_aoi_sample_202303_r2_12de5b9c94a1,region_ne_india_myanmar_candidate_r2,h26v06_r057_c060,57,60,93.99309,25.20833,2023-03,myd14a1_061_aqua,3100,2714,4,1.4738,0.875484,available,calibration_not_released,unavailable
art_science_aoi_sample_202303_r2_12de5b9c94a1,region_ne_india_myanmar_candidate_r2,h26v06_r057_c061,57,61,94.08519,25.20833,2023-03,myd14a1_061_aqua,3100,2606,2,0.7675,0.840645,available,calibration_not_released,unavailable
art_science_aoi_sample_202303_r2_12de5b9c94a1,region_ne_india_myanmar_candidate_r2,h26v06_r057_c062,57,62,94.1773,25.20833,2023-03,myd14a1_061_aqua,3100,2498,39,15.6125,0.805806,available,calibration_not_released,unavailable
art_science_aoi_sample_202303_r2_12de5b9c94a1,region_ne_india_myanmar_candidate_r2,h26v06_r057_c063,57,63,94.2694,25.20833,2023-03,myd14a1_061_aqua,3100,2561,0,0.0,0.826129,available,calibration_not_released,unavailable
art_science_aoi_sample_202303_r2_12de5b9c94a1,region_ne_india_myanmar_candidate_r2,h26v06_r057_c064,57,64,94.36151,25.20833,2023-03,myd14a1_061_aqua,3100,2633,12,4.5575,0.849355,available,calibration_not_released,unavailable
art_science_aoi_sample_202303_r2_12de5b9c94a1,region_ne_india_myanmar_candidate_r2,h26v06_r057_c065,57,65,94.45361,25.20833,2023-03,myd14a1_061_aqua,3100,2578,19,7.3701,0.831613,available,calibration_not_released,unavailable
art_science_aoi_sample_202303_r2_12de5b9c94a1,region_ne_india_myanmar_candidate_r2,h26v06_r057_c066,57,66,94.54572,25.20833,2023-03,myd14a1_061_aqua,3100,2531,8,3.1608,0.816452,available,calibration_not_released,unavailable
art_science_aoi_sample_202303_r2_12de5b9c94a1,region_ne_india_myanmar_candidate_r2,h26v06_r057_c067,57,67,94.63782,25.20833,2023-03,myd14a1_061_aqua,3100,2605,0,0.0,0.840323,available,calibration_not_released,unavailable
art_science_aoi_sample_202303_r2_12de5b9c94a1,region_ne_india_myanmar_candidate_r2,h26v06_r057_c068,57,68,94.72993,25.20833,2023-03,myd14a1_061_aqua,3100,2516,2,0.7949,0.811613,available,calibration_not_released,unavailable
art_science_aoi_sample_202303_r2_12de5b9c94a1,region_ne_india_myanmar_candidate_r2,h26v06_r057_c069,57,69,94.82203,25.20833,2023-03,myd14a1_061_aqua,3100,2411,0,0.0,0.777742,available,calibration_not_released,unavailable
art_science_aoi_sample_202303_r2_12de5b9c94a1,region_ne_india_myanmar_candidate_r2,h26v06_r057_c070,57,70,94.91414,25.20833,2023-03,myd14a1_061_aqua,3100,2511,0,0.0,0.81,available,calibration_not_released,unavailable
art_science_aoi_sample_202303_r2_12de5b9c94a1,region_ne_india_myanmar_candidate_r2,h26v06_r057_c071,57,71,95.00624,25.20833,2023-03,myd14a1_061_aqua,3099,2670,0,0.0,0.861568,available,calibration_not_released,unavailable
art_science_aoi_sample_202303_r2_12de5b9c94a1,region_ne_india_myanmar_candidate_r2,h26v06_r057_c072,57,72,95.09835,25.20833,2023-03,myd14a1_061_aqua,2456,2086,0,0.0,0.849349,available,calibration_not_released,unavailable
art_science_aoi_sample_202303_r2_12de5b9c94a1,region_ne_india_myanmar_candidate_r2,h26v06_r057_c073,57,73,95.19045,25.20833,2023-03,myd14a1_061_aqua,2942,2529,2,0.7908,0.859619,available,calibration_not_released,unavailable
art_science_aoi_sample_202303_r2_12de5b9c94a1,region_ne_india_myanmar_candidate_r2,h26v06_r057_c074,57,74,95.28256,25.20833,2023-03,myd14a1_061_aqua,3100,2707,0,0.0,0.873226,available,calibration_not_released,unavailable
art_science_aoi_sample_202303_r2_12de5b9c94a1,region_ne_india_myanmar_candidate_r2,h26v06_r057_c075,57,75,95.37466,25.20833,2023-03,myd14a1_061_aqua,3100,2762,0,0.0,0.890968,available,calibration_not_released,unavailable
art_science_aoi_sample_202303_r2_12de5b9c94a1,region_ne_india_myanmar_candidate_r2,h26v06_r057_c076,57,76,95.46677,25.20833,2023-03,myd14a1_061_aqua,3100,2758,0,0.0,0.889677,available,calibration_not_released,unavailable
art_science_aoi_sample_202303_r2_12de5b9c94a1,region_ne_india_myanmar_candidate_r2,h26v06_r057_c077,57,77,95.55887,25.20833,2023-03,myd14a1_061_aqua,3100,2734,0,0.0,0.881935,available,calibration_not_released,unavailable
art_science_aoi_sample_202303_r2_12de5b9c94a1,region_ne_india_myanmar_candidate_r2,h26v06_r057_c078,57,78,95.65098,25.20833,2023-03,myd14a1_061_aqua,3100,2645,0,0.0,0.853226,available,calibration_not_released,unavailable
art_science_aoi_sample_202303_r2_12de5b9c94a1,region_ne_india_myanmar_candidate_r2,h26v06_r057_c079,57,79,95.74308,25.20833,2023-03,myd14a1_061_aqua,3100,2734,0,0.0,0.881935,available,calibration_not_released,unavailable
art_science_aoi_sample_202303_r2_12de5b9c94a1,region_ne_india_myanmar_candidate_r2,h26v06_r057_c080,57,80,95.83519,25.20833,2023-03,myd14a1_061_aqua,3100,2793,4,1.4322,0.900968,available,calibration_not_released,unavailable
art_science_aoi_sample_202303_r2_12de5b9c94a1,region_ne_india_myanmar_candidate_r2,h26v06_r057_c081,57,81,95.92729,25.20833,2023-03,myd14a1_061_aqua,3100,2760,0,0.0,0.890323,available,calibration_not_released,unavailable
art_science_aoi_sample_202303_r2_12de5b9c94a1,region_ne_india_myanmar_candidate_r2,h26v06_r057_c082,57,82,96.0194,25.20833,2023-03,myd14a1_061_aqua,899,832,0,0.0,0.925473,available,calibration_not_released,unavailable
art_science_aoi_sample_202303_r2_12de5b9c94a1,region_ne_india_myanmar_candidate_r2,h26v06_r058_c050,58,50,93.00846,25.125,2023-03,myd14a1_061_aqua,1860,1587,9,5.6711,0.853226,available,calibration_not_released,unavailable
art_science_aoi_sample_202303_r2_12de5b9c94a1,region_ne_india_myanmar_candidate_r2,h26v06_r058_c051,58,51,93.1005,25.125,2023-03,myd14a1_061_aqua,3100,2652,12,4.5249,0.855484,available,calibration_not_released,unavailable
art_science_aoi_sample_202303_r2_12de5b9c94a1,region_ne_india_myanmar_candidate_r2,h26v06_r058_c052,58,52,93.19254,25.125,2023-03,myd14a1_061_aqua,3100,2567,14,5.4538,0.828065,available,calibration_not_released,unavailable
art_science_aoi_sample_202303_r2_12de5b9c94a1,region_ne_india_myanmar_candidate_r2,h26v06_r058_c053,58,53,93.28458,25.125,2023-03,myd14a1_061_aqua,3100,2564,38,14.8206,0.827097,available,calibration_not_released,unavailable
art_science_aoi_sample_202303_r2_12de5b9c94a1,region_ne_india_myanmar_candidate_r2,h26v06_r058_c054,58,54,93.37662,25.125,2023-03,myd14a1_061_aqua,3100,2690,21,7.8067,0.867742,available,calibration_not_released,unavailable
art_science_aoi_sample_202303_r2_12de5b9c94a1,region_ne_india_myanmar_candidate_r2,h26v06_r058_c055,58,55,93.46867,25.125,2023-03,myd14a1_061_aqua,3100,2732,41,15.0073,0.88129,available,calibration_not_released,unavailable
art_science_aoi_sample_202303_r2_12de5b9c94a1,region_ne_india_myanmar_candidate_r2,h26v06_r058_c056,58,56,93.56071,25.125,2023-03,myd14a1_061_aqua,3100,2730,17,6.2271,0.880645,available,calibration_not_released,unavailable
art_science_aoi_sample_202303_r2_12de5b9c94a1,region_ne_india_myanmar_candidate_r2,h26v06_r058_c057,58,57,93.65275,25.125,2023-03,myd14a1_061_aqua,3100,2773,31,11.1792,0.894516,available,calibration_not_released,unavailable
art_science_aoi_sample_202303_r2_12de5b9c94a1,region_ne_india_myanmar_candidate_r2,h26v06_r058_c058,58,58,93.74479,25.125,2023-03,myd14a1_061_aqua,3100,2789,20,7.171,0.899677,available,calibration_not_released,unavailable
art_science_aoi_sample_202303_r2_12de5b9c94a1,region_ne_india_myanmar_candidate_r2,h26v06_r058_c059,58,59,93.83683,25.125,2023-03,myd14a1_061_aqua,3100,2733,4,1.4636,0.881613,available,calibration_not_released,unavailable
art_science_aoi_sample_202303_r2_12de5b9c94a1,region_ne_india_myanmar_candidate_r2,h26v06_r058_c060,58,60,93.92888,25.125,2023-03,myd14a1_061_aqua,3100,2770,8,2.8881,0.893548,available,calibration_not_released,unavailable
art_science_aoi_sample_202303_r2_12de5b9c94a1,region_ne_india_myanmar_candidate_r2,h26v06_r058_c061,58,61,94.02092,25.125,2023-03,myd14a1_061_aqua,3100,2806,23,8.1967,0.905161,available,calibration_not_released,unavailable
art_science_aoi_sample_202303_r2_12de5b9c94a1,region_ne_india_myanmar_candidate_r2,h26v06_r058_c062,58,62,94.11296,25.125,2023-03,myd14a1_061_aqua,3100,2615,16,6.1185,0.843548,available,calibration_not_released,unavailable
art_science_aoi_sample_202303_r2_12de5b9c94a1,region_ne_india_myanmar_candidate_r2,h26v06_r058_c063,58,63,94.205,25.125,2023-03,myd14a1_061_aqua,3100,2550,6,2.3529,0.822581,available,calibration_not_released,unavailable
art_science_aoi_sample_202303_r2_12de5b9c94a1,region_ne_india_myanmar_candidate_r2,h26v06_r058_c064,58,64,94.29704,25.125,2023-03,myd14a1_061_aqua,3100,2526,16,6.3341,0.814839,available,calibration_not_released,unavailable
art_science_aoi_sample_202303_r2_12de5b9c94a1,region_ne_india_myanmar_candidate_r2,h26v06_r058_c065,58,65,94.38909,25.125,2023-03,myd14a1_061_aqua,3100,2609,9,3.4496,0.841613,available,calibration_not_released,unavailable
art_science_aoi_sample_202303_r2_12de5b9c94a1,region_ne_india_myanmar_candidate_r2,h26v06_r058_c066,58,66,94.48113,25.125,2023-03,myd14a1_061_aqua,3100,2553,12,4.7004,0.823548,available,calibration_not_released,unavailable
art_science_aoi_sample_202303_r2_12de5b9c94a1,region_ne_india_myanmar_candidate_r2,h26v06_r058_c067,58,67,94.57317,25.125,2023-03,myd14a1_061_aqua,3100,2543,0,0.0,0.820323,available,calibration_not_released,unavailable
art_science_aoi_sample_202303_r2_12de5b9c94a1,region_ne_india_myanmar_candidate_r2,h26v06_r058_c068,58,68,94.66521,25.125,2023-03,myd14a1_061_aqua,3100,2431,5,2.0568,0.784194,available,calibration_not_released,unavailable
art_science_aoi_sample_202303_r2_12de5b9c94a1,region_ne_india_myanmar_candidate_r2,h26v06_r058_c069,58,69,94.75726,25.125,2023-03,myd14a1_061_aqua,3100,2373,0,0.0,0.765484,available,calibration_not_released,unavailable
art_science_aoi_sample_202303_r2_12de5b9c94a1,region_ne_india_myanmar_candidate_r2,h26v06_r058_c070,58,70,94.8493,25.125,2023-03,myd14a1_061_aqua,3100,2499,0,0.0,0.806129,available,calibration_not_released,unavailable
art_science_aoi_sample_202303_r2_12de5b9c94a1,region_ne_india_myanmar_candidate_r2,h26v06_r058_c071,58,71,94.94134,25.125,2023-03,myd14a1_061_aqua,3100,2586,24,9.2807,0.834194,available,calibration_not_released,unavailable
art_science_aoi_sample_202303_r2_12de5b9c94a1,region_ne_india_myanmar_candidate_r2,h26v06_r058_c072,58,72,95.03338,25.125,2023-03,myd14a1_061_aqua,2619,2198,4,1.8198,0.839252,available,calibration_not_released,unavailable
art_science_aoi_sample_202303_r2_12de5b9c94a1,region_ne_india_myanmar_candidate_r2,h26v06_r058_c073,58,73,95.12542,25.125,2023-03,myd14a1_061_aqua,3092,2687,2,0.7443,0.869017,available,calibration_not_released,unavailable
art_science_aoi_sample_202303_r2_12de5b9c94a1,region_ne_india_myanmar_candidate_r2,h26v06_r058_c074,58,74,95.21747,25.125,2023-03,myd14a1_061_aqua,3100,2725,0,0.0,0.879032,available,calibration_not_released,unavailable
art_science_aoi_sample_202303_r2_12de5b9c94a1,region_ne_india_myanmar_candidate_r2,h26v06_r058_c075,58,75,95.30951,25.125,2023-03,myd14a1_061_aqua,3100,2774,0,0.0,0.894839,available,calibration_not_released,unavailable
art_science_aoi_sample_202303_r2_12de5b9c94a1,region_ne_india_myanmar_candidate_r2,h26v06_r058_c076,58,76,95.40155,25.125,2023-03,myd14a1_061_aqua,3100,2836,0,0.0,0.914839,available,calibration_not_released,unavailable
art_science_aoi_sample_202303_r2_12de5b9c94a1,region_ne_india_myanmar_candidate_r2,h26v06_r058_c077,58,77,95.49359,25.125,2023-03,myd14a1_061_aqua,3100,2810,0,0.0,0.906452,available,calibration_not_released,unavailable
art_science_aoi_sample_202303_r2_12de5b9c94a1,region_ne_india_myanmar_candidate_r2,h26v06_r058_c078,58,78,95.58563,25.125,2023-03,myd14a1_061_aqua,3100,2738,0,0.0,0.883226,available,calibration_not_released,unavailable
art_science_aoi_sample_202303_r2_12de5b9c94a1,region_ne_india_myanmar_candidate_r2,h26v06_r058_c079,58,79,95.67768,25.125,2023-03,myd14a1_061_aqua,3100,2833,0,0.0,0.913871,available,calibration_not_released,unavailable
art_science_aoi_sample_202303_r2_12de5b9c94a1,region_ne_india_myanmar_candidate_r2,h26v06_r058_c080,58,80,95.76972,25.125,2023-03,myd14a1_061_aqua,3100,2782,0,0.0,0.897419,available,calibration_not_released,unavailable
art_science_aoi_sample_202303_r2_12de5b9c94a1,region_ne_india_myanmar_candidate_r2,h26v06_r058_c081,58,81,95.86176,25.125,2023-03,myd14a1_061_aqua,3100,2912,0,0.0,0.939355,available,calibration_not_released,unavailable
art_science_aoi_sample_202303_r2_12de5b9c94a1,region_ne_india_myanmar_candidate_r2,h26v06_r058_c082,58,82,95.9538,25.125,2023-03,myd14a1_061_aqua,2852,2718,0,0.0,0.953015,available,calibration_not_released,unavailable
art_science_aoi_sample_202303_r2_12de5b9c94a1,region_ne_india_myanmar_candidate_r2,h26v06_r058_c083,58,83,96.04584,25.125,2023-03,myd14a1_061_aqua,279,265,0,0.0,0.949821,available,calibration_not_released,unavailable
art_science_aoi_sample_202303_r2_12de5b9c94a1,region_ne_india_myanmar_candidate_r2,h26v06_r059_c050,59,50,92.94516,25.04167,2023-03,myd14a1_061_aqua,124,96,0,0.0,0.774194,available,calibration_not_released,unavailable
art_science_aoi_sample_202303_r2_12de5b9c94a1,region_ne_india_myanmar_candidate_r2,h26v06_r059_c051,59,51,93.03714,25.04167,2023-03,myd14a1_061_aqua,2666,2163,3,1.387,0.811328,available,calibration_not_released,unavailable
art_science_aoi_sample_202303_r2_12de5b9c94a1,region_ne_india_myanmar_candidate_r2,h26v06_r059_c052,59,52,93.12912,25.04167,2023-03,myd14a1_061_aqua,3100,2561,3,1.1714,0.826129,available,calibration_not_released,unavailable
art_science_aoi_sample_202303_r2_12de5b9c94a1,region_ne_india_myanmar_candidate_r2,h26v06_r059_c053,59,53,93.2211,25.04167,2023-03,myd14a1_061_aqua,3100,2573,45,17.4893,0.83,available,calibration_not_released,unavailable
art_science_aoi_sample_202303_r2_12de5b9c94a1,region_ne_india_myanmar_candidate_r2,h26v06_r059_c054,59,54,93.31308,25.04167,2023-03,myd14a1_061_aqua,3100,2641,35,13.2526,0.851935,available,calibration_not_released,unavailable
art_science_aoi_sample_202303_r2_12de5b9c94a1,region_ne_india_myanmar_candidate_r2,h26v06_r059_c055,59,55,93.40506,25.04167,2023-03,myd14a1_061_aqua,3100,2728,89,32.6246,0.88,available,calibration_not_released,unavailable
art_science_aoi_sample_202303_r2_12de5b9c94a1,region_ne_india_myanmar_candidate_r2,h26v06_r059_c056,59,56,93.49703,25.04167,2023-03,myd14a1_061_aqua,3100,2735,28,10.2377,0.882258,available,calibration_not_released,unavailable
art_science_aoi_sample_202303_r2_12de5b9c94a1,region_ne_india_myanmar_candidate_r2,h26v06_r059_c057,59,57,93.58901,25.04167,2023-03,myd14a1_061_aqua,3100,2716,9,3.3137,0.876129,available,calibration_not_released,unavailable
art_science_aoi_sample_202303_r2_12de5b9c94a1,region_ne_india_myanmar_candidate_r2,h26v06_r059_c058,59,58,93.68099,25.04167,2023-03,myd14a1_061_aqua,3100,2735,21,7.6782,0.882258,available,calibration_not_released,unavailable
art_science_aoi_sample_202303_r2_12de5b9c94a1,region_ne_india_myanmar_candidate_r2,h26v06_r059_c059,59,59,93.77297,25.04167,2023-03,myd14a1_061_aqua,3100,2672,5,1.8713,0.861935,available,calibration_not_released,unavailable
art_science_aoi_sample_202303_r2_12de5b9c94a1,region_ne_india_myanmar_candidate_r2,h26v06_r059_c060,59,60,93.86495,25.04167,2023-03,myd14a1_061_aqua,3100,2746,15,5.4625,0.885806,available,calibration_not_released,unavailable
art_science_aoi_sample_202303_r2_12de5b9c94a1,region_ne_india_myanmar_candidate_r2,h26v06_r059_c061,59,61,93.95693,25.04167,2023-03,myd14a1_061_aqua,3100,2645,9,3.4026,0.853226,available,calibration_not_released,unavailable
art_science_aoi_sample_202303_r2_12de5b9c94a1,region_ne_india_myanmar_candidate_r2,h26v06_r059_c062,59,62,94.04891,25.04167,2023-03,myd14a1_061_aqua,3100,2677,10,3.7355,0.863548,available,calibration_not_released,unavailable
art_science_aoi_sample_202303_r2_12de5b9c94a1,region_ne_india_myanmar_candidate_r2,h26v06_r059_c063,59,63,94.14089,25.04167,2023-03,myd14a1_061_aqua,3100,2710,8,2.952,0.874194,available,calibration_not_released,unavailable
art_science_aoi_sample_202303_r2_12de5b9c94a1,region_ne_india_myanmar_candidate_r2,h26v06_r059_c064,59,64,94.23287,25.04167,2023-03,myd14a1_061_aqua,3100,2639,0,0.0,0.85129,available,calibration_not_released,unavailable
art_science_aoi_sample_202303_r2_12de5b9c94a1,region_ne_india_myanmar_candidate_r2,h26v06_r059_c065,59,65,94.32485,25.04167,2023-03,myd14a1_061_aqua,3100,2637,2,0.7584,0.850645,available,calibration_not_released,unavailable
art_science_aoi_sample_202303_r2_12de5b9c94a1,region_ne_india_myanmar_candidate_r2,h26v06_r059_c066,59,66,94.41683,25.04167,2023-03,myd14a1_061_aqua,3100,2613,2,0.7654,0.842903,available,calibration_not_released,unavailable
art_science_aoi_sample_202303_r2_12de5b9c94a1,region_ne_india_myanmar_candidate_r2,h26v06_r059_c067,59,67,94.50881,25.04167,2023-03,myd14a1_061_aqua,3100,2665,17,6.379,0.859677,available,calibration_not_released,unavailable
art_science_aoi_sample_202303_r2_12de5b9c94a1,region_ne_india_myanmar_candidate_r2,h26v06_r059_c068,59,68,94.60079,25.04167,2023-03,myd14a1_061_aqua,3100,2548,3,1.1774,0.821935,available,calibration_not_released,unavailable
art_science_aoi_sample_202303_r2_12de5b9c94a1,region_ne_india_myanmar_candidate_r2,h26v06_r059_c069,59,69,94.69277,25.04167,2023-03,myd14a1_061_aqua,3100,2522,7,2.7756,0.813548,available,calibration_not_released,unavailable
art_science_aoi_sample_202303_r2_12de5b9c94a1,region_ne_india_myanmar_candidate_r2,h26v06_r059_c070,59,70,94.78475,25.04167,2023-03,myd14a1_061_aqua,3100,2499,0,0.0,0.806129,available,calibration_not_released,unavailable
art_science_aoi_sample_202303_r2_12de5b9c94a1,region_ne_india_myanmar_candidate_r2,h26v06_r059_c071,59,71,94.87673,25.04167,2023-03,myd14a1_061_aqua,3100,2554,1,0.3915,0.823871,available,calibration_not_released,unavailable
art_science_aoi_sample_202303_r2_12de5b9c94a1,region_ne_india_myanmar_candidate_r2,h26v06_r059_c072,59,72,94.9687,25.04167,2023-03,myd14a1_061_aqua,2734,2312,0,0.0,0.845647,available,calibration_not_released,unavailable
art_science_aoi_sample_202303_r2_12de5b9c94a1,region_ne_india_myanmar_candidate_r2,h26v06_r059_c073,59,73,95.06068,25.04167,2023-03,myd14a1_061_aqua,2977,2562,0,0.0,0.860598,available,calibration_not_released,unavailable
art_science_aoi_sample_202303_r2_12de5b9c94a1,region_ne_india_myanmar_candidate_r2,h26v06_r059_c074,59,74,95.15266,25.04167,2023-03,myd14a1_061_aqua,3100,2836,0,0.0,0.914839,available,calibration_not_released,unavailable
art_science_aoi_sample_202303_r2_12de5b9c94a1,region_ne_india_myanmar_candidate_r2,h26v06_r059_c075,59,75,95.24464,25.04167,2023-03,myd14a1_061_aqua,3100,2789,0,0.0,0.899677,available,calibration_not_released,unavailable
art_science_aoi_sample_202303_r2_12de5b9c94a1,region_ne_india_myanmar_candidate_r2,h26v06_r059_c076,59,76,95.33662,25.04167,2023-03,myd14a1_061_aqua,3100,2780,0,0.0,0.896774,available,calibration_not_released,unavailable
art_science_aoi_sample_202303_r2_12de5b9c94a1,region_ne_india_myanmar_candidate_r2,h26v06_r059_c077,59,77,95.4286,25.04167,2023-03,myd14a1_061_aqua,3100,2800,0,0.0,0.903226,available,calibration_not_released,unavailable
art_science_aoi_sample_202303_r2_12de5b9c94a1,region_ne_india_myanmar_candidate_r2,h26v06_r059_c078,59,78,95.52058,25.04167,2023-03,myd14a1_061_aqua,3100,2773,0,0.0,0.894516,available,calibration_not_released,unavailable
art_science_aoi_sample_202303_r2_12de5b9c94a1,region_ne_india_myanmar_candidate_r2,h26v06_r059_c079,59,79,95.61256,25.04167,2023-03,myd14a1_061_aqua,3100,2887,0,0.0,0.93129,available,calibration_not_released,unavailable
art_science_aoi_sample_202303_r2_12de5b9c94a1,region_ne_india_myanmar_candidate_r2,h26v06_r059_c080,59,80,95.70454,25.04167,2023-03,myd14a1_061_aqua,3100,2844,0,0.0,0.917419,available,calibration_not_released,unavailable
art_science_aoi_sample_202303_r2_12de5b9c94a1,region_ne_india_myanmar_candidate_r2,h26v06_r059_c081,59,81,95.79652,25.04167,2023-03,myd14a1_061_aqua,3100,2766,0,0.0,0.892258,available,calibration_not_released,unavailable
art_science_aoi_sample_202303_r2_12de5b9c94a1,region_ne_india_myanmar_candidate_r2,h26v06_r059_c082,59,82,95.8885,25.04167,2023-03,myd14a1_061_aqua,3100,2858,0,0.0,0.921935,available,calibration_not_released,unavailable
art_science_aoi_sample_202303_r2_12de5b9c94a1,region_ne_india_myanmar_candidate_r2,h26v06_r059_c083,59,83,95.98048,25.04167,2023-03,myd14a1_061_aqua,2201,2024,0,0.0,0.919582,available,calibration_not_released,unavailable
art_science_aoi_sample_202303_r2_12de5b9c94a1,region_ne_india_myanmar_candidate_r2,h26v06_r060_c051,60,51,92.97406,24.95833,2023-03,myd14a1_061_aqua,713,597,0,0.0,0.837307,available,calibration_not_released,unavailable
art_science_aoi_sample_202303_r2_12de5b9c94a1,region_ne_india_myanmar_candidate_r2,h26v06_r060_c052,60,52,93.06598,24.95833,2023-03,myd14a1_061_aqua,3069,2625,3,1.1429,0.855327,available,calibration_not_released,unavailable
art_science_aoi_sample_202303_r2_12de5b9c94a1,region_ne_india_myanmar_candidate_r2,h26v06_r060_c053,60,53,93.15789,24.95833,2023-03,myd14a1_061_aqua,3100,2693,16,5.9413,0.86871,available,calibration_not_released,unavailable
art_science_aoi_sample_202303_r2_12de5b9c94a1,region_ne_india_myanmar_candidate_r2,h26v06_r060_c054,60,54,93.24981,24.95833,2023-03,myd14a1_061_aqua,3100,2751,9,3.2715,0.887419,available,calibration_not_released,unavailable
art_science_aoi_sample_202303_r2_12de5b9c94a1,region_ne_india_myanmar_candidate_r2,h26v06_r060_c055,60,55,93.34173,24.95833,2023-03,myd14a1_061_aqua,3100,2739,37,13.5086,0.883548,available,calibration_not_released,unavailable
art_science_aoi_sample_202303_r2_12de5b9c94a1,region_ne_india_myanmar_candidate_r2,h26v06_r060_c056,60,56,93.43365,24.95833,2023-03,myd14a1_061_aqua,3100,2678,56,20.9111,0.863871,available,calibration_not_released,unavailable
art_science_aoi_sample_202303_r2_12de5b9c94a1,region_ne_india_myanmar_candidate_r2,h26v06_r060_c057,60,57,93.52556,24.95833,2023-03,myd14a1_061_aqua,3100,2602,32,12.2982,0.839355,available,calibration_not_released,unavailable
art_science_aoi_sample_202303_r2_12de5b9c94a1,region_ne_india_myanmar_candidate_r2,h26v06_r060_c058,60,58,93.61748,24.95833,2023-03,myd14a1_061_aqua,3100,2743,45,16.4054,0.884839,available,calibration_not_released,unavailable
art_science_aoi_sample_202303_r2_12de5b9c94a1,region_ne_india_myanmar_candidate_r2,h26v06_r060_c059,60,59,93.7094,24.95833,2023-03,myd14a1_061_aqua,3100,2722,39,14.3277,0.878065,available,calibration_not_released,unavailable
art_science_aoi_sample_202303_r2_12de5b9c94a1,region_ne_india_myanmar_candidate_r2,h26v06_r060_c060,60,60,93.80131,24.95833,2023-03,myd14a1_061_aqua,3100,2622,3,1.1442,0.845806,available,calibration_not_released,unavailable
art_science_aoi_sample_202303_r2_12de5b9c94a1,region_ne_india_myanmar_candidate_r2,h26v06_r060_c061,60,61,93.89323,24.95833,2023-03,myd14a1_061_aqua,3100,2647,4,1.5111,0.853871,available,calibration_not_released,unavailable
art_science_aoi_sample_202303_r2_12de5b9c94a1,region_ne_india_myanmar_candidate_r2,h26v06_r060_c062,60,62,93.98515,24.95833,2023-03,myd14a1_061_aqua,3100,2703,5,1.8498,0.871935,available,calibration_not_released,unavailable
art_science_aoi_sample_202303_r2_12de5b9c94a1,region_ne_india_myanmar_candidate_r2,h26v06_r060_c063,60,63,94.07706,24.95833,2023-03,myd14a1_061_aqua,3100,2701,20,7.4047,0.87129,available,calibration_not_released,unavailable
art_science_aoi_sample_202303_r2_12de5b9c94a1,region_ne_india_myanmar_candidate_r2,h26v06_r060_c064,60,64,94.16898,24.95833,2023-03,myd14a1_061_aqua,3100,2729,21,7.6951,0.880323,available,calibration_not_released,unavailable
art_science_aoi_sample_202303_r2_12de5b9c94a1,region_ne_india_myanmar_candidate_r2,h26v06_r060_c065,60,65,94.2609,24.95833,2023-03,myd14a1_061_aqua,3100,2766,7,2.5307,0.892258,available,calibration_not_released,unavailable
art_science_aoi_sample_202303_r2_12de5b9c94a1,region_ne_india_myanmar_candidate_r2,h26v06_r060_c066,60,66,94.35282,24.95833,2023-03,myd14a1_061_aqua,3100,2715,6,2.2099,0.875806,available,calibration_not_released,unavailable
art_science_aoi_sample_202303_r2_12de5b9c94a1,region_ne_india_myanmar_candidate_r2,h26v06_r060_c067,60,67,94.44473,24.95833,2023-03,myd14a1_061_aqua,3100,2724,0,0.0,0.87871,available,calibration_not_released,unavailable
art_science_aoi_sample_202303_r2_12de5b9c94a1,region_ne_india_myanmar_candidate_r2,h26v06_r060_c068,60,68,94.53665,24.95833,2023-03,myd14a1_061_aqua,3100,2674,1,0.374,0.862581,available,calibration_not_released,unavailable
art_science_aoi_sample_202303_r2_12de5b9c94a1,region_ne_india_myanmar_candidate_r2,h26v06_r060_c069,60,69,94.62857,24.95833,2023-03,myd14a1_061_aqua,3100,2614,0,0.0,0.843226,available,calibration_not_released,unavailable
art_science_aoi_sample_202303_r2_12de5b9c94a1,region_ne_india_myanmar_candidate_r2,h26v06_r060_c070,60,70,94.72048,24.95833,2023-03,myd14a1_061_aqua,3100,2478,1,0.4036,0.799355,available,calibration_not_released,unavailable
art_science_aoi_sample_202303_r2_12de5b9c94a1,region_ne_india_myanmar_candidate_r2,h26v06_r060_c071,60,71,94.8124,24.95833,2023-03,myd14a1_061_aqua,3100,2524,0,0.0,0.814194,available,calibration_not_released,unavailable
art_science_aoi_sample_202303_r2_12de5b9c94a1,region_ne_india_myanmar_candidate_r2,h26v06_r060_c072,60,72,94.90432,24.95833,2023-03,myd14a1_061_aqua,2203,1820,1,0.5495,0.826146,available,calibration_not_released,unavailable
art_science_aoi_sample_202303_r2_12de5b9c94a1,region_ne_india_myanmar_candidate_r2,h26v06_r060_c073,60,73,94.99623,24.95833,2023-03,myd14a1_061_aqua,2792,2268,0,0.0,0.812321,available,calibration_not_released,unavailable
art_science_aoi_sample_202303_r2_12de5b9c94a1,region_ne_india_myanmar_candidate_r2,h26v06_r060_c074,60,74,95.08815,24.95833,2023-03,myd14a1_061_aqua,3100,2577,0,0.0,0.83129,available,calibration_not_released,unavailable
art_science_aoi_sample_202303_r2_12de5b9c94a1,region_ne_india_myanmar_candidate_r2,h26v06_r060_c075,60,75,95.18007,24.95833,2023-03,myd14a1_061_aqua,3100,2749,0,0.0,0.886774,available,calibration_not_released,unavailable
art_science_aoi_sample_202303_r2_12de5b9c94a1,region_ne_india_myanmar_candidate_r2,h26v06_r060_c076,60,76,95.27199,24.95833,2023-03,myd14a1_061_aqua,3100,2621,0,0.0,0.845484,available,calibration_not_released,unavailable
art_science_aoi_sample_202303_r2_12de5b9c94a1,region_ne_india_myanmar_candidate_r2,h26v06_r060_c077,60,77,95.3639,24.95833,2023-03,myd14a1_061_aqua,3092,2601,2,0.7689,0.841203,available,calibration_not_released,unavailable
art_science_aoi_sample_202303_r2_12de5b9c94a1,region_ne_india_myanmar_candidate_r2,h26v06_r060_c078,60,78,95.45582,24.95833,2023-03,myd14a1_061_aqua,3095,2651,0,0.0,0.856543,available,calibration_not_released,unavailable
art_science_aoi_sample_202303_r2_12de5b9c94a1,region_ne_india_myanmar_candidate_r2,h26v06_r060_c079,60,79,95.54774,24.95833,2023-03,myd14a1_061_aqua,3100,2775,1,0.3604,0.895161,available,calibration_not_released,unavailable
art_science_aoi_sample_202303_r2_12de5b9c94a1,region_ne_india_myanmar_candidate_r2,h26v06_r060_c080,60,80,95.63965,24.95833,2023-03,myd14a1_061_aqua,3100,2749,0,0.0,0.886774,available,calibration_not_released,unavailable
art_science_aoi_sample_202303_r2_12de5b9c94a1,region_ne_india_myanmar_candidate_r2,h26v06_r060_c081,60,81,95.73157,24.95833,2023-03,myd14a1_061_aqua,3100,2712,0,0.0,0.874839,available,calibration_not_released,unavailable
art_science_aoi_sample_202303_r2_12de5b9c94a1,region_ne_india_myanmar_candidate_r2,h26v06_r060_c082,60,82,95.82349,24.95833,2023-03,myd14a1_061_aqua,3100,2722,0,0.0,0.878065,available,calibration_not_released,unavailable
art_science_aoi_sample_202303_r2_12de5b9c94a1,region_ne_india_myanmar_candidate_r2,h26v06_r060_c083,60,83,95.9154,24.95833,2023-03,myd14a1_061_aqua,3100,2767,1,0.3614,0.892581,available,calibration_not_released,unavailable
art_science_aoi_sample_202303_r2_12de5b9c94a1,region_ne_india_myanmar_candidate_r2,h26v06_r060_c084,60,84,96.00732,24.95833,2023-03,myd14a1_061_aqua,1302,1184,0,0.0,0.90937,available,calibration_not_released,unavailable
art_science_aoi_sample_202303_r2_12de5b9c94a1,region_ne_india_myanmar_candidate_r2,h26v06_r061_c052,61,52,93.00312,24.875,2023-03,myd14a1_061_aqua,1643,1467,0,0.0,0.892879,available,calibration_not_released,unavailable
art_science_aoi_sample_202303_r2_12de5b9c94a1,region_ne_india_myanmar_candidate_r2,h26v06_r061_c053,61,53,93.09497,24.875,2023-03,myd14a1_061_aqua,3100,2771,1,0.3609,0.893871,available,calibration_not_released,unavailable
art_science_aoi_sample_202303_r2_12de5b9c94a1,region_ne_india_myanmar_candidate_r2,h26v06_r061_c054,61,54,93.18683,24.875,2023-03,myd14a1_061_aqua,3100,2776,2,0.7205,0.895484,available,calibration_not_released,unavailable
art_science_aoi_sample_202303_r2_12de5b9c94a1,region_ne_india_myanmar_candidate_r2,h26v06_r061_c055,61,55,93.27868,24.875,2023-03,myd14a1_061_aqua,3100,2730,15,5.4945,0.880645,available,calibration_not_released,unavailable
art_science_aoi_sample_202303_r2_12de5b9c94a1,region_ne_india_myanmar_candidate_r2,h26v06_r061_c056,61,56,93.37054,24.875,2023-03,myd14a1_061_aqua,3100,2741,51,18.6063,0.884194,available,calibration_not_released,unavailable
art_science_aoi_sample_202303_r2_12de5b9c94a1,region_ne_india_myanmar_candidate_r2,h26v06_r061_c057,61,57,93.46239,24.875,2023-03,myd14a1_061_aqua,3100,2674,19,7.1055,0.862581,available,calibration_not_released,unavailable
art_science_aoi_sample_202303_r2_12de5b9c94a1,region_ne_india_myanmar_candidate_r2,h26v06_r061_c058,61,58,93.55425,24.875,2023-03,myd14a1_061_aqua,3100,2702,8,2.9608,0.871613,available,calibration_not_released,unavailable
art_science_aoi_sample_202303_r2_12de5b9c94a1,region_ne_india_myanmar_candidate_r2,h26v06_r061_c059,61,59,93.6461,24.875,2023-03,myd14a1_061_aqua,3100,2749,15,5.4565,0.886774,available,calibration_not_released,unavailable
art_science_aoi_sample_202303_r2_12de5b9c94a1,region_ne_india_myanmar_candidate_r2,h26v06_r061_c060,61,60,93.73796,24.875,2023-03,myd14a1_061_aqua,3100,2712,4,1.4749,0.874839,available,calibration_not_released,unavailable
art_science_aoi_sample_202303_r2_12de5b9c94a1,region_ne_india_myanmar_candidate_r2,h26v06_r061_c061,61,61,93.82981,24.875,2023-03,myd14a1_061_aqua,3100,2745,0,0.0,0.885484,available,calibration_not_released,unavailable
art_science_aoi_sample_202303_r2_12de5b9c94a1,region_ne_india_myanmar_candidate_r2,h26v06_r061_c062,61,62,93.92167,24.875,2023-03,myd14a1_061_aqua,3100,2798,0,0.0,0.902581,available,calibration_not_released,unavailable
art_science_aoi_sample_202303_r2_12de5b9c94a1,region_ne_india_myanmar_candidate_r2,h26v06_r061_c063,61,63,94.01352,24.875,2023-03,myd14a1_061_aqua,3100,2817,0,0.0,0.90871,available,calibration_not_released,unavailable
art_science_aoi_sample_202303_r2_12de5b9c94a1,region_ne_india_myanmar_candidate_r2,h26v06_r061_c064,61,64,94.10538,24.875,2023-03,myd14a1_061_aqua,3100,2900,2,0.6897,0.935484,available,calibration_not_released,unavailable
art_science_aoi_sample_202303_r2_12de5b9c94a1,region_ne_india_myanmar_candidate_r2,h26v06_r061_c065,61,65,94.19723,24.875,2023-03,myd14a1_061_aqua,3100,2819,13,4.6116,0.909355,available,calibration_not_released,unavailable
art_science_aoi_sample_202303_r2_12de5b9c94a1,region_ne_india_myanmar_candidate_r2,h26v06_r061_c066,61,66,94.28909,24.875,2023-03,myd14a1_061_aqua,3100,2814,0,0.0,0.907742,available,calibration_not_released,unavailable
art_science_aoi_sample_202303_r2_12de5b9c94a1,region_ne_india_myanmar_candidate_r2,h26v06_r061_c067,61,67,94.38094,24.875,2023-03,myd14a1_061_aqua,3100,2759,0,0.0,0.89,available,calibration_not_released,unavailable
art_science_aoi_sample_202303_r2_12de5b9c94a1,region_ne_india_myanmar_candidate_r2,h26v06_r061_c068,61,68,94.4728,24.875,2023-03,myd14a1_061_aqua,3100,2709,11,4.0605,0.873871,available,calibration_not_released,unavailable
art_science_aoi_sample_202303_r2_12de5b9c94a1,region_ne_india_myanmar_candidate_r2,h26v06_r061_c069,61,69,94.56465,24.875,2023-03,myd14a1_061_aqua,3100,2744,4,1.4577,0.885161,available,calibration_not_released,unavailable
art_science_aoi_sample_202303_r2_12de5b9c94a1,region_ne_india_myanmar_candidate_r2,h26v06_r061_c070,61,70,94.65651,24.875,2023-03,myd14a1_061_aqua,3100,2677,0,0.0,0.863548,available,calibration_not_released,unavailable
art_science_aoi_sample_202303_r2_12de5b9c94a1,region_ne_india_myanmar_candidate_r2,h26v06_r061_c071,61,71,94.74836,24.875,2023-03,myd14a1_061_aqua,3100,2585,0,0.0,0.833871,available,calibration_not_released,unavailable
art_science_aoi_sample_202303_r2_12de5b9c94a1,region_ne_india_myanmar_candidate_r2,h26v06_r061_c072,61,72,94.84022,24.875,2023-03,myd14a1_061_aqua,2685,2283,0,0.0,0.850279,available,calibration_not_released,unavailable
art_science_aoi_sample_202303_r2_12de5b9c94a1,region_ne_india_myanmar_candidate_r2,h26v06_r061_c073,61,73,94.93207,24.875,2023-03,myd14a1_061_aqua,2438,2037,0,0.0,0.835521,available,calibration_not_released,unavailable
art_science_aoi_sample_202303_r2_12de5b9c94a1,region_ne_india_myanmar_candidate_r2,h26v06_r061_c074,61,74,95.02393,24.875,2023-03,myd14a1_061_aqua,2853,2384,0,0.0,0.835612,available,calibration_not_released,unavailable
art_science_aoi_sample_202303_r2_12de5b9c94a1,region_ne_india_myanmar_candidate_r2,h26v06_r061_c075,61,75,95.11578,24.875,2023-03,myd14a1_061_aqua,2877,2439,0,0.0,0.847758,available,calibration_not_released,unavailable
art_science_aoi_sample_202303_r2_12de5b9c94a1,region_ne_india_myanmar_candidate_r2,h26v06_r061_c076,61,76,95.20764,24.875,2023-03,myd14a1_061_aqua,2830,2536,0,0.0,0.896113,available,calibration_not_released,unavailable
art_science_aoi_sample_202303_r2_12de5b9c94a1,region_ne_india_myanmar_candidate_r2,h26v06_r061_c077,61,77,95.29949,24.875,2023-03,myd14a1_061_aqua,2972,2603,3,1.1525,0.875841,available,calibration_not_released,unavailable
art_science_aoi_sample_202303_r2_12de5b9c94a1,region_ne_india_myanmar_candidate_r2,h26v06_r061_c078,61,78,95.39135,24.875,2023-03,myd14a1_061_aqua,3100,2650,1,0.3774,0.854839,available,calibration_not_released,unavailable
art_science_aoi_sample_202303_r2_12de5b9c94a1,region_ne_india_myanmar_candidate_r2,h26v06_r061_c079,61,79,95.4832,24.875,2023-03,myd14a1_061_aqua,3100,2622,2,0.7628,0.845806,available,calibration_not_released,unavailable
art_science_aoi_sample_202303_r2_12de5b9c94a1,region_ne_india_myanmar_candidate_r2,h26v06_r061_c080,61,80,95.57506,24.875,2023-03,myd14a1_061_aqua,3100,2648,0,0.0,0.854194,available,calibration_not_released,unavailable
art_science_aoi_sample_202303_r2_12de5b9c94a1,region_ne_india_myanmar_candidate_r2,h26v06_r061_c081,61,81,95.66691,24.875,2023-03,myd14a1_061_aqua,3100,2691,0,0.0,0.868065,available,calibration_not_released,unavailable
art_science_aoi_sample_202303_r2_12de5b9c94a1,region_ne_india_myanmar_candidate_r2,h26v06_r061_c082,61,82,95.75877,24.875,2023-03,myd14a1_061_aqua,3100,2721,0,0.0,0.877742,available,calibration_not_released,unavailable
art_science_aoi_sample_202303_r2_12de5b9c94a1,region_ne_india_myanmar_candidate_r2,h26v06_r061_c083,61,83,95.85062,24.875,2023-03,myd14a1_061_aqua,3100,2795,1,0.3578,0.901613,available,calibration_not_released,unavailable
art_science_aoi_sample_202303_r2_12de5b9c94a1,region_ne_india_myanmar_candidate_r2,h26v06_r061_c084,61,84,95.94248,24.875,2023-03,myd14a1_061_aqua,2976,2725,0,0.0,0.915659,available,calibration_not_released,unavailable
art_science_aoi_sample_202303_r2_12de5b9c94a1,region_ne_india_myanmar_candidate_r2,h26v06_r061_c085,61,85,96.03433,24.875,2023-03,myd14a1_061_aqua,496,453,0,0.0,0.913306,available,calibration_not_released,unavailable
art_science_aoi_sample_202303_r2_12de5b9c94a1,region_ne_india_myanmar_candidate_r2,h26v06_r062_c052,62,52,92.94054,24.79167,2023-03,myd14a1_061_aqua,93,78,0,0.0,0.83871,available,calibration_not_released,unavailable
art_science_aoi_sample_202303_r2_12de5b9c94a1,region_ne_india_myanmar_candidate_r2,h26v06_r062_c053,62,53,93.03234,24.79167,2023-03,myd14a1_061_aqua,2573,2211,3,1.3569,0.859308,available,calibration_not_released,unavailable
art_science_aoi_sample_202303_r2_12de5b9c94a1,region_ne_india_myanmar_candidate_r2,h26v06_r062_c054,62,54,93.12413,24.79167,2023-03,myd14a1_061_aqua,3100,2813,1,0.3555,0.907419,available,calibration_not_released,unavailable
art_science_aoi_sample_202303_r2_12de5b9c94a1,region_ne_india_myanmar_candidate_r2,h26v06_r062_c055,62,55,93.21592,24.79167,2023-03,myd14a1_061_aqua,3100,2761,17,6.1572,0.890645,available,calibration_not_released,unavailable
art_science_aoi_sample_202303_r2_12de5b9c94a1,region_ne_india_myanmar_candidate_r2,h26v06_r062_c056,62,56,93.30771,24.79167,2023-03,myd14a1_061_aqua,3100,2770,22,7.9422,0.893548,available,calibration_not_released,unavailable
art_science_aoi_sample_202303_r2_12de5b9c94a1,region_ne_india_myanmar_candidate_r2,h26v06_r062_c057,62,57,93.39951,24.79167,2023-03,myd14a1_061_aqua,3100,2736,26,9.5029,0.882581,available,calibration_not_released,unavailable
art_science_aoi_sample_202303_r2_12de5b9c94a1,region_ne_india_myanmar_candidate_r2,h26v06_r062_c058,62,58,93.4913,24.79167,2023-03,myd14a1_061_aqua,3100,2720,25,9.1912,0.877419,available,calibration_not_released,unavailable
art_science_aoi_sample_202303_r2_12de5b9c94a1,region_ne_india_myanmar_candidate_r2,h26v06_r062_c059,62,59,93.58309,24.79167,2023-03,myd14a1_061_aqua,3100,2715,19,6.9982,0.875806,available,calibration_not_released,unavailable
art_science_aoi_sample_202303_r2_12de5b9c94a1,region_ne_india_myanmar_candidate_r2,h26v06_r062_c060,62,60,93.67489,24.79167,2023-03,myd14a1_061_aqua,3100,2749,17,6.1841,0.886774,available,calibration_not_released,unavailable
art_science_aoi_sample_202303_r2_12de5b9c94a1,region_ne_india_myanmar_candidate_r2,h26v06_r062_c061,62,61,93.76668,24.79167,2023-03,myd14a1_061_aqua,3100,2780,3,1.0791,0.896774,available,calibration_not_released,unavailable
art_science_aoi_sample_202303_r2_12de5b9c94a1,region_ne_india_myanmar_candidate_r2,h26v06_r062_c062,62,62,93.85847,24.79167,2023-03,myd14a1_061_aqua,3100,2822,0,0.0,0.910323,available,calibration_not_released,unavailable
art_science_aoi_sample_202303_r2_12de5b9c94a1,region_ne_india_myanmar_candidate_r2,h26v06_r062_c063,62,63,93.95027,24.79167,2023-03,myd14a1_061_aqua,3100,2896,0,0.0,0.934194,available,calibration_not_released,unavailable
art_science_aoi_sample_202303_r2_12de5b9c94a1,region_ne_india_myanmar_candidate_r2,h26v06_r062_c064,62,64,94.04206,24.79167,2023-03,myd14a1_061_aqua,3100,2930,13,4.4369,0.945161,available,calibration_not_released,unavailable
art_science_aoi_sample_202303_r2_12de5b9c94a1,region_ne_india_myanmar_candidate_r2,h26v06_r062_c065,62,65,94.13385,24.79167,2023-03,myd14a1_061_aqua,3100,2928,0,0.0,0.944516,available,calibration_not_released,unavailable
art_science_aoi_sample_202303_r2_12de5b9c94a1,region_ne_india_myanmar_candidate_r2,h26v06_r062_c066,62,66,94.22565,24.79167,2023-03,myd14a1_061_aqua,3100,2941,0,0.0,0.94871,available,calibration_not_released,unavailable
art_science_aoi_sample_202303_r2_12de5b9c94a1,region_ne_india_myanmar_candidate_r2,h26v06_r062_c067,62,67,94.31744,24.79167,2023-03,myd14a1_061_aqua,3100,2844,0,0.0,0.917419,available,calibration_not_released,unavailable
art_science_aoi_sample_202303_r2_12de5b9c94a1,region_ne_india_myanmar_candidate_r2,h26v06_r062_c068,62,68,94.40923,24.79167,2023-03,myd14a1_061_aqua,3100,2846,0,0.0,0.918065,available,calibration_not_released,unavailable
art_science_aoi_sample_202303_r2_12de5b9c94a1,region_ne_india_myanmar_candidate_r2,h26v06_r062_c069,62,69,94.50103,24.79167,2023-03,myd14a1_061_aqua,3100,2867,0,0.0,0.924839,available,calibration_not_released,unavailable
art_science_aoi_sample_202303_r2_12de5b9c94a1,region_ne_india_myanmar_candidate_r2,h26v06_r062_c070,62,70,94.59282,24.79167,2023-03,myd14a1_061_aqua,3100,2859,0,0.0,0.922258,available,calibration_not_released,unavailable
art_science_aoi_sample_202303_r2_12de5b9c94a1,region_ne_india_myanmar_candidate_r2,h26v06_r062_c071,62,71,94.68461,24.79167,2023-03,myd14a1_061_aqua,3100,2752,0,0.0,0.887742,available,calibration_not_released,unavailable
art_science_aoi_sample_202303_r2_12de5b9c94a1,region_ne_india_myanmar_candidate_r2,h26v06_r062_c072,62,72,94.7764,24.79167,2023-03,myd14a1_061_aqua,3086,2641,0,0.0,0.8558,available,calibration_not_released,unavailable
art_science_aoi_sample_202303_r2_12de5b9c94a1,region_ne_india_myanmar_candidate_r2,h26v06_r062_c073,62,73,94.8682,24.79167,2023-03,myd14a1_061_aqua,2013,1660,1,0.6024,0.82464,available,calibration_not_released,unavailable
art_science_aoi_sample_202303_r2_12de5b9c94a1,region_ne_india_myanmar_candidate_r2,h26v06_r062_c074,62,74,94.95999,24.79167,2023-03,myd14a1_061_aqua,2776,2402,0,0.0,0.865274,available,calibration_not_released,unavailable
art_science_aoi_sample_202303_r2_12de5b9c94a1,region_ne_india_myanmar_candidate_r2,h26v06_r062_c075,62,75,95.05178,24.79167,2023-03,myd14a1_061_aqua,2826,2433,0,0.0,0.860934,available,calibration_not_released,unavailable
art_science_aoi_sample_202303_r2_12de5b9c94a1,region_ne_india_myanmar_candidate_r2,h26v06_r062_c076,62,76,95.14358,24.79167,2023-03,myd14a1_061_aqua,2909,2591,0,0.0,0.890684,available,calibration_not_released,unavailable
art_science_aoi_sample_202303_r2_12de5b9c94a1,region_ne_india_myanmar_candidate_r2,h26v06_r062_c077,62,77,95.23537,24.79167,2023-03,myd14a1_061_aqua,2750,2467,0,0.0,0.897091,available,calibration_not_released,unavailable
art_science_aoi_sample_202303_r2_12de5b9c94a1,region_ne_india_myanmar_candidate_r2,h26v06_r062_c078,62,78,95.32716,24.79167,2023-03,myd14a1_061_aqua,3100,2726,2,0.7337,0.879355,available,calibration_not_released,unavailable
art_science_aoi_sample_202303_r2_12de5b9c94a1,region_ne_india_myanmar_candidate_r2,h26v06_r062_c079,62,79,95.41896,24.79167,2023-03,myd14a1_061_aqua,3100,2620,2,0.7634,0.845161,available,calibration_not_released,unavailable
art_science_aoi_sample_202303_r2_12de5b9c94a1,region_ne_india_myanmar_candidate_r2,h26v06_r062_c080,62,80,95.51075,24.79167,2023-03,myd14a1_061_aqua,3100,2647,0,0.0,0.853871,available,calibration_not_released,unavailable
art_science_aoi_sample_202303_r2_12de5b9c94a1,region_ne_india_myanmar_candidate_r2,h26v06_r062_c081,62,81,95.60254,24.79167,2023-03,myd14a1_061_aqua,3100,2687,0,0.0,0.866774,available,calibration_not_released,unavailable
art_science_aoi_sample_202303_r2_12de5b9c94a1,region_ne_india_myanmar_candidate_r2,h26v06_r062_c082,62,82,95.69434,24.79167,2023-03,myd14a1_061_aqua,3100,2705,4,1.4787,0.872581,available,calibration_not_released,unavailable
art_science_aoi_sample_202303_r2_12de5b9c94a1,region_ne_india_myanmar_candidate_r2,h26v06_r062_c083,62,83,95.78613,24.79167,2023-03,myd14a1_061_aqua,3100,2783,9,3.2339,0.897742,available,calibration_not_released,unavailable
art_science_aoi_sample_202303_r2_12de5b9c94a1,region_ne_india_myanmar_candidate_r2,h26v06_r062_c084,62,84,95.87792,24.79167,2023-03,myd14a1_061_aqua,3100,2803,5,1.7838,0.904194,available,calibration_not_released,unavailable
art_science_aoi_sample_202303_r2_12de5b9c94a1,region_ne_india_myanmar_candidate_r2,h26v06_r062_c085,62,85,95.96972,24.79167,2023-03,myd14a1_061_aqua,2511,2330,0,0.0,0.927917,available,calibration_not_released,unavailable
art_science_aoi_sample_202303_r2_12de5b9c94a1,region_ne_india_myanmar_candidate_r2,h26v06_r062_c086,62,86,96.06151,24.79167,2023-03,myd14a1_061_aqua,62,56,0,0.0,0.903226,available,calibration_not_released,unavailable
art_science_aoi_sample_202303_r2_12de5b9c94a1,region_ne_india_myanmar_candidate_r2,h26v06_r063_c053,63,53,92.96998,24.70833,2023-03,myd14a1_061_aqua,589,542,0,0.0,0.920204,available,calibration_not_released,unavailable
art_science_aoi_sample_202303_r2_12de5b9c94a1,region_ne_india_myanmar_candidate_r2,h26v06_r063_c054,63,54,93.06171,24.70833,2023-03,myd14a1_061_aqua,3038,2755,5,1.8149,0.906847,available,calibration_not_released,unavailable
art_science_aoi_sample_202303_r2_12de5b9c94a1,region_ne_india_myanmar_candidate_r2,h26v06_r063_c055,63,55,93.15344,24.70833,2023-03,myd14a1_061_aqua,3100,2833,5,1.7649,0.913871,available,calibration_not_released,unavailable
art_science_aoi_sample_202303_r2_12de5b9c94a1,region_ne_india_myanmar_candidate_r2,h26v06_r063_c056,63,56,93.24517,24.70833,2023-03,myd14a1_061_aqua,3100,2800,15,5.3571,0.903226,available,calibration_not_released,unavailable
art_science_aoi_sample_202303_r2_12de5b9c94a1,region_ne_india_myanmar_candidate_r2,h26v06_r063_c057,63,57,93.3369,24.70833,2023-03,myd14a1_061_aqua,3100,2780,26,9.3525,0.896774,available,calibration_not_released,unavailable
art_science_aoi_sample_202303_r2_12de5b9c94a1,region_ne_india_myanmar_candidate_r2,h26v06_r063_c058,63,58,93.42864,24.70833,2023-03,myd14a1_061_aqua,3100,2770,5,1.8051,0.893548,available,calibration_not_released,unavailable
art_science_aoi_sample_202303_r2_12de5b9c94a1,region_ne_india_myanmar_candidate_r2,h26v06_r063_c059,63,59,93.52037,24.70833,2023-03,myd14a1_061_aqua,3097,2797,17,6.0779,0.903132,available,calibration_not_released,unavailable
art_science_aoi_sample_202303_r2_12de5b9c94a1,region_ne_india_myanmar_candidate_r2,h26v06_r063_c060,63,60,93.6121,24.70833,2023-03,myd14a1_061_aqua,3097,2807,1,0.3563,0.906361,available,calibration_not_released,unavailable
art_science_aoi_sample_202303_r2_12de5b9c94a1,region_ne_india_myanmar_candidate_r2,h26v06_r063_c061,63,61,93.70383,24.70833,2023-03,myd14a1_061_aqua,3100,2702,7,2.5907,0.871613,available,calibration_not_released,unavailable
art_science_aoi_sample_202303_r2_12de5b9c94a1,region_ne_india_myanmar_candidate_r2,h26v06_r063_c062,63,62,93.79556,24.70833,2023-03,myd14a1_061_aqua,3100,2763,0,0.0,0.89129,available,calibration_not_released,unavailable
art_science_aoi_sample_202303_r2_12de5b9c94a1,region_ne_india_myanmar_candidate_r2,h26v06_r063_c063,63,63,93.88729,24.70833,2023-03,myd14a1_061_aqua,3100,2773,0,0.0,0.894516,available,calibration_not_released,unavailable
art_science_aoi_sample_202303_r2_12de5b9c94a1,region_ne_india_myanmar_candidate_r2,h26v06_r063_c064,63,64,93.97902,24.70833,2023-03,myd14a1_061_aqua,3082,2788,0,0.0,0.904607,available,calibration_not_released,unavailable
art_science_aoi_sample_202303_r2_12de5b9c94a1,region_ne_india_myanmar_candidate_r2,h26v06_r063_c065,63,65,94.07076,24.70833,2023-03,myd14a1_061_aqua,3100,2951,8,2.7109,0.951935,available,calibration_not_released,unavailable
art_science_aoi_sample_202303_r2_12de5b9c94a1,region_ne_india_myanmar_candidate_r2,h26v06_r063_c066,63,66,94.16249,24.70833,2023-03,myd14a1_061_aqua,3100,2973,23,7.7363,0.959032,available,calibration_not_released,unavailable
art_science_aoi_sample_202303_r2_12de5b9c94a1,region_ne_india_myanmar_candidate_r2,h26v06_r063_c067,63,67,94.25422,24.70833,2023-03,myd14a1_061_aqua,3100,2947,32,10.8585,0.950645,available,calibration_not_released,unavailable
art_science_aoi_sample_202303_r2_12de5b9c94a1,region_ne_india_myanmar_candidate_r2,h26v06_r063_c068,63,68,94.34595,24.70833,2023-03,myd14a1_061_aqua,3100,2893,8,2.7653,0.933226,available,calibration_not_released,unavailable
art_science_aoi_sample_202303_r2_12de5b9c94a1,region_ne_india_myanmar_candidate_r2,h26v06_r063_c069,63,69,94.43768,24.70833,2023-03,myd14a1_061_aqua,3100,2812,1,0.3556,0.907097,available,calibration_not_released,unavailable
art_science_aoi_sample_202303_r2_12de5b9c94a1,region_ne_india_myanmar_candidate_r2,h26v06_r063_c070,63,70,94.52941,24.70833,2023-03,myd14a1_061_aqua,3100,2828,4,1.4144,0.912258,available,calibration_not_released,unavailable
art_science_aoi_sample_202303_r2_12de5b9c94a1,region_ne_india_myanmar_candidate_r2,h26v06_r063_c071,63,71,94.62115,24.70833,2023-03,myd14a1_061_aqua,3100,2799,2,0.7145,0.902903,available,calibration_not_released,unavailable
art_science_aoi_sample_202303_r2_12de5b9c94a1,region_ne_india_myanmar_candidate_r2,h26v06_r063_c072,63,72,94.71288,24.70833,2023-03,myd14a1_061_aqua,2441,2120,0,0.0,0.868497,available,calibration_not_released,unavailable
art_science_aoi_sample_202303_r2_12de5b9c94a1,region_ne_india_myanmar_candidate_r2,h26v06_r063_c073,63,73,94.80461,24.70833,2023-03,myd14a1_061_aqua,2836,2380,2,0.8403,0.83921,available,calibration_not_released,unavailable
art_science_aoi_sample_202303_r2_12de5b9c94a1,region_ne_india_myanmar_candidate_r2,h26v06_r063_c074,63,74,94.89634,24.70833,2023-03,myd14a1_061_aqua,3099,2651,1,0.3772,0.855437,available,calibration_not_released,unavailable
art_science_aoi_sample_202303_r2_12de5b9c94a1,region_ne_india_myanmar_candidate_r2,h26v06_r063_c075,63,75,94.98807,24.70833,2023-03,myd14a1_061_aqua,3100,2720,3,1.1029,0.877419,available,calibration_not_released,unavailable
art_science_aoi_sample_202303_r2_12de5b9c94a1,region_ne_india_myanmar_candidate_r2,h26v06_r063_c076,63,76,95.0798,24.70833,2023-03,myd14a1_061_aqua,3100,2698,12,4.4477,0.870323,available,calibration_not_released,unavailable
art_science_aoi_sample_202303_r2_12de5b9c94a1,region_ne_india_myanmar_candidate_r2,h26v06_r063_c077,63,77,95.17154,24.70833,2023-03,myd14a1_061_aqua,3100,2703,0,0.0,0.871935,available,calibration_not_released,unavailable
art_science_aoi_sample_202303_r2_12de5b9c94a1,region_ne_india_myanmar_candidate_r2,h26v06_r063_c078,63,78,95.26327,24.70833,2023-03,myd14a1_061_aqua,3100,2754,1,0.3631,0.888387,available,calibration_not_released,unavailable
art_science_aoi_sample_202303_r2_12de5b9c94a1,region_ne_india_myanmar_candidate_r2,h26v06_r063_c079,63,79,95.355,24.70833,2023-03,myd14a1_061_aqua,3100,2631,0,0.0,0.84871,available,calibration_not_released,unavailable
art_science_aoi_sample_202303_r2_12de5b9c94a1,region_ne_india_myanmar_candidate_r2,h26v06_r063_c080,63,80,95.44673,24.70833,2023-03,myd14a1_061_aqua,3100,2699,0,0.0,0.870645,available,calibration_not_released,unavailable
art_science_aoi_sample_202303_r2_12de5b9c94a1,region_ne_india_myanmar_candidate_r2,h26v06_r063_c081,63,81,95.53846,24.70833,2023-03,myd14a1_061_aqua,3100,2699,0,0.0,0.870645,available,calibration_not_released,unavailable
art_science_aoi_sample_202303_r2_12de5b9c94a1,region_ne_india_myanmar_candidate_r2,h26v06_r063_c082,63,82,95.63019,24.70833,2023-03,myd14a1_061_aqua,3100,2687,4,1.4886,0.866774,available,calibration_not_released,unavailable
art_science_aoi_sample_202303_r2_12de5b9c94a1,region_ne_india_myanmar_candidate_r2,h26v06_r063_c083,63,83,95.72193,24.70833,2023-03,myd14a1_061_aqua,3100,2769,5,1.8057,0.893226,available,calibration_not_released,unavailable
art_science_aoi_sample_202303_r2_12de5b9c94a1,region_ne_india_myanmar_candidate_r2,h26v06_r063_c084,63,84,95.81366,24.70833,2023-03,myd14a1_061_aqua,3100,2799,1,0.3573,0.902903,available,calibration_not_released,unavailable
art_science_aoi_sample_202303_r2_12de5b9c94a1,region_ne_india_myanmar_candidate_r2,h26v06_r063_c085,63,85,95.90539,24.70833,2023-03,myd14a1_061_aqua,3100,2818,0,0.0,0.909032,available,calibration_not_released,unavailable
art_science_aoi_sample_202303_r2_12de5b9c94a1,region_ne_india_myanmar_candidate_r2,h26v06_r063_c086,63,86,95.99712,24.70833,2023-03,myd14a1_061_aqua,1643,1518,1,0.6588,0.92392,available,calibration_not_released,unavailable
art_science_aoi_sample_202303_r2_12de5b9c94a1,region_ne_india_myanmar_candidate_r2,h26v06_r064_c054,64,54,92.99957,24.625,2023-03,myd14a1_061_aqua,1550,1390,4,2.8777,0.896774,available,calibration_not_released,unavailable
art_science_aoi_sample_202303_r2_12de5b9c94a1,region_ne_india_myanmar_candidate_r2,h26v06_r064_c055,64,55,93.09124,24.625,2023-03,myd14a1_061_aqua,3100,2850,15,5.2632,0.919355,available,calibration_not_released,unavailable
art_science_aoi_sample_202303_r2_12de5b9c94a1,region_ne_india_myanmar_candidate_r2,h26v06_r064_c056,64,56,93.18291,24.625,2023-03,myd14a1_061_aqua,3100,2879,8,2.7787,0.92871,available,calibration_not_released,unavailable
art_science_aoi_sample_202303_r2_12de5b9c94a1,region_ne_india_myanmar_candidate_r2,h26v06_r064_c057,64,57,93.27458,24.625,2023-03,myd14a1_061_aqua,3100,2814,2,0.7107,0.907742,available,calibration_not_released,unavailable
art_science_aoi_sample_202303_r2_12de5b9c94a1,region_ne_india_myanmar_candidate_r2,h26v06_r064_c058,64,58,93.36625,24.625,2023-03,myd14a1_061_aqua,3100,2729,8,2.9315,0.880323,available,calibration_not_released,unavailable
art_science_aoi_sample_202303_r2_12de5b9c94a1,region_ne_india_myanmar_candidate_r2,h26v06_r064_c059,64,59,93.45792,24.625,2023-03,myd14a1_061_aqua,3089,2686,5,1.8615,0.869537,available,calibration_not_released,unavailable
art_science_aoi_sample_202303_r2_12de5b9c94a1,region_ne_india_myanmar_candidate_r2,h26v06_r064_c060,64,60,93.54959,24.625,2023-03,myd14a1_061_aqua,3091,2587,0,0.0,0.836946,available,calibration_not_released,unavailable
art_science_aoi_sample_202303_r2_12de5b9c94a1,region_ne_india_myanmar_candidate_r2,h26v06_r064_c061,64,61,93.64126,24.625,2023-03,myd14a1_061_aqua,3100,2775,2,0.7207,0.895161,available,calibration_not_released,unavailable
art_science_aoi_sample_202303_r2_12de5b9c94a1,region_ne_india_myanmar_candidate_r2,h26v06_r064_c062,64,62,93.73293,24.625,2023-03,myd14a1_061_aqua,3032,2689,0,0.0,0.886873,available,calibration_not_released,unavailable
art_science_aoi_sample_202303_r2_12de5b9c94a1,region_ne_india_myanmar_candidate_r2,h26v06_r064_c063,64,63,93.8246,24.625,2023-03,myd14a1_061_aqua,2535,2253,0,0.0,0.888757,available,calibration_not_released,unavailable
art_science_aoi_sample_202303_r2_12de5b9c94a1,region_ne_india_myanmar_candidate_r2,h26v06_r064_c064,64,64,93.91627,24.625,2023-03,myd14a1_061_aqua,3019,2703,1,0.37,0.89533,available,calibration_not_released,unavailable
art_science_aoi_sample_202303_r2_12de5b9c94a1,region_ne_india_myanmar_candidate_r2,h26v06_r064_c065,64,65,94.00794,24.625,2023-03,myd14a1_061_aqua,3100,2901,2,0.6894,0.935806,available,calibration_not_released,unavailable
art_science_aoi_sample_202303_r2_12de5b9c94a1,region_ne_india_myanmar_candidate_r2,h26v06_r064_c066,64,66,94.09961,24.625,2023-03,myd14a1_061_aqua,3100,2943,3,1.0194,0.949355,available,calibration_not_released,unavailable
art_science_aoi_sample_202303_r2_12de5b9c94a1,region_ne_india_myanmar_candidate_r2,h26v06_r064_c067,64,67,94.19128,24.625,2023-03,myd14a1_061_aqua,3100,2924,12,4.104,0.943226,available,calibration_not_released,unavailable
art_science_aoi_sample_202303_r2_12de5b9c94a1,region_ne_india_myanmar_candidate_r2,h26v06_r064_c068,64,68,94.28295,24.625,2023-03,myd14a1_061_aqua,3100,2897,1,0.3452,0.934516,available,calibration_not_released,unavailable
art_science_aoi_sample_202303_r2_12de5b9c94a1,region_ne_india_myanmar_candidate_r2,h26v06_r064_c069,64,69,94.37462,24.625,2023-03,myd14a1_061_aqua,3100,2821,0,0.0,0.91,available,calibration_not_released,unavailable
art_science_aoi_sample_202303_r2_12de5b9c94a1,region_ne_india_myanmar_candidate_r2,h26v06_r064_c070,64,70,94.4663,24.625,2023-03,myd14a1_061_aqua,3100,2833,0,0.0,0.913871,available,calibration_not_released,unavailable
art_science_aoi_sample_202303_r2_12de5b9c94a1,region_ne_india_myanmar_candidate_r2,h26v06_r064_c071,64,71,94.55797,24.625,2023-03,myd14a1_061_aqua,3100,2850,0,0.0,0.919355,available,calibration_not_released,unavailable
art_science_aoi_sample_202303_r2_12de5b9c94a1,region_ne_india_myanmar_candidate_r2,h26v06_r064_c072,64,72,94.64964,24.625,2023-03,myd14a1_061_aqua,2772,2470,0,0.0,0.891053,available,calibration_not_released,unavailable
art_science_aoi_sample_202303_r2_12de5b9c94a1,region_ne_india_myanmar_candidate_r2,h26v06_r064_c073,64,73,94.74131,24.625,2023-03,myd14a1_061_aqua,2846,2470,0,0.0,0.867885,available,calibration_not_released,unavailable
art_science_aoi_sample_202303_r2_12de5b9c94a1,region_ne_india_myanmar_candidate_r2,h26v06_r064_c074,64,74,94.83298,24.625,2023-03,myd14a1_061_aqua,3100,2728,8,2.9326,0.88,available,calibration_not_released,unavailable
art_science_aoi_sample_202303_r2_12de5b9c94a1,region_ne_india_myanmar_candidate_r2,h26v06_r064_c075,64,75,94.92465,24.625,2023-03,myd14a1_061_aqua,3100,2758,2,0.7252,0.889677,available,calibration_not_released,unavailable
art_science_aoi_sample_202303_r2_12de5b9c94a1,region_ne_india_myanmar_candidate_r2,h26v06_r064_c076,64,76,95.01632,24.625,2023-03,myd14a1_061_aqua,3100,2714,5,1.8423,0.875484,available,calibration_not_released,unavailable
art_science_aoi_sample_202303_r2_12de5b9c94a1,region_ne_india_myanmar_candidate_r2,h26v06_r064_c077,64,77,95.10799,24.625,2023-03,myd14a1_061_aqua,3100,2630,0,0.0,0.848387,available,calibration_not_released,unavailable
art_science_aoi_sample_202303_r2_12de5b9c94a1,region_ne_india_myanmar_candidate_r2,h26v06_r064_c078,64,78,95.19966,24.625,2023-03,myd14a1_061_aqua,3100,2640,0,0.0,0.851613,available,calibration_not_released,unavailable
art_science_aoi_sample_202303_r2_12de5b9c94a1,region_ne_india_myanmar_candidate_r2,h26v06_r064_c079,64,79,95.29133,24.625,2023-03,myd14a1_061_aqua,3100,2638,1,0.3791,0.850968,available,calibration_not_released,unavailable
art_science_aoi_sample_202303_r2_12de5b9c94a1,region_ne_india_myanmar_candidate_r2,h26v06_r064_c080,64,80,95.383,24.625,2023-03,myd14a1_061_aqua,3100,2730,0,0.0,0.880645,available,calibration_not_released,unavailable
art_science_aoi_sample_202303_r2_12de5b9c94a1,region_ne_india_myanmar_candidate_r2,h26v06_r064_c081,64,81,95.47467,24.625,2023-03,myd14a1_061_aqua,3100,2779,0,0.0,0.896452,available,calibration_not_released,unavailable
art_science_aoi_sample_202303_r2_12de5b9c94a1,region_ne_india_myanmar_candidate_r2,h26v06_r064_c082,64,82,95.56634,24.625,2023-03,myd14a1_061_aqua,3100,2660,0,0.0,0.858065,available,calibration_not_released,unavailable
art_science_aoi_sample_202303_r2_12de5b9c94a1,region_ne_india_myanmar_candidate_r2,h26v06_r064_c083,64,83,95.65801,24.625,2023-03,myd14a1_061_aqua,3100,2701,5,1.8512,0.87129,available,calibration_not_released,unavailable
art_science_aoi_sample_202303_r2_12de5b9c94a1,region_ne_india_myanmar_candidate_r2,h26v06_r064_c084,64,84,95.74968,24.625,2023-03,myd14a1_061_aqua,3100,2786,0,0.0,0.89871,available,calibration_not_released,unavailable
art_science_aoi_sample_202303_r2_12de5b9c94a1,region_ne_india_myanmar_candidate_r2,h26v06_r064_c085,64,85,95.84135,24.625,2023-03,myd14a1_061_aqua,3100,2791,0,0.0,0.900323,available,calibration_not_released,unavailable
art_science_aoi_sample_202303_r2_12de5b9c94a1,region_ne_india_myanmar_candidate_r2,h26v06_r064_c086,64,86,95.93302,24.625,2023-03,myd14a1_061_aqua,3069,2772,0,0.0,0.903226,available,calibration_not_released,unavailable
art_science_aoi_sample_202303_r2_12de5b9c94a1,region_ne_india_myanmar_candidate_r2,h26v06_r064_c087,64,87,96.02469,24.625,2023-03,myd14a1_061_aqua,744,672,0,0.0,0.903226,available,calibration_not_released,unavailable
art_science_aoi_sample_202303_r2_12de5b9c94a1,region_ne_india_myanmar_candidate_r2,h26v06_r065_c054,65,54,92.93771,24.54167,2023-03,myd14a1_061_aqua,62,55,0,0.0,0.887097,available,calibration_not_released,unavailable
art_science_aoi_sample_202303_r2_12de5b9c94a1,region_ne_india_myanmar_candidate_r2,h26v06_r065_c055,65,55,93.02932,24.54167,2023-03,myd14a1_061_aqua,2511,2257,3,1.3292,0.898845,available,calibration_not_released,unavailable
art_science_aoi_sample_202303_r2_12de5b9c94a1,region_ne_india_myanmar_candidate_r2,h26v06_r065_c056,65,56,93.12093,24.54167,2023-03,myd14a1_061_aqua,3100,2832,19,6.709,0.913548,available,calibration_not_released,unavailable
art_science_aoi_sample_202303_r2_12de5b9c94a1,region_ne_india_myanmar_candidate_r2,h26v06_r065_c057,65,57,93.21254,24.54167,2023-03,myd14a1_061_aqua,3100,2845,0,0.0,0.917742,available,calibration_not_released,unavailable
art_science_aoi_sample_202303_r2_12de5b9c94a1,region_ne_india_myanmar_candidate_r2,h26v06_r065_c058,65,58,93.30415,24.54167,2023-03,myd14a1_061_aqua,3100,2835,13,4.5855,0.914516,available,calibration_not_released,unavailable
art_science_aoi_sample_202303_r2_12de5b9c94a1,region_ne_india_myanmar_candidate_r2,h26v06_r065_c059,65,59,93.39576,24.54167,2023-03,myd14a1_061_aqua,3100,2793,12,4.2965,0.900968,available,calibration_not_released,unavailable
art_science_aoi_sample_202303_r2_12de5b9c94a1,region_ne_india_myanmar_candidate_r2,h26v06_r065_c060,65,60,93.48737,24.54167,2023-03,myd14a1_061_aqua,3100,2726,9,3.3015,0.879355,available,calibration_not_released,unavailable
art_science_aoi_sample_202303_r2_12de5b9c94a1,region_ne_india_myanmar_candidate_r2,h26v06_r065_c061,65,61,93.57898,24.54167,2023-03,myd14a1_061_aqua,3100,2722,30,11.0213,0.878065,available,calibration_not_released,unavailable
art_science_aoi_sample_202303_r2_12de5b9c94a1,region_ne_india_myanmar_candidate_r2,h26v06_r065_c062,65,62,93.67058,24.54167,2023-03,myd14a1_061_aqua,3100,2773,24,8.6549,0.894516,available,calibration_not_released,unavailable
art_science_aoi_sample_202303_r2_12de5b9c94a1,region_ne_india_myanmar_candidate_r2,h26v06_r065_c063,65,63,93.76219,24.54167,2023-03,myd14a1_061_aqua,1659,1462,0,0.0,0.881254,available,calibration_not_released,unavailable
art_science_aoi_sample_202303_r2_12de5b9c94a1,region_ne_india_myanmar_candidate_r2,h26v06_r065_c064,65,64,93.8538,24.54167,2023-03,myd14a1_061_aqua,1680,1455,1,0.6873,0.866071,available,calibration_not_released,unavailable
art_science_aoi_sample_202303_r2_12de5b9c94a1,region_ne_india_myanmar_candidate_r2,h26v06_r065_c065,65,65,93.94541,24.54167,2023-03,myd14a1_061_aqua,3083,2753,2,0.7265,0.892961,available,calibration_not_released,unavailable
art_science_aoi_sample_202303_r2_12de5b9c94a1,region_ne_india_myanmar_candidate_r2,h26v06_r065_c066,65,66,94.03702,24.54167,2023-03,myd14a1_061_aqua,3100,2789,3,1.0757,0.899677,available,calibration_not_released,unavailable
art_science_aoi_sample_202303_r2_12de5b9c94a1,region_ne_india_myanmar_candidate_r2,h26v06_r065_c067,65,67,94.12863,24.54167,2023-03,myd14a1_061_aqua,3100,2796,33,11.8026,0.901935,available,calibration_not_released,unavailable
art_science_aoi_sample_202303_r2_12de5b9c94a1,region_ne_india_myanmar_candidate_r2,h26v06_r065_c068,65,68,94.22024,24.54167,2023-03,myd14a1_061_aqua,3100,2807,9,3.2063,0.905484,available,calibration_not_released,unavailable
art_science_aoi_sample_202303_r2_12de5b9c94a1,region_ne_india_myanmar_candidate_r2,h26v06_r065_c069,65,69,94.31185,24.54167,2023-03,myd14a1_061_aqua,3100,2850,1,0.3509,0.919355,available,calibration_not_released,unavailable
art_science_aoi_sample_202303_r2_12de5b9c94a1,region_ne_india_myanmar_candidate_r2,h26v06_r065_c070,65,70,94.40346,24.54167,2023-03,myd14a1_061_aqua,3100,2787,2,0.7176,0.899032,available,calibration_not_released,unavailable
art_science_aoi_sample_202303_r2_12de5b9c94a1,region_ne_india_myanmar_candidate_r2,h26v06_r065_c071,65,71,94.49507,24.54167,2023-03,myd14a1_061_aqua,3100,2822,15,5.3154,0.910323,available,calibration_not_released,unavailable
art_science_aoi_sample_202303_r2_12de5b9c94a1,region_ne_india_myanmar_candidate_r2,h26v06_r065_c072,65,72,94.58668,24.54167,2023-03,myd14a1_061_aqua,3094,2725,0,0.0,0.880737,available,calibration_not_released,unavailable
art_science_aoi_sample_202303_r2_12de5b9c94a1,region_ne_india_myanmar_candidate_r2,h26v06_r065_c073,65,73,94.67829,24.54167,2023-03,myd14a1_061_aqua,2732,2408,0,0.0,0.881406,available,calibration_not_released,unavailable
art_science_aoi_sample_202303_r2_12de5b9c94a1,region_ne_india_myanmar_candidate_r2,h26v06_r065_c074,65,74,94.7699,24.54167,2023-03,myd14a1_061_aqua,2849,2572,0,0.0,0.902773,available,calibration_not_released,unavailable
art_science_aoi_sample_202303_r2_12de5b9c94a1,region_ne_india_myanmar_candidate_r2,h26v06_r065_c075,65,75,94.86151,24.54167,2023-03,myd14a1_061_aqua,3100,2840,1,0.3521,0.916129,available,calibration_not_released,unavailable
art_science_aoi_sample_202303_r2_12de5b9c94a1,region_ne_india_myanmar_candidate_r2,h26v06_r065_c076,65,76,94.95312,24.54167,2023-03,myd14a1_061_aqua,3100,2740,0,0.0,0.883871,available,calibration_not_released,unavailable
art_science_aoi_sample_202303_r2_12de5b9c94a1,region_ne_india_myanmar_candidate_r2,h26v06_r065_c077,65,77,95.04473,24.54167,2023-03,myd14a1_061_aqua,3100,2688,0,0.0,0.867097,available,calibration_not_released,unavailable
art_science_aoi_sample_202303_r2_12de5b9c94a1,region_ne_india_myanmar_candidate_r2,h26v06_r065_c078,65,78,95.13633,24.54167,2023-03,myd14a1_061_aqua,3100,2728,0,0.0,0.88,available,calibration_not_released,unavailable
art_science_aoi_sample_202303_r2_12de5b9c94a1,region_ne_india_myanmar_candidate_r2,h26v06_r065_c079,65,79,95.22794,24.54167,2023-03,myd14a1_061_aqua,3100,2736,0,0.0,0.882581,available,calibration_not_released,unavailable
art_science_aoi_sample_202303_r2_12de5b9c94a1,region_ne_india_myanmar_candidate_r2,h26v06_r065_c080,65,80,95.31955,24.54167,2023-03,myd14a1_061_aqua,3100,2722,0,0.0,0.878065,available,calibration_not_released,unavailable
art_science_aoi_sample_202303_r2_12de5b9c94a1,region_ne_india_myanmar_candidate_r2,h26v06_r065_c081,65,81,95.41116,24.54167,2023-03,myd14a1_061_aqua,3100,2785,0,0.0,0.898387,available,calibration_not_released,unavailable
art_science_aoi_sample_202303_r2_12de5b9c94a1,region_ne_india_myanmar_candidate_r2,h26v06_r065_c082,65,82,95.50277,24.54167,2023-03,myd14a1_061_aqua,3100,2776,0,0.0,0.895484,available,calibration_not_released,unavailable
art_science_aoi_sample_202303_r2_12de5b9c94a1,region_ne_india_myanmar_candidate_r2,h26v06_r065_c083,65,83,95.59438,24.54167,2023-03,myd14a1_061_aqua,3100,2748,4,1.4556,0.886452,available,calibration_not_released,unavailable
art_science_aoi_sample_202303_r2_12de5b9c94a1,region_ne_india_myanmar_candidate_r2,h26v06_r065_c084,65,84,95.68599,24.54167,2023-03,myd14a1_061_aqua,3100,2748,1,0.3639,0.886452,available,calibration_not_released,unavailable
art_science_aoi_sample_202303_r2_12de5b9c94a1,region_ne_india_myanmar_candidate_r2,h26v06_r065_c085,65,85,95.7776,24.54167,2023-03,myd14a1_061_aqua,3100,2793,0,0.0,0.900968,available,calibration_not_released,unavailable
art_science_aoi_sample_202303_r2_12de5b9c94a1,region_ne_india_myanmar_candidate_r2,h26v06_r065_c086,65,86,95.86921,24.54167,2023-03,myd14a1_061_aqua,3100,2790,0,0.0,0.9,available,calibration_not_released,unavailable
art_science_aoi_sample_202303_r2_12de5b9c94a1,region_ne_india_myanmar_candidate_r2,h26v06_r065_c087,65,87,95.96082,24.54167,2023-03,myd14a1_061_aqua,2728,2411,0,0.0,0.883798,available,calibration_not_released,unavailable
art_science_aoi_sample_202303_r2_12de5b9c94a1,region_ne_india_myanmar_candidate_r2,h26v06_r065_c088,65,88,96.05243,24.54167,2023-03,myd14a1_061_aqua,155,135,0,0.0,0.870968,available,calibration_not_released,unavailable
art_science_aoi_sample_202303_r2_12de5b9c94a1,region_ne_india_myanmar_candidate_r2,h26v06_r066_c055,66,55,92.96768,24.45833,2023-03,myd14a1_061_aqua,496,458,0,0.0,0.923387,available,calibration_not_released,unavailable
art_science_aoi_sample_202303_r2_12de5b9c94a1,region_ne_india_myanmar_candidate_r2,h26v06_r066_c056,66,56,93.05923,24.45833,2023-03,myd14a1_061_aqua,3007,2758,5,1.8129,0.917193,available,calibration_not_released,unavailable
art_science_aoi_sample_202303_r2_12de5b9c94a1,region_ne_india_myanmar_candidate_r2,h26v06_r066_c057,66,57,93.15077,24.45833,2023-03,myd14a1_061_aqua,3100,2821,7,2.4814,0.91,available,calibration_not_released,unavailable
art_science_aoi_sample_202303_r2_12de5b9c94a1,region_ne_india_myanmar_candidate_r2,h26v06_r066_c058,66,58,93.24232,24.45833,2023-03,myd14a1_061_aqua,3100,2873,0,0.0,0.926774,available,calibration_not_released,unavailable
art_science_aoi_sample_202303_r2_12de5b9c94a1,region_ne_india_myanmar_candidate_r2,h26v06_r066_c059,66,59,93.33387,24.45833,2023-03,myd14a1_061_aqua,3100,2835,18,6.3492,0.914516,available,calibration_not_released,unavailable
art_science_aoi_sample_202303_r2_12de5b9c94a1,region_ne_india_myanmar_candidate_r2,h26v06_r066_c060,66,60,93.42542,24.45833,2023-03,myd14a1_061_aqua,3100,2756,27,9.7968,0.889032,available,calibration_not_released,unavailable
art_science_aoi_sample_202303_r2_12de5b9c94a1,region_ne_india_myanmar_candidate_r2,h26v06_r066_c061,66,61,93.51697,24.45833,2023-03,myd14a1_061_aqua,3100,2742,60,21.8818,0.884516,available,calibration_not_released,unavailable
art_science_aoi_sample_202303_r2_12de5b9c94a1,region_ne_india_myanmar_candidate_r2,h26v06_r066_c062,66,62,93.60852,24.45833,2023-03,myd14a1_061_aqua,3100,2730,32,11.7216,0.880645,available,calibration_not_released,unavailable
art_science_aoi_sample_202303_r2_12de5b9c94a1,region_ne_india_myanmar_candidate_r2,h26v06_r066_c063,66,63,93.70007,24.45833,2023-03,myd14a1_061_aqua,3100,2723,12,4.4069,0.878387,available,calibration_not_released,unavailable
art_science_aoi_sample_202303_r2_12de5b9c94a1,region_ne_india_myanmar_candidate_r2,h26v06_r066_c064,66,64,93.79162,24.45833,2023-03,myd14a1_061_aqua,3001,2621,0,0.0,0.873376,available,calibration_not_released,unavailable
art_science_aoi_sample_202303_r2_12de5b9c94a1,region_ne_india_myanmar_candidate_r2,h26v06_r066_c065,66,65,93.88316,24.45833,2023-03,myd14a1_061_aqua,2596,2300,0,0.0,0.885978,available,calibration_not_released,unavailable
art_science_aoi_sample_202303_r2_12de5b9c94a1,region_ne_india_myanmar_candidate_r2,h26v06_r066_c066,66,66,93.97471,24.45833,2023-03,myd14a1_061_aqua,3099,2805,9,3.2086,0.905131,available,calibration_not_released,unavailable
art_science_aoi_sample_202303_r2_12de5b9c94a1,region_ne_india_myanmar_candidate_r2,h26v06_r066_c067,66,67,94.06626,24.45833,2023-03,myd14a1_061_aqua,3100,2825,10,3.5398,0.91129,available,calibration_not_released,unavailable
art_science_aoi_sample_202303_r2_12de5b9c94a1,region_ne_india_myanmar_candidate_r2,h26v06_r066_c068,66,68,94.15781,24.45833,2023-03,myd14a1_061_aqua,3100,2715,17,6.2615,0.875806,available,calibration_not_released,unavailable
art_science_aoi_sample_202303_r2_12de5b9c94a1,region_ne_india_myanmar_candidate_r2,h26v06_r066_c069,66,69,94.24936,24.45833,2023-03,myd14a1_061_aqua,3100,2653,1,0.3769,0.855806,available,calibration_not_released,unavailable
art_science_aoi_sample_202303_r2_12de5b9c94a1,region_ne_india_myanmar_candidate_r2,h26v06_r066_c070,66,70,94.34091,24.45833,2023-03,myd14a1_061_aqua,3100,2655,0,0.0,0.856452,available,calibration_not_released,unavailable
art_science_aoi_sample_202303_r2_12de5b9c94a1,region_ne_india_myanmar_candidate_r2,h26v06_r066_c071,66,71,94.43246,24.45833,2023-03,myd14a1_061_aqua,3100,2663,23,8.6369,0.859032,available,calibration_not_released,unavailable
art_science_aoi_sample_202303_r2_12de5b9c94a1,region_ne_india_myanmar_candidate_r2,h26v06_r066_c072,66,72,94.524,24.45833,2023-03,myd14a1_061_aqua,3100,2803,1,0.3568,0.904194,available,calibration_not_released,unavailable
art_science_aoi_sample_202303_r2_12de5b9c94a1,region_ne_india_myanmar_candidate_r2,h26v06_r066_c073,66,73,94.61555,24.45833,2023-03,myd14a1_061_aqua,3100,2695,0,0.0,0.869355,available,calibration_not_released,unavailable
art_science_aoi_sample_202303_r2_12de5b9c94a1,region_ne_india_myanmar_candidate_r2,h26v06_r066_c074,66,74,94.7071,24.45833,2023-03,myd14a1_061_aqua,2341,2059,0,0.0,0.879539,available,calibration_not_released,unavailable
art_science_aoi_sample_202303_r2_12de5b9c94a1,region_ne_india_myanmar_candidate_r2,h26v06_r066_c075,66,75,94.79865,24.45833,2023-03,myd14a1_061_aqua,2945,2705,2,0.7394,0.918506,available,calibration_not_released,unavailable
art_science_aoi_sample_202303_r2_12de5b9c94a1,region_ne_india_myanmar_candidate_r2,h26v06_r066_c076,66,76,94.8902,24.45833,2023-03,myd14a1_061_aqua,3087,2773,1,0.3606,0.898283,available,calibration_not_released,unavailable
art_science_aoi_sample_202303_r2_12de5b9c94a1,region_ne_india_myanmar_candidate_r2,h26v06_r066_c077,66,77,94.98175,24.45833,2023-03,myd14a1_061_aqua,3100,2814,0,0.0,0.907742,available,calibration_not_released,unavailable
art_science_aoi_sample_202303_r2_12de5b9c94a1,region_ne_india_myanmar_candidate_r2,h26v06_r066_c078,66,78,95.0733,24.45833,2023-03,myd14a1_061_aqua,3100,2811,7,2.4902,0.906774,available,calibration_not_released,unavailable
art_science_aoi_sample_202303_r2_12de5b9c94a1,region_ne_india_myanmar_candidate_r2,h26v06_r066_c079,66,79,95.16485,24.45833,2023-03,myd14a1_061_aqua,3100,2753,2,0.7265,0.888065,available,calibration_not_released,unavailable
art_science_aoi_sample_202303_r2_12de5b9c94a1,region_ne_india_myanmar_candidate_r2,h26v06_r066_c080,66,80,95.25639,24.45833,2023-03,myd14a1_061_aqua,3100,2660,0,0.0,0.858065,available,calibration_not_released,unavailable
art_science_aoi_sample_202303_r2_12de5b9c94a1,region_ne_india_myanmar_candidate_r2,h26v06_r066_c081,66,81,95.34794,24.45833,2023-03,myd14a1_061_aqua,3100,2706,0,0.0,0.872903,available,calibration_not_released,unavailable
art_science_aoi_sample_202303_r2_12de5b9c94a1,region_ne_india_myanmar_candidate_r2,h26v06_r066_c082,66,82,95.43949,24.45833,2023-03,myd14a1_061_aqua,3100,2702,3,1.1103,0.871613,available,calibration_not_released,unavailable
art_science_aoi_sample_202303_r2_12de5b9c94a1,region_ne_india_myanmar_candidate_r2,h26v06_r066_c083,66,83,95.53104,24.45833,2023-03,myd14a1_061_aqua,3100,2727,0,0.0,0.879677,available,calibration_not_released,unavailable
art_science_aoi_sample_202303_r2_12de5b9c94a1,region_ne_india_myanmar_candidate_r2,h26v06_r066_c084,66,84,95.62259,24.45833,2023-03,myd14a1_061_aqua,3100,2705,0,0.0,0.872581,available,calibration_not_released,unavailable
art_science_aoi_sample_202303_r2_12de5b9c94a1,region_ne_india_myanmar_candidate_r2,h26v06_r066_c085,66,85,95.71414,24.45833,2023-03,myd14a1_061_aqua,3100,2768,0,0.0,0.892903,available,calibration_not_released,unavailable
art_science_aoi_sample_202303_r2_12de5b9c94a1,region_ne_india_myanmar_candidate_r2,h26v06_r066_c086,66,86,95.80569,24.45833,2023-03,myd14a1_061_aqua,3100,2796,1,0.3577,0.901935,available,calibration_not_released,unavailable
art_science_aoi_sample_202303_r2_12de5b9c94a1,region_ne_india_myanmar_candidate_r2,h26v06_r066_c087,66,87,95.89723,24.45833,2023-03,myd14a1_061_aqua,3100,2848,3,1.0534,0.91871,available,calibration_not_released,unavailable
art_science_aoi_sample_202303_r2_12de5b9c94a1,region_ne_india_myanmar_candidate_r2,h26v06_r066_c088,66,88,95.98878,24.45833,2023-03,myd14a1_061_aqua,1922,1735,0,0.0,0.902706,available,calibration_not_released,unavailable
art_science_aoi_sample_202303_r2_12de5b9c94a1,region_ne_india_myanmar_candidate_r2,h26v06_r067_c056,67,56,92.9978,24.375,2023-03,myd14a1_061_aqua,1457,1349,6,4.4477,0.925875,available,calibration_not_released,unavailable
art_science_aoi_sample_202303_r2_12de5b9c94a1,region_ne_india_myanmar_candidate_r2,h26v06_r067_c057,67,57,93.08929,24.375,2023-03,myd14a1_061_aqua,3100,2802,5,1.7844,0.903871,available,calibration_not_released,unavailable
art_science_aoi_sample_202303_r2_12de5b9c94a1,region_ne_india_myanmar_candidate_r2,h26v06_r067_c058,67,58,93.18078,24.375,2023-03,myd14a1_061_aqua,3100,2803,14,4.9946,0.904194,available,calibration_not_released,unavailable
art_science_aoi_sample_202303_r2_12de5b9c94a1,region_ne_india_myanmar_candidate_r2,h26v06_r067_c059,67,59,93.27227,24.375,2023-03,myd14a1_061_aqua,3100,2886,9,3.1185,0.930968,available,calibration_not_released,unavailable
art_science_aoi_sample_202303_r2_12de5b9c94a1,region_ne_india_myanmar_candidate_r2,h26v06_r067_c060,67,60,93.36375,24.375,2023-03,myd14a1_061_aqua,3100,2937,38,12.9384,0.947419,available,calibration_not_released,unavailable
art_science_aoi_sample_202303_r2_12de5b9c94a1,region_ne_india_myanmar_candidate_r2,h26v06_r067_c061,67,61,93.45524,24.375,2023-03,myd14a1_061_aqua,3100,2879,36,12.5043,0.92871,available,calibration_not_released,unavailable
art_science_aoi_sample_202303_r2_12de5b9c94a1,region_ne_india_myanmar_candidate_r2,h26v06_r067_c062,67,62,93.54673,24.375,2023-03,myd14a1_061_aqua,3100,2842,41,14.4265,0.916774,available,calibration_not_released,unavailable
art_science_aoi_sample_202303_r2_12de5b9c94a1,region_ne_india_myanmar_candidate_r2,h26v06_r067_c063,67,63,93.63822,24.375,2023-03,myd14a1_061_aqua,3100,2832,23,8.1215,0.913548,available,calibration_not_released,unavailable
art_science_aoi_sample_202303_r2_12de5b9c94a1,region_ne_india_myanmar_candidate_r2,h26v06_r067_c064,67,64,93.72971,24.375,2023-03,myd14a1_061_aqua,3100,2713,15,5.5289,0.875161,available,calibration_not_released,unavailable
art_science_aoi_sample_202303_r2_12de5b9c94a1,region_ne_india_myanmar_candidate_r2,h26v06_r067_c065,67,65,93.8212,24.375,2023-03,myd14a1_061_aqua,3100,2774,5,1.8025,0.894839,available,calibration_not_released,unavailable
art_science_aoi_sample_202303_r2_12de5b9c94a1,region_ne_india_myanmar_candidate_r2,h26v06_r067_c066,67,66,93.91268,24.375,2023-03,myd14a1_061_aqua,3100,2753,10,3.6324,0.888065,available,calibration_not_released,unavailable
art_science_aoi_sample_202303_r2_12de5b9c94a1,region_ne_india_myanmar_candidate_r2,h26v06_r067_c067,67,67,94.00417,24.375,2023-03,myd14a1_061_aqua,3100,2764,7,2.5326,0.891613,available,calibration_not_released,unavailable
art_science_aoi_sample_202303_r2_12de5b9c94a1,region_ne_india_myanmar_candidate_r2,h26v06_r067_c068,67,68,94.09566,24.375,2023-03,myd14a1_061_aqua,3100,2748,8,2.9112,0.886452,available,calibration_not_released,unavailable
art_science_aoi_sample_202303_r2_12de5b9c94a1,region_ne_india_myanmar_candidate_r2,h26v06_r067_c069,67,69,94.18715,24.375,2023-03,myd14a1_061_aqua,3100,2654,0,0.0,0.856129,available,calibration_not_released,unavailable
art_science_aoi_sample_202303_r2_12de5b9c94a1,region_ne_india_myanmar_candidate_r2,h26v06_r067_c070,67,70,94.27864,24.375,2023-03,myd14a1_061_aqua,3100,2643,0,0.0,0.852581,available,calibration_not_released,unavailable
art_science_aoi_sample_202303_r2_12de5b9c94a1,region_ne_india_myanmar_candidate_r2,h26v06_r067_c071,67,71,94.37013,24.375,2023-03,myd14a1_061_aqua,3100,2610,6,2.2989,0.841935,available,calibration_not_released,unavailable
art_science_aoi_sample_202303_r2_12de5b9c94a1,region_ne_india_myanmar_candidate_r2,h26v06_r067_c072,67,72,94.46161,24.375,2023-03,myd14a1_061_aqua,3100,2693,7,2.5993,0.86871,available,calibration_not_released,unavailable
art_science_aoi_sample_202303_r2_12de5b9c94a1,region_ne_india_myanmar_candidate_r2,h26v06_r067_c073,67,73,94.5531,24.375,2023-03,myd14a1_061_aqua,3100,2622,1,0.3814,0.845806,available,calibration_not_released,unavailable
art_science_aoi_sample_202303_r2_12de5b9c94a1,region_ne_india_myanmar_candidate_r2,h26v06_r067_c074,67,74,94.64459,24.375,2023-03,myd14a1_061_aqua,3084,2577,0,0.0,0.835603,available,calibration_not_released,unavailable
art_science_aoi_sample_202303_r2_12de5b9c94a1,region_ne_india_myanmar_candidate_r2,h26v06_r067_c075,67,75,94.73608,24.375,2023-03,myd14a1_061_aqua,2728,2380,0,0.0,0.872434,available,calibration_not_released,unavailable
art_science_aoi_sample_202303_r2_12de5b9c94a1,region_ne_india_myanmar_candidate_r2,h26v06_r067_c076,67,76,94.82757,24.375,2023-03,myd14a1_061_aqua,2570,2313,0,0.0,0.9,available,calibration_not_released,unavailable
art_science_aoi_sample_202303_r2_12de5b9c94a1,region_ne_india_myanmar_candidate_r2,h26v06_r067_c077,67,77,94.91905,24.375,2023-03,myd14a1_061_aqua,3061,2690,0,0.0,0.878798,available,calibration_not_released,unavailable
art_science_aoi_sample_202303_r2_12de5b9c94a1,region_ne_india_myanmar_candidate_r2,h26v06_r067_c078,67,78,95.01054,24.375,2023-03,myd14a1_061_aqua,3100,2814,0,0.0,0.907742,available,calibration_not_released,unavailable
art_science_aoi_sample_202303_r2_12de5b9c94a1,region_ne_india_myanmar_candidate_r2,h26v06_r067_c079,67,79,95.10203,24.375,2023-03,myd14a1_061_aqua,3100,2938,0,0.0,0.947742,available,calibration_not_released,unavailable
art_science_aoi_sample_202303_r2_12de5b9c94a1,region_ne_india_myanmar_candidate_r2,h26v06_r067_c080,67,80,95.19352,24.375,2023-03,myd14a1_061_aqua,3100,2843,0,0.0,0.917097,available,calibration_not_released,unavailable
art_science_aoi_sample_202303_r2_12de5b9c94a1,region_ne_india_myanmar_candidate_r2,h26v06_r067_c081,67,81,95.28501,24.375,2023-03,myd14a1_061_aqua,3100,2740,0,0.0,0.883871,available,calibration_not_released,unavailable
art_science_aoi_sample_202303_r2_12de5b9c94a1,region_ne_india_myanmar_candidate_r2,h26v06_r067_c082,67,82,95.3765,24.375,2023-03,myd14a1_061_aqua,3100,2776,8,2.8818,0.895484,available,calibration_not_released,unavailable
art_science_aoi_sample_202303_r2_12de5b9c94a1,region_ne_india_myanmar_candidate_r2,h26v06_r067_c083,67,83,95.46798,24.375,2023-03,myd14a1_061_aqua,3100,2790,1,0.3584,0.9,available,calibration_not_released,unavailable
art_science_aoi_sample_202303_r2_12de5b9c94a1,region_ne_india_myanmar_candidate_r2,h26v06_r067_c084,67,84,95.55947,24.375,2023-03,myd14a1_061_aqua,3100,2803,0,0.0,0.904194,available,calibration_not_released,unavailable
art_science_aoi_sample_202303_r2_12de5b9c94a1,region_ne_india_myanmar_candidate_r2,h26v06_r067_c085,67,85,95.65096,24.375,2023-03,myd14a1_061_aqua,3100,2776,2,0.7205,0.895484,available,calibration_not_released,unavailable
art_science_aoi_sample_202303_r2_12de5b9c94a1,region_ne_india_myanmar_candidate_r2,h26v06_r067_c086,67,86,95.74245,24.375,2023-03,myd14a1_061_aqua,3100,2792,0,0.0,0.900645,available,calibration_not_released,unavailable
art_science_aoi_sample_202303_r2_12de5b9c94a1,region_ne_india_myanmar_candidate_r2,h26v06_r067_c087,67,87,95.83394,24.375,2023-03,myd14a1_061_aqua,3100,2854,0,0.0,0.920645,available,calibration_not_released,unavailable
art_science_aoi_sample_202303_r2_12de5b9c94a1,region_ne_india_myanmar_candidate_r2,h26v06_r067_c088,67,88,95.92543,24.375,2023-03,myd14a1_061_aqua,3100,2850,0,0.0,0.919355,available,calibration_not_released,unavailable
art_science_aoi_sample_202303_r2_12de5b9c94a1,region_ne_india_myanmar_candidate_r2,h26v06_r067_c089,67,89,96.01691,24.375,2023-03,myd14a1_061_aqua,961,885,0,0.0,0.920916,available,calibration_not_released,unavailable
art_science_aoi_sample_202303_r2_12de5b9c94a1,region_ne_india_myanmar_candidate_r2,h26v06_r068_c056,68,56,92.93665,24.29167,2023-03,myd14a1_061_aqua,31,28,0,0.0,0.903226,available,calibration_not_released,unavailable
art_science_aoi_sample_202303_r2_12de5b9c94a1,region_ne_india_myanmar_candidate_r2,h26v06_r068_c057,68,57,93.02808,24.29167,2023-03,myd14a1_061_aqua,2449,2258,0,0.0,0.922009,available,calibration_not_released,unavailable
art_science_aoi_sample_202303_r2_12de5b9c94a1,region_ne_india_myanmar_candidate_r2,h26v06_r068_c058,68,58,93.11951,24.29167,2023-03,myd14a1_061_aqua,3100,2811,7,2.4902,0.906774,available,calibration_not_released,unavailable
art_science_aoi_sample_202303_r2_12de5b9c94a1,region_ne_india_myanmar_candidate_r2,h26v06_r068_c059,68,59,93.21094,24.29167,2023-03,myd14a1_061_aqua,3100,2873,18,6.2652,0.926774,available,calibration_not_released,unavailable
art_science_aoi_sample_202303_r2_12de5b9c94a1,region_ne_india_myanmar_candidate_r2,h26v06_r068_c060,68,60,93.30237,24.29167,2023-03,myd14a1_061_aqua,3100,2972,21,7.0659,0.95871,available,calibration_not_released,unavailable
art_science_aoi_sample_202303_r2_12de5b9c94a1,region_ne_india_myanmar_candidate_r2,h26v06_r068_c061,68,61,93.3938,24.29167,2023-03,myd14a1_061_aqua,3100,2939,5,1.7013,0.948065,available,calibration_not_released,unavailable
art_science_aoi_sample_202303_r2_12de5b9c94a1,region_ne_india_myanmar_candidate_r2,h26v06_r068_c062,68,62,93.48522,24.29167,2023-03,myd14a1_061_aqua,3100,2916,15,5.144,0.940645,available,calibration_not_released,unavailable
art_science_aoi_sample_202303_r2_12de5b9c94a1,region_ne_india_myanmar_candidate_r2,h26v06_r068_c063,68,63,93.57665,24.29167,2023-03,myd14a1_061_aqua,3100,2894,13,4.4921,0.933548,available,calibration_not_released,unavailable
art_science_aoi_sample_202303_r2_12de5b9c94a1,region_ne_india_myanmar_candidate_r2,h26v06_r068_c064,68,64,93.66808,24.29167,2023-03,myd14a1_061_aqua,3100,2851,25,8.7689,0.919677,available,calibration_not_released,unavailable
art_science_aoi_sample_202303_r2_12de5b9c94a1,region_ne_india_myanmar_candidate_r2,h26v06_r068_c065,68,65,93.75951,24.29167,2023-03,myd14a1_061_aqua,3100,2649,12,4.53,0.854516,available,calibration_not_released,unavailable
art_science_aoi_sample_202303_r2_12de5b9c94a1,region_ne_india_myanmar_candidate_r2,h26v06_r068_c066,68,66,93.85094,24.29167,2023-03,myd14a1_061_aqua,3100,2651,7,2.6405,0.855161,available,calibration_not_released,unavailable
art_science_aoi_sample_202303_r2_12de5b9c94a1,region_ne_india_myanmar_candidate_r2,h26v06_r068_c067,68,67,93.94236,24.29167,2023-03,myd14a1_061_aqua,3100,2699,3,1.1115,0.870645,available,calibration_not_released,unavailable
art_science_aoi_sample_202303_r2_12de5b9c94a1,region_ne_india_myanmar_candidate_r2,h26v06_r068_c068,68,68,94.03379,24.29167,2023-03,myd14a1_061_aqua,3100,2764,0,0.0,0.891613,available,calibration_not_released,unavailable
art_science_aoi_sample_202303_r2_12de5b9c94a1,region_ne_india_myanmar_candidate_r2,h26v06_r068_c069,68,69,94.12522,24.29167,2023-03,myd14a1_061_aqua,3100,2725,0,0.0,0.879032,available,calibration_not_released,unavailable
art_science_aoi_sample_202303_r2_12de5b9c94a1,region_ne_india_myanmar_candidate_r2,h26v06_r068_c070,68,70,94.21665,24.29167,2023-03,myd14a1_061_aqua,3100,2683,0,0.0,0.865484,available,calibration_not_released,unavailable
art_science_aoi_sample_202303_r2_12de5b9c94a1,region_ne_india_myanmar_candidate_r2,h26v06_r068_c071,68,71,94.30808,24.29167,2023-03,myd14a1_061_aqua,3100,2637,8,3.0338,0.850645,available,calibration_not_released,unavailable
art_science_aoi_sample_202303_r2_12de5b9c94a1,region_ne_india_myanmar_candidate_r2,h26v06_r068_c072,68,72,94.3995,24.29167,2023-03,myd14a1_061_aqua,3100,2643,33,12.4858,0.852581,available,calibration_not_released,unavailable
art_science_aoi_sample_202303_r2_12de5b9c94a1,region_ne_india_myanmar_candidate_r2,h26v06_r068_c073,68,73,94.49093,24.29167,2023-03,myd14a1_061_aqua,3100,2636,0,0.0,0.850323,available,calibration_not_released,unavailable
art_science_aoi_sample_202303_r2_12de5b9c94a1,region_ne_india_myanmar_candidate_r2,h26v06_r068_c074,68,74,94.58236,24.29167,2023-03,myd14a1_061_aqua,3100,2566,0,0.0,0.827742,available,calibration_not_released,unavailable
art_science_aoi_sample_202303_r2_12de5b9c94a1,region_ne_india_myanmar_candidate_r2,h26v06_r068_c075,68,75,94.67379,24.29167,2023-03,myd14a1_061_aqua,3096,2650,1,0.3774,0.855943,available,calibration_not_released,unavailable
art_science_aoi_sample_202303_r2_12de5b9c94a1,region_ne_india_myanmar_candidate_r2,h26v06_r068_c076,68,76,94.76522,24.29167,2023-03,myd14a1_061_aqua,2355,1993,2,1.0035,0.846285,available,calibration_not_released,unavailable
art_science_aoi_sample_202303_r2_12de5b9c94a1,region_ne_india_myanmar_candidate_r2,h26v06_r068_c077,68,77,94.85664,24.29167,2023-03,myd14a1_061_aqua,2572,2170,1,0.4608,0.843701,available,calibration_not_released,unavailable
art_science_aoi_sample_202303_r2_12de5b9c94a1,region_ne_india_myanmar_candidate_r2,h26v06_r068_c078,68,78,94.94807,24.29167,2023-03,myd14a1_061_aqua,3100,2755,0,0.0,0.88871,available,calibration_not_released,unavailable
art_science_aoi_sample_202303_r2_12de5b9c94a1,region_ne_india_myanmar_candidate_r2,h26v06_r068_c079,68,79,95.0395,24.29167,2023-03,myd14a1_061_aqua,3100,2798,0,0.0,0.902581,available,calibration_not_released,unavailable
art_science_aoi_sample_202303_r2_12de5b9c94a1,region_ne_india_myanmar_candidate_r2,h26v06_r068_c080,68,80,95.13093,24.29167,2023-03,myd14a1_061_aqua,3100,2831,0,0.0,0.913226,available,calibration_not_released,unavailable
art_science_aoi_sample_202303_r2_12de5b9c94a1,region_ne_india_myanmar_candidate_r2,h26v06_r068_c081,68,81,95.22236,24.29167,2023-03,myd14a1_061_aqua,3100,2753,1,0.3632,0.888065,available,calibration_not_released,unavailable
art_science_aoi_sample_202303_r2_12de5b9c94a1,region_ne_india_myanmar_candidate_r2,h26v06_r068_c082,68,82,95.31379,24.29167,2023-03,myd14a1_061_aqua,3100,2774,6,2.1629,0.894839,available,calibration_not_released,unavailable
art_science_aoi_sample_202303_r2_12de5b9c94a1,region_ne_india_myanmar_candidate_r2,h26v06_r068_c083,68,83,95.40521,24.29167,2023-03,myd14a1_061_aqua,3100,2797,1,0.3575,0.902258,available,calibration_not_released,unavailable
art_science_aoi_sample_202303_r2_12de5b9c94a1,region_ne_india_myanmar_candidate_r2,h26v06_r068_c084,68,84,95.49664,24.29167,2023-03,myd14a1_061_aqua,3100,2808,2,0.7123,0.905806,available,calibration_not_released,unavailable
art_science_aoi_sample_202303_r2_12de5b9c94a1,region_ne_india_myanmar_candidate_r2,h26v06_r068_c085,68,85,95.58807,24.29167,2023-03,myd14a1_061_aqua,3100,2779,0,0.0,0.896452,available,calibration_not_released,unavailable
art_science_aoi_sample_202303_r2_12de5b9c94a1,region_ne_india_myanmar_candidate_r2,h26v06_r068_c086,68,86,95.6795,24.29167,2023-03,myd14a1_061_aqua,3100,2848,0,0.0,0.91871,available,calibration_not_released,unavailable
art_science_aoi_sample_202303_r2_12de5b9c94a1,region_ne_india_myanmar_candidate_r2,h26v06_r068_c087,68,87,95.77093,24.29167,2023-03,myd14a1_061_aqua,3100,2784,0,0.0,0.898065,available,calibration_not_released,unavailable
art_science_aoi_sample_202303_r2_12de5b9c94a1,region_ne_india_myanmar_candidate_r2,h26v06_r068_c088,68,88,95.86235,24.29167,2023-03,myd14a1_061_aqua,3100,2893,0,0.0,0.933226,available,calibration_not_released,unavailable
art_science_aoi_sample_202303_r2_12de5b9c94a1,region_ne_india_myanmar_candidate_r2,h26v06_r068_c089,68,89,95.95378,24.29167,2023-03,myd14a1_061_aqua,2852,2690,0,0.0,0.943198,available,calibration_not_released,unavailable
art_science_aoi_sample_202303_r2_12de5b9c94a1,region_ne_india_myanmar_candidate_r2,h26v06_r068_c090,68,90,96.04521,24.29167,2023-03,myd14a1_061_aqua,248,229,0,0.0,0.923387,available,calibration_not_released,unavailable
art_science_aoi_sample_202303_r2_12de5b9c94a1,region_ne_india_myanmar_candidate_r2,h26v06_r069_c057,69,57,92.96715,24.20833,2023-03,myd14a1_061_aqua,496,462,2,4.329,0.931452,available,calibration_not_released,unavailable
art_science_aoi_sample_202303_r2_12de5b9c94a1,region_ne_india_myanmar_candidate_r2,h26v06_r069_c058,69,58,93.05852,24.20833,2023-03,myd14a1_061_aqua,3007,2759,13,4.7119,0.917526,available,calibration_not_released,unavailable
art_science_aoi_sample_202303_r2_12de5b9c94a1,region_ne_india_myanmar_candidate_r2,h26v06_r069_c059,69,59,93.14989,24.20833,2023-03,myd14a1_061_aqua,3100,2810,1,0.3559,0.906452,available,calibration_not_released,unavailable
art_science_aoi_sample_202303_r2_12de5b9c94a1,region_ne_india_myanmar_candidate_r2,h26v06_r069_c060,69,60,93.24126,24.20833,2023-03,myd14a1_061_aqua,3100,2904,21,7.2314,0.936774,available,calibration_not_released,unavailable
art_science_aoi_sample_202303_r2_12de5b9c94a1,region_ne_india_myanmar_candidate_r2,h26v06_r069_c061,69,61,93.33263,24.20833,2023-03,myd14a1_061_aqua,3100,2862,16,5.5905,0.923226,available,calibration_not_released,unavailable
art_science_aoi_sample_202303_r2_12de5b9c94a1,region_ne_india_myanmar_candidate_r2,h26v06_r069_c062,69,62,93.42399,24.20833,2023-03,myd14a1_061_aqua,3100,2854,33,11.5627,0.920645,available,calibration_not_released,unavailable
art_science_aoi_sample_202303_r2_12de5b9c94a1,region_ne_india_myanmar_candidate_r2,h26v06_r069_c063,69,63,93.51536,24.20833,2023-03,myd14a1_061_aqua,3100,2866,17,5.9316,0.924516,available,calibration_not_released,unavailable
art_science_aoi_sample_202303_r2_12de5b9c94a1,region_ne_india_myanmar_candidate_r2,h26v06_r069_c064,69,64,93.60673,24.20833,2023-03,myd14a1_061_aqua,3100,2739,30,10.9529,0.883548,available,calibration_not_released,unavailable
art_science_aoi_sample_202303_r2_12de5b9c94a1,region_ne_india_myanmar_candidate_r2,h26v06_r069_c065,69,65,93.6981,24.20833,2023-03,myd14a1_061_aqua,3100,2751,61,22.1738,0.887419,available,calibration_not_released,unavailable
art_science_aoi_sample_202303_r2_12de5b9c94a1,region_ne_india_myanmar_candidate_r2,h26v06_r069_c066,69,66,93.78947,24.20833,2023-03,myd14a1_061_aqua,3100,2722,12,4.4085,0.878065,available,calibration_not_released,unavailable
art_science_aoi_sample_202303_r2_12de5b9c94a1,region_ne_india_myanmar_candidate_r2,h26v06_r069_c067,69,67,93.88084,24.20833,2023-03,myd14a1_061_aqua,3100,2736,0,0.0,0.882581,available,calibration_not_released,unavailable
art_science_aoi_sample_202303_r2_12de5b9c94a1,region_ne_india_myanmar_candidate_r2,h26v06_r069_c068,69,68,93.9722,24.20833,2023-03,myd14a1_061_aqua,3100,2726,0,0.0,0.879355,available,calibration_not_released,unavailable
art_science_aoi_sample_202303_r2_12de5b9c94a1,region_ne_india_myanmar_candidate_r2,h26v06_r069_c069,69,69,94.06357,24.20833,2023-03,myd14a1_061_aqua,3100,2697,0,0.0,0.87,available,calibration_not_released,unavailable
art_science_aoi_sample_202303_r2_12de5b9c94a1,region_ne_india_myanmar_candidate_r2,h26v06_r069_c070,69,70,94.15494,24.20833,2023-03,myd14a1_061_aqua,3100,2732,0,0.0,0.88129,available,calibration_not_released,unavailable
art_science_aoi_sample_202303_r2_12de5b9c94a1,region_ne_india_myanmar_candidate_r2,h26v06_r069_c071,69,71,94.24631,24.20833,2023-03,myd14a1_061_aqua,3100,2659,0,0.0,0.857742,available,calibration_not_released,unavailable
art_science_aoi_sample_202303_r2_12de5b9c94a1,region_ne_india_myanmar_candidate_r2,h26v06_r069_c072,69,72,94.33768,24.20833,2023-03,myd14a1_061_aqua,3100,2611,10,3.83,0.842258,available,calibration_not_released,unavailable
art_science_aoi_sample_202303_r2_12de5b9c94a1,region_ne_india_myanmar_candidate_r2,h26v06_r069_c073,69,73,94.42904,24.20833,2023-03,myd14a1_061_aqua,3100,2667,3,1.1249,0.860323,available,calibration_not_released,unavailable
art_science_aoi_sample_202303_r2_12de5b9c94a1,region_ne_india_myanmar_candidate_r2,h26v06_r069_c074,69,74,94.52041,24.20833,2023-03,myd14a1_061_aqua,3100,2640,0,0.0,0.851613,available,calibration_not_released,unavailable
art_science_aoi_sample_202303_r2_12de5b9c94a1,region_ne_india_myanmar_candidate_r2,h26v06_r069_c075,69,75,94.61178,24.20833,2023-03,myd14a1_061_aqua,2731,2280,0,0.0,0.834859,available,calibration_not_released,unavailable
art_science_aoi_sample_202303_r2_12de5b9c94a1,region_ne_india_myanmar_candidate_r2,h26v06_r069_c076,69,76,94.70315,24.20833,2023-03,myd14a1_061_aqua,2507,2157,0,0.0,0.860391,available,calibration_not_released,unavailable
art_science_aoi_sample_202303_r2_12de5b9c94a1,region_ne_india_myanmar_candidate_r2,h26v06_r069_c077,69,77,94.79452,24.20833,2023-03,myd14a1_061_aqua,3100,2721,2,0.735,0.877742,available,calibration_not_released,unavailable
art_science_aoi_sample_202303_r2_12de5b9c94a1,region_ne_india_myanmar_candidate_r2,h26v06_r069_c078,69,78,94.88589,24.20833,2023-03,myd14a1_061_aqua,3100,2785,1,0.3591,0.898387,available,calibration_not_released,unavailable
art_science_aoi_sample_202303_r2_12de5b9c94a1,region_ne_india_myanmar_candidate_r2,h26v06_r069_c079,69,79,94.97725,24.20833,2023-03,myd14a1_061_aqua,3100,2748,0,0.0,0.886452,available,calibration_not_released,unavailable
art_science_aoi_sample_202303_r2_12de5b9c94a1,region_ne_india_myanmar_candidate_r2,h26v06_r069_c080,69,80,95.06862,24.20833,2023-03,myd14a1_061_aqua,3100,2756,0,0.0,0.889032,available,calibration_not_released,unavailable
art_science_aoi_sample_202303_r2_12de5b9c94a1,region_ne_india_myanmar_candidate_r2,h26v06_r069_c081,69,81,95.15999,24.20833,2023-03,myd14a1_061_aqua,3100,2787,2,0.7176,0.899032,available,calibration_not_released,unavailable
art_science_aoi_sample_202303_r2_12de5b9c94a1,region_ne_india_myanmar_candidate_r2,h26v06_r069_c082,69,82,95.25136,24.20833,2023-03,myd14a1_061_aqua,3100,2795,7,2.5045,0.901613,available,calibration_not_released,unavailable
art_science_aoi_sample_202303_r2_12de5b9c94a1,region_ne_india_myanmar_candidate_r2,h26v06_r069_c083,69,83,95.34273,24.20833,2023-03,myd14a1_061_aqua,3100,2800,1,0.3571,0.903226,available,calibration_not_released,unavailable
art_science_aoi_sample_202303_r2_12de5b9c94a1,region_ne_india_myanmar_candidate_r2,h26v06_r069_c084,69,84,95.43409,24.20833,2023-03,myd14a1_061_aqua,3100,2758,1,0.3626,0.889677,available,calibration_not_released,unavailable
art_science_aoi_sample_202303_r2_12de5b9c94a1,region_ne_india_myanmar_candidate_r2,h26v06_r069_c085,69,85,95.52546,24.20833,2023-03,myd14a1_061_aqua,3100,2755,3,1.0889,0.88871,available,calibration_not_released,unavailable
art_science_aoi_sample_202303_r2_12de5b9c94a1,region_ne_india_myanmar_candidate_r2,h26v06_r069_c086,69,86,95.61683,24.20833,2023-03,myd14a1_061_aqua,3100,2738,0,0.0,0.883226,available,calibration_not_released,unavailable
art_science_aoi_sample_202303_r2_12de5b9c94a1,region_ne_india_myanmar_candidate_r2,h26v06_r069_c087,69,87,95.7082,24.20833,2023-03,myd14a1_061_aqua,3100,2772,2,0.7215,0.894194,available,calibration_not_released,unavailable
art_science_aoi_sample_202303_r2_12de5b9c94a1,region_ne_india_myanmar_candidate_r2,h26v06_r069_c088,69,88,95.79957,24.20833,2023-03,myd14a1_061_aqua,3100,2783,0,0.0,0.897742,available,calibration_not_released,unavailable
art_science_aoi_sample_202303_r2_12de5b9c94a1,region_ne_india_myanmar_candidate_r2,h26v06_r069_c089,69,89,95.89094,24.20833,2023-03,myd14a1_061_aqua,3100,2819,4,1.4189,0.909355,available,calibration_not_released,unavailable
art_science_aoi_sample_202303_r2_12de5b9c94a1,region_ne_india_myanmar_candidate_r2,h26v06_r069_c090,69,90,95.9823,24.20833,2023-03,myd14a1_061_aqua,2170,1956,2,1.0225,0.901382,available,calibration_not_released,unavailable
art_science_aoi_sample_202303_r2_12de5b9c94a1,region_ne_india_myanmar_candidate_r2,h26v06_r070_c058,70,58,92.99781,24.125,2023-03,myd14a1_061_aqua,1457,1299,3,2.3095,0.891558,available,calibration_not_released,unavailable
art_science_aoi_sample_202303_r2_12de5b9c94a1,region_ne_india_myanmar_candidate_r2,h26v06_r070_c059,70,59,93.08912,24.125,2023-03,myd14a1_061_aqua,3100,2734,0,0.0,0.881935,available,calibration_not_released,unavailable
art_science_aoi_sample_202303_r2_12de5b9c94a1,region_ne_india_myanmar_candidate_r2,h26v06_r070_c060,70,60,93.18042,24.125,2023-03,myd14a1_061_aqua,3100,2837,6,2.1149,0.915161,available,calibration_not_released,unavailable
art_science_aoi_sample_202303_r2_12de5b9c94a1,region_ne_india_myanmar_candidate_r2,h26v06_r070_c061,70,61,93.27173,24.125,2023-03,myd14a1_061_aqua,3100,2872,4,1.3928,0.926452,available,calibration_not_released,unavailable
art_science_aoi_sample_202303_r2_12de5b9c94a1,region_ne_india_myanmar_candidate_r2,h26v06_r070_c062,70,62,93.36304,24.125,2023-03,myd14a1_061_aqua,3100,2734,1,0.3658,0.881935,available,calibration_not_released,unavailable
art_science_aoi_sample_202303_r2_12de5b9c94a1,region_ne_india_myanmar_candidate_r2,h26v06_r070_c063,70,63,93.45435,24.125,2023-03,myd14a1_061_aqua,3100,2684,13,4.8435,0.865806,available,calibration_not_released,unavailable
art_science_aoi_sample_202303_r2_12de5b9c94a1,region_ne_india_myanmar_candidate_r2,h26v06_r070_c064,70,64,93.54566,24.125,2023-03,myd14a1_061_aqua,3100,2624,2,0.7622,0.846452,available,calibration_not_released,unavailable
art_science_aoi_sample_202303_r2_12de5b9c94a1,region_ne_india_myanmar_candidate_r2,h26v06_r070_c065,70,65,93.63697,24.125,2023-03,myd14a1_061_aqua,3100,2690,9,3.3457,0.867742,available,calibration_not_released,unavailable
art_science_aoi_sample_202303_r2_12de5b9c94a1,region_ne_india_myanmar_candidate_r2,h26v06_r070_c066,70,66,93.72828,24.125,2023-03,myd14a1_061_aqua,3100,2788,48,17.2166,0.899355,available,calibration_not_released,unavailable
art_science_aoi_sample_202303_r2_12de5b9c94a1,region_ne_india_myanmar_candidate_r2,h26v06_r070_c067,70,67,93.81959,24.125,2023-03,myd14a1_061_aqua,3100,2743,7,2.552,0.884839,available,calibration_not_released,unavailable
art_science_aoi_sample_202303_r2_12de5b9c94a1,region_ne_india_myanmar_candidate_r2,h26v06_r070_c068,70,68,93.91089,24.125,2023-03,myd14a1_061_aqua,3100,2806,1,0.3564,0.905161,available,calibration_not_released,unavailable
art_science_aoi_sample_202303_r2_12de5b9c94a1,region_ne_india_myanmar_candidate_r2,h26v06_r070_c069,70,69,94.0022,24.125,2023-03,myd14a1_061_aqua,3100,2683,5,1.8636,0.865484,available,calibration_not_released,unavailable
art_science_aoi_sample_202303_r2_12de5b9c94a1,region_ne_india_myanmar_candidate_r2,h26v06_r070_c070,70,70,94.09351,24.125,2023-03,myd14a1_061_aqua,3100,2667,10,3.7495,0.860323,available,calibration_not_released,unavailable
art_science_aoi_sample_202303_r2_12de5b9c94a1,region_ne_india_myanmar_candidate_r2,h26v06_r070_c071,70,71,94.18482,24.125,2023-03,myd14a1_061_aqua,3100,2672,9,3.3683,0.861935,available,calibration_not_released,unavailable
art_science_aoi_sample_202303_r2_12de5b9c94a1,region_ne_india_myanmar_candidate_r2,h26v06_r070_c072,70,72,94.27613,24.125,2023-03,myd14a1_061_aqua,3100,2705,16,5.915,0.872581,available,calibration_not_released,unavailable
art_science_aoi_sample_202303_r2_12de5b9c94a1,region_ne_india_myanmar_candidate_r2,h26v06_r070_c073,70,73,94.36744,24.125,2023-03,myd14a1_061_aqua,3100,2728,7,2.566,0.88,available,calibration_not_released,unavailable
art_science_aoi_sample_202303_r2_12de5b9c94a1,region_ne_india_myanmar_candidate_r2,h26v06_r070_c074,70,74,94.45875,24.125,2023-03,myd14a1_061_aqua,3100,2735,0,0.0,0.882258,available,calibration_not_released,unavailable
art_science_aoi_sample_202303_r2_12de5b9c94a1,region_ne_india_myanmar_candidate_r2,h26v06_r070_c075,70,75,94.55005,24.125,2023-03,myd14a1_061_aqua,2930,2500,0,0.0,0.853242,available,calibration_not_released,unavailable
art_science_aoi_sample_202303_r2_12de5b9c94a1,region_ne_india_myanmar_candidate_r2,h26v06_r070_c076,70,76,94.64136,24.125,2023-03,myd14a1_061_aqua,2214,1968,0,0.0,0.888889,available,calibration_not_released,unavailable
art_science_aoi_sample_202303_r2_12de5b9c94a1,region_ne_india_myanmar_candidate_r2,h26v06_r070_c077,70,77,94.73267,24.125,2023-03,myd14a1_061_aqua,3098,2665,0,0.0,0.860232,available,calibration_not_released,unavailable
art_science_aoi_sample_202303_r2_12de5b9c94a1,region_ne_india_myanmar_candidate_r2,h26v06_r070_c078,70,78,94.82398,24.125,2023-03,myd14a1_061_aqua,3100,2700,3,1.1111,0.870968,available,calibration_not_released,unavailable
art_science_aoi_sample_202303_r2_12de5b9c94a1,region_ne_india_myanmar_candidate_r2,h26v06_r070_c079,70,79,94.91529,24.125,2023-03,myd14a1_061_aqua,3100,2705,0,0.0,0.872581,available,calibration_not_released,unavailable
art_science_aoi_sample_202303_r2_12de5b9c94a1,region_ne_india_myanmar_candidate_r2,h26v06_r070_c080,70,80,95.0066,24.125,2023-03,myd14a1_061_aqua,3100,2783,0,0.0,0.897742,available,calibration_not_released,unavailable
art_science_aoi_sample_202303_r2_12de5b9c94a1,region_ne_india_myanmar_candidate_r2,h26v06_r070_c081,70,81,95.09791,24.125,2023-03,myd14a1_061_aqua,3100,2799,0,0.0,0.902903,available,calibration_not_released,unavailable
art_science_aoi_sample_202303_r2_12de5b9c94a1,region_ne_india_myanmar_candidate_r2,h26v06_r070_c082,70,82,95.18921,24.125,2023-03,myd14a1_061_aqua,3100,2797,0,0.0,0.902258,available,calibration_not_released,unavailable
art_science_aoi_sample_202303_r2_12de5b9c94a1,region_ne_india_myanmar_candidate_r2,h26v06_r070_c083,70,83,95.28052,24.125,2023-03,myd14a1_061_aqua,3100,2799,0,0.0,0.902903,available,calibration_not_released,unavailable
art_science_aoi_sample_202303_r2_12de5b9c94a1,region_ne_india_myanmar_candidate_r2,h26v06_r070_c084,70,84,95.37183,24.125,2023-03,myd14a1_061_aqua,3100,2756,0,0.0,0.889032,available,calibration_not_released,unavailable
art_science_aoi_sample_202303_r2_12de5b9c94a1,region_ne_india_myanmar_candidate_r2,h26v06_r070_c085,70,85,95.46314,24.125,2023-03,myd14a1_061_aqua,3100,2729,0,0.0,0.880323,available,calibration_not_released,unavailable
art_science_aoi_sample_202303_r2_12de5b9c94a1,region_ne_india_myanmar_candidate_r2,h26v06_r070_c086,70,86,95.55445,24.125,2023-03,myd14a1_061_aqua,3100,2750,1,0.3636,0.887097,available,calibration_not_released,unavailable
art_science_aoi_sample_202303_r2_12de5b9c94a1,region_ne_india_myanmar_candidate_r2,h26v06_r070_c087,70,87,95.64576,24.125,2023-03,myd14a1_061_aqua,3100,2760,0,0.0,0.890323,available,calibration_not_released,unavailable
art_science_aoi_sample_202303_r2_12de5b9c94a1,region_ne_india_myanmar_candidate_r2,h26v06_r070_c088,70,88,95.73707,24.125,2023-03,myd14a1_061_aqua,3100,2760,0,0.0,0.890323,available,calibration_not_released,unavailable
art_science_aoi_sample_202303_r2_12de5b9c94a1,region_ne_india_myanmar_candidate_r2,h26v06_r070_c089,70,89,95.82837,24.125,2023-03,myd14a1_061_aqua,3100,2794,5,1.7895,0.90129,available,calibration_not_released,unavailable
art_science_aoi_sample_202303_r2_12de5b9c94a1,region_ne_india_myanmar_candidate_r2,h26v06_r070_c090,70,90,95.91968,24.125,2023-03,myd14a1_061_aqua,3100,2762,8,2.8965,0.890968,available,calibration_not_released,unavailable
art_science_aoi_sample_202303_r2_12de5b9c94a1,region_ne_india_myanmar_candidate_r2,h26v06_r070_c091,70,91,96.01099,24.125,2023-03,myd14a1_061_aqua,1178,1032,6,5.814,0.876061,available,calibration_not_released,unavailable
art_science_aoi_sample_202303_r2_12de5b9c94a1,region_ne_india_myanmar_candidate_r2,h26v06_r071_c058,71,58,92.93737,24.04167,2023-03,myd14a1_061_aqua,31,29,0,0.0,0.935484,available,calibration_not_released,unavailable
art_science_aoi_sample_202303_r2_12de5b9c94a1,region_ne_india_myanmar_candidate_r2,h26v06_r071_c059,71,59,93.02862,24.04167,2023-03,myd14a1_061_aqua,2449,2249,11,4.8911,0.918334,available,calibration_not_released,unavailable
art_science_aoi_sample_202303_r2_12de5b9c94a1,region_ne_india_myanmar_candidate_r2,h26v06_r071_c060,71,60,93.11987,24.04167,2023-03,myd14a1_061_aqua,3100,2802,10,3.5689,0.903871,available,calibration_not_released,unavailable
art_science_aoi_sample_202303_r2_12de5b9c94a1,region_ne_india_myanmar_candidate_r2,h26v06_r071_c061,71,61,93.21112,24.04167,2023-03,myd14a1_061_aqua,3100,2829,14,4.9487,0.912581,available,calibration_not_released,unavailable
art_science_aoi_sample_202303_r2_12de5b9c94a1,region_ne_india_myanmar_candidate_r2,h26v06_r071_c062,71,62,93.30237,24.04167,2023-03,myd14a1_061_aqua,3100,2814,10,3.5537,0.907742,available,calibration_not_released,unavailable
art_science_aoi_sample_202303_r2_12de5b9c94a1,region_ne_india_myanmar_candidate_r2,h26v06_r071_c063,71,63,93.39362,24.04167,2023-03,myd14a1_061_aqua,3100,2732,1,0.366,0.88129,available,calibration_not_released,unavailable
art_science_aoi_sample_202303_r2_12de5b9c94a1,region_ne_india_myanmar_candidate_r2,h26v06_r071_c064,71,64,93.48487,24.04167,2023-03,myd14a1_061_aqua,3100,2767,19,6.8666,0.892581,available,calibration_not_released,unavailable
art_science_aoi_sample_202303_r2_12de5b9c94a1,region_ne_india_myanmar_candidate_r2,h26v06_r071_c065,71,65,93.57611,24.04167,2023-03,myd14a1_061_aqua,3100,2686,4,1.4892,0.866452,available,calibration_not_released,unavailable
art_science_aoi_sample_202303_r2_12de5b9c94a1,region_ne_india_myanmar_candidate_r2,h26v06_r071_c066,71,66,93.66736,24.04167,2023-03,myd14a1_061_aqua,3100,2714,3,1.1054,0.875484,available,calibration_not_released,unavailable
art_science_aoi_sample_202303_r2_12de5b9c94a1,region_ne_india_myanmar_candidate_r2,h26v06_r071_c067,71,67,93.75861,24.04167,2023-03,myd14a1_061_aqua,3100,2707,10,3.6941,0.873226,available,calibration_not_released,unavailable
art_science_aoi_sample_202303_r2_12de5b9c94a1,region_ne_india_myanmar_candidate_r2,h26v06_r071_c068,71,68,93.84986,24.04167,2023-03,myd14a1_061_aqua,3100,2748,16,5.8224,0.886452,available,calibration_not_released,unavailable
art_science_aoi_sample_202303_r2_12de5b9c94a1,region_ne_india_myanmar_candidate_r2,h26v06_r071_c069,71,69,93.94111,24.04167,2023-03,myd14a1_061_aqua,3100,2807,5,1.7813,0.905484,available,calibration_not_released,unavailable
art_science_aoi_sample_202303_r2_12de5b9c94a1,region_ne_india_myanmar_candidate_r2,h26v06_r071_c070,71,70,94.03236,24.04167,2023-03,myd14a1_061_aqua,3100,2747,0,0.0,0.886129,available,calibration_not_released,unavailable
art_science_aoi_sample_202303_r2_12de5b9c94a1,region_ne_india_myanmar_candidate_r2,h26v06_r071_c071,71,71,94.12361,24.04167,2023-03,myd14a1_061_aqua,3100,2592,5,1.929,0.836129,available,calibration_not_released,unavailable
art_science_aoi_sample_202303_r2_12de5b9c94a1,region_ne_india_myanmar_candidate_r2,h26v06_r071_c072,71,72,94.21486,24.04167,2023-03,myd14a1_061_aqua,3100,2695,11,4.0816,0.869355,available,calibration_not_released,unavailable
art_science_aoi_sample_202303_r2_12de5b9c94a1,region_ne_india_myanmar_candidate_r2,h26v06_r071_c073,71,73,94.30611,24.04167,2023-03,myd14a1_061_aqua,3100,2682,15,5.5928,0.865161,available,calibration_not_released,unavailable
art_science_aoi_sample_202303_r2_12de5b9c94a1,region_ne_india_myanmar_candidate_r2,h26v06_r071_c074,71,74,94.39736,24.04167,2023-03,myd14a1_061_aqua,3100,2691,2,0.7432,0.868065,available,calibration_not_released,unavailable
art_science_aoi_sample_202303_r2_12de5b9c94a1,region_ne_india_myanmar_candidate_r2,h26v06_r071_c075,71,75,94.48861,24.04167,2023-03,myd14a1_061_aqua,3095,2581,0,0.0,0.833926,available,calibration_not_released,unavailable
art_science_aoi_sample_202303_r2_12de5b9c94a1,region_ne_india_myanmar_candidate_r2,h26v06_r071_c076,71,76,94.57986,24.04167,2023-03,myd14a1_061_aqua,2299,2027,3,1.48,0.881688,available,calibration_not_released,unavailable
art_science_aoi_sample_202303_r2_12de5b9c94a1,region_ne_india_myanmar_candidate_r2,h26v06_r071_c077,71,77,94.67111,24.04167,2023-03,myd14a1_061_aqua,3099,2754,0,0.0,0.888674,available,calibration_not_released,unavailable
art_science_aoi_sample_202303_r2_12de5b9c94a1,region_ne_india_myanmar_candidate_r2,h26v06_r071_c078,71,78,94.76236,24.04167,2023-03,myd14a1_061_aqua,3100,2764,2,0.7236,0.891613,available,calibration_not_released,unavailable
art_science_aoi_sample_202303_r2_12de5b9c94a1,region_ne_india_myanmar_candidate_r2,h26v06_r071_c079,71,79,94.8536,24.04167,2023-03,myd14a1_061_aqua,3100,2771,2,0.7218,0.893871,available,calibration_not_released,unavailable
art_science_aoi_sample_202303_r2_12de5b9c94a1,region_ne_india_myanmar_candidate_r2,h26v06_r071_c080,71,80,94.94485,24.04167,2023-03,myd14a1_061_aqua,3100,2778,0,0.0,0.896129,available,calibration_not_released,unavailable
art_science_aoi_sample_202303_r2_12de5b9c94a1,region_ne_india_myanmar_candidate_r2,h26v06_r071_c081,71,81,95.0361,24.04167,2023-03,myd14a1_061_aqua,3100,2783,0,0.0,0.897742,available,calibration_not_released,unavailable
art_science_aoi_sample_202303_r2_12de5b9c94a1,region_ne_india_myanmar_candidate_r2,h26v06_r071_c082,71,82,95.12735,24.04167,2023-03,myd14a1_061_aqua,3100,2783,0,0.0,0.897742,available,calibration_not_released,unavailable
art_science_aoi_sample_202303_r2_12de5b9c94a1,region_ne_india_myanmar_candidate_r2,h26v06_r071_c083,71,83,95.2186,24.04167,2023-03,myd14a1_061_aqua,3100,2794,0,0.0,0.90129,available,calibration_not_released,unavailable
art_science_aoi_sample_202303_r2_12de5b9c94a1,region_ne_india_myanmar_candidate_r2,h26v06_r071_c084,71,84,95.30985,24.04167,2023-03,myd14a1_061_aqua,3100,2786,0,0.0,0.89871,available,calibration_not_released,unavailable
art_science_aoi_sample_202303_r2_12de5b9c94a1,region_ne_india_myanmar_candidate_r2,h26v06_r071_c085,71,85,95.4011,24.04167,2023-03,myd14a1_061_aqua,3100,2796,4,1.4306,0.901935,available,calibration_not_released,unavailable
art_science_aoi_sample_202303_r2_12de5b9c94a1,region_ne_india_myanmar_candidate_r2,h26v06_r071_c086,71,86,95.49235,24.04167,2023-03,myd14a1_061_aqua,3100,2732,0,0.0,0.88129,available,calibration_not_released,unavailable
art_science_aoi_sample_202303_r2_12de5b9c94a1,region_ne_india_myanmar_candidate_r2,h26v06_r071_c087,71,87,95.5836,24.04167,2023-03,myd14a1_061_aqua,3100,2786,0,0.0,0.89871,available,calibration_not_released,unavailable
art_science_aoi_sample_202303_r2_12de5b9c94a1,region_ne_india_myanmar_candidate_r2,h26v06_r071_c088,71,88,95.67485,24.04167,2023-03,myd14a1_061_aqua,3100,2794,0,0.0,0.90129,available,calibration_not_released,unavailable
art_science_aoi_sample_202303_r2_12de5b9c94a1,region_ne_india_myanmar_candidate_r2,h26v06_r071_c089,71,89,95.7661,24.04167,2023-03,myd14a1_061_aqua,3100,2734,0,0.0,0.881935,available,calibration_not_released,unavailable
art_science_aoi_sample_202303_r2_12de5b9c94a1,region_ne_india_myanmar_candidate_r2,h26v06_r071_c090,71,90,95.85735,24.04167,2023-03,myd14a1_061_aqua,3100,2723,3,1.1017,0.878387,available,calibration_not_released,unavailable
art_science_aoi_sample_202303_r2_12de5b9c94a1,region_ne_india_myanmar_candidate_r2,h26v06_r071_c091,71,91,95.9486,24.04167,2023-03,myd14a1_061_aqua,2945,2562,20,7.8064,0.869949,available,calibration_not_released,unavailable
art_science_aoi_sample_202303_r2_12de5b9c94a1,region_ne_india_myanmar_candidate_r2,h26v06_r071_c092,71,92,96.03984,24.04167,2023-03,myd14a1_061_aqua,372,323,0,0.0,0.86828,available,calibration_not_released,unavailable
art_science_aoi_sample_202303_r2_12de5b9c94a1,region_ne_india_myanmar_candidate_r2,h26v06_r072_c059,72,59,92.9684,23.95833,2023-03,myd14a1_061_aqua,589,539,0,0.0,0.91511,available,calibration_not_released,unavailable
art_science_aoi_sample_202303_r2_12de5b9c94a1,region_ne_india_myanmar_candidate_r2,h26v06_r072_c060,72,60,93.05959,23.95833,2023-03,myd14a1_061_aqua,3038,2707,2,0.7388,0.891047,available,calibration_not_released,unavailable
art_science_aoi_sample_202303_r2_12de5b9c94a1,region_ne_india_myanmar_candidate_r2,h26v06_r072_c061,72,61,93.15078,23.95833,2023-03,myd14a1_061_aqua,3100,2684,32,11.9225,0.865806,available,calibration_not_released,unavailable
art_science_aoi_sample_202303_r2_12de5b9c94a1,region_ne_india_myanmar_candidate_r2,h26v06_r072_c062,72,62,93.24197,23.95833,2023-03,myd14a1_061_aqua,3100,2648,7,2.6435,0.854194,available,calibration_not_released,unavailable
art_science_aoi_sample_202303_r2_12de5b9c94a1,region_ne_india_myanmar_candidate_r2,h26v06_r072_c063,72,63,93.33316,23.95833,2023-03,myd14a1_061_aqua,3100,2640,14,5.303,0.851613,available,calibration_not_released,unavailable
art_science_aoi_sample_202303_r2_12de5b9c94a1,region_ne_india_myanmar_candidate_r2,h26v06_r072_c064,72,64,93.42435,23.95833,2023-03,myd14a1_061_aqua,3100,2724,2,0.7342,0.87871,available,calibration_not_released,unavailable
art_science_aoi_sample_202303_r2_12de5b9c94a1,region_ne_india_myanmar_candidate_r2,h26v06_r072_c065,72,65,93.51554,23.95833,2023-03,myd14a1_061_aqua,3100,2673,0,0.0,0.862258,available,calibration_not_released,unavailable
art_science_aoi_sample_202303_r2_12de5b9c94a1,region_ne_india_myanmar_candidate_r2,h26v06_r072_c066,72,66,93.60673,23.95833,2023-03,myd14a1_061_aqua,3100,2613,10,3.827,0.842903,available,calibration_not_released,unavailable
art_science_aoi_sample_202303_r2_12de5b9c94a1,region_ne_india_myanmar_candidate_r2,h26v06_r072_c067,72,67,93.69792,23.95833,2023-03,myd14a1_061_aqua,3100,2703,31,11.4687,0.871935,available,calibration_not_released,unavailable
art_science_aoi_sample_202303_r2_12de5b9c94a1,region_ne_india_myanmar_candidate_r2,h26v06_r072_c068,72,68,93.78911,23.95833,2023-03,myd14a1_061_aqua,3100,2683,16,5.9635,0.865484,available,calibration_not_released,unavailable
art_science_aoi_sample_202303_r2_12de5b9c94a1,region_ne_india_myanmar_candidate_r2,h26v06_r072_c069,72,69,93.8803,23.95833,2023-03,myd14a1_061_aqua,3100,2746,4,1.4567,0.885806,available,calibration_not_released,unavailable
art_science_aoi_sample_202303_r2_12de5b9c94a1,region_ne_india_myanmar_candidate_r2,h26v06_r072_c070,72,70,93.97149,23.95833,2023-03,myd14a1_061_aqua,3100,2690,0,0.0,0.867742,available,calibration_not_released,unavailable
art_science_aoi_sample_202303_r2_12de5b9c94a1,region_ne_india_myanmar_candidate_r2,h26v06_r072_c071,72,71,94.06268,23.95833,2023-03,myd14a1_061_aqua,3100,2613,7,2.6789,0.842903,available,calibration_not_released,unavailable
art_science_aoi_sample_202303_r2_12de5b9c94a1,region_ne_india_myanmar_candidate_r2,h26v06_r072_c072,72,72,94.15387,23.95833,2023-03,myd14a1_061_aqua,3100,2729,16,5.863,0.880323,available,calibration_not_released,unavailable
art_science_aoi_sample_202303_r2_12de5b9c94a1,region_ne_india_myanmar_candidate_r2,h26v06_r072_c073,72,73,94.24506,23.95833,2023-03,myd14a1_061_aqua,3100,2621,18,6.8676,0.845484,available,calibration_not_released,unavailable
art_science_aoi_sample_202303_r2_12de5b9c94a1,region_ne_india_myanmar_candidate_r2,h26v06_r072_c074,72,74,94.33625,23.95833,2023-03,myd14a1_061_aqua,3100,2637,3,1.1377,0.850645,available,calibration_not_released,unavailable
art_science_aoi_sample_202303_r2_12de5b9c94a1,region_ne_india_myanmar_candidate_r2,h26v06_r072_c075,72,75,94.42744,23.95833,2023-03,myd14a1_061_aqua,3100,2664,0,0.0,0.859355,available,calibration_not_released,unavailable
art_science_aoi_sample_202303_r2_12de5b9c94a1,region_ne_india_myanmar_candidate_r2,h26v06_r072_c076,72,76,94.51863,23.95833,2023-03,myd14a1_061_aqua,2887,2498,1,0.4003,0.865258,available,calibration_not_released,unavailable
art_science_aoi_sample_202303_r2_12de5b9c94a1,region_ne_india_myanmar_candidate_r2,h26v06_r072_c077,72,77,94.60982,23.95833,2023-03,myd14a1_061_aqua,2555,2274,0,0.0,0.89002,available,calibration_not_released,unavailable
art_science_aoi_sample_202303_r2_12de5b9c94a1,region_ne_india_myanmar_candidate_r2,h26v06_r072_c078,72,78,94.70101,23.95833,2023-03,myd14a1_061_aqua,3091,2802,1,0.3569,0.906503,available,calibration_not_released,unavailable
art_science_aoi_sample_202303_r2_12de5b9c94a1,region_ne_india_myanmar_candidate_r2,h26v06_r072_c079,72,79,94.7922,23.95833,2023-03,myd14a1_061_aqua,3100,2803,0,0.0,0.904194,available,calibration_not_released,unavailable
art_science_aoi_sample_202303_r2_12de5b9c94a1,region_ne_india_myanmar_candidate_r2,h26v06_r072_c080,72,80,94.88339,23.95833,2023-03,myd14a1_061_aqua,3100,2770,0,0.0,0.893548,available,calibration_not_released,unavailable
art_science_aoi_sample_202303_r2_12de5b9c94a1,region_ne_india_myanmar_candidate_r2,h26v06_r072_c081,72,81,94.97458,23.95833,2023-03,myd14a1_061_aqua,3100,2800,0,0.0,0.903226,available,calibration_not_released,unavailable
art_science_aoi_sample_202303_r2_12de5b9c94a1,region_ne_india_myanmar_candidate_r2,h26v06_r072_c082,72,82,95.06577,23.95833,2023-03,myd14a1_061_aqua,3100,2800,0,0.0,0.903226,available,calibration_not_released,unavailable
art_science_aoi_sample_202303_r2_12de5b9c94a1,region_ne_india_myanmar_candidate_r2,h26v06_r072_c083,72,83,95.15696,23.95833,2023-03,myd14a1_061_aqua,3100,2765,0,0.0,0.891935,available,calibration_not_released,unavailable
art_science_aoi_sample_202303_r2_12de5b9c94a1,region_ne_india_myanmar_candidate_r2,h26v06_r072_c084,72,84,95.24815,23.95833,2023-03,myd14a1_061_aqua,3014,2667,1,0.375,0.884871,available,calibration_not_released,unavailable
art_science_aoi_sample_202303_r2_12de5b9c94a1,region_ne_india_myanmar_candidate_r2,h26v06_r072_c085,72,85,95.33934,23.95833,2023-03,myd14a1_061_aqua,2841,2490,3,1.2048,0.876452,available,calibration_not_released,unavailable
art_science_aoi_sample_202303_r2_12de5b9c94a1,region_ne_india_myanmar_candidate_r2,h26v06_r072_c086,72,86,95.43053,23.95833,2023-03,myd14a1_061_aqua,3100,2640,2,0.7576,0.851613,available,calibration_not_released,unavailable
art_science_aoi_sample_202303_r2_12de5b9c94a1,region_ne_india_myanmar_candidate_r2,h26v06_r072_c087,72,87,95.52172,23.95833,2023-03,myd14a1_061_aqua,3100,2708,4,1.4771,0.873548,available,calibration_not_released,unavailable
art_science_aoi_sample_202303_r2_12de5b9c94a1,region_ne_india_myanmar_candidate_r2,h26v06_r072_c088,72,88,95.61291,23.95833,2023-03,myd14a1_061_aqua,3100,2791,4,1.4332,0.900323,available,calibration_not_released,unavailable
art_science_aoi_sample_202303_r2_12de5b9c94a1,region_ne_india_myanmar_candidate_r2,h26v06_r072_c089,72,89,95.7041,23.95833,2023-03,myd14a1_061_aqua,3100,2776,0,0.0,0.895484,available,calibration_not_released,unavailable
art_science_aoi_sample_202303_r2_12de5b9c94a1,region_ne_india_myanmar_candidate_r2,h26v06_r072_c090,72,90,95.79529,23.95833,2023-03,myd14a1_061_aqua,3100,2694,0,0.0,0.869032,available,calibration_not_released,unavailable
art_science_aoi_sample_202303_r2_12de5b9c94a1,region_ne_india_myanmar_candidate_r2,h26v06_r072_c091,72,91,95.88648,23.95833,2023-03,myd14a1_061_aqua,3100,2616,3,1.1468,0.843871,available,calibration_not_released,unavailable
art_science_aoi_sample_202303_r2_12de5b9c94a1,region_ne_india_myanmar_candidate_r2,h26v06_r072_c092,72,92,95.97767,23.95833,2023-03,myd14a1_061_aqua,2263,1879,0,0.0,0.830314,available,calibration_not_released,unavailable
art_science_aoi_sample_202303_r2_12de5b9c94a1,region_ne_india_myanmar_candidate_r2,h26v06_r072_c093,72,93,96.06886,23.95833,2023-03,myd14a1_061_aqua,31,26,0,0.0,0.83871,available,calibration_not_released,unavailable
art_science_aoi_sample_202303_r2_12de5b9c94a1,region_ne_india_myanmar_candidate_r2,h26v06_r073_c060,73,60,92.99958,23.875,2023-03,myd14a1_061_aqua,1550,1400,0,0.0,0.903226,available,calibration_not_released,unavailable
art_science_aoi_sample_202303_r2_12de5b9c94a1,region_ne_india_myanmar_candidate_r2,h26v06_r073_c061,73,61,93.09071,23.875,2023-03,myd14a1_061_aqua,3100,2776,0,0.0,0.895484,available,calibration_not_released,unavailable
art_science_aoi_sample_202303_r2_12de5b9c94a1,region_ne_india_myanmar_candidate_r2,h26v06_r073_c062,73,62,93.18184,23.875,2023-03,myd14a1_061_aqua,3100,2775,0,0.0,0.895161,available,calibration_not_released,unavailable
art_science_aoi_sample_202303_r2_12de5b9c94a1,region_ne_india_myanmar_candidate_r2,h26v06_r073_c063,73,63,93.27298,23.875,2023-03,myd14a1_061_aqua,3100,2701,1,0.3702,0.87129,available,calibration_not_released,unavailable
art_science_aoi_sample_202303_r2_12de5b9c94a1,region_ne_india_myanmar_candidate_r2,h26v06_r073_c064,73,64,93.36411,23.875,2023-03,myd14a1_061_aqua,3100,2780,3,1.0791,0.896774,available,calibration_not_released,unavailable
art_science_aoi_sample_202303_r2_12de5b9c94a1,region_ne_india_myanmar_candidate_r2,h26v06_r073_c065,73,65,93.45524,23.875,2023-03,myd14a1_061_aqua,3100,2756,17,6.1684,0.889032,available,calibration_not_released,unavailable
art_science_aoi_sample_202303_r2_12de5b9c94a1,region_ne_india_myanmar_candidate_r2,h26v06_r073_c066,73,66,93.54637,23.875,2023-03,myd14a1_061_aqua,3100,2680,14,5.2239,0.864516,available,calibration_not_released,unavailable
art_science_aoi_sample_202303_r2_12de5b9c94a1,region_ne_india_myanmar_candidate_r2,h26v06_r073_c067,73,67,93.6375,23.875,2023-03,myd14a1_061_aqua,3100,2774,64,23.0714,0.894839,available,calibration_not_released,unavailable
art_science_aoi_sample_202303_r2_12de5b9c94a1,region_ne_india_myanmar_candidate_r2,h26v06_r073_c068,73,68,93.72863,23.875,2023-03,myd14a1_061_aqua,3100,2661,35,13.153,0.858387,available,calibration_not_released,unavailable
art_science_aoi_sample_202303_r2_12de5b9c94a1,region_ne_india_myanmar_candidate_r2,h26v06_r073_c069,73,69,93.81976,23.875,2023-03,myd14a1_061_aqua,3100,2769,21,7.584,0.893226,available,calibration_not_released,unavailable
art_science_aoi_sample_202303_r2_12de5b9c94a1,region_ne_india_myanmar_candidate_r2,h26v06_r073_c070,73,70,93.91089,23.875,2023-03,myd14a1_061_aqua,3100,2779,4,1.4394,0.896452,available,calibration_not_released,unavailable
art_science_aoi_sample_202303_r2_12de5b9c94a1,region_ne_india_myanmar_candidate_r2,h26v06_r073_c071,73,71,94.00203,23.875,2023-03,myd14a1_061_aqua,3100,2706,1,0.3695,0.872903,available,calibration_not_released,unavailable
art_science_aoi_sample_202303_r2_12de5b9c94a1,region_ne_india_myanmar_candidate_r2,h26v06_r073_c072,73,72,94.09316,23.875,2023-03,myd14a1_061_aqua,3100,2705,3,1.1091,0.872581,available,calibration_not_released,unavailable
art_science_aoi_sample_202303_r2_12de5b9c94a1,region_ne_india_myanmar_candidate_r2,h26v06_r073_c073,73,73,94.18429,23.875,2023-03,myd14a1_061_aqua,3100,2646,7,2.6455,0.853548,available,calibration_not_released,unavailable
art_science_aoi_sample_202303_r2_12de5b9c94a1,region_ne_india_myanmar_candidate_r2,h26v06_r073_c074,73,74,94.27542,23.875,2023-03,myd14a1_061_aqua,3100,2604,4,1.5361,0.84,available,calibration_not_released,unavailable
art_science_aoi_sample_202303_r2_12de5b9c94a1,region_ne_india_myanmar_candidate_r2,h26v06_r073_c075,73,75,94.36655,23.875,2023-03,myd14a1_061_aqua,3100,2568,0,0.0,0.828387,available,calibration_not_released,unavailable
art_science_aoi_sample_202303_r2_12de5b9c94a1,region_ne_india_myanmar_candidate_r2,h26v06_r073_c076,73,76,94.45768,23.875,2023-03,myd14a1_061_aqua,3024,2495,0,0.0,0.825066,available,calibration_not_released,unavailable
art_science_aoi_sample_202303_r2_12de5b9c94a1,region_ne_india_myanmar_candidate_r2,h26v06_r073_c077,73,77,94.54881,23.875,2023-03,myd14a1_061_aqua,2381,2084,0,0.0,0.875262,available,calibration_not_released,unavailable
art_science_aoi_sample_202303_r2_12de5b9c94a1,region_ne_india_myanmar_candidate_r2,h26v06_r073_c078,73,78,94.63995,23.875,2023-03,myd14a1_061_aqua,3100,2796,2,0.7153,0.901935,available,calibration_not_released,unavailable
art_science_aoi_sample_202303_r2_12de5b9c94a1,region_ne_india_myanmar_candidate_r2,h26v06_r073_c079,73,79,94.73108,23.875,2023-03,myd14a1_061_aqua,3100,2811,0,0.0,0.906774,available,calibration_not_released,unavailable
art_science_aoi_sample_202303_r2_12de5b9c94a1,region_ne_india_myanmar_candidate_r2,h26v06_r073_c080,73,80,94.82221,23.875,2023-03,myd14a1_061_aqua,3100,2801,0,0.0,0.903548,available,calibration_not_released,unavailable
art_science_aoi_sample_202303_r2_12de5b9c94a1,region_ne_india_myanmar_candidate_r2,h26v06_r073_c081,73,81,94.91334,23.875,2023-03,myd14a1_061_aqua,3100,2800,0,0.0,0.903226,available,calibration_not_released,unavailable
art_science_aoi_sample_202303_r2_12de5b9c94a1,region_ne_india_myanmar_candidate_r2,h26v06_r073_c082,73,82,95.00447,23.875,2023-03,myd14a1_061_aqua,3100,2778,0,0.0,0.896129,available,calibration_not_released,unavailable
art_science_aoi_sample_202303_r2_12de5b9c94a1,region_ne_india_myanmar_candidate_r2,h26v06_r073_c083,73,83,95.0956,23.875,2023-03,myd14a1_061_aqua,3100,2751,0,0.0,0.887419,available,calibration_not_released,unavailable
art_science_aoi_sample_202303_r2_12de5b9c94a1,region_ne_india_myanmar_candidate_r2,h26v06_r073_c084,73,84,95.18673,23.875,2023-03,myd14a1_061_aqua,3100,2688,0,0.0,0.867097,available,calibration_not_released,unavailable
art_science_aoi_sample_202303_r2_12de5b9c94a1,region_ne_india_myanmar_candidate_r2,h26v06_r073_c085,73,85,95.27787,23.875,2023-03,myd14a1_061_aqua,2878,2465,4,1.6227,0.856498,available,calibration_not_released,unavailable
art_science_aoi_sample_202303_r2_12de5b9c94a1,region_ne_india_myanmar_candidate_r2,h26v06_r073_c086,73,86,95.369,23.875,2023-03,myd14a1_061_aqua,3040,2603,0,0.0,0.85625,available,calibration_not_released,unavailable
art_science_aoi_sample_202303_r2_12de5b9c94a1,region_ne_india_myanmar_candidate_r2,h26v06_r073_c087,73,87,95.46013,23.875,2023-03,myd14a1_061_aqua,3100,2658,1,0.3762,0.857419,available,calibration_not_released,unavailable
art_science_aoi_sample_202303_r2_12de5b9c94a1,region_ne_india_myanmar_candidate_r2,h26v06_r073_c088,73,88,95.55126,23.875,2023-03,myd14a1_061_aqua,3100,2674,0,0.0,0.862581,available,calibration_not_released,unavailable
art_science_aoi_sample_202303_r2_12de5b9c94a1,region_ne_india_myanmar_candidate_r2,h26v06_r073_c089,73,89,95.64239,23.875,2023-03,myd14a1_061_aqua,3100,2683,0,0.0,0.865484,available,calibration_not_released,unavailable
art_science_aoi_sample_202303_r2_12de5b9c94a1,region_ne_india_myanmar_candidate_r2,h26v06_r073_c090,73,90,95.73352,23.875,2023-03,myd14a1_061_aqua,3100,2587,0,0.0,0.834516,available,calibration_not_released,unavailable
art_science_aoi_sample_202303_r2_12de5b9c94a1,region_ne_india_myanmar_candidate_r2,h26v06_r073_c091,73,91,95.82465,23.875,2023-03,myd14a1_061_aqua,3100,2580,0,0.0,0.832258,available,calibration_not_released,unavailable
art_science_aoi_sample_202303_r2_12de5b9c94a1,region_ne_india_myanmar_candidate_r2,h26v06_r073_c092,73,92,95.91579,23.875,2023-03,myd14a1_061_aqua,3100,2652,2,0.7541,0.855484,available,calibration_not_released,unavailable
art_science_aoi_sample_202303_r2_12de5b9c94a1,region_ne_india_myanmar_candidate_r2,h26v06_r073_c093,73,93,96.00692,23.875,2023-03,myd14a1_061_aqua,1333,1141,0,0.0,0.855964,available,calibration_not_released,unavailable
art_science_aoi_sample_202303_r2_12de5b9c94a1,region_ne_india_myanmar_candidate_r2,h26v06_r074_c060,74,60,92.93985,23.79167,2023-03,myd14a1_061_aqua,62,58,0,0.0,0.935484,available,calibration_not_released,unavailable
art_science_aoi_sample_202303_r2_12de5b9c94a1,region_ne_india_myanmar_candidate_r2,h26v06_r074_c061,74,61,93.03092,23.79167,2023-03,myd14a1_061_aqua,2511,2322,6,2.584,0.924731,available,calibration_not_released,unavailable
art_science_aoi_sample_202303_r2_12de5b9c94a1,region_ne_india_myanmar_candidate_r2,h26v06_r074_c062,74,62,93.12199,23.79167,2023-03,myd14a1_061_aqua,3100,2870,6,2.0906,0.925806,available,calibration_not_released,unavailable
art_science_aoi_sample_202303_r2_12de5b9c94a1,region_ne_india_myanmar_candidate_r2,h26v06_r074_c063,74,63,93.21307,23.79167,2023-03,myd14a1_061_aqua,3100,2777,14,5.0414,0.895806,available,calibration_not_released,unavailable
art_science_aoi_sample_202303_r2_12de5b9c94a1,region_ne_india_myanmar_candidate_r2,h26v06_r074_c064,74,64,93.30414,23.79167,2023-03,myd14a1_061_aqua,3100,2754,32,11.6195,0.888387,available,calibration_not_released,unavailable
art_science_aoi_sample_202303_r2_12de5b9c94a1,region_ne_india_myanmar_candidate_r2,h26v06_r074_c065,74,65,93.39521,23.79167,2023-03,myd14a1_061_aqua,3100,2858,13,4.5486,0.921935,available,calibration_not_released,unavailable
art_science_aoi_sample_202303_r2_12de5b9c94a1,region_ne_india_myanmar_candidate_r2,h26v06_r074_c066,74,66,93.48629,23.79167,2023-03,myd14a1_061_aqua,3100,2824,10,3.5411,0.910968,available,calibration_not_released,unavailable
art_science_aoi_sample_202303_r2_12de5b9c94a1,region_ne_india_myanmar_candidate_r2,h26v06_r074_c067,74,67,93.57736,23.79167,2023-03,myd14a1_061_aqua,3100,2854,25,8.7596,0.920645,available,calibration_not_released,unavailable
art_science_aoi_sample_202303_r2_12de5b9c94a1,region_ne_india_myanmar_candidate_r2,h26v06_r074_c068,74,68,93.66843,23.79167,2023-03,myd14a1_061_aqua,3100,2795,24,8.5868,0.901613,available,calibration_not_released,unavailable
art_science_aoi_sample_202303_r2_12de5b9c94a1,region_ne_india_myanmar_candidate_r2,h26v06_r074_c069,74,69,93.7595,23.79167,2023-03,myd14a1_061_aqua,3100,2830,17,6.0071,0.912903,available,calibration_not_released,unavailable
art_science_aoi_sample_202303_r2_12de5b9c94a1,region_ne_india_myanmar_candidate_r2,h26v06_r074_c070,74,70,93.85058,23.79167,2023-03,myd14a1_061_aqua,3100,2805,38,13.5472,0.904839,available,calibration_not_released,unavailable
art_science_aoi_sample_202303_r2_12de5b9c94a1,region_ne_india_myanmar_candidate_r2,h26v06_r074_c071,74,71,93.94165,23.79167,2023-03,myd14a1_061_aqua,3100,2716,2,0.7364,0.876129,available,calibration_not_released,unavailable
art_science_aoi_sample_202303_r2_12de5b9c94a1,region_ne_india_myanmar_candidate_r2,h26v06_r074_c072,74,72,94.03272,23.79167,2023-03,myd14a1_061_aqua,3100,2663,5,1.8776,0.859032,available,calibration_not_released,unavailable
art_science_aoi_sample_202303_r2_12de5b9c94a1,region_ne_india_myanmar_candidate_r2,h26v06_r074_c073,74,73,94.1238,23.79167,2023-03,myd14a1_061_aqua,3100,2661,1,0.3758,0.858387,available,calibration_not_released,unavailable
art_science_aoi_sample_202303_r2_12de5b9c94a1,region_ne_india_myanmar_candidate_r2,h26v06_r074_c074,74,74,94.21487,23.79167,2023-03,myd14a1_061_aqua,3100,2610,0,0.0,0.841935,available,calibration_not_released,unavailable
art_science_aoi_sample_202303_r2_12de5b9c94a1,region_ne_india_myanmar_candidate_r2,h26v06_r074_c075,74,75,94.30594,23.79167,2023-03,myd14a1_061_aqua,3100,2604,3,1.1521,0.84,available,calibration_not_released,unavailable
art_science_aoi_sample_202303_r2_12de5b9c94a1,region_ne_india_myanmar_candidate_r2,h26v06_r074_c076,74,76,94.39701,23.79167,2023-03,myd14a1_061_aqua,3100,2763,1,0.3619,0.89129,available,calibration_not_released,unavailable
art_science_aoi_sample_202303_r2_12de5b9c94a1,region_ne_india_myanmar_candidate_r2,h26v06_r074_c077,74,77,94.48809,23.79167,2023-03,myd14a1_061_aqua,2153,1912,2,1.046,0.888063,available,calibration_not_released,unavailable
art_science_aoi_sample_202303_r2_12de5b9c94a1,region_ne_india_myanmar_candidate_r2,h26v06_r074_c078,74,78,94.57916,23.79167,2023-03,myd14a1_061_aqua,3059,2734,1,0.3658,0.893756,available,calibration_not_released,unavailable
art_science_aoi_sample_202303_r2_12de5b9c94a1,region_ne_india_myanmar_candidate_r2,h26v06_r074_c079,74,79,94.67023,23.79167,2023-03,myd14a1_061_aqua,3100,2767,0,0.0,0.892581,available,calibration_not_released,unavailable
art_science_aoi_sample_202303_r2_12de5b9c94a1,region_ne_india_myanmar_candidate_r2,h26v06_r074_c080,74,80,94.76131,23.79167,2023-03,myd14a1_061_aqua,3100,2802,0,0.0,0.903871,available,calibration_not_released,unavailable
art_science_aoi_sample_202303_r2_12de5b9c94a1,region_ne_india_myanmar_candidate_r2,h26v06_r074_c081,74,81,94.85238,23.79167,2023-03,myd14a1_061_aqua,3100,2800,0,0.0,0.903226,available,calibration_not_released,unavailable
art_science_aoi_sample_202303_r2_12de5b9c94a1,region_ne_india_myanmar_candidate_r2,h26v06_r074_c082,74,82,94.94345,23.79167,2023-03,myd14a1_061_aqua,3100,2779,0,0.0,0.896452,available,calibration_not_released,unavailable
art_science_aoi_sample_202303_r2_12de5b9c94a1,region_ne_india_myanmar_candidate_r2,h26v06_r074_c083,74,83,95.03452,23.79167,2023-03,myd14a1_061_aqua,3100,2699,1,0.3705,0.870645,available,calibration_not_released,unavailable
art_science_aoi_sample_202303_r2_12de5b9c94a1,region_ne_india_myanmar_candidate_r2,h26v06_r074_c084,74,84,95.1256,23.79167,2023-03,myd14a1_061_aqua,3100,2669,6,2.248,0.860968,available,calibration_not_released,unavailable
art_science_aoi_sample_202303_r2_12de5b9c94a1,region_ne_india_myanmar_candidate_r2,h26v06_r074_c085,74,85,95.21667,23.79167,2023-03,myd14a1_061_aqua,3100,2654,23,8.6662,0.856129,available,calibration_not_released,unavailable
art_science_aoi_sample_202303_r2_12de5b9c94a1,region_ne_india_myanmar_candidate_r2,h26v06_r074_c086,74,86,95.30774,23.79167,2023-03,myd14a1_061_aqua,2959,2570,7,2.7237,0.868537,available,calibration_not_released,unavailable
art_science_aoi_sample_202303_r2_12de5b9c94a1,region_ne_india_myanmar_candidate_r2,h26v06_r074_c087,74,87,95.39882,23.79167,2023-03,myd14a1_061_aqua,3100,2742,2,0.7294,0.884516,available,calibration_not_released,unavailable
art_science_aoi_sample_202303_r2_12de5b9c94a1,region_ne_india_myanmar_candidate_r2,h26v06_r074_c088,74,88,95.48989,23.79167,2023-03,myd14a1_061_aqua,3100,2747,6,2.1842,0.886129,available,calibration_not_released,unavailable
art_science_aoi_sample_202303_r2_12de5b9c94a1,region_ne_india_myanmar_candidate_r2,h26v06_r074_c089,74,89,95.58096,23.79167,2023-03,myd14a1_061_aqua,3100,2711,9,3.3198,0.874516,available,calibration_not_released,unavailable
art_science_aoi_sample_202303_r2_12de5b9c94a1,region_ne_india_myanmar_candidate_r2,h26v06_r074_c090,74,90,95.67203,23.79167,2023-03,myd14a1_061_aqua,3100,2712,0,0.0,0.874839,available,calibration_not_released,unavailable
art_science_aoi_sample_202303_r2_12de5b9c94a1,region_ne_india_myanmar_candidate_r2,h26v06_r074_c091,74,91,95.76311,23.79167,2023-03,myd14a1_061_aqua,3100,2687,0,0.0,0.866774,available,calibration_not_released,unavailable
art_science_aoi_sample_202303_r2_12de5b9c94a1,region_ne_india_myanmar_candidate_r2,h26v06_r074_c092,74,92,95.85418,23.79167,2023-03,myd14a1_061_aqua,3100,2685,1,0.3724,0.866129,available,calibration_not_released,unavailable
art_science_aoi_sample_202303_r2_12de5b9c94a1,region_ne_india_myanmar_candidate_r2,h26v06_r074_c093,74,93,95.94525,23.79167,2023-03,myd14a1_061_aqua,2976,2656,0,0.0,0.892473,available,calibration_not_released,unavailable
art_science_aoi_sample_202303_r2_12de5b9c94a1,region_ne_india_myanmar_candidate_r2,h26v06_r074_c094,74,94,96.03633,23.79167,2023-03,myd14a1_061_aqua,434,391,0,0.0,0.900922,available,calibration_not_released,unavailable
art_science_aoi_sample_202303_r2_12de5b9c94a1,region_ne_india_myanmar_candidate_r2,h26v06_r075_c061,75,61,92.9714,23.70833,2023-03,myd14a1_061_aqua,620,576,5,8.6806,0.929032,available,calibration_not_released,unavailable
art_science_aoi_sample_202303_r2_12de5b9c94a1,region_ne_india_myanmar_candidate_r2,h26v06_r075_c062,75,62,93.06242,23.70833,2023-03,myd14a1_061_aqua,3069,2800,13,4.6429,0.912349,available,calibration_not_released,unavailable
art_science_aoi_sample_202303_r2_12de5b9c94a1,region_ne_india_myanmar_candidate_r2,h26v06_r075_c063,75,63,93.15343,23.70833,2023-03,myd14a1_061_aqua,3100,2717,7,2.5764,0.876452,available,calibration_not_released,unavailable
art_science_aoi_sample_202303_r2_12de5b9c94a1,region_ne_india_myanmar_candidate_r2,h26v06_r075_c064,75,64,93.24445,23.70833,2023-03,myd14a1_061_aqua,3100,2803,9,3.2108,0.904194,available,calibration_not_released,unavailable
art_science_aoi_sample_202303_r2_12de5b9c94a1,region_ne_india_myanmar_candidate_r2,h26v06_r075_c065,75,65,93.33546,23.70833,2023-03,myd14a1_061_aqua,3100,2844,0,0.0,0.917419,available,calibration_not_released,unavailable
art_science_aoi_sample_202303_r2_12de5b9c94a1,region_ne_india_myanmar_candidate_r2,h26v06_r075_c066,75,66,93.42648,23.70833,2023-03,myd14a1_061_aqua,3100,2856,13,4.5518,0.92129,available,calibration_not_released,unavailable
art_science_aoi_sample_202303_r2_12de5b9c94a1,region_ne_india_myanmar_candidate_r2,h26v06_r075_c067,75,67,93.51749,23.70833,2023-03,myd14a1_061_aqua,3100,2924,37,12.6539,0.943226,available,calibration_not_released,unavailable
art_science_aoi_sample_202303_r2_12de5b9c94a1,region_ne_india_myanmar_candidate_r2,h26v06_r075_c068,75,68,93.60851,23.70833,2023-03,myd14a1_061_aqua,3100,2860,24,8.3916,0.922581,available,calibration_not_released,unavailable
art_science_aoi_sample_202303_r2_12de5b9c94a1,region_ne_india_myanmar_candidate_r2,h26v06_r075_c069,75,69,93.69952,23.70833,2023-03,myd14a1_061_aqua,3100,2873,20,6.9614,0.926774,available,calibration_not_released,unavailable
art_science_aoi_sample_202303_r2_12de5b9c94a1,region_ne_india_myanmar_candidate_r2,h26v06_r075_c070,75,70,93.79053,23.70833,2023-03,myd14a1_061_aqua,3100,2824,63,22.3088,0.910968,available,calibration_not_released,unavailable
art_science_aoi_sample_202303_r2_12de5b9c94a1,region_ne_india_myanmar_candidate_r2,h26v06_r075_c071,75,71,93.88155,23.70833,2023-03,myd14a1_061_aqua,3100,2833,3,1.0589,0.913871,available,calibration_not_released,unavailable
art_science_aoi_sample_202303_r2_12de5b9c94a1,region_ne_india_myanmar_candidate_r2,h26v06_r075_c072,75,72,93.97256,23.70833,2023-03,myd14a1_061_aqua,3100,2725,0,0.0,0.879032,available,calibration_not_released,unavailable
art_science_aoi_sample_202303_r2_12de5b9c94a1,region_ne_india_myanmar_candidate_r2,h26v06_r075_c073,75,73,94.06358,23.70833,2023-03,myd14a1_061_aqua,3100,2662,7,2.6296,0.85871,available,calibration_not_released,unavailable
art_science_aoi_sample_202303_r2_12de5b9c94a1,region_ne_india_myanmar_candidate_r2,h26v06_r075_c074,75,74,94.15459,23.70833,2023-03,myd14a1_061_aqua,3100,2683,1,0.3727,0.865484,available,calibration_not_released,unavailable
art_science_aoi_sample_202303_r2_12de5b9c94a1,region_ne_india_myanmar_candidate_r2,h26v06_r075_c075,75,75,94.24561,23.70833,2023-03,myd14a1_061_aqua,3100,2680,0,0.0,0.864516,available,calibration_not_released,unavailable
art_science_aoi_sample_202303_r2_12de5b9c94a1,region_ne_india_myanmar_candidate_r2,h26v06_r075_c076,75,76,94.33662,23.70833,2023-03,myd14a1_061_aqua,3098,2789,3,1.0757,0.900258,available,calibration_not_released,unavailable
art_science_aoi_sample_202303_r2_12de5b9c94a1,region_ne_india_myanmar_candidate_r2,h26v06_r075_c077,75,77,94.42764,23.70833,2023-03,myd14a1_061_aqua,2603,2328,0,0.0,0.894353,available,calibration_not_released,unavailable
art_science_aoi_sample_202303_r2_12de5b9c94a1,region_ne_india_myanmar_candidate_r2,h26v06_r075_c078,75,78,94.51865,23.70833,2023-03,myd14a1_061_aqua,3100,2766,0,0.0,0.892258,available,calibration_not_released,unavailable
art_science_aoi_sample_202303_r2_12de5b9c94a1,region_ne_india_myanmar_candidate_r2,h26v06_r075_c079,75,79,94.60967,23.70833,2023-03,myd14a1_061_aqua,3100,2830,0,0.0,0.912903,available,calibration_not_released,unavailable
art_science_aoi_sample_202303_r2_12de5b9c94a1,region_ne_india_myanmar_candidate_r2,h26v06_r075_c080,75,80,94.70068,23.70833,2023-03,myd14a1_061_aqua,3100,2809,1,0.356,0.906129,available,calibration_not_released,unavailable
art_science_aoi_sample_202303_r2_12de5b9c94a1,region_ne_india_myanmar_candidate_r2,h26v06_r075_c081,75,81,94.79169,23.70833,2023-03,myd14a1_061_aqua,3100,2734,0,0.0,0.881935,available,calibration_not_released,unavailable
art_science_aoi_sample_202303_r2_12de5b9c94a1,region_ne_india_myanmar_candidate_r2,h26v06_r075_c082,75,82,94.88271,23.70833,2023-03,myd14a1_061_aqua,3100,2688,0,0.0,0.867097,available,calibration_not_released,unavailable
art_science_aoi_sample_202303_r2_12de5b9c94a1,region_ne_india_myanmar_candidate_r2,h26v06_r075_c083,75,83,94.97372,23.70833,2023-03,myd14a1_061_aqua,3100,2730,0,0.0,0.880645,available,calibration_not_released,unavailable
art_science_aoi_sample_202303_r2_12de5b9c94a1,region_ne_india_myanmar_candidate_r2,h26v06_r075_c084,75,84,95.06474,23.70833,2023-03,myd14a1_061_aqua,3100,2664,1,0.3754,0.859355,available,calibration_not_released,unavailable
art_science_aoi_sample_202303_r2_12de5b9c94a1,region_ne_india_myanmar_candidate_r2,h26v06_r075_c085,75,85,95.15575,23.70833,2023-03,myd14a1_061_aqua,3100,2698,9,3.3358,0.870323,available,calibration_not_released,unavailable
art_science_aoi_sample_202303_r2_12de5b9c94a1,region_ne_india_myanmar_candidate_r2,h26v06_r075_c086,75,86,95.24677,23.70833,2023-03,myd14a1_061_aqua,3100,2563,17,6.6329,0.826774,available,calibration_not_released,unavailable
art_science_aoi_sample_202303_r2_12de5b9c94a1,region_ne_india_myanmar_candidate_r2,h26v06_r075_c087,75,87,95.33778,23.70833,2023-03,myd14a1_061_aqua,3065,2675,3,1.1215,0.872757,available,calibration_not_released,unavailable
art_science_aoi_sample_202303_r2_12de5b9c94a1,region_ne_india_myanmar_candidate_r2,h26v06_r075_c088,75,88,95.4288,23.70833,2023-03,myd14a1_061_aqua,3099,2729,18,6.5958,0.880607,available,calibration_not_released,unavailable
art_science_aoi_sample_202303_r2_12de5b9c94a1,region_ne_india_myanmar_candidate_r2,h26v06_r075_c089,75,89,95.51981,23.70833,2023-03,myd14a1_061_aqua,3100,2725,20,7.3394,0.879032,available,calibration_not_released,unavailable
art_science_aoi_sample_202303_r2_12de5b9c94a1,region_ne_india_myanmar_candidate_r2,h26v06_r075_c090,75,90,95.61083,23.70833,2023-03,myd14a1_061_aqua,3100,2659,2,0.7522,0.857742,available,calibration_not_released,unavailable
art_science_aoi_sample_202303_r2_12de5b9c94a1,region_ne_india_myanmar_candidate_r2,h26v06_r075_c091,75,91,95.70184,23.70833,2023-03,myd14a1_061_aqua,3100,2685,0,0.0,0.866129,available,calibration_not_released,unavailable
art_science_aoi_sample_202303_r2_12de5b9c94a1,region_ne_india_myanmar_candidate_r2,h26v06_r075_c092,75,92,95.79286,23.70833,2023-03,myd14a1_061_aqua,3100,2762,0,0.0,0.890968,available,calibration_not_released,unavailable
art_science_aoi_sample_202303_r2_12de5b9c94a1,region_ne_india_myanmar_candidate_r2,h26v06_r075_c093,75,93,95.88387,23.70833,2023-03,myd14a1_061_aqua,3100,2910,0,0.0,0.93871,available,calibration_not_released,unavailable
art_science_aoi_sample_202303_r2_12de5b9c94a1,region_ne_india_myanmar_candidate_r2,h26v06_r075_c094,75,94,95.97488,23.70833,2023-03,myd14a1_061_aqua,2356,2262,0,0.0,0.960102,available,calibration_not_released,unavailable
art_science_aoi_sample_202303_r2_12de5b9c94a1,region_ne_india_myanmar_candidate_r2,h26v06_r075_c095,75,95,96.0659,23.70833,2023-03,myd14a1_061_aqua,31,30,0,0.0,0.967742,available,calibration_not_released,unavailable
art_science_aoi_sample_202303_r2_12de5b9c94a1,region_ne_india_myanmar_candidate_r2,h26v06_r076_c062,76,62,93.00311,23.625,2023-03,myd14a1_061_aqua,1643,1479,11,7.4375,0.900183,available,calibration_not_released,unavailable
art_science_aoi_sample_202303_r2_12de5b9c94a1,region_ne_india_myanmar_candidate_r2,h26v06_r076_c063,76,63,93.09407,23.625,2023-03,myd14a1_061_aqua,3100,2787,4,1.4352,0.899032,available,calibration_not_released,unavailable
art_science_aoi_sample_202303_r2_12de5b9c94a1,region_ne_india_myanmar_candidate_r2,h26v06_r076_c064,76,64,93.18503,23.625,2023-03,myd14a1_061_aqua,3100,2801,3,1.071,0.903548,available,calibration_not_released,unavailable
art_science_aoi_sample_202303_r2_12de5b9c94a1,region_ne_india_myanmar_candidate_r2,h26v06_r076_c065,76,65,93.27598,23.625,2023-03,myd14a1_061_aqua,3100,2869,12,4.1826,0.925484,available,calibration_not_released,unavailable
art_science_aoi_sample_202303_r2_12de5b9c94a1,region_ne_india_myanmar_candidate_r2,h26v06_r076_c066,76,66,93.36694,23.625,2023-03,myd14a1_061_aqua,3100,2758,15,5.4387,0.889677,available,calibration_not_released,unavailable
art_science_aoi_sample_202303_r2_12de5b9c94a1,region_ne_india_myanmar_candidate_r2,h26v06_r076_c067,76,67,93.4579,23.625,2023-03,myd14a1_061_aqua,3100,2875,24,8.3478,0.927419,available,calibration_not_released,unavailable
art_science_aoi_sample_202303_r2_12de5b9c94a1,region_ne_india_myanmar_candidate_r2,h26v06_r076_c068,76,68,93.54885,23.625,2023-03,myd14a1_061_aqua,3100,2853,4,1.402,0.920323,available,calibration_not_released,unavailable
art_science_aoi_sample_202303_r2_12de5b9c94a1,region_ne_india_myanmar_candidate_r2,h26v06_r076_c069,76,69,93.63981,23.625,2023-03,myd14a1_061_aqua,3100,2875,2,0.6957,0.927419,available,calibration_not_released,unavailable
art_science_aoi_sample_202303_r2_12de5b9c94a1,region_ne_india_myanmar_candidate_r2,h26v06_r076_c070,76,70,93.73077,23.625,2023-03,myd14a1_061_aqua,3100,2854,5,1.7519,0.920645,available,calibration_not_released,unavailable
art_science_aoi_sample_202303_r2_12de5b9c94a1,region_ne_india_myanmar_candidate_r2,h26v06_r076_c071,76,71,93.82172,23.625,2023-03,myd14a1_061_aqua,3100,2877,13,4.5186,0.928065,available,calibration_not_released,unavailable
art_science_aoi_sample_202303_r2_12de5b9c94a1,region_ne_india_myanmar_candidate_r2,h26v06_r076_c072,76,72,93.91268,23.625,2023-03,myd14a1_061_aqua,3100,2825,8,2.8319,0.91129,available,calibration_not_released,unavailable
art_science_aoi_sample_202303_r2_12de5b9c94a1,region_ne_india_myanmar_candidate_r2,h26v06_r076_c073,76,73,94.00364,23.625,2023-03,myd14a1_061_aqua,3100,2787,3,1.0764,0.899032,available,calibration_not_released,unavailable
art_science_aoi_sample_202303_r2_12de5b9c94a1,region_ne_india_myanmar_candidate_r2,h26v06_r076_c074,76,74,94.09459,23.625,2023-03,myd14a1_061_aqua,3100,2804,1,0.3566,0.904516,available,calibration_not_released,unavailable
art_science_aoi_sample_202303_r2_12de5b9c94a1,region_ne_india_myanmar_candidate_r2,h26v06_r076_c075,76,75,94.18555,23.625,2023-03,myd14a1_061_aqua,3100,2716,6,2.2091,0.876129,available,calibration_not_released,unavailable
art_science_aoi_sample_202303_r2_12de5b9c94a1,region_ne_india_myanmar_candidate_r2,h26v06_r076_c076,76,76,94.27651,23.625,2023-03,myd14a1_061_aqua,3100,2760,2,0.7246,0.890323,available,calibration_not_released,unavailable
art_science_aoi_sample_202303_r2_12de5b9c94a1,region_ne_india_myanmar_candidate_r2,h26v06_r076_c077,76,77,94.36746,23.625,2023-03,myd14a1_061_aqua,2972,2677,3,1.1207,0.90074,available,calibration_not_released,unavailable
art_science_aoi_sample_202303_r2_12de5b9c94a1,region_ne_india_myanmar_candidate_r2,h26v06_r076_c078,76,78,94.45842,23.625,2023-03,myd14a1_061_aqua,2850,2556,0,0.0,0.896842,available,calibration_not_released,unavailable
art_science_aoi_sample_202303_r2_12de5b9c94a1,region_ne_india_myanmar_candidate_r2,h26v06_r076_c079,76,79,94.54938,23.625,2023-03,myd14a1_061_aqua,3100,2775,0,0.0,0.895161,available,calibration_not_released,unavailable
art_science_aoi_sample_202303_r2_12de5b9c94a1,region_ne_india_myanmar_candidate_r2,h26v06_r076_c080,76,80,94.64033,23.625,2023-03,myd14a1_061_aqua,3100,2797,0,0.0,0.902258,available,calibration_not_released,unavailable
art_science_aoi_sample_202303_r2_12de5b9c94a1,region_ne_india_myanmar_candidate_r2,h26v06_r076_c081,76,81,94.73129,23.625,2023-03,myd14a1_061_aqua,3100,2739,0,0.0,0.883548,available,calibration_not_released,unavailable
art_science_aoi_sample_202303_r2_12de5b9c94a1,region_ne_india_myanmar_candidate_r2,h26v06_r076_c082,76,82,94.82225,23.625,2023-03,myd14a1_061_aqua,3100,2746,0,0.0,0.885806,available,calibration_not_released,unavailable
art_science_aoi_sample_202303_r2_12de5b9c94a1,region_ne_india_myanmar_candidate_r2,h26v06_r076_c083,76,83,94.9132,23.625,2023-03,myd14a1_061_aqua,3100,2794,0,0.0,0.90129,available,calibration_not_released,unavailable
art_science_aoi_sample_202303_r2_12de5b9c94a1,region_ne_india_myanmar_candidate_r2,h26v06_r076_c084,76,84,95.00416,23.625,2023-03,myd14a1_061_aqua,3100,2695,0,0.0,0.869355,available,calibration_not_released,unavailable
art_science_aoi_sample_202303_r2_12de5b9c94a1,region_ne_india_myanmar_candidate_r2,h26v06_r076_c085,76,85,95.09512,23.625,2023-03,myd14a1_061_aqua,3100,2654,3,1.1304,0.856129,available,calibration_not_released,unavailable
art_science_aoi_sample_202303_r2_12de5b9c94a1,region_ne_india_myanmar_candidate_r2,h26v06_r076_c086,76,86,95.18607,23.625,2023-03,myd14a1_061_aqua,3100,2610,9,3.4483,0.841935,available,calibration_not_released,unavailable
art_science_aoi_sample_202303_r2_12de5b9c94a1,region_ne_india_myanmar_candidate_r2,h26v06_r076_c087,76,87,95.27703,23.625,2023-03,myd14a1_061_aqua,3077,2604,9,3.4562,0.846279,available,calibration_not_released,unavailable
art_science_aoi_sample_202303_r2_12de5b9c94a1,region_ne_india_myanmar_candidate_r2,h26v06_r076_c088,76,88,95.36799,23.625,2023-03,myd14a1_061_aqua,2937,2511,7,2.7877,0.854954,available,calibration_not_released,unavailable
art_science_aoi_sample_202303_r2_12de5b9c94a1,region_ne_india_myanmar_candidate_r2,h26v06_r076_c089,76,89,95.45894,23.625,2023-03,myd14a1_061_aqua,3098,2688,6,2.2321,0.867657,available,calibration_not_released,unavailable
art_science_aoi_sample_202303_r2_12de5b9c94a1,region_ne_india_myanmar_candidate_r2,h26v06_r076_c090,76,90,95.5499,23.625,2023-03,myd14a1_061_aqua,3005,2709,0,0.0,0.901498,available,calibration_not_released,unavailable
art_science_aoi_sample_202303_r2_12de5b9c94a1,region_ne_india_myanmar_candidate_r2,h26v06_r076_c091,76,91,95.64086,23.625,2023-03,myd14a1_061_aqua,3100,2785,1,0.3591,0.898387,available,calibration_not_released,unavailable
art_science_aoi_sample_202303_r2_12de5b9c94a1,region_ne_india_myanmar_candidate_r2,h26v06_r076_c092,76,92,95.73181,23.625,2023-03,myd14a1_061_aqua,3100,2733,4,1.4636,0.881613,available,calibration_not_released,unavailable
art_science_aoi_sample_202303_r2_12de5b9c94a1,region_ne_india_myanmar_candidate_r2,h26v06_r076_c093,76,93,95.82277,23.625,2023-03,myd14a1_061_aqua,3100,2778,7,2.5198,0.896129,available,calibration_not_released,unavailable
art_science_aoi_sample_202303_r2_12de5b9c94a1,region_ne_india_myanmar_candidate_r2,h26v06_r076_c094,76,94,95.91373,23.625,2023-03,myd14a1_061_aqua,3100,2898,3,1.0352,0.934839,available,calibration_not_released,unavailable
art_science_aoi_sample_202303_r2_12de5b9c94a1,region_ne_india_myanmar_candidate_r2,h26v06_r076_c095,76,95,96.00468,23.625,2023-03,myd14a1_061_aqua,1364,1310,0,0.0,0.960411,available,calibration_not_released,unavailable
art_science_aoi_sample_202303_r2_12de5b9c94a1,region_ne_india_myanmar_candidate_r2,h26v06_r077_c062,77,62,92.94408,23.54167,2023-03,myd14a1_061_aqua,93,82,0,0.0,0.88172,available,calibration_not_released,unavailable
art_science_aoi_sample_202303_r2_12de5b9c94a1,region_ne_india_myanmar_candidate_r2,h26v06_r077_c063,77,63,93.03498,23.54167,2023-03,myd14a1_061_aqua,2666,2440,17,6.9672,0.915229,available,calibration_not_released,unavailable
art_science_aoi_sample_202303_r2_12de5b9c94a1,region_ne_india_myanmar_candidate_r2,h26v06_r077_c064,77,64,93.12588,23.54167,2023-03,myd14a1_061_aqua,3100,2931,19,6.4824,0.945484,available,calibration_not_released,unavailable
art_science_aoi_sample_202303_r2_12de5b9c94a1,region_ne_india_myanmar_candidate_r2,h26v06_r077_c065,77,65,93.21678,23.54167,2023-03,myd14a1_061_aqua,3100,2834,3,1.0586,0.914194,available,calibration_not_released,unavailable
art_science_aoi_sample_202303_r2_12de5b9c94a1,region_ne_india_myanmar_candidate_r2,h26v06_r077_c066,77,66,93.30768,23.54167,2023-03,myd14a1_061_aqua,3100,2760,0,0.0,0.890323,available,calibration_not_released,unavailable
art_science_aoi_sample_202303_r2_12de5b9c94a1,region_ne_india_myanmar_candidate_r2,h26v06_r077_c067,77,67,93.39858,23.54167,2023-03,myd14a1_061_aqua,3100,2839,24,8.4537,0.915806,available,calibration_not_released,unavailable
art_science_aoi_sample_202303_r2_12de5b9c94a1,region_ne_india_myanmar_candidate_r2,h26v06_r077_c068,77,68,93.48948,23.54167,2023-03,myd14a1_061_aqua,3100,2935,43,14.6508,0.946774,available,calibration_not_released,unavailable
art_science_aoi_sample_202303_r2_12de5b9c94a1,region_ne_india_myanmar_candidate_r2,h26v06_r077_c069,77,69,93.58037,23.54167,2023-03,myd14a1_061_aqua,3100,2879,12,4.1681,0.92871,available,calibration_not_released,unavailable
art_science_aoi_sample_202303_r2_12de5b9c94a1,region_ne_india_myanmar_candidate_r2,h26v06_r077_c070,77,70,93.67127,23.54167,2023-03,myd14a1_061_aqua,3100,2770,6,2.1661,0.893548,available,calibration_not_released,unavailable
art_science_aoi_sample_202303_r2_12de5b9c94a1,region_ne_india_myanmar_candidate_r2,h26v06_r077_c071,77,71,93.76217,23.54167,2023-03,myd14a1_061_aqua,3100,2771,15,5.4132,0.893871,available,calibration_not_released,unavailable
art_science_aoi_sample_202303_r2_12de5b9c94a1,region_ne_india_myanmar_candidate_r2,h26v06_r077_c072,77,72,93.85307,23.54167,2023-03,myd14a1_061_aqua,3100,2841,3,1.056,0.916452,available,calibration_not_released,unavailable
art_science_aoi_sample_202303_r2_12de5b9c94a1,region_ne_india_myanmar_candidate_r2,h26v06_r077_c073,77,73,93.94397,23.54167,2023-03,myd14a1_061_aqua,3100,2853,1,0.3505,0.920323,available,calibration_not_released,unavailable
art_science_aoi_sample_202303_r2_12de5b9c94a1,region_ne_india_myanmar_candidate_r2,h26v06_r077_c074,77,74,94.03487,23.54167,2023-03,myd14a1_061_aqua,3100,2861,3,1.0486,0.922903,available,calibration_not_released,unavailable
art_science_aoi_sample_202303_r2_12de5b9c94a1,region_ne_india_myanmar_candidate_r2,h26v06_r077_c075,77,75,94.12577,23.54167,2023-03,myd14a1_061_aqua,3100,2826,5,1.7693,0.911613,available,calibration_not_released,unavailable
art_science_aoi_sample_202303_r2_12de5b9c94a1,region_ne_india_myanmar_candidate_r2,h26v06_r077_c076,77,76,94.21667,23.54167,2023-03,myd14a1_061_aqua,3100,2743,0,0.0,0.884839,available,calibration_not_released,unavailable
art_science_aoi_sample_202303_r2_12de5b9c94a1,region_ne_india_myanmar_candidate_r2,h26v06_r077_c077,77,77,94.30757,23.54167,2023-03,myd14a1_061_aqua,3100,2749,1,0.3638,0.886774,available,calibration_not_released,unavailable
art_science_aoi_sample_202303_r2_12de5b9c94a1,region_ne_india_myanmar_candidate_r2,h26v06_r077_c078,77,78,94.39846,23.54167,2023-03,myd14a1_061_aqua,2616,2248,0,0.0,0.859327,available,calibration_not_released,unavailable
art_science_aoi_sample_202303_r2_12de5b9c94a1,region_ne_india_myanmar_candidate_r2,h26v06_r077_c079,77,79,94.48936,23.54167,2023-03,myd14a1_061_aqua,3090,2793,0,0.0,0.903883,available,calibration_not_released,unavailable
art_science_aoi_sample_202303_r2_12de5b9c94a1,region_ne_india_myanmar_candidate_r2,h26v06_r077_c080,77,80,94.58026,23.54167,2023-03,myd14a1_061_aqua,3100,2732,0,0.0,0.88129,available,calibration_not_released,unavailable
art_science_aoi_sample_202303_r2_12de5b9c94a1,region_ne_india_myanmar_candidate_r2,h26v06_r077_c081,77,81,94.67116,23.54167,2023-03,myd14a1_061_aqua,3100,2729,0,0.0,0.880323,available,calibration_not_released,unavailable
art_science_aoi_sample_202303_r2_12de5b9c94a1,region_ne_india_myanmar_candidate_r2,h26v06_r077_c082,77,82,94.76206,23.54167,2023-03,myd14a1_061_aqua,3100,2694,0,0.0,0.869032,available,calibration_not_released,unavailable
art_science_aoi_sample_202303_r2_12de5b9c94a1,region_ne_india_myanmar_candidate_r2,h26v06_r077_c083,77,83,94.85296,23.54167,2023-03,myd14a1_061_aqua,3100,2726,0,0.0,0.879355,available,calibration_not_released,unavailable
art_science_aoi_sample_202303_r2_12de5b9c94a1,region_ne_india_myanmar_candidate_r2,h26v06_r077_c084,77,84,94.94386,23.54167,2023-03,myd14a1_061_aqua,3100,2680,0,0.0,0.864516,available,calibration_not_released,unavailable
art_science_aoi_sample_202303_r2_12de5b9c94a1,region_ne_india_myanmar_candidate_r2,h26v06_r077_c085,77,85,95.03476,23.54167,2023-03,myd14a1_061_aqua,3100,2636,0,0.0,0.850323,available,calibration_not_released,unavailable
art_science_aoi_sample_202303_r2_12de5b9c94a1,region_ne_india_myanmar_candidate_r2,h26v06_r077_c086,77,86,95.12566,23.54167,2023-03,myd14a1_061_aqua,3100,2688,10,3.7202,0.867097,available,calibration_not_released,unavailable
art_science_aoi_sample_202303_r2_12de5b9c94a1,region_ne_india_myanmar_candidate_r2,h26v06_r077_c087,77,87,95.21655,23.54167,2023-03,myd14a1_061_aqua,3100,2615,18,6.8834,0.843548,available,calibration_not_released,unavailable
art_science_aoi_sample_202303_r2_12de5b9c94a1,region_ne_india_myanmar_candidate_r2,h26v06_r077_c088,77,88,95.30745,23.54167,2023-03,myd14a1_061_aqua,3040,2586,3,1.1601,0.850658,available,calibration_not_released,unavailable
art_science_aoi_sample_202303_r2_12de5b9c94a1,region_ne_india_myanmar_candidate_r2,h26v06_r077_c089,77,89,95.39835,23.54167,2023-03,myd14a1_061_aqua,2981,2630,1,0.3802,0.882254,available,calibration_not_released,unavailable
art_science_aoi_sample_202303_r2_12de5b9c94a1,region_ne_india_myanmar_candidate_r2,h26v06_r077_c090,77,90,95.48925,23.54167,2023-03,myd14a1_061_aqua,3100,2799,13,4.6445,0.902903,available,calibration_not_released,unavailable
art_science_aoi_sample_202303_r2_12de5b9c94a1,region_ne_india_myanmar_candidate_r2,h26v06_r077_c091,77,91,95.58015,23.54167,2023-03,myd14a1_061_aqua,3100,2873,15,5.221,0.926774,available,calibration_not_released,unavailable
art_science_aoi_sample_202303_r2_12de5b9c94a1,region_ne_india_myanmar_candidate_r2,h26v06_r077_c092,77,92,95.67105,23.54167,2023-03,myd14a1_061_aqua,3100,2810,4,1.4235,0.906452,available,calibration_not_released,unavailable
art_science_aoi_sample_202303_r2_12de5b9c94a1,region_ne_india_myanmar_candidate_r2,h26v06_r077_c093,77,93,95.76195,23.54167,2023-03,myd14a1_061_aqua,3100,2797,9,3.2177,0.902258,available,calibration_not_released,unavailable
art_science_aoi_sample_202303_r2_12de5b9c94a1,region_ne_india_myanmar_candidate_r2,h26v06_r077_c094,77,94,95.85285,23.54167,2023-03,myd14a1_061_aqua,3100,2841,17,5.9838,0.916452,available,calibration_not_released,unavailable
art_science_aoi_sample_202303_r2_12de5b9c94a1,region_ne_india_myanmar_candidate_r2,h26v06_r077_c095,77,95,95.94375,23.54167,2023-03,myd14a1_061_aqua,3000,2853,4,1.402,0.951,available,calibration_not_released,unavailable
art_science_aoi_sample_202303_r2_12de5b9c94a1,region_ne_india_myanmar_candidate_r2,h26v06_r077_c096,77,96,96.03464,23.54167,2023-03,myd14a1_061_aqua,421,398,1,2.5126,0.945368,available,calibration_not_released,unavailable
art_science_aoi_sample_202303_r2_12de5b9c94a1,region_ne_india_myanmar_candidate_r2,h26v06_r078_c063,78,63,92.97616,23.45833,2023-03,myd14a1_061_aqua,744,690,5,7.2464,0.927419,available,calibration_not_released,unavailable
art_science_aoi_sample_202303_r2_12de5b9c94a1,region_ne_india_myanmar_candidate_r2,h26v06_r078_c064,78,64,93.06701,23.45833,2023-03,myd14a1_061_aqua,3069,2831,33,11.6567,0.92245,available,calibration_not_released,unavailable
art_science_aoi_sample_202303_r2_12de5b9c94a1,region_ne_india_myanmar_candidate_r2,h26v06_r078_c065,78,65,93.15785,23.45833,2023-03,myd14a1_061_aqua,3100,2801,20,7.1403,0.903548,available,calibration_not_released,unavailable
art_science_aoi_sample_202303_r2_12de5b9c94a1,region_ne_india_myanmar_candidate_r2,h26v06_r078_c066,78,66,93.24869,23.45833,2023-03,myd14a1_061_aqua,3100,2844,18,6.3291,0.917419,available,calibration_not_released,unavailable
art_science_aoi_sample_202303_r2_12de5b9c94a1,region_ne_india_myanmar_candidate_r2,h26v06_r078_c067,78,67,93.33953,23.45833,2023-03,myd14a1_061_aqua,3100,2888,0,0.0,0.931613,available,calibration_not_released,unavailable
art_science_aoi_sample_202303_r2_12de5b9c94a1,region_ne_india_myanmar_candidate_r2,h26v06_r078_c068,78,68,93.43037,23.45833,2023-03,myd14a1_061_aqua,3100,2927,8,2.7332,0.944194,available,calibration_not_released,unavailable
art_science_aoi_sample_202303_r2_12de5b9c94a1,region_ne_india_myanmar_candidate_r2,h26v06_r078_c069,78,69,93.52121,23.45833,2023-03,myd14a1_061_aqua,3100,2932,7,2.3874,0.945806,available,calibration_not_released,unavailable
art_science_aoi_sample_202303_r2_12de5b9c94a1,region_ne_india_myanmar_candidate_r2,h26v06_r078_c070,78,70,93.61205,23.45833,2023-03,myd14a1_061_aqua,3100,2892,0,0.0,0.932903,available,calibration_not_released,unavailable
art_science_aoi_sample_202303_r2_12de5b9c94a1,region_ne_india_myanmar_candidate_r2,h26v06_r078_c071,78,71,93.7029,23.45833,2023-03,myd14a1_061_aqua,3100,2841,1,0.352,0.916452,available,calibration_not_released,unavailable
art_science_aoi_sample_202303_r2_12de5b9c94a1,region_ne_india_myanmar_candidate_r2,h26v06_r078_c072,78,72,93.79374,23.45833,2023-03,myd14a1_061_aqua,3100,2861,5,1.7476,0.922903,available,calibration_not_released,unavailable
art_science_aoi_sample_202303_r2_12de5b9c94a1,region_ne_india_myanmar_candidate_r2,h26v06_r078_c073,78,73,93.88458,23.45833,2023-03,myd14a1_061_aqua,3100,2765,2,0.7233,0.891935,available,calibration_not_released,unavailable
art_science_aoi_sample_202303_r2_12de5b9c94a1,region_ne_india_myanmar_candidate_r2,h26v06_r078_c074,78,74,93.97542,23.45833,2023-03,myd14a1_061_aqua,3100,2822,1,0.3544,0.910323,available,calibration_not_released,unavailable
art_science_aoi_sample_202303_r2_12de5b9c94a1,region_ne_india_myanmar_candidate_r2,h26v06_r078_c075,78,75,94.06626,23.45833,2023-03,myd14a1_061_aqua,3100,2866,0,0.0,0.924516,available,calibration_not_released,unavailable
art_science_aoi_sample_202303_r2_12de5b9c94a1,region_ne_india_myanmar_candidate_r2,h26v06_r078_c076,78,76,94.1571,23.45833,2023-03,myd14a1_061_aqua,3100,2790,0,0.0,0.9,available,calibration_not_released,unavailable
art_science_aoi_sample_202303_r2_12de5b9c94a1,region_ne_india_myanmar_candidate_r2,h26v06_r078_c077,78,77,94.24794,23.45833,2023-03,myd14a1_061_aqua,3100,2608,0,0.0,0.84129,available,calibration_not_released,unavailable
art_science_aoi_sample_202303_r2_12de5b9c94a1,region_ne_india_myanmar_candidate_r2,h26v06_r078_c078,78,78,94.33879,23.45833,2023-03,myd14a1_061_aqua,2591,2212,2,0.9042,0.853724,available,calibration_not_released,unavailable
art_science_aoi_sample_202303_r2_12de5b9c94a1,region_ne_india_myanmar_candidate_r2,h26v06_r078_c079,78,79,94.42963,23.45833,2023-03,myd14a1_061_aqua,3100,2751,0,0.0,0.887419,available,calibration_not_released,unavailable
art_science_aoi_sample_202303_r2_12de5b9c94a1,region_ne_india_myanmar_candidate_r2,h26v06_r078_c080,78,80,94.52047,23.45833,2023-03,myd14a1_061_aqua,3100,2821,0,0.0,0.91,available,calibration_not_released,unavailable
art_science_aoi_sample_202303_r2_12de5b9c94a1,region_ne_india_myanmar_candidate_r2,h26v06_r078_c081,78,81,94.61131,23.45833,2023-03,myd14a1_061_aqua,3100,2666,0,0.0,0.86,available,calibration_not_released,unavailable
art_science_aoi_sample_202303_r2_12de5b9c94a1,region_ne_india_myanmar_candidate_r2,h26v06_r078_c082,78,82,94.70215,23.45833,2023-03,myd14a1_061_aqua,3100,2637,0,0.0,0.850645,available,calibration_not_released,unavailable
art_science_aoi_sample_202303_r2_12de5b9c94a1,region_ne_india_myanmar_candidate_r2,h26v06_r078_c083,78,83,94.79299,23.45833,2023-03,myd14a1_061_aqua,3100,2697,3,1.1123,0.87,available,calibration_not_released,unavailable
art_science_aoi_sample_202303_r2_12de5b9c94a1,region_ne_india_myanmar_candidate_r2,h26v06_r078_c084,78,84,94.88383,23.45833,2023-03,myd14a1_061_aqua,3100,2705,0,0.0,0.872581,available,calibration_not_released,unavailable
art_science_aoi_sample_202303_r2_12de5b9c94a1,region_ne_india_myanmar_candidate_r2,h26v06_r078_c085,78,85,94.97467,23.45833,2023-03,myd14a1_061_aqua,3100,2625,1,0.381,0.846774,available,calibration_not_released,unavailable
art_science_aoi_sample_202303_r2_12de5b9c94a1,region_ne_india_myanmar_candidate_r2,h26v06_r078_c086,78,86,95.06552,23.45833,2023-03,myd14a1_061_aqua,3100,2673,0,0.0,0.862258,available,calibration_not_released,unavailable
art_science_aoi_sample_202303_r2_12de5b9c94a1,region_ne_india_myanmar_candidate_r2,h26v06_r078_c087,78,87,95.15636,23.45833,2023-03,myd14a1_061_aqua,3100,2716,10,3.6819,0.876129,available,calibration_not_released,unavailable
art_science_aoi_sample_202303_r2_12de5b9c94a1,region_ne_india_myanmar_candidate_r2,h26v06_r078_c088,78,88,95.2472,23.45833,2023-03,myd14a1_061_aqua,3100,2723,8,2.9379,0.878387,available,calibration_not_released,unavailable
art_science_aoi_sample_202303_r2_12de5b9c94a1,region_ne_india_myanmar_candidate_r2,h26v06_r078_c089,78,89,95.33804,23.45833,2023-03,myd14a1_061_aqua,3092,2764,0,0.0,0.89392,available,calibration_not_released,unavailable
art_science_aoi_sample_202303_r2_12de5b9c94a1,region_ne_india_myanmar_candidate_r2,h26v06_r078_c090,78,90,95.42888,23.45833,2023-03,myd14a1_061_aqua,3100,2815,0,0.0,0.908065,available,calibration_not_released,unavailable
art_science_aoi_sample_202303_r2_12de5b9c94a1,region_ne_india_myanmar_candidate_r2,h26v06_r078_c091,78,91,95.51972,23.45833,2023-03,myd14a1_061_aqua,3100,2830,7,2.4735,0.912903,available,calibration_not_released,unavailable
art_science_aoi_sample_202303_r2_12de5b9c94a1,region_ne_india_myanmar_candidate_r2,h26v06_r078_c092,78,92,95.61056,23.45833,2023-03,myd14a1_061_aqua,3100,2829,7,2.4744,0.912581,available,calibration_not_released,unavailable
art_science_aoi_sample_202303_r2_12de5b9c94a1,region_ne_india_myanmar_candidate_r2,h26v06_r078_c093,78,93,95.70141,23.45833,2023-03,myd14a1_061_aqua,3100,2824,1,0.3541,0.910968,available,calibration_not_released,unavailable
art_science_aoi_sample_202303_r2_12de5b9c94a1,region_ne_india_myanmar_candidate_r2,h26v06_r078_c094,78,94,95.79225,23.45833,2023-03,myd14a1_061_aqua,3100,2848,23,8.0758,0.91871,available,calibration_not_released,unavailable
art_science_aoi_sample_202303_r2_12de5b9c94a1,region_ne_india_myanmar_candidate_r2,h26v06_r078_c095,78,95,95.88309,23.45833,2023-03,myd14a1_061_aqua,3100,2936,4,1.3624,0.947097,available,calibration_not_released,unavailable
art_science_aoi_sample_202303_r2_12de5b9c94a1,region_ne_india_myanmar_candidate_r2,h26v06_r078_c096,78,96,95.97393,23.45833,2023-03,myd14a1_061_aqua,2194,2046,0,0.0,0.932543,available,calibration_not_released,unavailable
art_science_aoi_sample_202303_r2_12de5b9c94a1,region_ne_india_myanmar_candidate_r2,h26v06_r078_c097,78,97,96.06477,23.45833,2023-03,myd14a1_061_aqua,9,8,0,0.0,0.888889,available,calibration_not_released,unavailable
art_science_aoi_sample_202303_r2_12de5b9c94a1,region_ne_india_myanmar_candidate_r2,h26v06_r079_c064,79,64,93.0084,23.375,2023-03,myd14a1_061_aqua,1860,1764,16,9.0703,0.948387,available,calibration_not_released,unavailable
art_science_aoi_sample_202303_r2_12de5b9c94a1,region_ne_india_myanmar_candidate_r2,h26v06_r079_c065,79,65,93.09919,23.375,2023-03,myd14a1_061_aqua,3100,2867,29,10.1151,0.924839,available,calibration_not_released,unavailable
art_science_aoi_sample_202303_r2_12de5b9c94a1,region_ne_india_myanmar_candidate_r2,h26v06_r079_c066,79,66,93.18997,23.375,2023-03,myd14a1_061_aqua,3100,2850,17,5.9649,0.919355,available,calibration_not_released,unavailable
art_science_aoi_sample_202303_r2_12de5b9c94a1,region_ne_india_myanmar_candidate_r2,h26v06_r079_c067,79,67,93.28075,23.375,2023-03,myd14a1_061_aqua,3100,2929,15,5.1212,0.944839,available,calibration_not_released,unavailable
art_science_aoi_sample_202303_r2_12de5b9c94a1,region_ne_india_myanmar_candidate_r2,h26v06_r079_c068,79,68,93.37154,23.375,2023-03,myd14a1_061_aqua,3088,2866,19,6.6294,0.928109,available,calibration_not_released,unavailable
art_science_aoi_sample_202303_r2_12de5b9c94a1,region_ne_india_myanmar_candidate_r2,h26v06_r079_c069,79,69,93.46232,23.375,2023-03,myd14a1_061_aqua,3099,2866,17,5.9316,0.924814,available,calibration_not_released,unavailable
art_science_aoi_sample_202303_r2_12de5b9c94a1,region_ne_india_myanmar_candidate_r2,h26v06_r079_c070,79,70,93.55311,23.375,2023-03,myd14a1_061_aqua,3100,2919,15,5.1387,0.941613,available,calibration_not_released,unavailable
art_science_aoi_sample_202303_r2_12de5b9c94a1,region_ne_india_myanmar_candidate_r2,h26v06_r079_c071,79,71,93.64389,23.375,2023-03,myd14a1_061_aqua,3100,2901,4,1.3788,0.935806,available,calibration_not_released,unavailable
art_science_aoi_sample_202303_r2_12de5b9c94a1,region_ne_india_myanmar_candidate_r2,h26v06_r079_c072,79,72,93.73468,23.375,2023-03,myd14a1_061_aqua,3100,2843,3,1.0552,0.917097,available,calibration_not_released,unavailable
art_science_aoi_sample_202303_r2_12de5b9c94a1,region_ne_india_myanmar_candidate_r2,h26v06_r079_c073,79,73,93.82546,23.375,2023-03,myd14a1_061_aqua,3100,2860,4,1.3986,0.922581,available,calibration_not_released,unavailable
art_science_aoi_sample_202303_r2_12de5b9c94a1,region_ne_india_myanmar_candidate_r2,h26v06_r079_c074,79,74,93.91624,23.375,2023-03,myd14a1_061_aqua,3100,2756,0,0.0,0.889032,available,calibration_not_released,unavailable
art_science_aoi_sample_202303_r2_12de5b9c94a1,region_ne_india_myanmar_candidate_r2,h26v06_r079_c075,79,75,94.00703,23.375,2023-03,myd14a1_061_aqua,3100,2759,2,0.7249,0.89,available,calibration_not_released,unavailable
art_science_aoi_sample_202303_r2_12de5b9c94a1,region_ne_india_myanmar_candidate_r2,h26v06_r079_c076,79,76,94.09781,23.375,2023-03,myd14a1_061_aqua,3100,2716,0,0.0,0.876129,available,calibration_not_released,unavailable
art_science_aoi_sample_202303_r2_12de5b9c94a1,region_ne_india_myanmar_candidate_r2,h26v06_r079_c077,79,77,94.1886,23.375,2023-03,myd14a1_061_aqua,3100,2615,1,0.3824,0.843548,available,calibration_not_released,unavailable
art_science_aoi_sample_202303_r2_12de5b9c94a1,region_ne_india_myanmar_candidate_r2,h26v06_r079_c078,79,78,94.27938,23.375,2023-03,myd14a1_061_aqua,2933,2568,2,0.7788,0.875554,available,calibration_not_released,unavailable
art_science_aoi_sample_202303_r2_12de5b9c94a1,region_ne_india_myanmar_candidate_r2,h26v06_r079_c079,79,79,94.37016,23.375,2023-03,myd14a1_061_aqua,2850,2553,0,0.0,0.895789,available,calibration_not_released,unavailable
art_science_aoi_sample_202303_r2_12de5b9c94a1,region_ne_india_myanmar_candidate_r2,h26v06_r079_c080,79,80,94.46095,23.375,2023-03,myd14a1_061_aqua,3100,2805,3,1.0695,0.904839,available,calibration_not_released,unavailable
art_science_aoi_sample_202303_r2_12de5b9c94a1,region_ne_india_myanmar_candidate_r2,h26v06_r079_c081,79,81,94.55173,23.375,2023-03,myd14a1_061_aqua,3100,2748,0,0.0,0.886452,available,calibration_not_released,unavailable
art_science_aoi_sample_202303_r2_12de5b9c94a1,region_ne_india_myanmar_candidate_r2,h26v06_r079_c082,79,82,94.64252,23.375,2023-03,myd14a1_061_aqua,3100,2713,0,0.0,0.875161,available,calibration_not_released,unavailable
art_science_aoi_sample_202303_r2_12de5b9c94a1,region_ne_india_myanmar_candidate_r2,h26v06_r079_c083,79,83,94.7333,23.375,2023-03,myd14a1_061_aqua,3100,2672,0,0.0,0.861935,available,calibration_not_released,unavailable
art_science_aoi_sample_202303_r2_12de5b9c94a1,region_ne_india_myanmar_candidate_r2,h26v06_r079_c084,79,84,94.82409,23.375,2023-03,myd14a1_061_aqua,3100,2661,0,0.0,0.858387,available,calibration_not_released,unavailable
art_science_aoi_sample_202303_r2_12de5b9c94a1,region_ne_india_myanmar_candidate_r2,h26v06_r079_c085,79,85,94.91487,23.375,2023-03,myd14a1_061_aqua,3100,2598,0,0.0,0.838065,available,calibration_not_released,unavailable
art_science_aoi_sample_202303_r2_12de5b9c94a1,region_ne_india_myanmar_candidate_r2,h26v06_r079_c086,79,86,95.00565,23.375,2023-03,myd14a1_061_aqua,3100,2660,5,1.8797,0.858065,available,calibration_not_released,unavailable
art_science_aoi_sample_202303_r2_12de5b9c94a1,region_ne_india_myanmar_candidate_r2,h26v06_r079_c087,79,87,95.09644,23.375,2023-03,myd14a1_061_aqua,3100,2695,15,5.5659,0.869355,available,calibration_not_released,unavailable
art_science_aoi_sample_202303_r2_12de5b9c94a1,region_ne_india_myanmar_candidate_r2,h26v06_r079_c088,79,88,95.18722,23.375,2023-03,myd14a1_061_aqua,3100,2718,14,5.1508,0.876774,available,calibration_not_released,unavailable
art_science_aoi_sample_202303_r2_12de5b9c94a1,region_ne_india_myanmar_candidate_r2,h26v06_r079_c089,79,89,95.27801,23.375,2023-03,myd14a1_061_aqua,3100,2737,0,0.0,0.882903,available,calibration_not_released,unavailable
art_science_aoi_sample_202303_r2_12de5b9c94a1,region_ne_india_myanmar_candidate_r2,h26v06_r079_c090,79,90,95.36879,23.375,2023-03,myd14a1_061_aqua,3100,2799,0,0.0,0.902903,available,calibration_not_released,unavailable
art_science_aoi_sample_202303_r2_12de5b9c94a1,region_ne_india_myanmar_candidate_r2,h26v06_r079_c091,79,91,95.45957,23.375,2023-03,myd14a1_061_aqua,3100,2864,3,1.0475,0.923871,available,calibration_not_released,unavailable
art_science_aoi_sample_202303_r2_12de5b9c94a1,region_ne_india_myanmar_candidate_r2,h26v06_r079_c092,79,92,95.55036,23.375,2023-03,myd14a1_061_aqua,3087,2834,0,0.0,0.918043,available,calibration_not_released,unavailable
art_science_aoi_sample_202303_r2_12de5b9c94a1,region_ne_india_myanmar_candidate_r2,h26v06_r079_c093,79,93,95.64114,23.375,2023-03,myd14a1_061_aqua,3100,2826,0,0.0,0.911613,available,calibration_not_released,unavailable
art_science_aoi_sample_202303_r2_12de5b9c94a1,region_ne_india_myanmar_candidate_r2,h26v06_r079_c094,79,94,95.73193,23.375,2023-03,myd14a1_061_aqua,3100,2812,6,2.1337,0.907097,available,calibration_not_released,unavailable
art_science_aoi_sample_202303_r2_12de5b9c94a1,region_ne_india_myanmar_candidate_r2,h26v06_r079_c095,79,95,95.82271,23.375,2023-03,myd14a1_061_aqua,3100,2787,2,0.7176,0.899032,available,calibration_not_released,unavailable
art_science_aoi_sample_202303_r2_12de5b9c94a1,region_ne_india_myanmar_candidate_r2,h26v06_r079_c096,79,96,95.9135,23.375,2023-03,myd14a1_061_aqua,3097,2865,4,1.3962,0.925089,available,calibration_not_released,unavailable
art_science_aoi_sample_202303_r2_12de5b9c94a1,region_ne_india_myanmar_candidate_r2,h26v06_r079_c097,79,97,96.00428,23.375,2023-03,myd14a1_061_aqua,1016,926,0,0.0,0.911417,available,calibration_not_released,unavailable
art_science_aoi_sample_202303_r2_12de5b9c94a1,region_ne_india_myanmar_candidate_r2,h26v06_r080_c064,80,64,92.95007,23.29167,2023-03,myd14a1_061_aqua,155,150,0,0.0,0.967742,available,calibration_not_released,unavailable
art_science_aoi_sample_202303_r2_12de5b9c94a1,region_ne_india_myanmar_candidate_r2,h26v06_r080_c065,80,65,93.0408,23.29167,2023-03,myd14a1_061_aqua,2790,2646,15,5.6689,0.948387,available,calibration_not_released,unavailable
art_science_aoi_sample_202303_r2_12de5b9c94a1,region_ne_india_myanmar_candidate_r2,h26v06_r080_c066,80,66,93.13152,23.29167,2023-03,myd14a1_061_aqua,3100,2825,31,10.9735,0.91129,available,calibration_not_released,unavailable
art_science_aoi_sample_202303_r2_12de5b9c94a1,region_ne_india_myanmar_candidate_r2,h26v06_r080_c067,80,67,93.22225,23.29167,2023-03,myd14a1_061_aqua,3100,2888,4,1.385,0.931613,available,calibration_not_released,unavailable
art_science_aoi_sample_202303_r2_12de5b9c94a1,region_ne_india_myanmar_candidate_r2,h26v06_r080_c068,80,68,93.31298,23.29167,2023-03,myd14a1_061_aqua,3100,2912,24,8.2418,0.939355,available,calibration_not_released,unavailable
art_science_aoi_sample_202303_r2_12de5b9c94a1,region_ne_india_myanmar_candidate_r2,h26v06_r080_c069,80,69,93.4037,23.29167,2023-03,myd14a1_061_aqua,3100,2846,30,10.5411,0.918065,available,calibration_not_released,unavailable
art_science_aoi_sample_202303_r2_12de5b9c94a1,region_ne_india_myanmar_candidate_r2,h26v06_r080_c070,80,70,93.49443,23.29167,2023-03,myd14a1_061_aqua,3100,2885,6,2.0797,0.930645,available,calibration_not_released,unavailable
art_science_aoi_sample_202303_r2_12de5b9c94a1,region_ne_india_myanmar_candidate_r2,h26v06_r080_c071,80,71,93.58516,23.29167,2023-03,myd14a1_061_aqua,3100,2850,1,0.3509,0.919355,available,calibration_not_released,unavailable
art_science_aoi_sample_202303_r2_12de5b9c94a1,region_ne_india_myanmar_candidate_r2,h26v06_r080_c072,80,72,93.67589,23.29167,2023-03,myd14a1_061_aqua,3100,2800,8,2.8571,0.903226,available,calibration_not_released,unavailable
art_science_aoi_sample_202303_r2_12de5b9c94a1,region_ne_india_myanmar_candidate_r2,h26v06_r080_c073,80,73,93.76661,23.29167,2023-03,myd14a1_061_aqua,3100,2798,1,0.3574,0.902581,available,calibration_not_released,unavailable
art_science_aoi_sample_202303_r2_12de5b9c94a1,region_ne_india_myanmar_candidate_r2,h26v06_r080_c074,80,74,93.85734,23.29167,2023-03,myd14a1_061_aqua,3100,2763,0,0.0,0.89129,available,calibration_not_released,unavailable
art_science_aoi_sample_202303_r2_12de5b9c94a1,region_ne_india_myanmar_candidate_r2,h26v06_r080_c075,80,75,93.94807,23.29167,2023-03,myd14a1_061_aqua,3100,2679,0,0.0,0.864194,available,calibration_not_released,unavailable
art_science_aoi_sample_202303_r2_12de5b9c94a1,region_ne_india_myanmar_candidate_r2,h26v06_r080_c076,80,76,94.03879,23.29167,2023-03,myd14a1_061_aqua,3100,2683,0,0.0,0.865484,available,calibration_not_released,unavailable
art_science_aoi_sample_202303_r2_12de5b9c94a1,region_ne_india_myanmar_candidate_r2,h26v06_r080_c077,80,77,94.12952,23.29167,2023-03,myd14a1_061_aqua,3100,2730,1,0.3663,0.880645,available,calibration_not_released,unavailable
art_science_aoi_sample_202303_r2_12de5b9c94a1,region_ne_india_myanmar_candidate_r2,h26v06_r080_c078,80,78,94.22025,23.29167,2023-03,myd14a1_061_aqua,3100,2773,1,0.3606,0.894516,available,calibration_not_released,unavailable
art_science_aoi_sample_202303_r2_12de5b9c94a1,region_ne_india_myanmar_candidate_r2,h26v06_r080_c079,80,79,94.31098,23.29167,2023-03,myd14a1_061_aqua,2748,2412,0,0.0,0.877729,available,calibration_not_released,unavailable
art_science_aoi_sample_202303_r2_12de5b9c94a1,region_ne_india_myanmar_candidate_r2,h26v06_r080_c080,80,80,94.4017,23.29167,2023-03,myd14a1_061_aqua,2838,2568,0,0.0,0.904863,available,calibration_not_released,unavailable
art_science_aoi_sample_202303_r2_12de5b9c94a1,region_ne_india_myanmar_candidate_r2,h26v06_r080_c081,80,81,94.49243,23.29167,2023-03,myd14a1_061_aqua,3100,2819,1,0.3547,0.909355,available,calibration_not_released,unavailable
art_science_aoi_sample_202303_r2_12de5b9c94a1,region_ne_india_myanmar_candidate_r2,h26v06_r080_c082,80,82,94.58316,23.29167,2023-03,myd14a1_061_aqua,3100,2787,0,0.0,0.899032,available,calibration_not_released,unavailable
art_science_aoi_sample_202303_r2_12de5b9c94a1,region_ne_india_myanmar_candidate_r2,h26v06_r080_c083,80,83,94.67389,23.29167,2023-03,myd14a1_061_aqua,3100,2740,2,0.7299,0.883871,available,calibration_not_released,unavailable
art_science_aoi_sample_202303_r2_12de5b9c94a1,region_ne_india_myanmar_candidate_r2,h26v06_r080_c084,80,84,94.76461,23.29167,2023-03,myd14a1_061_aqua,3100,2695,0,0.0,0.869355,available,calibration_not_released,unavailable
art_science_aoi_sample_202303_r2_12de5b9c94a1,region_ne_india_myanmar_candidate_r2,h26v06_r080_c085,80,85,94.85534,23.29167,2023-03,myd14a1_061_aqua,3100,2713,0,0.0,0.875161,available,calibration_not_released,unavailable
art_science_aoi_sample_202303_r2_12de5b9c94a1,region_ne_india_myanmar_candidate_r2,h26v06_r080_c086,80,86,94.94607,23.29167,2023-03,myd14a1_061_aqua,3100,2645,6,2.2684,0.853226,available,calibration_not_released,unavailable
art_science_aoi_sample_202303_r2_12de5b9c94a1,region_ne_india_myanmar_candidate_r2,h26v06_r080_c087,80,87,95.03679,23.29167,2023-03,myd14a1_061_aqua,3100,2736,6,2.193,0.882581,available,calibration_not_released,unavailable
art_science_aoi_sample_202303_r2_12de5b9c94a1,region_ne_india_myanmar_candidate_r2,h26v06_r080_c088,80,88,95.12752,23.29167,2023-03,myd14a1_061_aqua,3100,2654,14,5.2751,0.856129,available,calibration_not_released,unavailable
art_science_aoi_sample_202303_r2_12de5b9c94a1,region_ne_india_myanmar_candidate_r2,h26v06_r080_c089,80,89,95.21825,23.29167,2023-03,myd14a1_061_aqua,3100,2747,7,2.5482,0.886129,available,calibration_not_released,unavailable
art_science_aoi_sample_202303_r2_12de5b9c94a1,region_ne_india_myanmar_candidate_r2,h26v06_r080_c090,80,90,95.30898,23.29167,2023-03,myd14a1_061_aqua,2970,2645,0,0.0,0.890572,available,calibration_not_released,unavailable
art_science_aoi_sample_202303_r2_12de5b9c94a1,region_ne_india_myanmar_candidate_r2,h26v06_r080_c091,80,91,95.3997,23.29167,2023-03,myd14a1_061_aqua,2662,2453,2,0.8153,0.921488,available,calibration_not_released,unavailable
art_science_aoi_sample_202303_r2_12de5b9c94a1,region_ne_india_myanmar_candidate_r2,h26v06_r080_c092,80,92,95.49043,23.29167,2023-03,myd14a1_061_aqua,3099,2812,1,0.3556,0.907389,available,calibration_not_released,unavailable
art_science_aoi_sample_202303_r2_12de5b9c94a1,region_ne_india_myanmar_candidate_r2,h26v06_r080_c093,80,93,95.58116,23.29167,2023-03,myd14a1_061_aqua,3100,2829,1,0.3535,0.912581,available,calibration_not_released,unavailable
art_science_aoi_sample_202303_r2_12de5b9c94a1,region_ne_india_myanmar_candidate_r2,h26v06_r080_c094,80,94,95.67189,23.29167,2023-03,myd14a1_061_aqua,3100,2884,2,0.6935,0.930323,available,calibration_not_released,unavailable
art_science_aoi_sample_202303_r2_12de5b9c94a1,region_ne_india_myanmar_candidate_r2,h26v06_r080_c095,80,95,95.76261,23.29167,2023-03,myd14a1_061_aqua,3100,2790,17,6.0932,0.9,available,calibration_not_released,unavailable
art_science_aoi_sample_202303_r2_12de5b9c94a1,region_ne_india_myanmar_candidate_r2,h26v06_r080_c096,80,96,95.85334,23.29167,2023-03,myd14a1_061_aqua,3100,2706,27,9.9778,0.872903,available,calibration_not_released,unavailable
art_science_aoi_sample_202303_r2_12de5b9c94a1,region_ne_india_myanmar_candidate_r2,h26v06_r080_c097,80,97,95.94407,23.29167,2023-03,myd14a1_061_aqua,2694,2404,9,3.7438,0.892353,available,calibration_not_released,unavailable
art_science_aoi_sample_202303_r2_12de5b9c94a1,region_ne_india_myanmar_candidate_r2,h26v06_r080_c098,80,98,96.03479,23.29167,2023-03,myd14a1_061_aqua,144,135,0,0.0,0.9375,available,calibration_not_released,unavailable
art_science_aoi_sample_202303_r2_12de5b9c94a1,region_ne_india_myanmar_candidate_r2,h26v06_r081_c065,81,65,92.98267,23.20833,2023-03,myd14a1_061_aqua,930,890,0,0.0,0.956989,available,calibration_not_released,unavailable
art_science_aoi_sample_202303_r2_12de5b9c94a1,region_ne_india_myanmar_candidate_r2,h26v06_r081_c066,81,66,93.07334,23.20833,2023-03,myd14a1_061_aqua,3100,2969,0,0.0,0.957742,available,calibration_not_released,unavailable
art_science_aoi_sample_202303_r2_12de5b9c94a1,region_ne_india_myanmar_candidate_r2,h26v06_r081_c067,81,67,93.16402,23.20833,2023-03,myd14a1_061_aqua,3100,2915,11,3.7736,0.940323,available,calibration_not_released,unavailable
art_science_aoi_sample_202303_r2_12de5b9c94a1,region_ne_india_myanmar_candidate_r2,h26v06_r081_c068,81,68,93.25469,23.20833,2023-03,myd14a1_061_aqua,3100,2886,0,0.0,0.930968,available,calibration_not_released,unavailable
art_science_aoi_sample_202303_r2_12de5b9c94a1,region_ne_india_myanmar_candidate_r2,h26v06_r081_c069,81,69,93.34536,23.20833,2023-03,myd14a1_061_aqua,3100,2891,1,0.3459,0.932581,available,calibration_not_released,unavailable
art_science_aoi_sample_202303_r2_12de5b9c94a1,region_ne_india_myanmar_candidate_r2,h26v06_r081_c070,81,70,93.43603,23.20833,2023-03,myd14a1_061_aqua,3100,2850,24,8.4211,0.919355,available,calibration_not_released,unavailable
art_science_aoi_sample_202303_r2_12de5b9c94a1,region_ne_india_myanmar_candidate_r2,h26v06_r081_c071,81,71,93.5267,23.20833,2023-03,myd14a1_061_aqua,3100,2828,9,3.1825,0.912258,available,calibration_not_released,unavailable
art_science_aoi_sample_202303_r2_12de5b9c94a1,region_ne_india_myanmar_candidate_r2,h26v06_r081_c072,81,72,93.61737,23.20833,2023-03,myd14a1_061_aqua,3100,2834,6,2.1171,0.914194,available,calibration_not_released,unavailable
art_science_aoi_sample_202303_r2_12de5b9c94a1,region_ne_india_myanmar_candidate_r2,h26v06_r081_c073,81,73,93.70804,23.20833,2023-03,myd14a1_061_aqua,3100,2870,5,1.7422,0.925806,available,calibration_not_released,unavailable
art_science_aoi_sample_202303_r2_12de5b9c94a1,region_ne_india_myanmar_candidate_r2,h26v06_r081_c074,81,74,93.79871,23.20833,2023-03,myd14a1_061_aqua,3100,2827,2,0.7075,0.911935,available,calibration_not_released,unavailable
art_science_aoi_sample_202303_r2_12de5b9c94a1,region_ne_india_myanmar_candidate_r2,h26v06_r081_c075,81,75,93.88938,23.20833,2023-03,myd14a1_061_aqua,3100,2747,1,0.364,0.886129,available,calibration_not_released,unavailable
art_science_aoi_sample_202303_r2_12de5b9c94a1,region_ne_india_myanmar_candidate_r2,h26v06_r081_c076,81,76,93.98005,23.20833,2023-03,myd14a1_061_aqua,3100,2728,2,0.7331,0.88,available,calibration_not_released,unavailable
art_science_aoi_sample_202303_r2_12de5b9c94a1,region_ne_india_myanmar_candidate_r2,h26v06_r081_c077,81,77,94.07072,23.20833,2023-03,myd14a1_061_aqua,3042,2697,0,0.0,0.886588,available,calibration_not_released,unavailable
art_science_aoi_sample_202303_r2_12de5b9c94a1,region_ne_india_myanmar_candidate_r2,h26v06_r081_c078,81,78,94.16139,23.20833,2023-03,myd14a1_061_aqua,3018,2710,0,0.0,0.897946,available,calibration_not_released,unavailable
art_science_aoi_sample_202303_r2_12de5b9c94a1,region_ne_india_myanmar_candidate_r2,h26v06_r081_c079,81,79,94.25206,23.20833,2023-03,myd14a1_061_aqua,3020,2676,0,0.0,0.886093,available,calibration_not_released,unavailable
art_science_aoi_sample_202303_r2_12de5b9c94a1,region_ne_india_myanmar_candidate_r2,h26v06_r081_c080,81,80,94.34273,23.20833,2023-03,myd14a1_061_aqua,2626,2338,1,0.4277,0.890327,available,calibration_not_released,unavailable
art_science_aoi_sample_202303_r2_12de5b9c94a1,region_ne_india_myanmar_candidate_r2,h26v06_r081_c081,81,81,94.4334,23.20833,2023-03,myd14a1_061_aqua,3100,2942,2,0.6798,0.949032,available,calibration_not_released,unavailable
art_science_aoi_sample_202303_r2_12de5b9c94a1,region_ne_india_myanmar_candidate_r2,h26v06_r081_c082,81,82,94.52407,23.20833,2023-03,myd14a1_061_aqua,3100,2956,31,10.4871,0.953548,available,calibration_not_released,unavailable
art_science_aoi_sample_202303_r2_12de5b9c94a1,region_ne_india_myanmar_candidate_r2,h26v06_r081_c083,81,83,94.61474,23.20833,2023-03,myd14a1_061_aqua,3100,2849,36,12.636,0.919032,available,calibration_not_released,unavailable
art_science_aoi_sample_202303_r2_12de5b9c94a1,region_ne_india_myanmar_candidate_r2,h26v06_r081_c084,81,84,94.70542,23.20833,2023-03,myd14a1_061_aqua,3100,2734,1,0.3658,0.881935,available,calibration_not_released,unavailable
art_science_aoi_sample_202303_r2_12de5b9c94a1,region_ne_india_myanmar_candidate_r2,h26v06_r081_c085,81,85,94.79609,23.20833,2023-03,myd14a1_061_aqua,3100,2656,4,1.506,0.856774,available,calibration_not_released,unavailable
art_science_aoi_sample_202303_r2_12de5b9c94a1,region_ne_india_myanmar_candidate_r2,h26v06_r081_c086,81,86,94.88676,23.20833,2023-03,myd14a1_061_aqua,3100,2694,2,0.7424,0.869032,available,calibration_not_released,unavailable
art_science_aoi_sample_202303_r2_12de5b9c94a1,region_ne_india_myanmar_candidate_r2,h26v06_r081_c087,81,87,94.97743,23.20833,2023-03,myd14a1_061_aqua,3100,2661,3,1.1274,0.858387,available,calibration_not_released,unavailable
art_science_aoi_sample_202303_r2_12de5b9c94a1,region_ne_india_myanmar_candidate_r2,h26v06_r081_c088,81,88,95.0681,23.20833,2023-03,myd14a1_061_aqua,3100,2665,18,6.7542,0.859677,available,calibration_not_released,unavailable
art_science_aoi_sample_202303_r2_12de5b9c94a1,region_ne_india_myanmar_candidate_r2,h26v06_r081_c089,81,89,95.15877,23.20833,2023-03,myd14a1_061_aqua,3100,2767,4,1.4456,0.892581,available,calibration_not_released,unavailable
art_science_aoi_sample_202303_r2_12de5b9c94a1,region_ne_india_myanmar_candidate_r2,h26v06_r081_c090,81,90,95.24944,23.20833,2023-03,myd14a1_061_aqua,3093,2728,11,4.0323,0.881992,available,calibration_not_released,unavailable
art_science_aoi_sample_202303_r2_12de5b9c94a1,region_ne_india_myanmar_candidate_r2,h26v06_r081_c091,81,91,95.34011,23.20833,2023-03,myd14a1_061_aqua,2143,1898,0,0.0,0.885674,available,calibration_not_released,unavailable
art_science_aoi_sample_202303_r2_12de5b9c94a1,region_ne_india_myanmar_candidate_r2,h26v06_r081_c092,81,92,95.43078,23.20833,2023-03,myd14a1_061_aqua,2918,2659,1,0.3761,0.911241,available,calibration_not_released,unavailable
art_science_aoi_sample_202303_r2_12de5b9c94a1,region_ne_india_myanmar_candidate_r2,h26v06_r081_c093,81,93,95.52145,23.20833,2023-03,myd14a1_061_aqua,3080,2728,5,1.8328,0.885714,available,calibration_not_released,unavailable
art_science_aoi_sample_202303_r2_12de5b9c94a1,region_ne_india_myanmar_candidate_r2,h26v06_r081_c094,81,94,95.61212,23.20833,2023-03,myd14a1_061_aqua,3100,2837,13,4.5823,0.915161,available,calibration_not_released,unavailable
art_science_aoi_sample_202303_r2_12de5b9c94a1,region_ne_india_myanmar_candidate_r2,h26v06_r081_c095,81,95,95.70279,23.20833,2023-03,myd14a1_061_aqua,3100,2814,1,0.3554,0.907742,available,calibration_not_released,unavailable
art_science_aoi_sample_202303_r2_12de5b9c94a1,region_ne_india_myanmar_candidate_r2,h26v06_r081_c096,81,96,95.79346,23.20833,2023-03,myd14a1_061_aqua,3100,2715,10,3.6832,0.875806,available,calibration_not_released,unavailable
art_science_aoi_sample_202303_r2_12de5b9c94a1,region_ne_india_myanmar_candidate_r2,h26v06_r081_c097,81,97,95.88413,23.20833,2023-03,myd14a1_061_aqua,3100,2791,30,10.7488,0.900323,available,calibration_not_released,unavailable
art_science_aoi_sample_202303_r2_12de5b9c94a1,region_ne_india_myanmar_candidate_r2,h26v06_r081_c098,81,98,95.9748,23.20833,2023-03,myd14a1_061_aqua,1474,1326,2,1.5083,0.899593,available,calibration_not_released,unavailable
art_science_aoi_sample_202303_r2_12de5b9c94a1,region_ne_india_myanmar_candidate_r2,h26v06_r081_c099,81,99,96.06547,23.20833,2023-03,myd14a1_061_aqua,2,2,0,0.0,1.0,available,calibration_not_released,unavailable
art_science_aoi_sample_202303_r2_12de5b9c94a1,region_ne_india_myanmar_candidate_r2,h26v06_r082_c066,82,66,93.01544,23.125,2023-03,myd14a1_061_aqua,2077,1931,8,4.1429,0.929706,available,calibration_not_released,unavailable
art_science_aoi_sample_202303_r2_12de5b9c94a1,region_ne_india_myanmar_candidate_r2,h26v06_r082_c067,82,67,93.10605,23.125,2023-03,myd14a1_061_aqua,3100,2860,17,5.9441,0.922581,available,calibration_not_released,unavailable
art_science_aoi_sample_202303_r2_12de5b9c94a1,region_ne_india_myanmar_candidate_r2,h26v06_r082_c068,82,68,93.19666,23.125,2023-03,myd14a1_061_aqua,3100,2846,8,2.811,0.918065,available,calibration_not_released,unavailable
art_science_aoi_sample_202303_r2_12de5b9c94a1,region_ne_india_myanmar_candidate_r2,h26v06_r082_c069,82,69,93.28728,23.125,2023-03,myd14a1_061_aqua,3100,2898,21,7.2464,0.934839,available,calibration_not_released,unavailable
art_science_aoi_sample_202303_r2_12de5b9c94a1,region_ne_india_myanmar_candidate_r2,h26v06_r082_c070,82,70,93.37789,23.125,2023-03,myd14a1_061_aqua,3100,2897,11,3.797,0.934516,available,calibration_not_released,unavailable
art_science_aoi_sample_202303_r2_12de5b9c94a1,region_ne_india_myanmar_candidate_r2,h26v06_r082_c071,82,71,93.46851,23.125,2023-03,myd14a1_061_aqua,3100,2883,8,2.7749,0.93,available,calibration_not_released,unavailable
art_science_aoi_sample_202303_r2_12de5b9c94a1,region_ne_india_myanmar_candidate_r2,h26v06_r082_c072,82,72,93.55912,23.125,2023-03,myd14a1_061_aqua,3100,2884,9,3.1207,0.930323,available,calibration_not_released,unavailable
art_science_aoi_sample_202303_r2_12de5b9c94a1,region_ne_india_myanmar_candidate_r2,h26v06_r082_c073,82,73,93.64974,23.125,2023-03,myd14a1_061_aqua,3100,2865,6,2.0942,0.924194,available,calibration_not_released,unavailable
art_science_aoi_sample_202303_r2_12de5b9c94a1,region_ne_india_myanmar_candidate_r2,h26v06_r082_c074,82,74,93.74035,23.125,2023-03,myd14a1_061_aqua,3100,2728,7,2.566,0.88,available,calibration_not_released,unavailable
art_science_aoi_sample_202303_r2_12de5b9c94a1,region_ne_india_myanmar_candidate_r2,h26v06_r082_c075,82,75,93.83096,23.125,2023-03,myd14a1_061_aqua,3100,2800,0,0.0,0.903226,available,calibration_not_released,unavailable
art_science_aoi_sample_202303_r2_12de5b9c94a1,region_ne_india_myanmar_candidate_r2,h26v06_r082_c076,82,76,93.92158,23.125,2023-03,myd14a1_061_aqua,3100,2776,1,0.3602,0.895484,available,calibration_not_released,unavailable
art_science_aoi_sample_202303_r2_12de5b9c94a1,region_ne_india_myanmar_candidate_r2,h26v06_r082_c077,82,77,94.01219,23.125,2023-03,myd14a1_061_aqua,3100,2739,3,1.0953,0.883548,available,calibration_not_released,unavailable
art_science_aoi_sample_202303_r2_12de5b9c94a1,region_ne_india_myanmar_candidate_r2,h26v06_r082_c078,82,78,94.10281,23.125,2023-03,myd14a1_061_aqua,2953,2680,0,0.0,0.907552,available,calibration_not_released,unavailable
art_science_aoi_sample_202303_r2_12de5b9c94a1,region_ne_india_myanmar_candidate_r2,h26v06_r082_c079,82,79,94.19342,23.125,2023-03,myd14a1_061_aqua,3100,2912,0,0.0,0.939355,available,calibration_not_released,unavailable
art_science_aoi_sample_202303_r2_12de5b9c94a1,region_ne_india_myanmar_candidate_r2,h26v06_r082_c080,82,80,94.28403,23.125,2023-03,myd14a1_061_aqua,3029,2831,0,0.0,0.934632,available,calibration_not_released,unavailable
art_science_aoi_sample_202303_r2_12de5b9c94a1,region_ne_india_myanmar_candidate_r2,h26v06_r082_c081,82,81,94.37465,23.125,2023-03,myd14a1_061_aqua,2755,2581,1,0.3874,0.936842,available,calibration_not_released,unavailable
art_science_aoi_sample_202303_r2_12de5b9c94a1,region_ne_india_myanmar_candidate_r2,h26v06_r082_c082,82,82,94.46526,23.125,2023-03,myd14a1_061_aqua,3091,2985,3,1.005,0.965707,available,calibration_not_released,unavailable
art_science_aoi_sample_202303_r2_12de5b9c94a1,region_ne_india_myanmar_candidate_r2,h26v06_r082_c083,82,83,94.55588,23.125,2023-03,myd14a1_061_aqua,3100,2978,33,11.0813,0.960645,available,calibration_not_released,unavailable
art_science_aoi_sample_202303_r2_12de5b9c94a1,region_ne_india_myanmar_candidate_r2,h26v06_r082_c084,82,84,94.64649,23.125,2023-03,myd14a1_061_aqua,3100,2799,2,0.7145,0.902903,available,calibration_not_released,unavailable
art_science_aoi_sample_202303_r2_12de5b9c94a1,region_ne_india_myanmar_candidate_r2,h26v06_r082_c085,82,85,94.73711,23.125,2023-03,myd14a1_061_aqua,3100,2747,0,0.0,0.886129,available,calibration_not_released,unavailable
art_science_aoi_sample_202303_r2_12de5b9c94a1,region_ne_india_myanmar_candidate_r2,h26v06_r082_c086,82,86,94.82772,23.125,2023-03,myd14a1_061_aqua,3100,2667,3,1.1249,0.860323,available,calibration_not_released,unavailable
art_science_aoi_sample_202303_r2_12de5b9c94a1,region_ne_india_myanmar_candidate_r2,h26v06_r082_c087,82,87,94.91833,23.125,2023-03,myd14a1_061_aqua,3100,2629,2,0.7607,0.848065,available,calibration_not_released,unavailable
art_science_aoi_sample_202303_r2_12de5b9c94a1,region_ne_india_myanmar_candidate_r2,h26v06_r082_c088,82,88,95.00895,23.125,2023-03,myd14a1_061_aqua,3100,2618,9,3.4377,0.844516,available,calibration_not_released,unavailable
art_science_aoi_sample_202303_r2_12de5b9c94a1,region_ne_india_myanmar_candidate_r2,h26v06_r082_c089,82,89,95.09956,23.125,2023-03,myd14a1_061_aqua,3100,2801,15,5.3552,0.903548,available,calibration_not_released,unavailable
art_science_aoi_sample_202303_r2_12de5b9c94a1,region_ne_india_myanmar_candidate_r2,h26v06_r082_c090,82,90,95.19018,23.125,2023-03,myd14a1_061_aqua,3100,2745,12,4.3716,0.885484,available,calibration_not_released,unavailable
art_science_aoi_sample_202303_r2_12de5b9c94a1,region_ne_india_myanmar_candidate_r2,h26v06_r082_c091,82,91,95.28079,23.125,2023-03,myd14a1_061_aqua,3089,2796,2,0.7153,0.905147,available,calibration_not_released,unavailable
art_science_aoi_sample_202303_r2_12de5b9c94a1,region_ne_india_myanmar_candidate_r2,h26v06_r082_c092,82,92,95.3714,23.125,2023-03,myd14a1_061_aqua,2785,2611,0,0.0,0.937522,available,calibration_not_released,unavailable
art_science_aoi_sample_202303_r2_12de5b9c94a1,region_ne_india_myanmar_candidate_r2,h26v06_r082_c093,82,93,95.46202,23.125,2023-03,myd14a1_061_aqua,2794,2446,0,0.0,0.875447,available,calibration_not_released,unavailable
art_science_aoi_sample_202303_r2_12de5b9c94a1,region_ne_india_myanmar_candidate_r2,h26v06_r082_c094,82,94,95.55263,23.125,2023-03,myd14a1_061_aqua,3100,2706,0,0.0,0.872903,available,calibration_not_released,unavailable
art_science_aoi_sample_202303_r2_12de5b9c94a1,region_ne_india_myanmar_candidate_r2,h26v06_r082_c095,82,95,95.64325,23.125,2023-03,myd14a1_061_aqua,3100,2842,5,1.7593,0.916774,available,calibration_not_released,unavailable
art_science_aoi_sample_202303_r2_12de5b9c94a1,region_ne_india_myanmar_candidate_r2,h26v06_r082_c096,82,96,95.73386,23.125,2023-03,myd14a1_061_aqua,3100,2810,2,0.7117,0.906452,available,calibration_not_released,unavailable
art_science_aoi_sample_202303_r2_12de5b9c94a1,region_ne_india_myanmar_candidate_r2,h26v06_r082_c097,82,97,95.82448,23.125,2023-03,myd14a1_061_aqua,3100,2849,0,0.0,0.919032,available,calibration_not_released,unavailable
art_science_aoi_sample_202303_r2_12de5b9c94a1,region_ne_india_myanmar_candidate_r2,h26v06_r082_c098,82,98,95.91509,23.125,2023-03,myd14a1_061_aqua,2986,2713,2,0.7372,0.908573,available,calibration_not_released,unavailable
art_science_aoi_sample_202303_r2_12de5b9c94a1,region_ne_india_myanmar_candidate_r2,h26v06_r082_c099,82,99,96.0057,23.125,2023-03,myd14a1_061_aqua,467,419,0,0.0,0.897216,available,calibration_not_released,unavailable
art_science_aoi_sample_202303_r2_12de5b9c94a1,region_ne_india_myanmar_candidate_r2,h26v06_r083_c066,83,66,92.9578,23.04167,2023-03,myd14a1_061_aqua,310,280,5,17.8571,0.903226,available,calibration_not_released,unavailable
art_science_aoi_sample_202303_r2_12de5b9c94a1,region_ne_india_myanmar_candidate_r2,h26v06_r083_c067,83,67,93.04835,23.04167,2023-03,myd14a1_061_aqua,2883,2650,24,9.0566,0.919181,available,calibration_not_released,unavailable
art_science_aoi_sample_202303_r2_12de5b9c94a1,region_ne_india_myanmar_candidate_r2,h26v06_r083_c068,83,68,93.13891,23.04167,2023-03,myd14a1_061_aqua,3100,2881,61,21.1732,0.929355,available,calibration_not_released,unavailable
art_science_aoi_sample_202303_r2_12de5b9c94a1,region_ne_india_myanmar_candidate_r2,h26v06_r083_c069,83,69,93.22947,23.04167,2023-03,myd14a1_061_aqua,3100,2948,41,13.9077,0.950968,available,calibration_not_released,unavailable
art_science_aoi_sample_202303_r2_12de5b9c94a1,region_ne_india_myanmar_candidate_r2,h26v06_r083_c070,83,70,93.32003,23.04167,2023-03,myd14a1_061_aqua,3100,2972,10,3.3647,0.95871,available,calibration_not_released,unavailable
art_science_aoi_sample_202303_r2_12de5b9c94a1,region_ne_india_myanmar_candidate_r2,h26v06_r083_c071,83,71,93.41059,23.04167,2023-03,myd14a1_061_aqua,3100,2898,16,5.521,0.934839,available,calibration_not_released,unavailable
art_science_aoi_sample_202303_r2_12de5b9c94a1,region_ne_india_myanmar_candidate_r2,h26v06_r083_c072,83,72,93.50114,23.04167,2023-03,myd14a1_061_aqua,3100,2924,20,6.8399,0.943226,available,calibration_not_released,unavailable
art_science_aoi_sample_202303_r2_12de5b9c94a1,region_ne_india_myanmar_candidate_r2,h26v06_r083_c073,83,73,93.5917,23.04167,2023-03,myd14a1_061_aqua,3100,2890,5,1.7301,0.932258,available,calibration_not_released,unavailable
art_science_aoi_sample_202303_r2_12de5b9c94a1,region_ne_india_myanmar_candidate_r2,h26v06_r083_c074,83,74,93.68226,23.04167,2023-03,myd14a1_061_aqua,3100,2812,14,4.9787,0.907097,available,calibration_not_released,unavailable
art_science_aoi_sample_202303_r2_12de5b9c94a1,region_ne_india_myanmar_candidate_r2,h26v06_r083_c075,83,75,93.77282,23.04167,2023-03,myd14a1_061_aqua,3100,2732,4,1.4641,0.88129,available,calibration_not_released,unavailable
art_science_aoi_sample_202303_r2_12de5b9c94a1,region_ne_india_myanmar_candidate_r2,h26v06_r083_c076,83,76,93.86338,23.04167,2023-03,myd14a1_061_aqua,3100,2684,0,0.0,0.865806,available,calibration_not_released,unavailable
art_science_aoi_sample_202303_r2_12de5b9c94a1,region_ne_india_myanmar_candidate_r2,h26v06_r083_c077,83,77,93.95393,23.04167,2023-03,myd14a1_061_aqua,3100,2696,0,0.0,0.869677,available,calibration_not_released,unavailable
art_science_aoi_sample_202303_r2_12de5b9c94a1,region_ne_india_myanmar_candidate_r2,h26v06_r083_c078,83,78,94.04449,23.04167,2023-03,myd14a1_061_aqua,3100,2795,0,0.0,0.901613,available,calibration_not_released,unavailable
art_science_aoi_sample_202303_r2_12de5b9c94a1,region_ne_india_myanmar_candidate_r2,h26v06_r083_c079,83,79,94.13505,23.04167,2023-03,myd14a1_061_aqua,3100,2818,12,4.2583,0.909032,available,calibration_not_released,unavailable
art_science_aoi_sample_202303_r2_12de5b9c94a1,region_ne_india_myanmar_candidate_r2,h26v06_r083_c080,83,80,94.22561,23.04167,2023-03,myd14a1_061_aqua,3100,2804,0,0.0,0.904516,available,calibration_not_released,unavailable
art_science_aoi_sample_202303_r2_12de5b9c94a1,region_ne_india_myanmar_candidate_r2,h26v06_r083_c081,83,81,94.31617,23.04167,2023-03,myd14a1_061_aqua,3089,2926,2,0.6835,0.947232,available,calibration_not_released,unavailable
art_science_aoi_sample_202303_r2_12de5b9c94a1,region_ne_india_myanmar_candidate_r2,h26v06_r083_c082,83,82,94.40672,23.04167,2023-03,myd14a1_061_aqua,2580,2389,7,2.9301,0.925969,available,calibration_not_released,unavailable
art_science_aoi_sample_202303_r2_12de5b9c94a1,region_ne_india_myanmar_candidate_r2,h26v06_r083_c083,83,83,94.49728,23.04167,2023-03,myd14a1_061_aqua,2939,2724,10,3.6711,0.926846,available,calibration_not_released,unavailable
art_science_aoi_sample_202303_r2_12de5b9c94a1,region_ne_india_myanmar_candidate_r2,h26v06_r083_c084,83,84,94.58784,23.04167,2023-03,myd14a1_061_aqua,3100,2835,33,11.6402,0.914516,available,calibration_not_released,unavailable
art_science_aoi_sample_202303_r2_12de5b9c94a1,region_ne_india_myanmar_candidate_r2,h26v06_r083_c085,83,85,94.6784,23.04167,2023-03,myd14a1_061_aqua,3100,2799,2,0.7145,0.902903,available,calibration_not_released,unavailable
art_science_aoi_sample_202303_r2_12de5b9c94a1,region_ne_india_myanmar_candidate_r2,h26v06_r083_c086,83,86,94.76896,23.04167,2023-03,myd14a1_061_aqua,3100,2866,6,2.0935,0.924516,available,calibration_not_released,unavailable
art_science_aoi_sample_202303_r2_12de5b9c94a1,region_ne_india_myanmar_candidate_r2,h26v06_r083_c087,83,87,94.85951,23.04167,2023-03,myd14a1_061_aqua,3100,2722,12,4.4085,0.878065,available,calibration_not_released,unavailable
art_science_aoi_sample_202303_r2_12de5b9c94a1,region_ne_india_myanmar_candidate_r2,h26v06_r083_c088,83,88,94.95007,23.04167,2023-03,myd14a1_061_aqua,3100,2682,10,3.7286,0.865161,available,calibration_not_released,unavailable
art_science_aoi_sample_202303_r2_12de5b9c94a1,region_ne_india_myanmar_candidate_r2,h26v06_r083_c089,83,89,95.04063,23.04167,2023-03,myd14a1_061_aqua,3100,2811,35,12.4511,0.906774,available,calibration_not_released,unavailable
art_science_aoi_sample_202303_r2_12de5b9c94a1,region_ne_india_myanmar_candidate_r2,h26v06_r083_c090,83,90,95.13119,23.04167,2023-03,myd14a1_061_aqua,3100,2778,16,5.7595,0.896129,available,calibration_not_released,unavailable
art_science_aoi_sample_202303_r2_12de5b9c94a1,region_ne_india_myanmar_candidate_r2,h26v06_r083_c091,83,91,95.22175,23.04167,2023-03,myd14a1_061_aqua,3100,2810,10,3.5587,0.906452,available,calibration_not_released,unavailable
art_science_aoi_sample_202303_r2_12de5b9c94a1,region_ne_india_myanmar_candidate_r2,h26v06_r083_c092,83,92,95.3123,23.04167,2023-03,myd14a1_061_aqua,3100,2839,0,0.0,0.915806,available,calibration_not_released,unavailable
art_science_aoi_sample_202303_r2_12de5b9c94a1,region_ne_india_myanmar_candidate_r2,h26v06_r083_c093,83,93,95.40286,23.04167,2023-03,myd14a1_061_aqua,2856,2626,0,0.0,0.919468,available,calibration_not_released,unavailable
art_science_aoi_sample_202303_r2_12de5b9c94a1,region_ne_india_myanmar_candidate_r2,h26v06_r083_c094,83,94,95.49342,23.04167,2023-03,myd14a1_061_aqua,2760,2469,1,0.405,0.894565,available,calibration_not_released,unavailable
art_science_aoi_sample_202303_r2_12de5b9c94a1,region_ne_india_myanmar_candidate_r2,h26v06_r083_c095,83,95,95.58398,23.04167,2023-03,myd14a1_061_aqua,3100,2795,3,1.0733,0.901613,available,calibration_not_released,unavailable
art_science_aoi_sample_202303_r2_12de5b9c94a1,region_ne_india_myanmar_candidate_r2,h26v06_r083_c096,83,96,95.67454,23.04167,2023-03,myd14a1_061_aqua,3099,2809,6,2.136,0.906421,available,calibration_not_released,unavailable
art_science_aoi_sample_202303_r2_12de5b9c94a1,region_ne_india_myanmar_candidate_r2,h26v06_r083_c097,83,97,95.76509,23.04167,2023-03,myd14a1_061_aqua,3100,2821,7,2.4814,0.91,available,calibration_not_released,unavailable
art_science_aoi_sample_202303_r2_12de5b9c94a1,region_ne_india_myanmar_candidate_r2,h26v06_r083_c098,83,98,95.85565,23.04167,2023-03,myd14a1_061_aqua,3100,2880,2,0.6944,0.929032,available,calibration_not_released,unavailable
art_science_aoi_sample_202303_r2_12de5b9c94a1,region_ne_india_myanmar_candidate_r2,h26v06_r083_c099,83,99,95.94621,23.04167,2023-03,myd14a1_061_aqua,2368,2180,3,1.3761,0.920608,available,calibration_not_released,unavailable
art_science_aoi_sample_202303_r2_12de5b9c94a1,region_ne_india_myanmar_candidate_r2,h26v06_r083_c100,83,100,96.03677,23.04167,2023-03,myd14a1_061_aqua,321,278,0,0.0,0.866044,available,calibration_not_released,unavailable
