latitude,longitude,brightness,scan,track,acq_date,acq_time,satellite,confidence,version,bright_t31,frp,daynight
-3.29574,133.90855,310.57,3.25,1.7,2026-09-17,0016,T,40,6.1NRT,294.09,46.04,D
-3.07635,130.26678,324.02,1.63,1.26,2026-09-17,0016,T,80,6.1NRT,298.25,31.62,D
-3.0774,130.26071,319.07,1.63,1.26,2026-09-17,0016,T,70,6.1NRT,298.06,19.67,D
-3.07933,130.27513,315.65,1.64,1.26,2026-09-17,0016,T,40,6.1NRT,298.72,13.58,D
-2.9194,128.86647,312.82,1.29,1.13,2026-09-17,0016,T,51,6.1NRT,297.73,10.2,D
-2.93045,128.94624,315.98,1.31,1.14,2026-09-17,0016,T,72,6.1NRT,298.48,13.53,D
1.51552,127.94286,311.71,1.05,1.02,2026-09-17,0013,T,67,6.1NRT,297.75,5.23,D
-2.91681,128.77522,311.96,1.28,1.12,2026-09-17,0016,T,48,6.1NRT,297.81,8.02,D
1.49459,127.63593,319.56,1.03,1.01,2026-09-17,0013,T,77,6.1NRT,294.25,15.83,D
-2.93962,128.79437,310.42,1.28,1.12,2026-09-17,0016,T,25,6.1NRT,297.06,7.64,D
1.54994,125.1829,314.06,1.06,1.03,2026-09-17,0013,T,47,6.1NRT,291.78,9.97,D
-3.13894,128.04311,319.3,1.17,1.07,2026-09-17,0016,T,70,6.1NRT,297.88,15.3,D
1.53952,125.19134,348.82,1.06,1.03,2026-09-17,0013,T,95,6.1NRT,289.98,62.02,D
-3.14037,128.05312,314.18,1.17,1.08,2026-09-17,0016,T,34,6.1NRT,296.38,9.68,D
0.8889,128.25574,319.88,1.09,1.04,2026-09-17,0013,T,76,6.1NRT,296.84,15.67,D
-3.14343,128.03647,310.68,1.17,1.07,2026-09-17,0016,T,49,6.1NRT,296.63,8.49,D
0.84632,128.23454,313.16,1.09,1.04,2026-09-17,0013,T,50,6.1NRT,297.67,8.59,D
0.71911,127.89835,308,1.06,1.03,2026-09-17,0013,T,40,6.1NRT,290.16,4.47,D
-3.08699,126.77265,311.71,1.04,1.02,2026-09-17,0016,T,29,6.1NRT,297.66,5.98,D
0.58272,127.94903,314.38,1.07,1.03,2026-09-17,0013,T,61,6.1NRT,294.54,8.26,D
-3.15752,126.74775,309.55,1.03,1.02,2026-09-17,0016,T,25,6.1NRT,291.65,5.25,D
0.79068,124.03564,308.26,1.18,1.08,2026-09-17,0013,T,57,6.1NRT,292.02,6.67,D
0.82762,123.56389,326.69,1.25,1.11,2026-09-17,0013,T,83,6.1NRT,297.86,24.3,D
-3.27139,126.9021,319.17,1.05,1.02,2026-09-17,0016,T,77,6.1NRT,297.92,12.96,D
0.81777,123.5631,314.77,1.25,1.11,2026-09-17,0013,T,63,6.1NRT,297.14,8.77,D
-0.2285,127.68726,313.13,1.06,1.03,2026-09-17,0013,T,50,6.1NRT,296.48,8.46,D
-3.25726,126.73678,308.72,1.04,1.02,2026-09-17,0016,T,40,6.1NRT,292.17,5.64,D
-0.64595,123.05107,310.55,1.29,1.13,2026-09-17,0013,T,30,6.1NRT,295.72,7.25,D
-3.32767,126.78268,314.52,1.04,1.02,2026-09-17,0016,T,35,6.1NRT,295.57,8.32,D
-2.13426,132.41898,310.83,2.34,1.48,2026-09-17,0013,T,45,6.1NRT,293.75,16.77,D
-1.56608,127.42922,316.92,1.06,1.03,2026-09-17,0013,T,66,6.1NRT,298.14,10.85,D
-3.38846,127.20787,310.75,1.07,1.03,2026-09-17,0016,T,57,6.1NRT,296.05,5.58,D
-0.9902,122.3098,308.07,1.43,1.18,2026-09-17,0013,T,61,6.1NRT,292.15,10.13,D
-3.38981,127.21726,310.54,1.07,1.03,2026-09-17,0016,T,65,6.1NRT,296.87,5.43,D
-1.16096,121.65293,310.99,1.59,1.24,2026-09-17,0013,T,63,6.1NRT,289.58,15.23,D
-2.57185,121.37856,335.3,1.58,1.24,2026-09-17,0016,T,67,6.1NRT,292.51,56.94,D
-2.80342,132.62704,309.69,2.5,1.52,2026-09-17,0013,T,62,6.1NRT,295.68,20.92,D
-3.29331,133.89047,310.26,3.23,1.7,2026-09-17,0013,T,65,6.1NRT,294.99,42.65,D
-2.58271,121.37681,321.93,1.58,1.24,2026-09-17,0016,T,79,6.1NRT,293.01,28.45,D
-3.29657,133.91428,307.96,3.25,1.7,2026-09-17,0013,T,59,6.1NRT,293.65,34.45,D
-2.58466,121.39004,315.14,1.58,1.24,2026-09-17,0016,T,38,6.1NRT,292.27,15.96,D
-2.83335,122.17124,313.7,1.37,1.16,2026-09-17,0016,T,60,6.1NRT,292.17,8.47,D
-3.46025,126.27911,308.36,1.01,1.01,2026-09-17,0016,T,49,6.1NRT,294.76,6.37,D
-3.50589,126.21928,322.12,1.01,1.01,2026-09-17,0016,T,80,6.1NRT,301.62,13.06,D
-3.53109,126.33279,315.36,1.02,1.01,2026-09-17,0016,T,73,6.1NRT,296.81,11.31,D
-3.56878,126.26713,362.91,1.01,1.01,2026-09-17,0016,T,100,6.1NRT,300.87,90.61,D
-3.57003,126.27596,367.74,1.01,1.01,2026-09-17,0016,T,100,6.1NRT,300.7,105.96,D
-3.57129,126.28481,312.06,1.01,1.01,2026-09-17,0016,T,56,6.1NRT,297.19,6.86,D
-3.70537,126.38806,316.95,1.02,1.01,2026-09-17,0016,T,0,6.1NRT,298.46,9.65,D
-3.86899,122.39437,313.84,1.29,1.13,2026-09-17,0016,T,62,6.1NRT,298.64,9.9,D
-3.87062,122.40562,317.69,1.28,1.12,2026-09-17,0016,T,75,6.1NRT,301.47,14.2,D
-4.43982,122.37814,314.87,1.27,1.12,2026-09-17,0016,T,65,6.1NRT,296.92,11.12,D
-8.31092,124.77798,320.1,1,1,2026-09-17,0018,T,75,6.1NRT,296.45,15.83,D
-8.27387,123.50421,325.96,1.03,1.02,2026-09-17,0018,T,81,6.1NRT,298.57,21,D
-8.27516,123.51307,325.94,1.03,1.02,2026-09-17,0018,T,81,6.1NRT,303.7,20.67,D
-8.52018,123.23141,310.97,1.05,1.02,2026-09-17,0018,T,0,6.1NRT,299.47,5.72,D
-9.46573,124.02797,318.09,1,1,2026-09-17,0018,T,73,6.1NRT,299.41,10.33,D
-11.22781,132.44682,312.29,3.26,1.71,2026-09-17,0018,T,0,6.1NRT,298.82,26.91,D
-11.44469,131.33379,319.9,2.68,1.57,2026-09-17,0018,T,72,6.1NRT,301.13,46.66,D
-11.45089,131.32755,316.05,2.68,1.57,2026-09-17,0018,T,65,6.1NRT,301.32,31.36,D
-11.45357,131.35135,312.93,2.69,1.57,2026-09-17,0018,T,56,6.1NRT,300.77,22.28,D
-11.79848,133.23718,312.93,3.85,1.83,2026-09-17,0018,T,59,6.1NRT,300.97,42.16,D
25.62672,112.3642,315.15,1.64,1.26,2026-09-17,0145,T,71,6.1NRT,293.64,14.97,D
25.62601,112.35762,315.19,1.64,1.26,2026-09-17,0145,T,53,6.1NRT,293.71,14.18,D
25.59041,112.36623,310.96,1.64,1.26,2026-09-17,0145,T,58,6.1NRT,292.9,9.62,D
25.28001,112.54607,312.29,1.71,1.28,2026-09-17,0145,T,48,6.1NRT,291.44,13.39,D
25.27709,112.56246,315.2,1.72,1.29,2026-09-17,0145,T,72,6.1NRT,291.64,18.42,D
24.51521,111.48734,312.98,1.5,1.21,2026-09-17,0147,T,51,6.1NRT,293.29,10.57,D
25.12425,106.11044,321.67,1.02,1.01,2026-09-17,0147,T,81,6.1NRT,292.86,16.56,D
22.76462,115.00694,310.17,2.93,1.63,2026-09-17,0147,T,0,6.1NRT,292.45,26.25,D
23.39046,111.36259,306.98,1.54,1.22,2026-09-17,0147,T,32,6.1NRT,285.39,10.08,D
23.34299,111.22856,318.1,1.51,1.21,2026-09-17,0147,T,74,6.1NRT,293.72,20.87,D
22.9038,111.21362,310.41,1.54,1.22,2026-09-17,0147,T,65,6.1NRT,291.96,12.02,D
22.7677,110.43549,315.13,1.38,1.16,2026-09-17,0147,T,53,6.1NRT,293.45,12.78,D
18.30207,109.50209,313.6,1.42,1.18,2026-09-17,0147,T,59,6.1NRT,295.16,8.55,D
14.49827,109.00779,314.37,1.52,1.22,2026-09-17,0149,T,72,6.1NRT,288.76,14.19,D
13.60042,109.14414,307.79,1.61,1.25,2026-09-17,0149,T,58,6.1NRT,287.63,9.87,D
11.88807,106.51056,308.62,1.16,1.07,2026-09-17,0149,T,56,6.1NRT,289.33,5.05,D
11.64392,106.77158,309.14,1.2,1.09,2026-09-17,0149,T,62,6.1NRT,288.57,6.37,D
11.28928,106.57827,310.83,1.19,1.08,2026-09-17,0149,T,36,6.1NRT,288.94,6.18,D
11.13507,106.53748,310.22,1.18,1.08,2026-09-17,0149,T,32,6.1NRT,291.06,5.77,D
10.96734,107.22542,312.54,1.31,1.13,2026-09-17,0149,T,56,6.1NRT,289.11,9.7,D
10.9478,107.02463,316.51,1.27,1.12,2026-09-17,0149,T,55,6.1NRT,290.16,10.64,D
10.91484,106.89911,316.44,1.25,1.11,2026-09-17,0149,T,63,6.1NRT,290.91,8.91,D
10.80883,106.92239,311.12,1.26,1.11,2026-09-17,0149,T,36,6.1NRT,289.62,6.49,D
10.78702,106.99911,311.96,1.27,1.12,2026-09-17,0149,T,62,6.1NRT,289.05,7.65,D
27.77423,116.12749,308.94,2.71,1.58,2026-09-17,0143,T,61,6.1NRT,291.57,18.99,D
5.80865,102.0368,304.88,1.02,1.01,2026-09-17,0152,T,58,6.1NRT,285.73,3.4,D
-0.39639,102.71571,319.69,1.04,1.02,2026-09-17,0152,T,76,6.1NRT,295.51,13.91,D
-0.96576,102.30919,313.02,1.02,1.01,2026-09-17,0154,T,57,6.1NRT,294.53,6.5,D
-1.30573,103.77773,311.39,1.17,1.08,2026-09-17,0154,T,36,6.1NRT,293.7,6.87,D
-1.3072,103.78793,337.04,1.17,1.08,2026-09-17,0154,T,89,6.1NRT,296.21,42.96,D
-1.31141,103.78094,336.45,1.17,1.08,2026-09-17,0154,T,89,6.1NRT,296.99,42.09,D
-1.31283,103.79116,330.83,1.17,1.08,2026-09-17,0154,T,85,6.1NRT,296.53,32.55,D
-1.32089,103.77968,325.99,1.17,1.08,2026-09-17,0154,T,82,6.1NRT,294.53,25.73,D
-1.25143,102.56369,315.69,1.04,1.02,2026-09-17,0154,T,60,6.1NRT,294.18,8.88,D
-1.55032,104.40466,308.87,1.28,1.12,2026-09-17,0154,T,51,6.1NRT,293.76,6.17,D
-1.56019,104.40327,309.78,1.28,1.12,2026-09-17,0154,T,57,6.1NRT,294.46,7.09,D
-1.62198,104.33181,314.38,1.27,1.12,2026-09-17,0154,T,62,6.1NRT,293.89,11.35,D
-1.63181,104.33046,319.01,1.27,1.12,2026-09-17,0154,T,74,6.1NRT,294.23,16.81,D
-1.48314,102.24665,308.12,1.02,1.01,2026-09-17,0154,T,54,6.1NRT,294.69,4.11,D
-1.48441,102.25559,308.79,1.02,1.01,2026-09-17,0154,T,56,6.1NRT,294.81,4.55,D
-1.66748,101.86494,310.41,1.01,1,2026-09-17,0154,T,64,6.1NRT,295.17,6.17,D
-1.90928,102.39268,308.37,1.04,1.02,2026-09-17,0154,T,59,6.1NRT,295.07,4.37,D
-2.48672,105.98627,321.07,1.71,1.28,2026-09-17,0154,T,75,6.1NRT,294.96,29.49,D
-2.4189,103.24856,309.86,1.13,1.06,2026-09-17,0154,T,58,6.1NRT,294.63,6.74,D
-2.42738,103.30791,331.95,1.13,1.06,2026-09-17,0154,T,86,6.1NRT,295.79,31.6,D
-2.43672,103.3066,320.84,1.13,1.06,2026-09-17,0154,T,76,6.1NRT,295.01,15.79,D
-2.43648,103.19009,315.07,1.12,1.06,2026-09-17,0154,T,69,6.1NRT,295.01,11.51,D
-2.44057,103.21948,310.31,1.12,1.06,2026-09-17,0154,T,59,6.1NRT,294.77,7.14,D
-2.45575,103.32845,324.21,1.14,1.06,2026-09-17,0154,T,80,6.1NRT,295.65,20.86,D
-2.45714,103.33844,313.09,1.14,1.06,2026-09-17,0154,T,63,6.1NRT,294.84,8.63,D
-2.82089,105.15775,314.81,1.5,1.21,2026-09-17,0154,T,67,6.1NRT,294.7,14.05,D
-2.69562,103.06628,314.92,1.11,1.05,2026-09-17,0154,T,70,6.1NRT,296.94,9.45,D
-2.69698,103.07604,313.76,1.11,1.05,2026-09-17,0154,T,68,6.1NRT,295.9,8.51,D
-2.8409,103.75954,316.8,1.21,1.09,2026-09-17,0154,T,0,6.1NRT,294.59,12.85,D
-2.89503,104.07224,311.2,1.27,1.12,2026-09-17,0154,T,58,6.1NRT,294.27,8.05,D
-3.09391,105.32591,317.18,1.55,1.23,2026-09-17,0154,T,11,6.1NRT,293.83,14.15,D
-2.9471,103.85896,314.6,1.23,1.1,2026-09-17,0154,T,41,6.1NRT,297.16,9.46,D
-2.95681,103.85764,313.66,1.23,1.1,2026-09-17,0154,T,37,6.1NRT,296.79,8.8,D
-3.0328,104.39499,312.79,1.33,1.14,2026-09-17,0154,T,62,6.1NRT,294.11,8.92,D
-2.85607,102.9628,324.92,1.1,1.05,2026-09-17,0154,T,57,6.1NRT,299.15,18.53,D
-2.86395,102.95187,318.1,1.1,1.05,2026-09-17,0154,T,14,6.1NRT,299.19,11.47,D
-3.01503,104.04366,346.42,1.27,1.12,2026-09-17,0154,T,94,6.1NRT,297.42,69.58,D
-3.01655,104.05478,312.82,1.27,1.12,2026-09-17,0154,T,15,6.1NRT,295.32,7.77,D
-3.02487,104.04234,320.67,1.27,1.12,2026-09-17,0154,T,75,6.1NRT,295.37,17.89,D
-3.08148,104.45363,324.6,1.35,1.15,2026-09-17,0154,T,49,6.1NRT,294.68,22.46,D
-3.08635,104.48912,311.98,1.36,1.15,2026-09-17,0154,T,59,6.1NRT,294.25,7.87,D
-3.12716,104.41151,338.37,1.34,1.15,2026-09-17,0154,T,89,6.1NRT,294.14,53.43,D
-3.12882,104.42323,321.46,1.34,1.15,2026-09-17,0154,T,76,6.1NRT,292.82,20.37,D
-3.16139,104.3652,315.5,1.33,1.14,2026-09-17,0154,T,56,6.1NRT,288.38,10.67,D
-3.16299,104.37688,314.45,1.34,1.15,2026-09-17,0154,T,51,6.1NRT,288.31,9.05,D
-3.27009,105.16084,321.9,1.52,1.22,2026-09-17,0154,T,73,6.1NRT,295.64,23.93,D
-3.2808,105.15939,322.46,1.52,1.22,2026-09-17,0154,T,75,6.1NRT,295.32,24.68,D
-3.05132,103.29183,323.53,1.15,1.07,2026-09-17,0154,T,79,6.1NRT,296.56,19.13,D
-3.05274,103.3019,336.41,1.15,1.07,2026-09-17,0154,T,89,6.1NRT,297.35,39.67,D
-3.06916,103.17093,311.6,1.13,1.06,2026-09-17,0154,T,64,6.1NRT,296.49,6.93,D
-3.23671,103.36778,320.66,1.17,1.07,2026-09-17,0154,T,77,6.1NRT,295.85,17.38,D
-3.23815,103.37799,359.32,1.17,1.08,2026-09-17,0154,T,99,6.1NRT,297.65,100.41,D
-3.44683,104.87292,334.77,1.46,1.19,2026-09-17,0154,T,64,6.1NRT,297.22,44.64,D
-3.45734,104.87151,335.54,1.46,1.19,2026-09-17,0154,T,60,6.1NRT,299.83,46.36,D
-3.45912,104.88427,355.51,1.46,1.19,2026-09-17,0154,T,98,6.1NRT,301.14,113.07,D
-3.38905,104.01353,316.58,1.28,1.12,2026-09-17,0154,T,70,6.1NRT,295.54,13.57,D
-3.48281,104.54509,315.19,1.39,1.17,2026-09-17,0154,T,36,6.1NRT,295.97,9.93,D
-3.49307,104.5437,321.54,1.39,1.17,2026-09-17,0154,T,76,6.1NRT,296.49,19.54,D
-3.57408,105.12843,310.44,1.53,1.22,2026-09-17,0154,T,54,6.1NRT,293.39,8.43,D
-3.57593,105.14184,313.09,1.53,1.22,2026-09-17,0154,T,62,6.1NRT,293.15,11.92,D
-3.3443,103.40932,307.91,1.17,1.08,2026-09-17,0154,T,36,6.1NRT,295.05,4.65,D
-3.5893,104.64958,317.39,1.41,1.18,2026-09-17,0154,T,61,6.1NRT,295.99,14.49,D
-3.72015,105.43922,328.91,1.62,1.25,2026-09-17,0154,T,83,6.1NRT,296.81,43.98,D
-3.72212,105.45338,316,1.62,1.25,2026-09-17,0154,T,38,6.1NRT,293.96,15.97,D
-3.6648,104.96256,313.59,1.49,1.21,2026-09-17,0154,T,64,6.1NRT,293.55,11.56,D
-3.73118,105.43776,316.55,1.62,1.25,2026-09-17,0154,T,43,6.1NRT,293.58,17.49,D
-3.64056,104.66156,322.71,1.42,1.18,2026-09-17,0154,T,42,6.1NRT,294.41,22.22,D
-4.53122,103.99286,322.08,1.31,1.14,2026-09-17,0154,T,77,6.1NRT,294.95,22.15,D
22.36141,91.36697,312.89,3.55,1.77,2026-09-17,0325,T,42,6.1NRT,291.08,40.97,D
-3.82299,152.57141,310.14,1.52,1.22,2026-09-17,0516,A,0,6.1NRT,292.48,9.02,D
-2.94157,152.06619,313.72,1.61,1.25,2026-09-17,0516,A,38,6.1NRT,292.84,15.4,D
-2.81936,133.4668,311.4,1.07,1.03,2026-09-17,0654,A,46,6.1NRT,296.82,5.38,D
-3.26452,130.44173,325.39,1.07,1.03,2026-09-17,0654,A,62,6.1NRT,299.4,19.61,D
-2.84705,133.21591,333.84,1.05,1.02,2026-09-17,0654,A,87,6.1NRT,302.92,27.52,D
-2.84839,133.20677,324.86,1.05,1.02,2026-09-17,0654,A,63,6.1NRT,300.98,14.68,D
-2.87774,133.00737,320.2,1.04,1.02,2026-09-17,0654,A,71,6.1NRT,300.5,9.83,D
-2.87906,132.99838,325.72,1.04,1.02,2026-09-17,0654,A,81,6.1NRT,302.24,16.51,D
-2.88038,132.98938,317.02,1.04,1.02,2026-09-17,0654,A,14,6.1NRT,301.05,6.39,D
-2.88568,132.9534,312.3,1.03,1.02,2026-09-17,0654,A,25,6.1NRT,296.19,4.71,D
-2.8542,133.10544,320.68,1.04,1.02,2026-09-17,0654,A,76,6.1NRT,300.76,11.23,D
-2.86486,133.03308,319,1.04,1.02,2026-09-17,0654,A,65,6.1NRT,303.61,8.27,D
-2.85773,132.95842,315.22,1.03,1.02,2026-09-17,0654,A,52,6.1NRT,299.46,7.72,D
-2.80853,133.22899,318.24,1.05,1.02,2026-09-17,0654,A,37,6.1NRT,299.29,8.33,D
-2.81667,133.17413,316.34,1.05,1.02,2026-09-17,0654,A,70,6.1NRT,298.96,7.62,D
-2.77691,133.31821,318.25,1.06,1.03,2026-09-17,0654,A,66,6.1NRT,299.9,9.87,D
-3.22358,130.21523,308.88,1.09,1.04,2026-09-17,0654,A,51,6.1NRT,297.57,5.52,D
-3.19279,130.3645,313.95,1.08,1.04,2026-09-17,0654,A,70,6.1NRT,299.95,8.29,D
-2.80293,132.95355,321.57,1.03,1.02,2026-09-17,0654,A,77,6.1NRT,298.01,13.4,D
-3.18499,130.23248,317.41,1.09,1.04,2026-09-17,0654,A,55,6.1NRT,299.88,9.7,D
-3.18913,130.20424,316.76,1.09,1.04,2026-09-17,0654,A,56,6.1NRT,299.05,9.92,D
-2.72934,133.26759,317.54,1.06,1.03,2026-09-17,0654,A,72,6.1NRT,297.47,10.01,D
-2.7307,133.25839,313.41,1.06,1.03,2026-09-17,0654,A,48,6.1NRT,299.31,6.33,D
-2.73477,133.23087,313.84,1.05,1.03,2026-09-17,0654,A,66,6.1NRT,300.36,6.33,D
-3.16204,130.3257,313.35,1.08,1.04,2026-09-17,0654,A,59,6.1NRT,299.03,6.46,D
-3.17313,130.25002,318.8,1.09,1.04,2026-09-17,0654,A,52,6.1NRT,299.85,10.69,D
-2.80601,132.62621,323.99,1.02,1.01,2026-09-17,0654,A,48,6.1NRT,295.99,14.52,D
-3.14279,130.1389,319.57,1.1,1.04,2026-09-17,0654,A,36,6.1NRT,300.63,11.13,D
-3.14418,130.12923,320.46,1.1,1.05,2026-09-17,0654,A,51,6.1NRT,300.78,12.25,D
-2.71902,132.96864,348.61,1.04,1.02,2026-09-17,0654,A,95,6.1NRT,300.05,55.31,D
-2.72037,132.95966,328.41,1.04,1.02,2026-09-17,0654,A,83,6.1NRT,296.69,20.74,D
-3.11323,130.2795,324.12,1.08,1.04,2026-09-17,0654,A,41,6.1NRT,301.94,13.61,D
-3.11455,130.27034,326.29,1.08,1.04,2026-09-17,0654,A,75,6.1NRT,301.28,17.11,D
-3.13716,130.05305,315.71,1.11,1.05,2026-09-17,0654,A,51,6.1NRT,300.34,9.94,D
-2.68804,133.04056,352.82,1.04,1.02,2026-09-17,0654,A,97,6.1NRT,302.46,64.04,D
-3.12237,130.08989,318.79,1.1,1.05,2026-09-17,0654,A,62,6.1NRT,301.09,11.94,D
-3.14933,129.90694,313.04,1.12,1.06,2026-09-17,0654,A,57,6.1NRT,297.66,8.38,D
-2.67913,133.03923,378.38,1.04,1.02,2026-09-17,0654,A,100,6.1NRT,303.58,146.34,D
-2.68046,133.03018,342.95,1.04,1.02,2026-09-17,0654,A,92,6.1NRT,304.65,40.62,D
-3.07766,130.26752,328.48,1.08,1.04,2026-09-17,0654,A,74,6.1NRT,300.35,20.39,D
-3.09709,130.13493,315.64,1.1,1.04,2026-09-17,0654,A,45,6.1NRT,300.48,6.07,D
-3.07944,130.06392,316.36,1.1,1.05,2026-09-17,0654,A,72,6.1NRT,302.34,8.83,D
-3.46781,127.04634,321.04,1.76,1.3,2026-09-17,0654,A,78,6.1NRT,297.81,33.23,D
-3.4701,127.03066,315.34,1.76,1.3,2026-09-17,0654,A,71,6.1NRT,299.13,19.82,D
-3.57926,126.28313,312.84,2.03,1.39,2026-09-17,0654,A,17,6.1NRT,297.15,19.75,D
-2.54891,133.23775,326.45,1.06,1.03,2026-09-17,0654,A,72,6.1NRT,300.56,19.07,D
-3.0108,130.09702,314.5,1.1,1.05,2026-09-17,0654,A,69,6.1NRT,300.15,7.53,D
-3.18297,128.92087,313.9,1.28,1.12,2026-09-17,0654,A,65,6.1NRT,297.62,10.96,D
-2.53994,133.23643,323.92,1.06,1.03,2026-09-17,0654,A,62,6.1NRT,300.76,16.16,D
-2.53641,133.19836,314.42,1.06,1.03,2026-09-17,0654,A,48,6.1NRT,297.16,7.06,D
-3.40806,127.22069,309.58,1.7,1.28,2026-09-17,0654,A,53,6.1NRT,297.12,10.94,D
-3.53536,126.33109,311.54,2.01,1.38,2026-09-17,0654,A,64,6.1NRT,295.95,20.48,D
-2.52881,133.18785,327.11,1.05,1.03,2026-09-17,0654,A,82,6.1NRT,301.3,20.68,D
-3.45986,126.77662,320.22,1.85,1.33,2026-09-17,0654,A,77,6.1NRT,295.72,33.15,D
-3.53888,126.21943,318.72,2.05,1.39,2026-09-17,0654,A,75,6.1NRT,298.6,26.68,D
-3.39379,126.83901,322.77,1.82,1.32,2026-09-17,0654,A,65,6.1NRT,296.19,34.08,D
-3.39602,126.8236,321.82,1.82,1.32,2026-09-17,0654,A,62,6.1NRT,297.99,32.69,D
-3.36345,126.80423,318.95,1.83,1.32,2026-09-17,0654,A,45,6.1NRT,295.43,24.36,D
-3.34696,126.75374,314.78,1.85,1.33,2026-09-17,0654,A,47,6.1NRT,295.07,18.42,D
-3.31561,126.89381,316.52,1.8,1.31,2026-09-17,0654,A,55,6.1NRT,296.83,22.24,D
-3.31345,126.76207,327.26,1.84,1.33,2026-09-17,0654,A,83,6.1NRT,294.83,48.43,D
-3.26976,126.73683,311.91,1.85,1.33,2026-09-17,0654,A,46,6.1NRT,294.67,14.92,D
-2.94549,128.94225,311.31,1.26,1.12,2026-09-17,0654,A,39,6.1NRT,299.52,7.14,D
-3.26015,126.721,311.83,1.85,1.33,2026-09-17,0654,A,41,6.1NRT,294.49,16.51,D
-3.22882,126.86071,329.42,1.8,1.32,2026-09-17,0654,A,80,6.1NRT,292.18,54.22,D
-3.26108,126.73006,315.94,1.85,1.33,2026-09-17,0654,A,44,6.1NRT,293.81,22.68,D
-2.94334,128.80025,316.86,1.29,1.13,2026-09-17,0654,A,39,6.1NRT,298.3,13.54,D
-2.94494,128.7894,326.82,1.29,1.13,2026-09-17,0654,A,70,6.1NRT,299.02,27.3,D
-3.22872,126.86916,313.6,1.8,1.31,2026-09-17,0654,A,64,6.1NRT,291.15,16.83,D
-2.92374,128.86522,320.4,1.28,1.12,2026-09-17,0654,A,69,6.1NRT,299.12,18.11,D
-2.91395,128.86375,317.88,1.28,1.12,2026-09-17,0654,A,65,6.1NRT,297.09,14.24,D
-3.02027,128.13727,313.84,1.43,1.18,2026-09-17,0654,A,36,6.1NRT,296.37,10.65,D
-2.91716,128.77316,322.94,1.29,1.13,2026-09-17,0654,A,57,6.1NRT,298.69,19.68,D
-2.80309,129.42296,311.68,1.18,1.08,2026-09-17,0654,A,65,6.1NRT,297.25,7.78,D
-2.97542,128.15588,317.81,1.42,1.18,2026-09-17,0654,A,59,6.1NRT,294.5,17.1,D
-3.16402,126.74714,355.72,1.83,1.33,2026-09-17,0654,A,98,6.1NRT,299.17,169.58,D
-3.16607,126.7326,329.37,1.84,1.33,2026-09-17,0654,A,84,6.1NRT,296.22,55.01,D
-3.1503,126.7609,320.75,1.83,1.32,2026-09-17,0654,A,76,6.1NRT,296.92,28.84,D
-3.15244,126.74557,366.41,1.83,1.33,2026-09-17,0654,A,100,6.1NRT,298.35,241.49,D
-3.16541,126.7578,318.39,1.83,1.32,2026-09-17,0654,A,48,6.1NRT,297.42,22.91,D
-3.16762,126.74292,338.78,1.83,1.33,2026-09-17,0654,A,89,6.1NRT,297.84,87.55,D
-3.15385,126.75619,352.96,1.83,1.32,2026-09-17,0654,A,97,6.1NRT,297.76,150.19,D
-3.15603,126.74136,359.31,1.83,1.33,2026-09-17,0654,A,99,6.1NRT,299.12,190.98,D
-2.18119,132.71683,353.31,1.03,1.01,2026-09-17,0654,A,84,6.1NRT,303.18,63.82,D
-2.17696,132.56168,313.21,1.02,1.01,2026-09-17,0654,A,38,6.1NRT,300.2,6.37,D
-2.20069,132.33997,340.3,1.01,1,2026-09-17,0654,A,91,6.1NRT,299.54,38.3,D
-2.20198,132.33118,314.19,1.01,1,2026-09-17,0654,A,26,6.1NRT,298.34,7.25,D
-2.17892,132.42657,314.72,1.01,1.01,2026-09-17,0654,A,24,6.1NRT,299.15,6.64,D
-2.17012,132.42528,320.01,1.01,1.01,2026-09-17,0654,A,54,6.1NRT,299.54,10.71,D
-2.15906,132.37868,318.57,1.01,1.01,2026-09-17,0654,A,43,6.1NRT,298.19,9.49,D
-2.15165,132.35405,314.16,1.01,1.01,2026-09-17,0654,A,32,6.1NRT,298.44,6.58,D
-2.15423,132.33647,313.2,1.01,1,2026-09-17,0654,A,58,6.1NRT,298.53,6.92,D
-2.13382,132.41432,328.08,1.01,1.01,2026-09-17,0654,A,83,6.1NRT,300.4,18.26,D
-2.13511,132.40552,317.74,1.01,1.01,2026-09-17,0654,A,28,6.1NRT,299.29,7.95,D
-2.12762,132.3954,331.65,1.01,1.01,2026-09-17,0654,A,85,6.1NRT,299.01,23.76,D
-2.11494,132.42052,334.98,1.01,1.01,2026-09-17,0654,A,88,6.1NRT,297.88,28.23,D
-2.10874,132.4016,368.46,1.01,1.01,2026-09-17,0654,A,100,6.1NRT,301.96,107.04,D
-2.06313,132.4669,335.12,1.02,1.01,2026-09-17,0654,A,88,6.1NRT,299.45,30.66,D
-2.06444,132.45807,328.86,1.02,1.01,2026-09-17,0654,A,84,6.1NRT,299.14,22.86,D
-2.06575,132.44925,320.52,1.02,1.01,2026-09-17,0654,A,76,6.1NRT,298.36,13.68,D
-1.91133,133.10864,316.33,1.06,1.03,2026-09-17,0654,A,39,6.1NRT,303.47,8.01,D
-1.89611,133.08759,319.59,1.06,1.03,2026-09-17,0654,A,75,6.1NRT,300.61,12.19,D
-1.89747,133.0784,331.4,1.06,1.03,2026-09-17,0654,A,85,6.1NRT,301.25,27.09,D
-1.84878,132.52455,369.98,1.02,1.01,2026-09-17,0654,A,100,6.1NRT,303.97,112.86,D
-1.85008,132.51569,339.63,1.02,1.01,2026-09-17,0654,A,90,6.1NRT,304.15,36.76,D
-1.85398,132.48911,312.21,1.02,1.01,2026-09-17,0654,A,42,6.1NRT,299.52,4.88,D
-1.82492,132.50288,316.58,1.02,1.01,2026-09-17,0654,A,54,6.1NRT,300.89,7.53,D
-1.82623,132.49402,317.52,1.02,1.01,2026-09-17,0654,A,70,6.1NRT,299.91,8.92,D
-1.61198,132.19223,307.57,1.01,1,2026-09-17,0654,A,47,6.1NRT,295.18,3.55,D
-1.61713,132.15718,310.09,1.01,1,2026-09-17,0654,A,58,6.1NRT,298.45,4.68,D
-1.39944,133.57796,317.03,1.12,1.05,2026-09-17,0654,A,74,6.1NRT,293.81,15.72,D
-1.76814,129.99942,314.94,1.08,1.04,2026-09-17,0654,A,51,6.1NRT,299.25,8.51,D
-1.7606,129.99268,314.23,1.08,1.04,2026-09-17,0654,A,0,6.1NRT,300.16,8.72,D
-1.15427,132.85463,319.36,1.05,1.02,2026-09-17,0654,A,76,6.1NRT,297.46,14.15,D
-1.15557,132.84575,316.64,1.05,1.02,2026-09-17,0654,A,72,6.1NRT,298.39,11.44,D
-1.30487,131.40166,325.53,1,1,2026-09-17,0654,A,81,6.1NRT,300.86,18.53,D
-1.30614,131.39297,323.98,1,1,2026-09-17,0654,A,80,6.1NRT,299.58,16.65,D
-1.09099,132.02441,317.19,1.01,1,2026-09-17,0654,A,72,6.1NRT,300.63,9.31,D
-1.09227,132.01569,327.36,1.01,1,2026-09-17,0654,A,82,6.1NRT,301.78,20.15,D
-1.08351,132.01437,326.71,1.01,1,2026-09-17,0654,A,82,6.1NRT,301.1,19.2,D
-1.16469,131.27992,320.61,1,1,2026-09-17,0654,A,75,6.1NRT,301.39,12.22,D
-0.79179,131.92558,313.76,1.01,1,2026-09-17,0654,A,43,6.1NRT,301.06,5.74,D
-0.78303,131.9243,313.37,1.01,1,2026-09-17,0654,A,49,6.1NRT,300.26,5.27,D
-0.76653,131.97546,312.62,1.01,1,2026-09-17,0654,A,65,6.1NRT,301.28,5,D
-0.76782,131.96672,314.03,1.01,1,2026-09-17,0654,A,68,6.1NRT,301.43,6.15,D
-0.66511,131.91895,312.64,1.01,1,2026-09-17,0654,A,27,6.1NRT,300.3,4.77,D
-0.64989,131.96135,320.77,1.01,1,2026-09-17,0654,A,72,6.1NRT,300.41,11.7,D
-0.6512,131.95253,318.92,1.01,1,2026-09-17,0654,A,64,6.1NRT,300.04,9.98,D
-0.63741,131.9619,316.14,1.01,1,2026-09-17,0654,A,72,6.1NRT,300.37,8.28,D
-0.64126,131.93567,313.9,1.01,1,2026-09-17,0654,A,53,6.1NRT,300.37,6.26,D
-0.44929,132.1893,311.69,1.02,1.01,2026-09-17,0654,A,50,6.1NRT,299.08,5.36,D
-0.20197,130.84749,309.29,1.01,1,2026-09-17,0654,A,54,6.1NRT,298.31,4.53,D
-0.0523,130.99762,314.91,1,1,2026-09-17,0654,A,47,6.1NRT,302.61,7.16,D
-0.23658,127.69375,310.35,1.4,1.17,2026-09-17,0654,A,18,6.1NRT,292.84,11.29,D
0.05418,127.85001,311.79,1.35,1.15,2026-09-17,0654,A,51,6.1NRT,295.81,10.45,D
0.62892,128.33929,308.5,1.23,1.1,2026-09-17,0657,A,58,6.1NRT,295.65,5.98,D
0.62734,128.32866,316.27,1.24,1.1,2026-09-17,0657,A,73,6.1NRT,296.13,14.1,D
0.65176,128.22583,313.99,1.25,1.11,2026-09-17,0657,A,43,6.1NRT,296.91,8.74,D
0.59653,127.84631,314.89,1.33,1.14,2026-09-17,0657,A,60,6.1NRT,296.97,12.49,D
0.69819,128.24672,319.61,1.25,1.11,2026-09-17,0657,A,71,6.1NRT,299.05,15.98,D
0.70929,127.84168,322.89,1.32,1.14,2026-09-17,0657,A,76,6.1NRT,296.38,23.26,D
0.70754,127.83009,327.57,1.32,1.14,2026-09-17,0657,A,81,6.1NRT,293.17,31.61,D
0.93459,128.32961,310.09,1.22,1.1,2026-09-17,0657,A,28,6.1NRT,296.52,6.14,D
1.04164,128.26962,316.66,1.23,1.1,2026-09-17,0657,A,65,6.1NRT,296.98,14.61,D
1.03375,128.21736,328.45,1.24,1.11,2026-09-17,0657,A,81,6.1NRT,293.31,30.9,D
1.03215,128.20676,375.08,1.24,1.11,2026-09-17,0657,A,100,6.1NRT,297.14,178.3,D
1.13862,128.23807,313.66,1.23,1.1,2026-09-17,0657,A,25,6.1NRT,295.97,9.41,D
1.2431,127.84633,324.1,1.3,1.13,2026-09-17,0657,A,81,6.1NRT,300.69,21.2,D
1.2415,127.83538,315.8,1.3,1.13,2026-09-17,0657,A,72,6.1NRT,300.69,9.67,D
1.24336,127.8409,325.46,1.3,1.13,2026-09-17,0657,A,82,6.1NRT,300.97,22.6,D
1.26951,127.81363,315.34,1.3,1.13,2026-09-17,0657,A,50,6.1NRT,300.66,10.11,D
1.27771,127.80091,321.23,1.31,1.13,2026-09-17,0657,A,78,6.1NRT,300.13,18.79,D
1.32057,127.81751,312.55,1.3,1.13,2026-09-17,0657,A,68,6.1NRT,298.89,9.11,D
1.38966,128.22102,310.15,1.23,1.1,2026-09-17,0657,A,57,6.1NRT,294.69,6.04,D
0.71103,123.72528,311.33,2.76,1.59,2026-09-17,0657,A,57,6.1NRT,293.46,30.66,D
1.4318,127.94276,326.4,1.27,1.12,2026-09-17,0657,A,79,6.1NRT,300.92,22.62,D
1.4384,127.91963,325.37,1.28,1.12,2026-09-17,0657,A,60,6.1NRT,300.36,20.34,D
1.43186,127.87494,313.22,1.29,1.13,2026-09-17,0657,A,51,6.1NRT,299.19,8.34,D
1.4302,127.86356,328.35,1.29,1.13,2026-09-17,0657,A,81,6.1NRT,299.99,30.62,D
1.44103,127.92467,321.98,1.28,1.12,2026-09-17,0657,A,65,6.1NRT,300.43,16.54,D
1.43254,127.86909,326.24,1.29,1.13,2026-09-17,0657,A,79,6.1NRT,299.67,26.67,D
1.43081,127.85777,313.58,1.29,1.13,2026-09-17,0657,A,59,6.1NRT,299.3,9.23,D
1.55737,128.62717,311.79,1.16,1.07,2026-09-17,0657,A,44,6.1NRT,289.81,9.7,D
2.13449,128.32796,310.39,1.18,1.08,2026-09-17,0657,A,36,6.1NRT,292.33,6.25,D
2.33569,128.33124,313.25,1.18,1.08,2026-09-17,0657,A,57,6.1NRT,291.72,10.98,D
-11.96477,135.66254,322.08,1.09,1.04,2026-09-17,0652,A,36,6.1NRT,295.26,15.61,D
-11.95436,133.94499,319.81,1,1,2026-09-17,0652,A,67,6.1NRT,302.08,9.71,D
-11.95567,133.9361,315.62,1,1,2026-09-17,0652,A,42,6.1NRT,302.56,6.52,D
-11.75612,133.79295,325.05,1,1,2026-09-17,0652,A,72,6.1NRT,301.44,15.55,D
-11.74605,133.80049,317.59,1,1,2026-09-17,0652,A,55,6.1NRT,299.77,8.68,D
-11.74736,133.7916,332.86,1,1,2026-09-17,0652,A,63,6.1NRT,302.23,25.42,D
-11.7869,133.19852,321.87,1.01,1.01,2026-09-17,0652,A,51,6.1NRT,301.66,10.53,D
-11.77679,133.20618,323.47,1.01,1.01,2026-09-17,0652,A,32,6.1NRT,301.2,11.44,D
-11.82055,132.77655,317.38,1.03,1.02,2026-09-17,0652,A,54,6.1NRT,301.34,7.35,D
-11.78128,132.78296,323.43,1.03,1.01,2026-09-17,0652,A,72,6.1NRT,303.57,12.24,D
-11.77426,130.52419,333.75,1.31,1.14,2026-09-17,0652,A,84,6.1NRT,305.89,39.19,D
-11.77585,130.51242,316.66,1.32,1.14,2026-09-17,0652,A,58,6.1NRT,303.39,10.38,D
-11.61654,130.70088,316.81,1.28,1.12,2026-09-17,0652,A,48,6.1NRT,305.52,7.84,D
-11.61813,130.6895,322.79,1.28,1.12,2026-09-17,0652,A,73,6.1NRT,307.21,16.46,D
-11.60672,130.69945,331.3,1.28,1.12,2026-09-17,0652,A,68,6.1NRT,305.79,27.85,D
-11.6083,130.6881,336.95,1.28,1.12,2026-09-17,0652,A,81,6.1NRT,308.23,39.39,D
-11.59847,130.6866,340.69,1.28,1.12,2026-09-17,0652,A,82,6.1NRT,306.82,46.82,D
-11.48604,131.3555,333.23,1.17,1.08,2026-09-17,0652,A,84,6.1NRT,306.74,29.28,D
-11.58037,130.67235,342.77,1.28,1.12,2026-09-17,0652,A,89,6.1NRT,308.77,51.77,D
-11.58349,130.64957,324.99,1.28,1.12,2026-09-17,0652,A,38,6.1NRT,304.77,16.85,D
-11.47518,131.36449,325.33,1.17,1.07,2026-09-17,0652,A,57,6.1NRT,305.6,16.51,D
-11.57209,130.65948,335.83,1.28,1.12,2026-09-17,0652,A,77,6.1NRT,305.9,35.16,D
-11.30224,132.46422,335.38,1.05,1.02,2026-09-17,0652,A,86,6.1NRT,303.31,29.44,D
-11.29197,132.47217,338.66,1.05,1.02,2026-09-17,0652,A,88,6.1NRT,303.27,34.64,D
-11.27981,132.48289,327.16,1.04,1.02,2026-09-17,0652,A,74,6.1NRT,302.78,17.84,D
-11.4447,131.33223,323.83,1.17,1.08,2026-09-17,0652,A,75,6.1NRT,306.29,16.76,D
-11.55735,130.5338,319.66,1.3,1.13,2026-09-17,0652,A,31,6.1NRT,302.07,12.39,D
-11.26953,132.49078,318.13,1.04,1.02,2026-09-17,0652,A,0,6.1NRT,299.09,8.4,D
-11.27087,132.48154,325.13,1.04,1.02,2026-09-17,0652,A,67,6.1NRT,302.25,15.79,D
-11.45575,130.97653,318.74,1.22,1.1,2026-09-17,0652,A,40,6.1NRT,305.69,10.84,D
-11.23776,132.45764,333.42,1.05,1.02,2026-09-17,0652,A,64,6.1NRT,301.66,24.99,D
-11.44463,130.98592,321.79,1.22,1.1,2026-09-17,0652,A,60,6.1NRT,304.17,14.6,D
-11.44612,130.97513,327.6,1.22,1.1,2026-09-17,0652,A,79,6.1NRT,306.92,23.26,D
-11.23014,132.44702,334.07,1.05,1.02,2026-09-17,0652,A,80,6.1NRT,301.93,25.39,D
-11.22252,132.43639,332.71,1.05,1.02,2026-09-17,0652,A,63,6.1NRT,301.78,25.57,D
-11.22282,132.36984,318.4,1.05,1.02,2026-09-17,0652,A,50,6.1NRT,303.4,7.86,D
-11.44262,130.784,318.87,1.25,1.11,2026-09-17,0652,A,46,6.1NRT,306.03,9.46,D
-11.47788,130.5228,322.76,1.3,1.13,2026-09-17,0652,A,74,6.1NRT,306.91,16.77,D
-11.37118,130.92534,336.26,1.23,1.1,2026-09-17,0652,A,87,6.1NRT,304.57,41.49,D
-11.3727,130.91438,312.8,1.23,1.1,2026-09-17,0652,A,32,6.1NRT,302.58,6.5,D
-11.44939,130.35782,325.21,1.33,1.14,2026-09-17,0652,A,77,6.1NRT,304.31,23.76,D
-11.45102,130.34595,368.62,1.34,1.15,2026-09-17,0652,A,100,6.1NRT,307.64,160.08,D
-11.45264,130.33408,320.35,1.34,1.15,2026-09-17,0652,A,71,6.1NRT,302.56,16.56,D
-11.44098,130.3445,332.42,1.34,1.15,2026-09-17,0652,A,84,6.1NRT,304.55,37.87,D
-11.4426,130.3326,316.32,1.34,1.15,2026-09-17,0652,A,51,6.1NRT,302.58,10.62,D
-8.87667,141.87798,310.09,3.41,1.74,2026-09-17,0652,A,19,6.1NRT,291.64,29.45,D
-8.87834,141.87042,314.36,3.41,1.74,2026-09-17,0652,A,61,6.1NRT,291.85,48.96,D
-8.86908,141.12286,313.61,2.97,1.64,2026-09-17,0652,A,50,6.1NRT,294.84,33.36,D
-8.85481,141.12033,315.57,2.97,1.64,2026-09-17,0652,A,64,6.1NRT,294.35,41.86,D
-7.84305,138.74605,332.23,2,1.38,2026-09-17,0654,A,74,6.1NRT,296.02,66.96,D
-7.66288,138.79395,315.17,2.04,1.39,2026-09-17,0654,A,35,6.1NRT,291.17,22.95,D
-7.64647,138.11731,312.18,1.8,1.32,2026-09-17,0654,A,53,6.1NRT,297.67,13.14,D
-7.6485,138.1106,313.29,1.8,1.32,2026-09-17,0654,A,58,6.1NRT,298.27,15.8,D
-7.5094,138.26277,336.91,1.86,1.33,2026-09-17,0654,A,88,6.1NRT,296.6,83.88,D
-7.51198,138.24654,333.09,1.86,1.33,2026-09-17,0654,A,85,6.1NRT,296.98,69.29,D
-7.43394,138.50638,313.65,1.95,1.36,2026-09-17,0654,A,33,6.1NRT,295.9,17.37,D
-8.17835,131.0663,313.61,1.11,1.05,2026-09-17,0654,A,51,6.1NRT,300.58,7.91,D
-8.17973,131.0565,314.41,1.12,1.05,2026-09-17,0654,A,58,6.1NRT,299.68,8.7,D
-7.92281,131.30563,311.74,1.08,1.04,2026-09-17,0654,A,44,6.1NRT,298.16,6.98,D
-7.72741,130.98965,324.67,1.11,1.05,2026-09-17,0654,A,0,6.1NRT,298.68,17.99,D
-7.68091,131.06656,326.86,1.1,1.05,2026-09-17,0654,A,47,6.1NRT,300.12,18.39,D
-7.8392,129.60445,314.62,1.33,1.14,2026-09-17,0654,A,37,6.1NRT,303.32,9.21,D
-7.53598,131.23433,310.74,1.08,1.04,2026-09-17,0654,A,40,6.1NRT,299.09,5.87,D
-7.37086,131.41858,316.14,1.06,1.03,2026-09-17,0654,A,57,6.1NRT,299.51,9.41,D
-7.35511,131.46367,316.12,1.06,1.03,2026-09-17,0654,A,37,6.1NRT,299.62,9.62,D
-7.35647,131.45438,317.35,1.06,1.03,2026-09-17,0654,A,50,6.1NRT,298.31,10.4,D
-7.29723,131.48352,313.25,1.05,1.03,2026-09-17,0654,A,51,6.1NRT,296.31,7.84,D
-5.80435,132.79163,324.65,1,1,2026-09-17,0654,A,78,6.1NRT,302.16,14.5,D
-5.8121,132.73914,314.62,1,1,2026-09-17,0654,A,50,6.1NRT,298.09,7.04,D
-5.69167,132.72672,317.99,1,1,2026-09-17,0654,A,26,6.1NRT,301.89,7.75,D
-5.69424,132.70923,318.92,1,1,2026-09-17,0654,A,46,6.1NRT,300.58,8.77,D
-5.64075,132.64763,314.18,1,1,2026-09-17,0654,A,0,6.1NRT,299.21,6.23,D
-3.93447,138.72919,306.81,2.38,1.49,2026-09-17,0654,A,42,6.1NRT,288.56,17.55,D
-4.06884,137.78133,320.85,1.98,1.37,2026-09-17,0654,A,39,6.1NRT,290.03,40.45,D
-4.04746,136.04492,305.31,1.46,1.19,2026-09-17,0654,A,54,6.1NRT,283.4,10.11,D
-3.9516,136.52544,361.39,1.58,1.24,2026-09-17,0654,A,100,6.1NRT,296.32,172.5,D
-3.95366,136.51216,322.39,1.58,1.24,2026-09-17,0654,A,82,6.1NRT,296.48,34.29,D
-3.99012,136.02962,308.11,1.46,1.19,2026-09-17,0654,A,50,6.1NRT,276.15,16.72,D
-3.97415,135.92561,305.34,1.43,1.18,2026-09-17,0654,A,61,6.1NRT,276.67,12.93,D
-3.76742,136.88829,320.33,1.7,1.28,2026-09-17,0654,A,80,6.1NRT,292.2,35.64,D
-3.76954,136.87428,313.41,1.7,1.28,2026-09-17,0654,A,73,6.1NRT,291.2,22.55,D
-3.7424,136.82855,306.89,1.68,1.28,2026-09-17,0654,A,63,6.1NRT,291.83,12.84,D
-3.70941,136.74252,302.46,1.66,1.27,2026-09-17,0654,A,32,6.1NRT,287.75,6.8,D
-3.79726,136.08495,314.86,1.48,1.2,2026-09-17,0654,A,74,6.1NRT,287.7,19.07,D
-3.69332,136.69994,311.74,1.65,1.26,2026-09-17,0654,A,70,6.1NRT,290.83,20.38,D
-3.55958,136.22176,308.72,1.53,1.22,2026-09-17,0654,A,46,6.1NRT,271.87,17.71,D
-3.74269,135.01767,317.39,1.25,1.11,2026-09-17,0654,A,75,6.1NRT,298.46,14.95,D
-3.51424,134.8867,314.61,1.24,1.11,2026-09-17,0654,A,59,6.1NRT,299.2,9.09,D
-3.42024,135.4478,312.63,1.35,1.15,2026-09-17,0654,A,48,6.1NRT,298.71,7.23,D
-3.49813,134.8623,313.49,1.24,1.11,2026-09-17,0654,A,67,6.1NRT,299.11,8.4,D
-3.68278,133.19261,312.75,1.04,1.02,2026-09-17,0654,A,68,6.1NRT,299.07,7.21,D
-3.39819,134.85185,313.43,1.24,1.11,2026-09-17,0654,A,40,6.1NRT,298.49,8.28,D
-3.66988,133.03464,314.15,1.03,1.01,2026-09-17,0654,A,70,6.1NRT,299.44,7.12,D
-3.64236,133.15892,309.75,1.04,1.02,2026-09-17,0654,A,62,6.1NRT,297.96,4.48,D
-3.38046,134.83847,325.66,1.24,1.11,2026-09-17,0654,A,59,6.1NRT,299.11,22.23,D
-3.64151,133.10364,312.7,1.03,1.01,2026-09-17,0654,A,48,6.1NRT,297.84,6.57,D
-3.63264,133.10233,310.38,1.03,1.01,2026-09-17,0654,A,33,6.1NRT,295.45,4.87,D
-3.35793,134.82861,323.46,1.24,1.11,2026-09-17,0654,A,58,6.1NRT,298.76,19.18,D
-3.61425,132.96495,327.12,1.02,1.01,2026-09-17,0654,A,57,6.1NRT,300.04,16.7,D
-3.61556,132.95604,328.73,1.02,1.01,2026-09-17,0654,A,43,6.1NRT,300.25,18.42,D
-3.60804,132.9458,321.19,1.02,1.01,2026-09-17,0654,A,54,6.1NRT,298.8,11.89,D
-3.60936,132.9369,314.5,1.02,1.01,2026-09-17,0654,A,29,6.1NRT,298.02,6.75,D
-3.52753,132.99191,311.68,1.03,1.01,2026-09-17,0654,A,57,6.1NRT,298.26,5.36,D
-3.49793,133.06989,320.47,1.03,1.01,2026-09-17,0654,A,55,6.1NRT,298.72,12.44,D
-3.49926,133.0609,320.3,1.03,1.01,2026-09-17,0654,A,59,6.1NRT,298.41,12.01,D
-3.49876,132.94202,315.7,1.02,1.01,2026-09-17,0654,A,50,6.1NRT,298.02,8.98,D
-3.40962,132.97676,322.99,1.03,1.01,2026-09-17,0654,A,53,6.1NRT,297.43,14.59,D
-3.38794,133.00096,319.1,1.03,1.01,2026-09-17,0654,A,37,6.1NRT,297.85,10.7,D
-3.11203,134.55659,316.49,1.2,1.09,2026-09-17,0654,A,68,6.1NRT,299.67,12.39,D
-3.04962,133.66409,309.91,1.09,1.04,2026-09-17,0654,A,42,6.1NRT,294.72,5.47,D
-3.4578,130.70461,312.38,1.05,1.02,2026-09-17,0654,A,39,6.1NRT,299.57,6.09,D
-3.45913,130.69548,312.88,1.05,1.02,2026-09-17,0654,A,36,6.1NRT,300.76,6.67,D
-3.45018,130.69414,315.74,1.05,1.02,2026-09-17,0654,A,64,6.1NRT,299.72,9.11,D
-2.92925,133.91235,322.76,1.12,1.05,2026-09-17,0654,A,41,6.1NRT,280.44,19.45,D
-2.92,133.91125,328.02,1.12,1.05,2026-09-17,0654,A,39,6.1NRT,278.12,25.28,D
-2.98445,133.47514,310.44,1.07,1.03,2026-09-17,0654,A,61,6.1NRT,289.94,6.57,D
-2.91076,133.91011,343.17,1.12,1.05,2026-09-17,0654,A,92,6.1NRT,280.22,53.2,D
-2.98564,133.3428,313.08,1.06,1.03,2026-09-17,0654,A,64,6.1NRT,291.53,7.94,D
-2.95853,133.09042,322.92,1.04,1.02,2026-09-17,0654,A,46,6.1NRT,304.08,12.77,D
-2.94829,133.09814,341.57,1.04,1.02,2026-09-17,0654,A,91,6.1NRT,303.73,38.13,D
-2.94963,133.0891,327.94,1.04,1.02,2026-09-17,0654,A,64,6.1NRT,304.82,17.13,D
-2.93938,133.09682,323.28,1.04,1.02,2026-09-17,0654,A,65,6.1NRT,302.52,12.01,D
-2.94072,133.08777,318.57,1.04,1.02,2026-09-17,0654,A,19,6.1NRT,303.64,7.15,D
-2.91753,133.1214,319,1.04,1.02,2026-09-17,0654,A,65,6.1NRT,300.62,9.71,D
-2.90862,133.12009,317.82,1.04,1.02,2026-09-17,0654,A,55,6.1NRT,299.85,8.85,D
-2.90997,133.11102,348.48,1.04,1.02,2026-09-17,0654,A,95,6.1NRT,304.25,55.23,D
-3.28469,130.49855,317.63,1.07,1.03,2026-09-17,0654,A,64,6.1NRT,298.13,12.7,D
24.92088,121.17894,315.67,1.49,1.2,2026-09-17,0701,A,39,6.1NRT,298.37,9.02,D
24.92873,121.16251,316.93,1.49,1.21,2026-09-17,0701,A,63,6.1NRT,297.8,11.15,D
26.31067,119.25248,311.91,1.89,1.34,2026-09-17,0703,A,66,6.1NRT,294.01,20.6,D
26.31749,119.24511,308.25,1.89,1.34,2026-09-17,0703,A,57,6.1NRT,294.02,14.19,D
27.05624,120.24276,314.72,1.56,1.23,2026-09-17,0703,A,53,6.1NRT,297.68,15.49,D
27.17248,120.36326,315.65,1.52,1.22,2026-09-17,0703,A,62,6.1NRT,298.39,15.2,D
27.50977,119.68842,308.46,1.66,1.27,2026-09-17,0703,A,31,6.1NRT,295.63,9.33,D
27.49951,119.68579,308.34,1.66,1.27,2026-09-17,0703,A,33,6.1NRT,295.59,9.28,D
28.03437,119.19128,312.57,1.75,1.3,2026-09-17,0703,A,67,6.1NRT,297.22,16.27,D
27.58745,116.26556,309.94,2.88,1.62,2026-09-17,0703,A,61,6.1NRT,291.59,22.06,D
28.65271,119.38065,313.72,1.65,1.26,2026-09-17,0703,A,51,6.1NRT,298.11,14.81,D
28.65429,119.37335,314.23,1.65,1.26,2026-09-17,0703,A,46,6.1NRT,298.81,15.1,D
28.67358,118.99199,319.21,1.75,1.3,2026-09-17,0703,A,75,6.1NRT,293.1,31.91,D
28.67042,118.97529,309.05,1.76,1.3,2026-09-17,0703,A,57,6.1NRT,292.77,13.82,D
28.67215,118.98742,323.98,1.75,1.3,2026-09-17,0703,A,80,6.1NRT,293.25,40.76,D
23.64266,101.96005,317.51,1.01,1,2026-09-17,0839,A,74,6.1NRT,299.56,7.19,D
24.88236,101.89649,311.12,1.02,1.01,2026-09-17,0841,A,66,6.1NRT,297.35,5.25,D
27.72232,102.21825,316.48,1.09,1.04,2026-09-17,0841,A,70,6.1NRT,296.31,9.32,D
27.72087,102.20744,339.19,1.09,1.04,2026-09-17,0841,A,91,6.1NRT,296.09,40.43,D
13.27272,109.16084,328.29,1.86,1.33,2026-09-17,0837,A,81,6.1NRT,290.38,49.39,D
13.29168,109.1247,318.01,1.85,1.33,2026-09-17,0837,A,20,6.1NRT,290.41,23.94,D
13.64934,109.05181,318.83,1.85,1.33,2026-09-17,0837,A,51,6.1NRT,290.55,28.83,D
13.74138,109.07806,323.8,1.87,1.34,2026-09-17,0837,A,77,6.1NRT,292.76,40.64,D
13.04014,101.07226,316.05,1.21,1.09,2026-09-17,0837,A,31,6.1NRT,290.99,8.18,D
13.03845,101.06151,316.06,1.21,1.09,2026-09-17,0837,A,58,6.1NRT,291.36,8.45,D
14.32455,108.96332,321.71,1.87,1.34,2026-09-17,0837,A,74,6.1NRT,293.06,34.67,D
15.18611,100.07372,313.61,1.29,1.13,2026-09-17,0839,A,37,6.1NRT,283.63,12.35,D
15.24094,93.20966,310.65,4.25,1.91,2026-09-17,0839,A,0,6.1NRT,287.96,57.83,D
-7.82926,111.57614,317.57,1.31,1.13,2026-09-17,0833,A,66,6.1NRT,299.62,10.66,D
-7.90953,111.04655,318.28,1.21,1.09,2026-09-17,0833,A,67,6.1NRT,300.1,10.03,D
-7.66377,110.65179,314.3,1.16,1.07,2026-09-17,0833,A,57,6.1NRT,299.66,5.74,D
-7.3342,111.59803,321.3,1.33,1.14,2026-09-17,0833,A,72,6.1NRT,303.67,11.01,D
-7.30239,111.47486,332.52,1.31,1.13,2026-09-17,0833,A,84,6.1NRT,298.94,35.16,D
-7.42332,107.10415,312.72,1.04,1.02,2026-09-17,0833,A,66,6.1NRT,298.03,5.68,D
-6.89475,109.31693,320.89,1.04,1.02,2026-09-17,0833,A,73,6.1NRT,301.19,11.06,D
-6.89712,108.67914,314.54,1.01,1,2026-09-17,0833,A,64,6.1NRT,299.18,4.56,D
-6.5975,108.20528,353.59,1,1,2026-09-17,0833,A,97,6.1NRT,302.9,59.89,D
-6.59879,108.19653,322.64,1,1,2026-09-17,0833,A,76,6.1NRT,301.94,9.72,D
-6.8766,106.16022,313.52,1.11,1.05,2026-09-17,0833,A,50,6.1NRT,296.3,8.81,D
-6.10324,105.42831,314.4,1.19,1.08,2026-09-17,0833,A,56,6.1NRT,301.6,10.47,D
-6.10474,105.41784,328.88,1.19,1.09,2026-09-17,0833,A,82,6.1NRT,306.31,29.47,D
-4.77964,105.84165,343.86,1.1,1.05,2026-09-17,0833,A,92,6.1NRT,297.75,52.25,D
-4.78104,105.83208,323.32,1.1,1.05,2026-09-17,0833,A,75,6.1NRT,296.61,18.81,D
-4.64258,105.76694,338.46,1.1,1.05,2026-09-17,0833,A,88,6.1NRT,298.98,39.84,D
-4.54202,105.75554,316.1,1.1,1.05,2026-09-17,0835,A,42,6.1NRT,297.68,8.02,D
-4.53393,105.75853,317.27,1.1,1.05,2026-09-17,0835,A,63,6.1NRT,297.06,9.74,D
-3.24839,113.99254,313.16,2.39,1.49,2026-09-17,0835,A,47,6.1NRT,292.88,20.34,D
-3.25461,113.86822,325.23,2.33,1.48,2026-09-17,0835,A,78,6.1NRT,294.95,57.9,D
-3.24174,113.86621,325.74,2.33,1.48,2026-09-17,0835,A,62,6.1NRT,294.33,53.12,D
-3.22887,113.86421,341.99,2.33,1.48,2026-09-17,0835,A,91,6.1NRT,293.59,128.37,D
-4.44333,105.80397,318.61,1.1,1.04,2026-09-17,0835,A,66,6.1NRT,299.21,8.82,D
-3.23905,113.87924,349.46,2.34,1.48,2026-09-17,0835,A,95,6.1NRT,295.24,180.5,D
-4.52542,105.1848,319.25,1.17,1.08,2026-09-17,0835,A,66,6.1NRT,298.31,10.45,D
-3.22922,113.85701,322.09,2.33,1.48,2026-09-17,0835,A,46,6.1NRT,293.29,37.75,D
-4.45859,105.2478,314.83,1.16,1.07,2026-09-17,0835,A,57,6.1NRT,296.01,6.03,D
-4.51679,104.84201,323.23,1.23,1.1,2026-09-17,0835,A,75,6.1NRT,298.95,16.66,D
-4.55544,104.50114,318.73,1.29,1.13,2026-09-17,0835,A,66,6.1NRT,297.23,13.81,D
-4.55704,104.48987,317.09,1.29,1.13,2026-09-17,0835,A,64,6.1NRT,296.5,11.3,D
-3.43551,111.96571,319.86,1.63,1.26,2026-09-17,0835,A,72,6.1NRT,292.47,26.89,D
-4.44928,105.11072,319.46,1.18,1.08,2026-09-17,0835,A,69,6.1NRT,298.97,11.3,D
-3.43484,111.95981,323.21,1.63,1.26,2026-09-17,0835,A,56,6.1NRT,292.17,31.11,D
-4.42194,105.13264,321.05,1.18,1.08,2026-09-17,0835,A,68,6.1NRT,298.01,13.02,D
-4.42343,105.12241,320.61,1.18,1.08,2026-09-17,0835,A,62,6.1NRT,297.33,11.87,D
-3.28073,112.59698,321.1,1.84,1.33,2026-09-17,0835,A,74,6.1NRT,292.42,33.63,D
-4.32917,105.37718,325.6,1.14,1.07,2026-09-17,0835,A,77,6.1NRT,296.91,19.6,D
-4.3306,105.36722,319.62,1.14,1.07,2026-09-17,0835,A,69,6.1NRT,296.97,12.23,D
-3.2584,112.44172,315.64,1.79,1.31,2026-09-17,0835,A,68,6.1NRT,278.76,26.25,D
-3.12666,112.68175,320.7,1.88,1.34,2026-09-17,0835,A,45,6.1NRT,296.33,26.51,D
-3.14195,112.58515,323.67,1.85,1.33,2026-09-17,0835,A,52,6.1NRT,295.21,35.16,D
-3.13194,112.67693,320.29,1.88,1.34,2026-09-17,0835,A,44,6.1NRT,296.47,26.76,D
-3.14404,112.59619,319.32,1.85,1.33,2026-09-17,0835,A,51,6.1NRT,294.57,25.14,D
-3.12025,112.67511,339.19,1.88,1.34,2026-09-17,0835,A,90,6.1NRT,296.05,86.99,D
-3.11896,112.52697,330.45,1.83,1.32,2026-09-17,0835,A,84,6.1NRT,296.01,51.9,D
-3.12138,112.51113,340.5,1.82,1.32,2026-09-17,0835,A,90,6.1NRT,295.25,87.84,D
-3.21899,111.87077,348.96,1.62,1.25,2026-09-17,0835,A,95,6.1NRT,296.92,98.74,D
-3.10495,112.54113,331.4,1.83,1.33,2026-09-17,0835,A,84,6.1NRT,295.97,55.02,D
-3.13847,112.32307,314.84,1.76,1.3,2026-09-17,0835,A,41,6.1NRT,294.4,12.76,D
-3.20806,111.86909,348.29,1.62,1.25,2026-09-17,0835,A,90,6.1NRT,298.26,93.48,D
-3.12712,112.32132,315.3,1.76,1.3,2026-09-17,0835,A,36,6.1NRT,294.25,13.14,D
-3.19496,111.88145,352.76,1.62,1.25,2026-09-17,0835,A,96,6.1NRT,299.19,119.21,D
-3.18401,111.87978,346.69,1.62,1.25,2026-09-17,0835,A,94,6.1NRT,297.99,94.36,D
-4.17231,105.25034,320.73,1.16,1.07,2026-09-17,0835,A,63,6.1NRT,296.97,11.16,D
-3.04236,112.71342,316.49,1.9,1.35,2026-09-17,0835,A,64,6.1NRT,295.41,21.3,D
-3.04493,112.69706,313.67,1.89,1.34,2026-09-17,0835,A,42,6.1NRT,294.14,15.29,D
-3.06776,112.55167,327.17,1.84,1.33,2026-09-17,0835,A,81,6.1NRT,295.41,46.41,D
-3.07026,112.53574,329.47,1.83,1.33,2026-09-17,0835,A,83,6.1NRT,295.44,53.39,D
-3.14855,112.03536,319.82,1.67,1.27,2026-09-17,0835,A,69,6.1NRT,295.79,23.85,D
-3.17307,111.8781,352.09,1.62,1.25,2026-09-17,0835,A,96,6.1NRT,298.1,118.57,D
-3.16212,111.87643,364.08,1.62,1.25,2026-09-17,0835,A,100,6.1NRT,299.41,183.27,D
-3.0464,112.70712,318.62,1.9,1.35,2026-09-17,0835,A,54,6.1NRT,295.05,24.48,D
-3.07287,112.52927,311.96,1.83,1.33,2026-09-17,0835,A,31,6.1NRT,294.32,12.76,D
-3.16854,111.88523,359.06,1.63,1.26,2026-09-17,0835,A,99,6.1NRT,299.21,153.78,D
-3.17064,111.87112,322.51,1.62,1.25,2026-09-17,0835,A,58,6.1NRT,297.08,24.99,D
-3.05892,112.54337,331.05,1.84,1.33,2026-09-17,0835,A,84,6.1NRT,295.18,59.2,D
-3.15969,111.86944,333.98,1.62,1.25,2026-09-17,0835,A,86,6.1NRT,297.85,53.46,D
-4.10437,105.40669,324.21,1.13,1.06,2026-09-17,0835,A,76,6.1NRT,297.9,17.22,D
-3.00443,112.66714,324.11,1.89,1.34,2026-09-17,0835,A,78,6.1NRT,295.02,40.65,D
-2.92089,112.89339,333.98,1.97,1.37,2026-09-17,0835,A,85,6.1NRT,297.57,64.29,D
-2.90895,112.89152,350.24,1.97,1.37,2026-09-17,0835,A,95,6.1NRT,298.4,143.13,D
-2.92569,112.90611,326.82,1.98,1.37,2026-09-17,0835,A,52,6.1NRT,295.83,42.31,D
-2.91373,112.90424,338.42,1.98,1.37,2026-09-17,0835,A,89,6.1NRT,297.85,84.45,D
-2.91629,112.88713,339.63,1.97,1.37,2026-09-17,0835,A,90,6.1NRT,298.28,88.39,D
-2.90177,112.90237,321.86,1.98,1.37,2026-09-17,0835,A,70,6.1NRT,296.54,30.12,D
-2.90434,112.88528,319.96,1.97,1.37,2026-09-17,0835,A,40,6.1NRT,297.13,24.13,D
-2.97384,112.26971,317.64,1.76,1.3,2026-09-17,0835,A,0,6.1NRT,294.96,22,D
-3.95762,105.4599,326.69,1.12,1.06,2026-09-17,0835,A,78,6.1NRT,298.8,19.49,D
-2.92609,112.27798,322.17,1.76,1.3,2026-09-17,0835,A,66,6.1NRT,295.57,29.37,D
-3.94839,105.45855,367.04,1.12,1.06,2026-09-17,0835,A,100,6.1NRT,300.03,117.37,D
-3.94979,105.44879,323.57,1.12,1.06,2026-09-17,0835,A,76,6.1NRT,297.85,15.53,D
-2.92704,112.27119,320.97,1.76,1.3,2026-09-17,0835,A,44,6.1NRT,295.15,26.02,D
-3.87031,105.87013,322.08,1.08,1.04,2026-09-17,0835,A,56,6.1NRT,298.12,14.88,D
-3.87169,105.86076,313.31,1.08,1.04,2026-09-17,0835,A,43,6.1NRT,296.81,6.59,D
-2.79581,112.82667,330.35,1.96,1.37,2026-09-17,0835,A,71,6.1NRT,295.48,56.47,D
-2.7865,112.80792,324.19,1.95,1.36,2026-09-17,0835,A,75,6.1NRT,294.64,41.51,D
-2.7746,112.80611,328.14,1.95,1.36,2026-09-17,0835,A,82,6.1NRT,294.06,53.42,D
-4.10007,103.66328,312.12,1.45,1.19,2026-09-17,0835,A,52,6.1NRT,296.24,9.47,D
-3.82034,105.58604,321.08,1.1,1.05,2026-09-17,0835,A,56,6.1NRT,296.81,13.17,D
-3.82175,105.57642,324.17,1.1,1.05,2026-09-17,0835,A,68,6.1NRT,297.66,16.71,D
-3.82601,105.54753,315.4,1.11,1.05,2026-09-17,0835,A,18,6.1NRT,296.18,7.81,D
-4.10269,103.67112,313.21,1.45,1.19,2026-09-17,0835,A,54,6.1NRT,296.76,10.45,D
-3.81684,105.54619,337.42,1.11,1.05,2026-09-17,0835,A,88,6.1NRT,296.33,37.86,D
-3.81826,105.53654,322.15,1.11,1.05,2026-09-17,0835,A,74,6.1NRT,295.73,16.08,D
-3.85859,105.26206,318.78,1.14,1.07,2026-09-17,0835,A,39,6.1NRT,295.61,9.82,D
-3.00337,110.99575,320.42,1.41,1.18,2026-09-17,0835,A,74,6.1NRT,297.68,17.27,D
-3.77688,105.75484,320.93,1.09,1.04,2026-09-17,0835,A,45,6.1NRT,297.54,13.55,D
-3.77827,105.74539,323.73,1.09,1.04,2026-09-17,0835,A,64,6.1NRT,298.13,16.7,D
-3.77966,105.73593,331.7,1.09,1.04,2026-09-17,0835,A,81,6.1NRT,296.97,26.86,D
-3.84636,105.2806,343.06,1.14,1.06,2026-09-17,0835,A,91,6.1NRT,298.01,48.66,D
-3.7678,105.75351,334.35,1.09,1.04,2026-09-17,0835,A,86,6.1NRT,297.2,30.62,D
-3.79426,105.57241,322.26,1.1,1.05,2026-09-17,0835,A,23,6.1NRT,297.31,13.36,D
-3.8098,105.46601,315.87,1.12,1.05,2026-09-17,0835,A,54,6.1NRT,295.78,9.97,D
-3.78509,105.57107,322.42,1.1,1.05,2026-09-17,0835,A,51,6.1NRT,297.28,14.21,D
-3.7865,105.56145,341.08,1.11,1.05,2026-09-17,0835,A,90,6.1NRT,301.07,43,D
-3.7893,105.54217,317.97,1.11,1.05,2026-09-17,0835,A,47,6.1NRT,297.69,10.45,D
-3.79071,105.53252,321.48,1.11,1.05,2026-09-17,0835,A,68,6.1NRT,296.84,14.83,D
-3.81844,105.27653,315.15,1.14,1.06,2026-09-17,0835,A,18,6.1NRT,296.63,7.36,D
-2.75917,112.23998,316.51,1.76,1.3,2026-09-17,0835,A,52,6.1NRT,293.5,19.76,D
-2.95019,111.00023,328.8,1.41,1.18,2026-09-17,0835,A,83,6.1NRT,295.34,31.26,D
-3.807,105.22398,325.45,1.15,1.07,2026-09-17,0835,A,78,6.1NRT,300.45,18.76,D
-3.80843,105.21398,327.41,1.15,1.07,2026-09-17,0835,A,80,6.1NRT,299.96,21.71,D
-2.88336,111.36529,318.03,1.5,1.21,2026-09-17,0835,A,71,6.1NRT,292.3,22.58,D
-2.88537,111.3523,313.65,1.5,1.21,2026-09-17,0835,A,48,6.1NRT,291.26,15.74,D
-3.721,105.75629,318.02,1.08,1.04,2026-09-17,0835,A,67,6.1NRT,296.58,11.97,D
-3.72236,105.74686,315.72,1.09,1.04,2026-09-17,0835,A,61,6.1NRT,296.6,9.5,D
-3.72144,105.68867,313.66,1.09,1.04,2026-09-17,0835,A,54,6.1NRT,297.65,6.46,D
-3.7671,105.36991,319.33,1.13,1.06,2026-09-17,0835,A,66,6.1NRT,296.59,12.43,D
-3.76851,105.36008,328.49,1.13,1.06,2026-09-17,0835,A,81,6.1NRT,297.42,24.79,D
-3.98026,103.86466,316.83,1.4,1.17,2026-09-17,0835,A,34,6.1NRT,297.56,11.83,D
-3.98056,103.87039,318.51,1.39,1.17,2026-09-17,0835,A,42,6.1NRT,297.93,13.96,D
-3.72824,105.51672,318.35,1.11,1.05,2026-09-17,0835,A,68,6.1NRT,297.3,11.11,D
-3.86783,104.56715,324.54,1.25,1.11,2026-09-17,0835,A,42,6.1NRT,301.37,16.38,D
-3.73043,105.4378,334.94,1.12,1.05,2026-09-17,0835,A,85,6.1NRT,300.19,32.33,D
-2.88641,111.08485,314.84,1.44,1.19,2026-09-17,0835,A,57,6.1NRT,285.47,15.32,D
-3.68331,105.69581,316.54,1.09,1.04,2026-09-17,0835,A,46,6.1NRT,298.43,7.43,D
-3.72834,105.38763,315.13,1.12,1.06,2026-09-17,0835,A,35,6.1NRT,295.78,7.7,D
-3.72977,105.37783,335.96,1.13,1.06,2026-09-17,0835,A,87,6.1NRT,297.85,35.61,D
-2.89098,110.98434,321.87,1.41,1.18,2026-09-17,0835,A,75,6.1NRT,291.56,23.29,D
-3.72053,105.37648,325.34,1.13,1.06,2026-09-17,0835,A,78,6.1NRT,296.9,19.1,D
-3.65326,105.71075,321.96,1.09,1.04,2026-09-17,0835,A,46,6.1NRT,301.25,13.41,D
-3.64417,105.70941,320.99,1.09,1.04,2026-09-17,0835,A,53,6.1NRT,298.46,11.93,D
-3.80644,104.58041,319.88,1.25,1.11,2026-09-17,0835,A,72,6.1NRT,298.78,13.12,D
-3.90741,103.87181,327.55,1.39,1.17,2026-09-17,0835,A,81,6.1NRT,296.15,31.11,D
-3.68918,105.33178,314.39,1.13,1.06,2026-09-17,0835,A,57,6.1NRT,296.64,7.98,D
-3.64512,105.57342,312.02,1.1,1.05,2026-09-17,0835,A,43,6.1NRT,295.64,5.88,D
-2.79875,111.13015,311.7,1.45,1.19,2026-09-17,0835,A,60,6.1NRT,293.95,11.47,D
-2.81917,110.99303,352.59,1.42,1.18,2026-09-17,0835,A,97,6.1NRT,290.82,107.8,D
-2.821,110.98075,334.3,1.42,1.18,2026-09-17,0835,A,76,6.1NRT,290.56,49.07,D
-2.80888,110.99149,352.09,1.42,1.18,2026-09-17,0835,A,96,6.1NRT,290.44,105.46,D
-2.81072,110.97919,359.92,1.42,1.18,2026-09-17,0835,A,94,6.1NRT,291.95,131.53,D
-2.8023,110.96529,334.21,1.41,1.18,2026-09-17,0835,A,58,6.1NRT,290.19,45.73,D
-3.73392,104.6524,327.95,1.23,1.1,2026-09-17,0835,A,81,6.1NRT,297.91,24.63,D
-3.74016,104.60941,315.7,1.24,1.11,2026-09-17,0835,A,50,6.1NRT,294.7,7.59,D
-2.86373,110.42207,310.12,1.3,1.13,2026-09-17,0835,A,38,6.1NRT,292.17,5.74,D
-3.57237,105.63521,328.09,1.09,1.04,2026-09-17,0835,A,80,6.1NRT,296.95,22.44,D
-3.57927,105.58754,316.41,1.1,1.05,2026-09-17,0835,A,37,6.1NRT,296.92,7.84,D
-3.59039,105.51073,315.19,1.11,1.05,2026-09-17,0835,A,60,6.1NRT,296.39,8.51,D
-3.67083,104.9539,318.53,1.18,1.08,2026-09-17,0835,A,69,6.1NRT,298.46,11.06,D
-3.53868,105.80377,319.02,1.08,1.04,2026-09-17,0835,A,69,6.1NRT,297.69,11.23,D
-3.57429,105.55745,319.86,1.1,1.05,2026-09-17,0835,A,70,6.1NRT,297.45,12.77,D
-3.57567,105.54787,333.84,1.1,1.05,2026-09-17,0835,A,85,6.1NRT,297.24,32.01,D
-3.57705,105.53828,314.7,1.1,1.05,2026-09-17,0835,A,48,6.1NRT,296.36,7.45,D
-3.57844,105.52865,312.44,1.1,1.05,2026-09-17,0835,A,30,6.1NRT,296.7,5.6,D
-2.84272,110.36156,331.45,1.29,1.13,2026-09-17,0835,A,52,6.1NRT,290.08,35.33,D
-3.54501,105.6312,331.84,1.09,1.04,2026-09-17,0835,A,84,6.1NRT,296.74,27.26,D
-3.54638,105.6217,319.44,1.09,1.04,2026-09-17,0835,A,58,6.1NRT,295.95,11.81,D
-3.7895,103.91058,319.18,1.38,1.16,2026-09-17,0835,A,70,6.1NRT,295.75,14.89,D
-2.83124,110.42181,317.72,1.3,1.13,2026-09-17,0835,A,49,6.1NRT,295.3,12.4,D
-3.791,103.90424,318.99,1.38,1.16,2026-09-17,0835,A,56,6.1NRT,297.8,14.08,D
-2.82136,110.42033,331.7,1.3,1.13,2026-09-17,0835,A,85,6.1NRT,295,34.88,D
-2.83132,110.35297,342.43,1.29,1.13,2026-09-17,0835,A,81,6.1NRT,285.94,55.8,D
-3.51818,105.68845,321,1.09,1.04,2026-09-17,0835,A,41,6.1NRT,298.79,10.94,D
-3.52375,105.65057,317.05,1.09,1.04,2026-09-17,0835,A,46,6.1NRT,297.95,9.44,D
-3.52515,105.64108,312.37,1.09,1.04,2026-09-17,0835,A,18,6.1NRT,297.51,5.67,D
-3.62777,104.87773,342.99,1.19,1.09,2026-09-17,0835,A,91,6.1NRT,298.49,52.95,D
-2.68692,111.18413,316.11,1.47,1.2,2026-09-17,0835,A,70,6.1NRT,294.8,16.74,D
-3.49861,105.69524,333.14,1.09,1.04,2026-09-17,0835,A,85,6.1NRT,298.71,28.91,D
-3.64739,104.6768,315.43,1.22,1.1,2026-09-17,0835,A,31,6.1NRT,297.61,7.06,D
-3.64894,104.66617,327.26,1.23,1.1,2026-09-17,0835,A,80,6.1NRT,297.36,22.66,D
-2.7449,110.72779,329.16,1.36,1.16,2026-09-17,0835,A,54,6.1NRT,288.3,33.58,D
-2.81348,110.27079,316.2,1.27,1.12,2026-09-17,0835,A,0,6.1NRT,296.25,11.66,D
-3.63931,104.66477,327.44,1.23,1.1,2026-09-17,0835,A,80,6.1NRT,300.45,23.5,D
-3.47547,105.66287,317.6,1.09,1.04,2026-09-17,0835,A,67,6.1NRT,297.78,11.34,D
-2.56267,111.57053,340.14,1.58,1.24,2026-09-17,0835,A,91,6.1NRT,286.51,72.79,D
-2.5648,111.55688,341.91,1.57,1.24,2026-09-17,0835,A,92,6.1NRT,287.48,78.25,D
-2.69256,110.73199,324.22,1.37,1.16,2026-09-17,0835,A,71,6.1NRT,289.52,28.74,D
-2.69439,110.72017,360.63,1.36,1.16,2026-09-17,0835,A,100,6.1NRT,288.96,133.44,D
-2.69488,110.72675,345.3,1.37,1.16,2026-09-17,0835,A,93,6.1NRT,290.72,76.37,D
-2.69663,110.7149,329.32,1.36,1.16,2026-09-17,0835,A,84,6.1NRT,285.35,37.59,D
-3.45216,105.57623,312.7,1.1,1.04,2026-09-17,0835,A,47,6.1NRT,297.74,5.95,D
-2.56055,111.56456,354.32,1.58,1.24,2026-09-17,0835,A,97,6.1NRT,287.06,128.42,D
-2.59043,111.36291,334.44,1.52,1.22,2026-09-17,0835,A,87,6.1NRT,293.68,56.37,D
-2.59238,111.34969,323.27,1.52,1.22,2026-09-17,0835,A,79,6.1NRT,292.19,30.98,D
-2.68302,110.73708,329.16,1.37,1.16,2026-09-17,0835,A,80,6.1NRT,291.22,36.56,D
-3.57598,104.67166,327.26,1.22,1.1,2026-09-17,0835,A,80,6.1NRT,297.49,24.42,D
-2.54975,111.56293,328.65,1.58,1.24,2026-09-17,0835,A,67,6.1NRT,285.48,41.28,D
-3.49105,105.18405,315.92,1.14,1.07,2026-09-17,0835,A,60,6.1NRT,296.14,8.25,D
-2.53895,111.5613,318.81,1.58,1.24,2026-09-17,0835,A,40,6.1NRT,284.98,22.82,D
-3.47593,105.2224,313.15,1.14,1.06,2026-09-17,0835,A,33,6.1NRT,296.16,5.47,D
-3.47738,105.21249,330.65,1.14,1.06,2026-09-17,0835,A,83,6.1NRT,296.96,27.1,D
-3.45379,105.17861,311.51,1.14,1.07,2026-09-17,0835,A,35,6.1NRT,296.07,5.4,D
-3.47876,104.87153,351.26,1.19,1.08,2026-09-17,0835,A,68,6.1NRT,298.54,71.98,D
-3.51329,104.62983,317.38,1.23,1.1,2026-09-17,0835,A,67,6.1NRT,298.06,9.19,D
-3.51482,104.61914,315.14,1.23,1.1,2026-09-17,0835,A,62,6.1NRT,297.34,7.08,D
-3.46781,104.88049,339.07,1.19,1.08,2026-09-17,0835,A,86,6.1NRT,300.31,39.7,D
-3.46928,104.87015,338.78,1.19,1.08,2026-09-17,0835,A,76,6.1NRT,300.06,39.55,D
-3.49309,104.70284,326.91,1.22,1.1,2026-09-17,0835,A,80,6.1NRT,297.36,21.56,D
-3.49459,104.69225,323.21,1.22,1.1,2026-09-17,0835,A,76,6.1NRT,297.8,15.65,D
-3.46159,104.88362,341.57,1.19,1.08,2026-09-17,0835,A,91,6.1NRT,301.73,46.43,D
-3.46311,104.87331,327.55,1.19,1.08,2026-09-17,0835,A,52,6.1NRT,300.57,18.5,D
-3.46464,104.86298,327.87,1.19,1.08,2026-09-17,0835,A,67,6.1NRT,299.8,20.62,D
-3.48936,104.69581,327.55,1.22,1.1,2026-09-17,0835,A,72,6.1NRT,297.85,21.78,D
-2.65088,110.32475,375.76,1.29,1.13,2026-09-17,0835,A,100,6.1NRT,292.81,189.44,D
-2.65253,110.31357,327.57,1.29,1.13,2026-09-17,0835,A,83,6.1NRT,287.42,28.92,D
-3.45212,104.88224,337.29,1.19,1.08,2026-09-17,0835,A,88,6.1NRT,299.42,37.82,D
-3.45364,104.87193,348,1.19,1.08,2026-09-17,0835,A,94,6.1NRT,301.55,61.65,D
-3.45516,104.8616,323.78,1.19,1.08,2026-09-17,0835,A,50,6.1NRT,299.14,15.55,D
-2.64104,110.32327,365.33,1.29,1.13,2026-09-17,0835,A,100,6.1NRT,289.46,139.42,D
-2.6427,110.31211,326.77,1.29,1.13,2026-09-17,0835,A,83,6.1NRT,286.96,28.49,D
-3.3608,105.43867,317.91,1.11,1.05,2026-09-17,0835,A,58,6.1NRT,296.83,9.58,D
-3.36222,105.42902,326.99,1.11,1.05,2026-09-17,0835,A,80,6.1NRT,297.46,20.18,D
-3.44416,104.87054,364.55,1.19,1.08,2026-09-17,0835,A,100,6.1NRT,301.34,113.16,D
-3.44568,104.86022,347.28,1.19,1.08,2026-09-17,0835,A,94,6.1NRT,301.68,59.62,D
-3.47175,104.68245,340.1,1.22,1.1,2026-09-17,0835,A,90,6.1NRT,296.97,46.03,D
-3.48737,104.57588,328.02,1.24,1.1,2026-09-17,0835,A,81,6.1NRT,299.02,24.75,D
-2.64115,110.25503,316.09,1.28,1.12,2026-09-17,0835,A,72,6.1NRT,292.53,13.25,D
-3.37296,105.29141,321.78,1.13,1.06,2026-09-17,0835,A,73,6.1NRT,297.49,15.67,D
-3.43619,104.85883,330.09,1.19,1.08,2026-09-17,0835,A,54,6.1NRT,299.19,24.9,D
-3.33962,105.45527,336.52,1.11,1.05,2026-09-17,0835,A,87,6.1NRT,296.37,36.11,D
-3.34103,105.44563,320.65,1.11,1.05,2026-09-17,0835,A,72,6.1NRT,296.56,13.39,D
-3.42671,104.85744,330.75,1.19,1.08,2026-09-17,0835,A,83,6.1NRT,297.92,27.85,D
-3.41723,104.85606,329.78,1.19,1.08,2026-09-17,0835,A,82,6.1NRT,297.61,26.23,D
-2.94867,107.99749,324.44,1.02,1.01,2026-09-17,0835,A,78,6.1NRT,288.39,20.06,D
-2.94998,107.98866,314.72,1.01,1.01,2026-09-17,0835,A,62,6.1NRT,284.87,10.57,D
-3.34521,105.28738,317.82,1.13,1.06,2026-09-17,0835,A,67,6.1NRT,296.89,11.02,D
-3.34663,105.27756,323,1.13,1.06,2026-09-17,0835,A,75,6.1NRT,298.58,16.89,D
-3.3509,105.24804,312.55,1.13,1.06,2026-09-17,0835,A,40,6.1NRT,296.8,5.84,D
-3.28363,105.58386,314.39,1.09,1.04,2026-09-17,0835,A,59,6.1NRT,296.6,8.15,D
-3.285,105.57436,321.45,1.09,1.04,2026-09-17,0835,A,73,6.1NRT,297.3,15.2,D
-3.30613,105.18544,328.19,1.14,1.06,2026-09-17,0835,A,81,6.1NRT,297.54,23.63,D
-3.30758,105.17553,328.68,1.14,1.06,2026-09-17,0835,A,81,6.1NRT,297.79,24.67,D
-3.29478,105.13304,313.48,1.15,1.07,2026-09-17,0835,A,17,6.1NRT,297.75,6.41,D
-3.28113,105.16153,331.05,1.14,1.06,2026-09-17,0835,A,83,6.1NRT,297.99,26.1,D
-3.28257,105.15159,328.8,1.14,1.07,2026-09-17,0835,A,81,6.1NRT,298.91,23.1,D
-3.24903,105.31762,314.94,1.12,1.06,2026-09-17,0835,A,53,6.1NRT,295.59,7.06,D
-3.27182,105.16016,322.29,1.14,1.06,2026-09-17,0835,A,73,6.1NRT,297.79,14.35,D
-3.27326,105.15022,327.13,1.14,1.07,2026-09-17,0835,A,80,6.1NRT,299.22,20.87,D
-3.05417,106.53307,314.35,1.02,1.01,2026-09-17,0835,A,65,6.1NRT,297.6,6.14,D
-2.477,110.25198,318.32,1.28,1.12,2026-09-17,0835,A,69,6.1NRT,295.36,14.37,D
-2.47864,110.24085,315.35,1.28,1.12,2026-09-17,0835,A,55,6.1NRT,295.9,10.39,D
-3.19592,105.3033,319.25,1.12,1.06,2026-09-17,0835,A,70,6.1NRT,293.84,12.98,D
-2.98123,106.64204,311.13,1.01,1.01,2026-09-17,0835,A,47,6.1NRT,295.41,4.18,D
-2.95956,106.72865,317.71,1.01,1,2026-09-17,0835,A,0,6.1NRT,296.78,10.68,D
-2.92533,106.83994,314.73,1.01,1,2026-09-17,0835,A,63,6.1NRT,297.95,6.35,D
-2.10851,112.19061,313.88,1.79,1.31,2026-09-17,0835,A,61,6.1NRT,293.43,17.35,D
-2.96561,106.44106,318.44,1.02,1.01,2026-09-17,0835,A,67,6.1NRT,298.26,9.59,D
-3.12715,105.32305,315.79,1.12,1.05,2026-09-17,0835,A,50,6.1NRT,292.79,7.71,D
-3.17184,104.90743,314.07,1.17,1.08,2026-09-17,0835,A,45,6.1NRT,296.18,6.6,D
-3.27587,104.20198,322.64,1.29,1.13,2026-09-17,0835,A,40,6.1NRT,296.92,16.39,D
-3.10679,105.28468,322.51,1.12,1.06,2026-09-17,0835,A,18,6.1NRT,294.59,12.55,D
-3.16092,104.91624,328.73,1.17,1.08,2026-09-17,0835,A,81,6.1NRT,295.89,24.62,D
-3.16241,104.90606,341.04,1.17,1.08,2026-09-17,0835,A,90,6.1NRT,296.56,47.29,D
-3.17295,104.83433,321.47,1.18,1.08,2026-09-17,0835,A,73,6.1NRT,298.19,13.77,D
-3.26766,104.18929,325.04,1.3,1.13,2026-09-17,0835,A,78,6.1NRT,297.44,20.74,D
-3.09187,105.32225,340.22,1.12,1.05,2026-09-17,0835,A,90,6.1NRT,295.55,41.89,D
-3.09757,105.28333,338.99,1.12,1.06,2026-09-17,0835,A,89,6.1NRT,295.65,38.84,D
-3.10472,105.23444,317.86,1.13,1.06,2026-09-17,0835,A,67,6.1NRT,294.07,11.79,D
-3.25778,104.18785,343.68,1.3,1.13,2026-09-17,0835,A,92,6.1NRT,297.63,58.89,D
-3.25943,104.17657,325.87,1.3,1.13,2026-09-17,0835,A,33,6.1NRT,296.61,20.65,D
-3.32771,103.70871,316.48,1.4,1.17,2026-09-17,0835,A,50,6.1NRT,297.78,10.44,D
-3.08408,105.31119,326.69,1.12,1.05,2026-09-17,0835,A,27,6.1NRT,296.58,19.88,D
-3.0855,105.30146,336.39,1.12,1.05,2026-09-17,0835,A,53,6.1NRT,296.04,33.33,D
-3.08692,105.29173,330.14,1.12,1.05,2026-09-17,0835,A,33,6.1NRT,294.89,23.63,D
-2.9105,106.43629,320.82,1.02,1.01,2026-09-17,0835,A,74,6.1NRT,295.28,12.06,D
-2.9118,106.42741,314.01,1.02,1.01,2026-09-17,0835,A,40,6.1NRT,297.2,5.52,D
-2.8918,106.37906,315.33,1.02,1.01,2026-09-17,0835,A,49,6.1NRT,294.57,6.04,D
-2.89309,106.37016,318.07,1.02,1.01,2026-09-17,0835,A,61,6.1NRT,297.74,8.53,D
-3.07981,105.07933,323.41,1.15,1.07,2026-09-17,0835,A,76,6.1NRT,293.99,17.14,D
-3.08125,105.06934,314.29,1.15,1.07,2026-09-17,0835,A,22,6.1NRT,294.99,6.36,D
-3.14758,104.60671,326.97,1.22,1.1,2026-09-17,0835,A,80,6.1NRT,299.09,23.18,D
-3.25107,103.88087,317.85,1.36,1.15,2026-09-17,0835,A,68,6.1NRT,297.48,13.88,D
-2.88814,106.34212,314.93,1.03,1.01,2026-09-17,0835,A,64,6.1NRT,296.48,6.8,D
-2.88944,106.3332,319.09,1.03,1.01,2026-09-17,0835,A,71,6.1NRT,297.01,10.76,D
-2.89074,106.32426,328.91,1.03,1.01,2026-09-17,0835,A,82,6.1NRT,297.36,21.47,D
-3.13799,104.6053,372.74,1.22,1.1,2026-09-17,0835,A,100,6.1NRT,301.48,157.94,D
-3.16787,104.37231,328.06,1.26,1.11,2026-09-17,0835,A,81,6.1NRT,297.87,25.51,D
-2.29814,110.21268,311.22,1.28,1.12,2026-09-17,0835,A,20,6.1NRT,280.08,8.68,D
-3.07437,104.93851,321.29,1.17,1.07,2026-09-17,0835,A,73,6.1NRT,295.71,15.4,D
-3.15813,104.37086,332.86,1.26,1.11,2026-09-17,0835,A,85,6.1NRT,298.91,32.2,D
-2.86261,106.31365,312.18,1.03,1.01,2026-09-17,0835,A,42,6.1NRT,296.17,4.38,D
-2.86655,106.28686,320.5,1.03,1.01,2026-09-17,0835,A,73,6.1NRT,297.47,11.54,D
-3.04871,105.04782,316.92,1.15,1.07,2026-09-17,0835,A,42,6.1NRT,293.59,10.01,D
-2.8577,106.28557,326.17,1.03,1.01,2026-09-17,0835,A,79,6.1NRT,297.23,17.13,D
-3.13069,104.42251,318.55,1.25,1.11,2026-09-17,0835,A,62,6.1NRT,298.25,11.93,D
-3.13227,104.41164,368.74,1.25,1.11,2026-09-17,0835,A,100,6.1NRT,301.29,144.7,D
-3.13386,104.40076,333.89,1.25,1.11,2026-09-17,0835,A,85,6.1NRT,299.39,35.16,D
-3.02713,105.06506,312.91,1.15,1.07,2026-09-17,0835,A,33,6.1NRT,293.8,6.98,D
-3.12256,104.41022,316.13,1.25,1.11,2026-09-17,0835,A,20,6.1NRT,297.27,8.47,D
-3.09223,104.48306,315.89,1.24,1.11,2026-09-17,0835,A,48,6.1NRT,298.56,8.16,D
-3.09845,104.43993,343.78,1.24,1.11,2026-09-17,0835,A,92,6.1NRT,298.44,58.08,D
-2.7731,106.61714,312.72,1.01,1.01,2026-09-17,0835,A,32,6.1NRT,297.03,4.87,D
-3.08721,104.44933,351.14,1.24,1.11,2026-09-17,0835,A,96,6.1NRT,300.73,75.56,D
-2.96567,105.22752,323.22,1.12,1.06,2026-09-17,0835,A,75,6.1NRT,295.31,18.01,D
-2.96708,105.21774,312.45,1.13,1.06,2026-09-17,0835,A,31,6.1NRT,294.03,6.7,D
-3.06524,104.53381,313.99,1.23,1.1,2026-09-17,0835,A,57,6.1NRT,298.21,6.94,D
-3.06677,104.52312,323.1,1.23,1.1,2026-09-17,0835,A,75,6.1NRT,298.05,18.41,D
-3.07753,104.4479,335.12,1.24,1.11,2026-09-17,0835,A,49,6.1NRT,299.49,32.85,D
-3.2291,103.38261,317.36,1.47,1.2,2026-09-17,0835,A,57,6.1NRT,297.3,13.43,D
-3.23091,103.36984,322.66,1.47,1.2,2026-09-17,0835,A,75,6.1NRT,297.49,22.58,D
-2.82303,106.08188,324.37,1.04,1.02,2026-09-17,0835,A,49,6.1NRT,297.51,15.79,D
-2.21103,110.18249,327.87,1.28,1.12,2026-09-17,0835,A,81,6.1NRT,296.56,25.41,D
-2.21754,110.13822,325.83,1.27,1.12,2026-09-17,0835,A,50,6.1NRT,295.78,21.36,D
-2.20122,110.18104,335.07,1.28,1.12,2026-09-17,0835,A,87,6.1NRT,296.52,38.98,D
-2.20286,110.16994,349.65,1.28,1.12,2026-09-17,0835,A,95,6.1NRT,297.64,75.06,D
-2.2045,110.15884,338.7,1.28,1.12,2026-09-17,0835,A,89,6.1NRT,295.83,45.8,D
-2.20776,110.13676,334.39,1.27,1.12,2026-09-17,0835,A,84,6.1NRT,296.99,35.72,D
-2.93201,105.21704,320.62,1.12,1.06,2026-09-17,0835,A,52,6.1NRT,295.94,13.89,D
-2.93345,105.20726,321.96,1.13,1.06,2026-09-17,0835,A,72,6.1NRT,295.3,16.24,D
-2.19799,110.13529,339.91,1.27,1.12,2026-09-17,0835,A,85,6.1NRT,296.11,46.58,D
-2.19962,110.12428,327.56,1.27,1.12,2026-09-17,0835,A,32,6.1NRT,294.59,23.51,D
-2.8083,105.99631,328.68,1.05,1.02,2026-09-17,0835,A,0,6.1NRT,297,20.34,D
-2.90993,105.30327,316.04,1.11,1.05,2026-09-17,0835,A,57,6.1NRT,297.58,7.06,D
-2.9242,105.2059,328.55,1.13,1.06,2026-09-17,0835,A,76,6.1NRT,296.09,24.04,D
-2.92564,105.19611,319.16,1.13,1.06,2026-09-17,0835,A,41,6.1NRT,294.19,12.47,D
-2.18821,110.13383,358.05,1.27,1.12,2026-09-17,0835,A,86,6.1NRT,295.68,102.72,D
-2.18985,110.1228,335.69,1.27,1.12,2026-09-17,0835,A,87,6.1NRT,294.06,41.1,D
-2.92933,105.10609,333.61,1.14,1.06,2026-09-17,0835,A,80,6.1NRT,296.55,33.77,D
-2.88939,105.25066,319.97,1.12,1.05,2026-09-17,0835,A,71,6.1NRT,298.65,11.28,D
-2.9392,104.84042,319.12,1.18,1.08,2026-09-17,0835,A,69,6.1NRT,296.65,12.71,D
-2.7663,105.97153,331.1,1.05,1.02,2026-09-17,0835,A,83,6.1NRT,298.34,24.28,D
-3.03408,104.03888,334.07,1.32,1.14,2026-09-17,0835,A,86,6.1NRT,294.76,39.69,D
-3.03197,104.04376,325.22,1.31,1.14,2026-09-17,0835,A,78,6.1NRT,293.81,22.43,D
-2.84922,105.14825,322.47,1.13,1.06,2026-09-17,0835,A,75,6.1NRT,295,17.3,D
-2.75652,105.65286,320.8,1.07,1.03,2026-09-17,0835,A,70,6.1NRT,299.18,13.37,D
-2.75789,105.64352,315.25,1.07,1.03,2026-09-17,0835,A,45,6.1NRT,298.58,8.23,D
-2.69242,106.02849,312.41,1.04,1.02,2026-09-17,0835,A,52,6.1NRT,296.95,5.69,D
-2.70571,105.93757,321,1.05,1.02,2026-09-17,0835,A,73,6.1NRT,296.74,13.38,D
-2.70704,105.92845,324.55,1.05,1.02,2026-09-17,0835,A,67,6.1NRT,296.67,17.26,D
-3.07414,103.17609,321.01,1.51,1.21,2026-09-17,0835,A,73,6.1NRT,298.61,20.21,D
-2.96549,103.86877,321.3,1.35,1.15,2026-09-17,0835,A,62,6.1NRT,295.64,17.45,D
-2.96715,103.85703,336.13,1.35,1.15,2026-09-17,0835,A,87,6.1NRT,297.44,46.27,D
-3.04702,103.29177,322.28,1.48,1.2,2026-09-17,0835,A,75,6.1NRT,297.51,20.64,D
-2.96697,103.86343,330.35,1.35,1.15,2026-09-17,0835,A,83,6.1NRT,296.44,32.78,D
-3.07004,103.17007,326.43,1.51,1.21,2026-09-17,0835,A,80,6.1NRT,298.9,29.39,D
-1.85044,111.37905,320.7,1.57,1.23,2026-09-17,0835,A,73,6.1NRT,291.55,24.16,D
-3.04891,102.86421,315.01,1.6,1.24,2026-09-17,0835,A,63,6.1NRT,297.76,11.68,D
-2.97907,103.27644,316.09,1.48,1.2,2026-09-17,0835,A,36,6.1NRT,297.81,11.05,D
-2.95986,103.26055,322.97,1.49,1.2,2026-09-17,0835,A,65,6.1NRT,298.65,20.77,D
-2.91447,103.37782,317.72,1.46,1.19,2026-09-17,0835,A,69,6.1NRT,298.79,13.33,D
-1.79851,110.88375,320.92,1.45,1.19,2026-09-17,0835,A,77,6.1NRT,293.97,23.89,D
-1.89458,110.1729,324.1,1.29,1.13,2026-09-17,0835,A,79,6.1NRT,293.09,20.31,D
-2.4791,106.22363,314.82,1.03,1.01,2026-09-17,0835,A,62,6.1NRT,294.89,6.8,D
-2.83021,103.81302,319.6,1.35,1.15,2026-09-17,0835,A,68,6.1NRT,295.18,14.99,D
-1.81844,110.61134,325.19,1.38,1.16,2026-09-17,0835,A,81,6.1NRT,294.73,28.31,D
-1.78523,110.6927,330.25,1.4,1.17,2026-09-17,0835,A,85,6.1NRT,292.68,37.18,D
-2.71182,104.42532,319.96,1.23,1.1,2026-09-17,0835,A,71,6.1NRT,296.41,12.67,D
-2.71335,104.4146,320.21,1.24,1.1,2026-09-17,0835,A,71,6.1NRT,296.48,12.94,D
-2.70134,104.27446,318.6,1.26,1.11,2026-09-17,0835,A,55,6.1NRT,294,11.57,D
-2.6916,104.27304,324.23,1.26,1.11,2026-09-17,0835,A,74,6.1NRT,293.98,18.77,D
-1.74708,110.54602,311.14,1.37,1.16,2026-09-17,0835,A,65,6.1NRT,286.06,10.8,D
-1.71524,110.68848,325.98,1.4,1.17,2026-09-17,0835,A,82,6.1NRT,292.22,31.52,D
-1.71705,110.67649,314.66,1.4,1.17,2026-09-17,0835,A,44,6.1NRT,292.99,13.56,D
-2.71719,103.24608,322.72,1.48,1.2,2026-09-17,0835,A,76,6.1NRT,295.81,23.36,D
-1.59736,110.45071,325.1,1.36,1.15,2026-09-17,0835,A,32,6.1NRT,274.93,28.69,D
-1.57009,110.49506,304.09,1.37,1.16,2026-09-17,0835,A,38,6.1NRT,270.09,8.94,D
-2.59875,103.50474,315.39,1.41,1.18,2026-09-17,0835,A,65,6.1NRT,293.71,12.23,D
-2.64311,103.12414,316.83,1.5,1.21,2026-09-17,0835,A,68,6.1NRT,297.5,13.16,D
-2.46112,104.31611,315.59,1.24,1.11,2026-09-17,0835,A,48,6.1NRT,295.19,7.47,D
-2.56117,103.47422,318.75,1.42,1.18,2026-09-17,0835,A,56,6.1NRT,291.69,15.91,D
-2.55175,103.47876,321.31,1.41,1.18,2026-09-17,0835,A,28,6.1NRT,292.75,18.86,D
-2.55357,103.46648,329.47,1.42,1.18,2026-09-17,0835,A,74,6.1NRT,293.17,34.02,D
-2.41165,104.3572,323.09,1.23,1.1,2026-09-17,0835,A,76,6.1NRT,296.06,18.4,D
-1.54661,110.16501,344.1,1.3,1.13,2026-09-17,0835,A,91,6.1NRT,287.38,65.72,D
-2.36794,104.58768,315.3,1.2,1.09,2026-09-17,0835,A,41,6.1NRT,295.63,8.3,D
-1.52319,110.25449,336.26,1.32,1.14,2026-09-17,0835,A,89,6.1NRT,292.92,47.42,D
-1.52489,110.24305,325.12,1.32,1.14,2026-09-17,0835,A,65,6.1NRT,291.59,25.73,D
-1.53336,110.18612,331.6,1.31,1.13,2026-09-17,0835,A,77,6.1NRT,288.75,37.15,D
-1.53504,110.17484,323.15,1.31,1.13,2026-09-17,0835,A,63,6.1NRT,285.85,22.88,D
-1.53672,110.16353,324.59,1.3,1.13,2026-09-17,0835,A,75,6.1NRT,283.74,25.8,D
-1.53841,110.15219,327.5,1.3,1.13,2026-09-17,0835,A,45,6.1NRT,281.77,28.98,D
-1.54008,110.14091,327.5,1.3,1.13,2026-09-17,0835,A,31,6.1NRT,280.35,29.64,D
-1.53021,110.13945,331.79,1.3,1.13,2026-09-17,0835,A,64,6.1NRT,276.64,38,D
-2.46751,103.6272,311.47,1.38,1.16,2026-09-17,0835,A,50,6.1NRT,291.37,7.65,D
-2.50108,103.31931,311.92,1.45,1.19,2026-09-17,0835,A,53,6.1NRT,291.18,9.13,D
-2.49336,103.32555,311.35,1.45,1.19,2026-09-17,0835,A,49,6.1NRT,291.62,8.81,D
-2.43681,103.49406,313.71,1.4,1.17,2026-09-17,0835,A,62,6.1NRT,296.37,9.8,D
-1.4225,110.31599,316.62,1.34,1.15,2026-09-17,0835,A,74,6.1NRT,284.14,18.29,D
-2.43887,103.18821,319.44,1.48,1.2,2026-09-17,0835,A,68,6.1NRT,292.75,20.34,D
-2.01193,106.01493,313.64,1.03,1.02,2026-09-17,0835,A,61,6.1NRT,295.84,6.37,D
-2.03652,105.46003,318.38,1.08,1.04,2026-09-17,0835,A,35,6.1NRT,299.51,7.77,D
-2.0261,105.46803,318.36,1.08,1.04,2026-09-17,0835,A,37,6.1NRT,298.15,7.77,D
-2.02747,105.45867,327.27,1.08,1.04,2026-09-17,0835,A,81,6.1NRT,299.82,18.24,D
-2.31801,103.45761,320.23,1.41,1.17,2026-09-17,0835,A,74,6.1NRT,294.82,16.89,D
-2.01842,105.45734,318.12,1.08,1.04,2026-09-17,0835,A,37,6.1NRT,298.2,7.72,D
-2.04865,105.24935,317.53,1.1,1.05,2026-09-17,0835,A,69,6.1NRT,297.78,9.83,D
-2.05004,105.23977,315.1,1.1,1.05,2026-09-17,0835,A,60,6.1NRT,297.87,7.24,D
-2.27861,103.5139,335.74,1.39,1.17,2026-09-17,0835,A,87,6.1NRT,298.64,46.16,D
-2.28142,103.50896,320.25,1.39,1.17,2026-09-17,0835,A,69,6.1NRT,298.17,15.55,D
-2.26941,103.51965,326.75,1.39,1.17,2026-09-17,0835,A,80,6.1NRT,297.73,26.13,D
-2.27121,103.50751,334.71,1.39,1.17,2026-09-17,0835,A,87,6.1NRT,299.08,42.62,D
-2.0102,105.1402,317.43,1.11,1.05,2026-09-17,0835,A,69,6.1NRT,298.71,9.26,D
-2.23531,103.53917,331.2,1.39,1.17,2026-09-17,0835,A,84,6.1NRT,298.46,38.63,D
-2.23706,103.52718,330.04,1.39,1.17,2026-09-17,0835,A,83,6.1NRT,298.3,35.13,D
-2.07926,103.69109,320.13,1.35,1.15,2026-09-17,0835,A,74,6.1NRT,298.61,15.44,D
-1.78636,105.40552,313.06,1.08,1.04,2026-09-17,0835,A,49,6.1NRT,287.92,7.57,D
-1.72071,105.40842,328.84,1.08,1.04,2026-09-17,0835,A,82,6.1NRT,286.96,25.59,D
-2.07508,102.74006,328.88,1.57,1.24,2026-09-17,0835,A,83,6.1NRT,296.52,40.36,D
-2.05059,102.68052,312.07,1.59,1.24,2026-09-17,0835,A,58,6.1NRT,294.82,11.1,D
-1.58558,105.82924,322.01,1.04,1.02,2026-09-17,0835,A,75,6.1NRT,298.82,12.55,D
-1.64971,105.38845,312.49,1.08,1.04,2026-09-17,0835,A,55,6.1NRT,295.19,5.95,D
-1.56489,105.90895,316.57,1.03,1.02,2026-09-17,0835,A,63,6.1NRT,299.6,7.29,D
-1.57668,105.82791,331.75,1.04,1.02,2026-09-17,0835,A,84,6.1NRT,298.77,24.03,D
-1.7964,104.307,322.81,1.22,1.1,2026-09-17,0835,A,39,6.1NRT,292.07,18.78,D
-1.79792,104.2964,323.68,1.22,1.1,2026-09-17,0835,A,24,6.1NRT,292.86,19.14,D
-1.84622,103.95942,395.83,1.28,1.12,2026-09-17,0835,A,0,6.1NRT,298.24,321.76,D
-1.5423,105.80791,318.17,1.04,1.02,2026-09-17,0835,A,69,6.1NRT,298.45,9.33,D
-1.54363,105.79887,314.97,1.04,1.02,2026-09-17,0835,A,63,6.1NRT,298.55,5.97,D
-1.55296,105.73547,342.84,1.05,1.02,2026-09-17,0835,A,80,6.1NRT,299.86,43,D
-1.5853,105.51579,319.89,1.06,1.03,2026-09-17,0835,A,73,6.1NRT,299.06,10.67,D
-1.5709,105.55132,324.33,1.06,1.03,2026-09-17,0835,A,73,6.1NRT,298.86,15.62,D
-1.57225,105.54209,318.8,1.06,1.03,2026-09-17,0835,A,61,6.1NRT,298.83,9.46,D
-1.74417,104.30452,341.42,1.22,1.1,2026-09-17,0835,A,91,6.1NRT,298.13,48.48,D
-1.74571,104.29396,329.16,1.22,1.1,2026-09-17,0835,A,82,6.1NRT,296.69,24.27,D
-1.72346,104.31228,344.56,1.22,1.1,2026-09-17,0835,A,92,6.1NRT,297.44,56.02,D
-1.72499,104.30173,339.27,1.22,1.1,2026-09-17,0835,A,89,6.1NRT,297.03,43.7,D
-0.85467,110.13548,324.04,1.33,1.14,2026-09-17,0835,A,0,6.1NRT,279.76,31.95,D
-1.71387,104.31089,341.8,1.22,1.1,2026-09-17,0835,A,91,6.1NRT,295.78,50.29,D
-1.70278,104.32003,333.61,1.22,1.1,2026-09-17,0835,A,80,6.1NRT,297.51,33.78,D
-1.70429,104.30952,345.57,1.22,1.1,2026-09-17,0835,A,93,6.1NRT,296.03,59.56,D
-1.83025,103.22449,314.66,1.44,1.19,2026-09-17,0835,A,65,6.1NRT,296.53,10.13,D
-1.65761,104.32843,324.21,1.21,1.09,2026-09-17,0835,A,48,6.1NRT,296.39,18.68,D
-1.61936,104.3228,333.7,1.21,1.09,2026-09-17,0835,A,71,6.1NRT,294.11,36.13,D
-1.56576,104.39484,316.34,1.2,1.09,2026-09-17,0835,A,29,6.1NRT,297.5,10.65,D
-1.55624,104.39344,319.87,1.2,1.09,2026-09-17,0835,A,73,6.1NRT,297.42,15.4,D
-1.31536,103.79387,326.23,1.29,1.13,2026-09-17,0835,A,80,6.1NRT,295.52,24.84,D
-1.18026,104.23905,336,1.21,1.09,2026-09-17,0835,A,88,6.1NRT,299.21,41.57,D
-1.14936,104.28149,314.8,1.2,1.09,2026-09-17,0835,A,60,6.1NRT,300.09,8.91,D
-1.13425,102.86832,315.06,1.49,1.2,2026-09-17,0835,A,58,6.1NRT,291.57,16.97,D
-0.55108,104.51094,310.12,1.15,1.07,2026-09-17,0835,A,24,6.1NRT,294.08,6.44,D
0.17038,103.64726,310.37,1.26,1.12,2026-09-17,0835,A,61,6.1NRT,291.39,7.46,D
0.16875,103.63633,311.92,1.26,1.12,2026-09-17,0835,A,65,6.1NRT,292.36,9.48,D
-9.46917,148.40135,305.58,1,1,2026-09-17,1051,T,65,6.1NRT,291.58,6.22,N
-9.26515,149.00778,305.92,1.03,1.01,2026-09-17,1051,T,66,6.1NRT,293.15,5.66,N
-9.26643,148.99872,314.71,1.03,1.01,2026-09-17,1051,T,90,6.1NRT,293.55,12.09,N
-9.26697,148.78935,312.93,1.02,1.01,2026-09-17,1051,T,86,6.1NRT,292.95,10.42,N
-9.26822,148.78032,309.25,1.02,1.01,2026-09-17,1051,T,77,6.1NRT,292.61,7.71,N
-9.2239,147.17125,306.14,1.02,1.01,2026-09-17,1051,T,67,6.1NRT,291.88,5.63,N
-8.86857,146.79503,302.92,1.04,1.02,2026-09-17,1051,T,52,6.1NRT,291.68,4.16,N
-8.43969,140.98077,304.08,2.45,1.51,2026-09-17,1053,T,30,6.1NRT,290.15,19.2,N
-8.44222,140.95915,303.96,2.46,1.51,2026-09-17,1053,T,40,6.1NRT,291.3,17.36,N
-8.44343,140.97461,312.01,2.45,1.51,2026-09-17,1053,T,82,6.1NRT,290.91,41.12,N
-8.26548,142.08904,307.66,1.98,1.37,2026-09-17,1053,T,72,6.1NRT,290.31,17.2,N
-8.25342,142.08749,304.6,1.98,1.37,2026-09-17,1053,T,48,6.1NRT,290.35,11.47,N
-8.25558,142.07002,302.61,1.98,1.37,2026-09-17,1053,T,22,6.1NRT,290.42,8.95,N
-7.81689,140.65541,306.39,2.54,1.53,2026-09-17,1053,T,68,6.1NRT,284.24,36.93,N
-7.80342,140.65372,300.17,2.54,1.53,2026-09-17,1053,T,2,6.1NRT,286.87,21.56,N
-5.79883,149.20088,302.58,1.11,1.05,2026-09-17,1053,T,50,6.1NRT,291.65,4.04,N
-5.71567,149.52275,307.93,1.15,1.07,2026-09-17,1053,T,73,6.1NRT,293.58,7.08,N
-5.73136,149.41188,305.25,1.14,1.06,2026-09-17,1053,T,36,6.1NRT,292.25,5.12,N
-5.73278,149.40184,304.3,1.13,1.06,2026-09-17,1053,T,16,6.1NRT,292.18,4.23,N
-5.67774,149.40811,302.96,1.14,1.06,2026-09-17,1053,T,52,6.1NRT,292.37,3.99,N
-5.67912,149.39822,303.17,1.14,1.06,2026-09-17,1053,T,54,6.1NRT,292.44,4.17,N
-5.69432,149.28911,304.71,1.12,1.06,2026-09-17,1053,T,61,6.1NRT,292.44,4.88,N
-5.66508,149.29512,310.68,1.12,1.06,2026-09-17,1053,T,81,6.1NRT,292.88,9.24,N
-5.58164,149.36852,306.99,1.13,1.06,2026-09-17,1053,T,53,6.1NRT,293.73,5.64,N
-5.58303,149.35852,305.85,1.13,1.06,2026-09-17,1053,T,66,6.1NRT,293.6,4.97,N
-5.57231,149.36717,322.57,1.13,1.06,2026-09-17,1053,T,100,6.1NRT,294.04,20.61,N
-5.57371,149.35719,316.27,1.13,1.06,2026-09-17,1053,T,93,6.1NRT,293.62,13.45,N
-5.52946,149.53549,303.78,1.16,1.07,2026-09-17,1053,T,57,6.1NRT,292.86,4.38,N
-5.57412,149.08627,303.83,1.1,1.05,2026-09-17,1053,T,57,6.1NRT,291.47,4.9,N
-5.58194,148.83418,309.26,1.08,1.04,2026-09-17,1053,T,77,6.1NRT,292.12,8.27,N
-5.58328,148.82475,302.62,1.07,1.03,2026-09-17,1053,T,48,6.1NRT,291.73,3.8,N
-5.58464,148.81522,303.49,1.07,1.03,2026-09-17,1053,T,36,6.1NRT,291.6,4.11,N
-5.05063,150.09966,306,1.26,1.12,2026-09-17,1053,T,40,6.1NRT,292.67,6.56,N
-4.23776,143.73128,304.26,1.3,1.13,2026-09-17,1053,T,54,6.1NRT,294.12,6.01,N
-2.17028,146.57338,315.66,1,1,2026-09-17,1053,T,89,6.1NRT,294.84,11.4,N
-8.70146,125.75387,302.11,1.19,1.08,2026-09-17,1232,T,47,6.1NRT,291.57,5.97,N
-8.31388,125.037,301.37,1.1,1.05,2026-09-17,1232,T,40,6.1NRT,290.09,4.17,N
-8.27925,124.95152,300.67,1.1,1.04,2026-09-17,1232,T,30,6.1NRT,286.12,5.04,N
-8.26315,124.94348,316.26,1.1,1.04,2026-09-17,1232,T,93,6.1NRT,286.19,17.58,N
-8.26452,124.93372,301.94,1.09,1.04,2026-09-17,1232,T,45,6.1NRT,286.13,6.24,N
-8.26974,123.50975,332.61,1,1,2026-09-17,1232,T,100,6.1NRT,290.76,32.15,N
-8.27096,123.5009,324.6,1,1,2026-09-17,1232,T,100,6.1NRT,289.2,22.36,N
-7.5936,126.54558,306.94,1.37,1.16,2026-09-17,1232,T,50,6.1NRT,294.53,8.35,N
-4.77488,120.08926,306.85,1.16,1.07,2026-09-17,1232,T,69,6.1NRT,292.87,7.92,N
-4.446,122.23158,311.32,1,1,2026-09-17,1232,T,82,6.1NRT,292.18,9.22,N
-4.44721,122.2228,306.1,1,1,2026-09-17,1232,T,67,6.1NRT,292.25,5.49,N
-4.50027,121.63756,318.45,1.01,1.01,2026-09-17,1232,T,97,6.1NRT,293.85,14.26,N
-4.50148,121.62865,319.54,1.01,1.01,2026-09-17,1232,T,99,6.1NRT,293.99,15.18,N
-4.19664,122.29468,301.63,1,1,2026-09-17,1232,T,43,6.1NRT,287.7,4.74,N
-3.60323,126.24848,303.92,1.5,1.21,2026-09-17,1232,T,58,6.1NRT,292.84,8.06,N
-3.57843,126.26993,318.58,1.51,1.21,2026-09-17,1232,T,97,6.1NRT,292.37,28.37,N
-3.57223,126.27602,313.09,1.51,1.21,2026-09-17,1232,T,86,6.1NRT,292.16,20.66,N
-3.574,126.26333,309.15,1.51,1.21,2026-09-17,1232,T,77,6.1NRT,292.16,14.74,N
-3.55979,126.21024,305.8,1.49,1.21,2026-09-17,1232,T,66,6.1NRT,293.37,9.73,N
-3.45657,126.78104,315.22,1.65,1.26,2026-09-17,1232,T,91,6.1NRT,290.63,29.14,N
-3.45862,126.76675,311.62,1.65,1.26,2026-09-17,1232,T,83,6.1NRT,289.69,23.41,N
-3.52776,126.28314,303.57,1.51,1.21,2026-09-17,1232,T,48,6.1NRT,291.62,8.58,N
-3.52947,126.27113,304.31,1.51,1.21,2026-09-17,1232,T,59,6.1NRT,292.79,8.87,N
-3.45976,126.26779,304.08,1.51,1.21,2026-09-17,1232,T,57,6.1NRT,292.25,9.32,N
-3.44903,126.26675,302.12,1.51,1.21,2026-09-17,1232,T,37,6.1NRT,292.12,7.29,N
-3.34985,126.80518,301.25,1.67,1.27,2026-09-17,1232,T,22,6.1NRT,290.91,7.28,N
-3.31928,126.93739,304.89,1.71,1.28,2026-09-17,1232,T,62,6.1NRT,292.26,11.57,N
-3.34501,126.76013,310.4,1.65,1.26,2026-09-17,1232,T,80,6.1NRT,290.72,19.13,N
-3.34736,126.74399,311.46,1.65,1.26,2026-09-17,1232,T,83,6.1NRT,290.72,21,N
-3.30999,126.7671,314.38,1.66,1.27,2026-09-17,1232,T,64,6.1NRT,290.64,24.25,N
-3.30748,126.7757,308.46,1.66,1.27,2026-09-17,1232,T,73,6.1NRT,290.61,16.69,N
-3.30963,126.76036,306.23,1.66,1.27,2026-09-17,1232,T,54,6.1NRT,290.04,13.57,N
-3.90362,122.41379,302.01,1,1,2026-09-17,1232,T,33,6.1NRT,290.22,4.21,N
-3.86965,122.40009,310.6,1,1,2026-09-17,1232,T,80,6.1NRT,294.79,8.83,N
-3.87086,122.39133,306.91,1,1,2026-09-17,1232,T,70,6.1NRT,293.38,6.32,N
-3.2279,126.85411,301.7,1.69,1.28,2026-09-17,1232,T,43,6.1NRT,291.11,8.65,N
-3.87499,122.23118,304.78,1,1,2026-09-17,1232,T,62,6.1NRT,291.77,5.37,N
-2.91955,128.76286,301.68,2.43,1.5,2026-09-17,1232,T,25,6.1NRT,290.37,11.6,N
-3.1916,126.78402,301.56,1.67,1.27,2026-09-17,1232,T,42,6.1NRT,291.48,8.87,N
-3.16447,126.73552,307.2,1.66,1.27,2026-09-17,1232,T,63,6.1NRT,291.51,14.87,N
-3.13992,126.74811,309.03,1.66,1.27,2026-09-17,1232,T,76,6.1NRT,292.52,16.73,N
-4.10209,119.79942,305.28,1.18,1.08,2026-09-17,1232,T,19,6.1NRT,292.98,5.07,N
-3.1397,126.7414,306.06,1.66,1.27,2026-09-17,1232,T,39,6.1NRT,292.12,12.73,N
-3.99499,119.73051,305.44,1.18,1.08,2026-09-17,1232,T,63,6.1NRT,292.99,5.75,N
-3.63409,119.6045,305.76,1.19,1.09,2026-09-17,1232,T,66,6.1NRT,293.99,5.34,N
-3.63557,119.59366,305.99,1.19,1.09,2026-09-17,1232,T,66,6.1NRT,294.56,5.42,N
-3.47608,119.48428,303.6,1.21,1.09,2026-09-17,1232,T,56,6.1NRT,293.24,4.79,N
-3.26057,113.89278,313.45,3.19,1.69,2026-09-17,1234,T,30,6.1NRT,289.22,59.43,N
-3.24574,113.89081,321.32,3.19,1.69,2026-09-17,1234,T,90,6.1NRT,289.73,99.12,N
-3.21608,113.88686,324.22,3.19,1.69,2026-09-17,1234,T,71,6.1NRT,288.88,112.43,N
-3.2196,113.85913,325.19,3.21,1.7,2026-09-17,1234,T,98,6.1NRT,287.63,123.05,N
-3.26065,113.88609,314.47,3.19,1.69,2026-09-17,1234,T,65,6.1NRT,289.5,67.45,N
-3.24581,113.88415,323.46,3.19,1.69,2026-09-17,1234,T,100,6.1NRT,289.98,114.99,N
-3.23098,113.88221,319.24,3.19,1.69,2026-09-17,1234,T,98,6.1NRT,289.42,91.47,N
-3.21615,113.88026,332.61,3.19,1.69,2026-09-17,1234,T,100,6.1NRT,289.39,169.13,N
-3.21987,113.85256,316.74,3.21,1.7,2026-09-17,1234,T,71,6.1NRT,285.85,77.26,N
-3.20132,113.87832,316.08,3.19,1.69,2026-09-17,1234,T,78,6.1NRT,288.15,70.91,N
-3.20501,113.85061,314.04,3.21,1.7,2026-09-17,1234,T,68,6.1NRT,285.93,65.41,N
-3.16137,114.06636,307,3.08,1.67,2026-09-17,1234,T,46,6.1NRT,289.51,35.03,N
-3.14555,113.84277,323.18,3.21,1.7,2026-09-17,1234,T,99,6.1NRT,287.95,98.42,N
-3.10638,114.03182,314.74,3.09,1.67,2026-09-17,1234,T,62,6.1NRT,288.74,69.8,N
-3.14585,113.83784,322.38,3.21,1.7,2026-09-17,1234,T,88,6.1NRT,287.55,96,N
-3.10526,114.02668,311.66,3.09,1.67,2026-09-17,1234,T,48,6.1NRT,287.93,58.8,N
-3.08671,113.94193,333.89,3.14,1.68,2026-09-17,1234,T,83,6.1NRT,289.11,161.56,N
-3.06079,113.91077,306.82,3.16,1.68,2026-09-17,1234,T,24,6.1NRT,277.6,33.44,N
-3.04603,113.90879,313.97,3.16,1.68,2026-09-17,1234,T,52,6.1NRT,279.17,60.91,N
-3.07148,113.93289,318.32,3.14,1.68,2026-09-17,1234,T,48,6.1NRT,285.39,76.92,N
-3.042,113.9291,315.7,3.14,1.68,2026-09-17,1234,T,53,6.1NRT,281.73,79.56,N
-2.55814,114.26605,314.76,2.9,1.62,2026-09-17,1234,T,48,6.1NRT,288.04,63.21,N
-2.5544,114.25999,312.18,2.9,1.62,2026-09-17,1234,T,23,6.1NRT,286.19,52.9,N
-1.43671,121.31972,300.53,1,1,2026-09-17,1234,T,21,6.1NRT,288.17,3.98,N
-1.4379,121.31104,304.4,1,1,2026-09-17,1234,T,60,6.1NRT,287.46,6.23,N
-1.40796,121.33337,308.2,1,1,2026-09-17,1234,T,74,6.1NRT,290.63,7.85,N
-2.63266,112.00564,307.19,4.44,1.94,2026-09-17,1234,T,56,6.1NRT,283.43,69.49,N
-2.51923,112.21838,307.27,4.25,1.91,2026-09-17,1234,T,66,6.1NRT,287.42,53.81,N
-2.51407,112.21082,307.53,4.25,1.91,2026-09-17,1234,T,72,6.1NRT,287.64,58.58,N
-2.56256,111.58587,304.17,4.79,2,2026-09-17,1234,T,13,6.1NRT,286.7,46.61,N
-2.56798,111.54463,312.99,4.82,2,2026-09-17,1234,T,72,6.1NRT,287.59,104.06,N
-1.16763,121.65572,311.69,1,1,2026-09-17,1234,T,11,6.1NRT,287.25,10.67,N
-2.56147,111.58122,308.53,4.79,2,2026-09-17,1234,T,70,6.1NRT,287.05,72.41,N
-2.56718,111.54003,311.1,4.82,2,2026-09-17,1234,T,73,6.1NRT,287.8,89.29,N
-1.14251,121.64334,309.24,1,1,2026-09-17,1234,T,30,6.1NRT,285.86,9.23,N
-1.06841,122.05177,307.43,1.01,1,2026-09-17,1234,T,71,6.1NRT,277.8,8.31,N
-1.06964,122.04289,300.95,1.01,1,2026-09-17,1234,T,26,6.1NRT,277.06,4.6,N
-1.01921,121.86917,302.73,1,1,2026-09-17,1234,T,22,6.1NRT,282.83,4.11,N
-1.04654,121.41006,301.46,1,1,2026-09-17,1234,T,23,6.1NRT,287.69,3.3,N
-1.02298,121.45131,303.07,1,1,2026-09-17,1234,T,34,6.1NRT,287.45,2.78,N
-0.83414,122.67736,307.15,1.04,1.02,2026-09-17,1234,T,70,6.1NRT,290.96,6.32,N
-2.26804,111.488,303.03,4.82,2,2026-09-17,1234,T,53,6.1NRT,287.67,41.79,N
-2.25052,111.48563,315.25,4.82,2,2026-09-17,1234,T,91,6.1NRT,287.71,120.16,N
-2.26722,111.48135,307.4,4.82,2,2026-09-17,1234,T,71,6.1NRT,287.65,68.11,N
-2.2497,111.47901,315.12,4.82,2,2026-09-17,1234,T,91,6.1NRT,287.72,119.14,N
-1.51312,113.53948,300.48,3.19,1.69,2026-09-17,1234,T,28,6.1NRT,286.99,18.82,N
0.76761,123.9315,303.78,1.21,1.1,2026-09-17,1234,T,43,6.1NRT,291.15,5.31,N
0.78168,123.57549,301.54,1.16,1.07,2026-09-17,1234,T,26,6.1NRT,279.92,5.12,N
0.8346,123.82053,301.88,1.2,1.09,2026-09-17,1234,T,34,6.1NRT,289.62,3.45,N
0.81805,123.56075,323.99,1.16,1.07,2026-09-17,1234,T,100,6.1NRT,274.22,27.65,N
0.81666,123.55072,312.03,1.16,1.07,2026-09-17,1234,T,84,6.1NRT,276.58,13.94,N
0.76893,122.94326,306.27,1.09,1.04,2026-09-17,1234,T,67,6.1NRT,292.4,5.92,N
1.08718,124.68513,311.46,1.37,1.16,2026-09-17,1234,T,83,6.1NRT,292.44,14.79,N
1.08673,124.69144,306.58,1.37,1.16,2026-09-17,1234,T,47,6.1NRT,292.3,10.4,N
0.94119,122.45175,307.85,1.05,1.02,2026-09-17,1234,T,71,6.1NRT,292.84,6.49,N
0.97696,122.17471,306.31,1.03,1.01,2026-09-17,1234,T,49,6.1NRT,294.12,4.23,N
1.54281,125.19242,347.59,1.51,1.21,2026-09-17,1234,T,100,6.1NRT,297.56,101.33,N
1.55362,125.19222,321.49,1.51,1.21,2026-09-17,1234,T,100,6.1NRT,295.8,30.5,N
2.31976,117.9564,342.17,1.26,1.12,2026-09-17,1234,T,100,6.1NRT,292.39,61.79,N
2.31821,117.9454,326.77,1.26,1.12,2026-09-17,1234,T,100,6.1NRT,289.85,29.94,N
2.31357,117.91239,339.33,1.27,1.12,2026-09-17,1234,T,100,6.1NRT,292.45,53.19,N
2.312,117.90131,356.34,1.27,1.12,2026-09-17,1234,T,100,6.1NRT,294.57,102.2,N
2.32954,117.95502,327.14,1.26,1.12,2026-09-17,1234,T,100,6.1NRT,291.38,31.02,N
2.32801,117.94405,314.11,1.26,1.12,2026-09-17,1234,T,82,6.1NRT,290.15,12.68,N
2.32337,117.91097,391.89,1.27,1.12,2026-09-17,1234,T,100,6.1NRT,296.17,287.77,N
2.32183,117.89996,378.64,1.27,1.12,2026-09-17,1234,T,100,6.1NRT,294.1,202.67,N
2.34237,117.97549,307.57,1.26,1.11,2026-09-17,1234,T,32,6.1NRT,290.87,8.51,N
2.33165,117.89861,310.76,1.27,1.12,2026-09-17,1234,T,25,6.1NRT,290.75,8.36,N
-4.38351,104.18994,317.54,2.32,1.47,2026-09-17,1412,T,72,6.1NRT,287.97,52.83,N
-4.16551,105.25849,303.81,2.86,1.61,2026-09-17,1412,T,57,6.1NRT,290.74,18.47,N
26.62629,101.58973,304.58,4.14,1.88,2026-09-17,1418,T,45,6.1NRT,285.26,52.26,N
-4.1617,105.25231,302.36,2.86,1.61,2026-09-17,1412,T,49,6.1NRT,290.7,15.66,N
26.61587,101.58585,305.29,4.14,1.88,2026-09-17,1418,T,44,6.1NRT,286.09,56.9,N
-3.78001,105.57157,302.44,3.08,1.67,2026-09-17,1412,T,49,6.1NRT,290.74,18.49,N
-3.78409,105.54486,303.6,3.06,1.66,2026-09-17,1412,T,56,6.1NRT,291.14,21.77,N
-3.80688,105.20522,302.84,2.87,1.62,2026-09-17,1412,T,52,6.1NRT,290.82,15.66,N
-3.77896,105.5659,304.84,3.08,1.67,2026-09-17,1412,T,62,6.1NRT,290.89,25.89,N
-3.79949,105.22414,302,2.88,1.62,2026-09-17,1412,T,46,6.1NRT,290.8,15.57,N
-3.86958,104.55974,306.21,2.54,1.53,2026-09-17,1412,T,67,6.1NRT,290.64,19.41,N
-3.72198,105.44865,302.3,3.02,1.65,2026-09-17,1412,T,48,6.1NRT,290.89,17.87,N
-3.72593,105.42249,302.17,3,1.65,2026-09-17,1412,T,47,6.1NRT,291.01,17.32,N
-3.72021,105.44182,305.3,3.02,1.65,2026-09-17,1412,T,64,6.1NRT,291.15,25.04,N
-3.64135,104.67401,303.5,2.62,1.55,2026-09-17,1412,T,55,6.1NRT,290.8,14.29,N
-3.50639,104.95941,313.8,2.78,1.59,2026-09-17,1412,T,88,6.1NRT,290.45,49.62,N
-3.51004,104.93526,313.95,2.76,1.59,2026-09-17,1412,T,88,6.1NRT,290.71,50.06,N
-3.51549,104.95518,302.17,2.78,1.59,2026-09-17,1412,T,47,6.1NRT,290.26,14.77,N
-3.50151,104.95306,316.52,2.78,1.59,2026-09-17,1412,T,93,6.1NRT,290.63,59.64,N
-3.50499,104.92889,304.97,2.76,1.59,2026-09-17,1412,T,62,6.1NRT,290.63,22.03,N
-3.47019,104.87467,313.92,2.74,1.58,2026-09-17,1412,T,88,6.1NRT,291.5,45.23,N
-3.4563,104.87257,317.01,2.74,1.58,2026-09-17,1412,T,81,6.1NRT,291.75,54.17,N
-3.4424,104.87048,327.38,2.74,1.58,2026-09-17,1412,T,100,6.1NRT,291.25,100.45,N
-3.42851,104.86841,309.35,2.74,1.58,2026-09-17,1412,T,68,6.1NRT,289.26,30.05,N
-3.437,104.86305,324.36,2.74,1.58,2026-09-17,1412,T,100,6.1NRT,291.01,87.41,N
-3.42311,104.86095,302.88,2.74,1.58,2026-09-17,1412,T,26,6.1NRT,289.41,14.11,N
-3.30583,105.16988,302.44,2.91,1.63,2026-09-17,1412,T,29,6.1NRT,290.5,16.14,N
-3.28113,105.14038,303.03,2.9,1.62,2026-09-17,1412,T,26,6.1NRT,290.7,15.71,N
-3.27416,105.15965,305.85,2.91,1.63,2026-09-17,1412,T,66,6.1NRT,290.87,25.08,N
-3.38607,104.01654,303.77,2.34,1.48,2026-09-17,1412,T,57,6.1NRT,289.64,12.43,N
-3.08298,105.33558,305.36,3.03,1.66,2026-09-17,1412,T,64,6.1NRT,290.83,24.8,N
-3.08694,105.3093,315.37,3.02,1.65,2026-09-17,1412,T,91,6.1NRT,291.61,61.47,N
-3.09088,105.28317,306.35,3,1.65,2026-09-17,1412,T,68,6.1NRT,291.35,26.92,N
-3.2137,104.28455,310.22,2.48,1.52,2026-09-17,1412,T,79,6.1NRT,289.83,28.06,N
-3.1672,104.82939,302.38,2.75,1.59,2026-09-17,1412,T,49,6.1NRT,290.85,13.75,N
-3.08131,105.32989,308.96,3.03,1.66,2026-09-17,1412,T,76,6.1NRT,290.95,36.62,N
-3.08509,105.30358,312.21,3.02,1.65,2026-09-17,1412,T,84,6.1NRT,291.52,48.61,N
-3.21787,104.27955,305.81,2.48,1.52,2026-09-17,1412,T,66,6.1NRT,289.72,18.69,N
-3.14244,104.60975,308.87,2.64,1.56,2026-09-17,1412,T,76,6.1NRT,290.57,28.81,N
-3.12876,104.60771,303.62,2.64,1.56,2026-09-17,1412,T,31,6.1NRT,290.33,13.91,N
-3.16517,104.36056,304.87,2.52,1.53,2026-09-17,1412,T,26,6.1NRT,290.15,14.46,N
-3.08398,104.71985,302.81,2.7,1.57,2026-09-17,1412,T,51,6.1NRT,290.16,14.27,N
-3.0875,104.6964,312,2.69,1.57,2026-09-17,1412,T,84,6.1NRT,290.29,39.99,N
-3.12847,104.42281,317.45,2.55,1.54,2026-09-17,1412,T,95,6.1NRT,290.82,51.44,N
-3.13178,104.40065,321.04,2.54,1.53,2026-09-17,1412,T,100,6.1NRT,290.62,62.2,N
-3.13837,104.35658,307.27,2.52,1.53,2026-09-17,1412,T,71,6.1NRT,290.42,19.81,N
-2.80523,106.45761,302.39,3.78,1.82,2026-09-17,1412,T,49,6.1NRT,289.24,26.83,N
-3.14452,104.22473,304.41,2.46,1.51,2026-09-17,1412,T,60,6.1NRT,290.03,13.92,N
-3.09813,104.44109,324.88,2.56,1.54,2026-09-17,1412,T,100,6.1NRT,290.93,82.71,N
-3.09188,104.71452,309.91,2.7,1.57,2026-09-17,1412,T,79,6.1NRT,290.32,32.5,N
-3.09521,104.69102,305.63,2.69,1.57,2026-09-17,1412,T,65,6.1NRT,290.39,20.32,N
-3.12046,104.41508,324.65,2.55,1.54,2026-09-17,1412,T,100,6.1NRT,290.81,78.74,N
-3.14534,104.24026,305.43,2.47,1.51,2026-09-17,1412,T,64,6.1NRT,290.24,16.4,N
-2.81234,106.4518,304.46,3.78,1.82,2026-09-17,1412,T,60,6.1NRT,289.22,35.7,N
-3.10379,104.43536,311.38,2.56,1.54,2026-09-17,1412,T,58,6.1NRT,290.45,31.33,N
-3.08705,104.45573,319.51,2.57,1.54,2026-09-17,1412,T,99,6.1NRT,291.11,59.42,N
-3.09029,104.43334,324.1,2.56,1.54,2026-09-17,1412,T,100,6.1NRT,290.98,75.5,N
-3.07352,104.45373,316.06,2.57,1.54,2026-09-17,1412,T,92,6.1NRT,291.32,47.43,N
-3.07679,104.43134,305.86,2.56,1.54,2026-09-17,1412,T,34,6.1NRT,290.89,17.68,N
-3.06,104.45171,303.99,2.57,1.54,2026-09-17,1412,T,23,6.1NRT,290.56,13.96,N
-2.74757,106.34251,306.49,3.71,1.8,2026-09-17,1412,T,68,6.1NRT,286.21,46.43,N
-2.92128,105.19257,302.35,2.97,1.64,2026-09-17,1412,T,48,6.1NRT,290.43,18.83,N
-2.75391,106.33821,300.76,3.71,1.8,2026-09-17,1412,T,26,6.1NRT,286.3,23.78,N
-2.919,105.18662,302.38,2.97,1.64,2026-09-17,1412,T,49,6.1NRT,290.42,19.44,N
-2.73814,106.33572,301.03,3.71,1.8,2026-09-17,1412,T,33,6.1NRT,285.69,24.67,N
-3.14275,103.34615,305.43,2.09,1.41,2026-09-17,1412,T,38,6.1NRT,291.54,18.09,N
-3.02819,104.04437,323.12,2.39,1.49,2026-09-17,1412,T,100,6.1NRT,292.21,66.99,N
-3.03123,104.0236,327.74,2.38,1.49,2026-09-17,1412,T,100,6.1NRT,291.14,85.71,N
-3.01511,104.04238,322.71,2.39,1.49,2026-09-17,1412,T,100,6.1NRT,292.22,65.81,N
-3.01817,104.02162,311.01,2.38,1.49,2026-09-17,1412,T,81,6.1NRT,290.24,29.81,N
-2.96316,103.86076,304.21,2.31,1.47,2026-09-17,1412,T,38,6.1NRT,288.01,20.37,N
-2.85602,102.9959,306.4,1.98,1.37,2026-09-17,1412,T,39,6.1NRT,291.27,13.46,N
-2.85858,102.97868,308.11,1.97,1.37,2026-09-17,1412,T,73,6.1NRT,291.86,16.63,N
-2.86113,102.96156,307.62,1.96,1.37,2026-09-17,1412,T,37,6.1NRT,293.26,15.46,N
-2.8512,102.9895,315.54,1.98,1.37,2026-09-17,1412,T,91,6.1NRT,291.68,32.28,N
-2.85363,102.97231,305.65,1.97,1.37,2026-09-17,1412,T,65,6.1NRT,291.56,13.14,N
-2.85606,102.95514,320.81,1.96,1.37,2026-09-17,1412,T,100,6.1NRT,292.53,45.58,N
-2.82215,103.0206,303.68,1.99,1.38,2026-09-17,1412,T,56,6.1NRT,290.9,11.58,N
-2.68393,103.0833,305.54,2.02,1.39,2026-09-17,1412,T,65,6.1NRT,287.08,16.73,N
-2.68013,103.07706,302.92,2.02,1.39,2026-09-17,1412,T,47,6.1NRT,285.63,11.85,N
-2.54841,103.46936,306.13,2.19,1.43,2026-09-17,1412,T,67,6.1NRT,289.55,17.91,N
-2.41027,104.35257,305.73,2.6,1.55,2026-09-17,1412,T,56,6.1NRT,292.6,17.88,N
-2.42943,103.2863,314.51,2.12,1.42,2026-09-17,1412,T,89,6.1NRT,289.7,34.99,N
-2.26714,103.50744,307.2,2.23,1.45,2026-09-17,1412,T,71,6.1NRT,292.23,18.66,N
-2.23888,103.52319,303.92,2.23,1.45,2026-09-17,1412,T,53,6.1NRT,292.21,12.33,N
-2.23892,103.51747,302.82,2.23,1.45,2026-09-17,1412,T,52,6.1NRT,292.32,11.77,N
-1.84427,103.98489,317.49,2.48,1.52,2026-09-17,1412,T,95,6.1NRT,293.7,49.95,N
-1.84737,103.96342,371.64,2.47,1.51,2026-09-17,1412,T,100,6.1NRT,297.87,444.92,N
-1.85045,103.94204,334.97,2.46,1.51,2026-09-17,1412,T,100,6.1NRT,295.03,121.54,N
-1.83097,103.98296,309.37,2.48,1.52,2026-09-17,1412,T,77,6.1NRT,293.25,27.65,N
-1.83409,103.96151,341.63,2.47,1.51,2026-09-17,1412,T,100,6.1NRT,296.5,164.1,N
-1.8372,103.94013,345.59,2.46,1.51,2026-09-17,1412,T,100,6.1NRT,296.97,188.85,N
-1.8403,103.91881,307.19,2.45,1.51,2026-09-17,1412,T,71,6.1NRT,293.86,21.82,N
-1.81767,103.98102,306.85,2.48,1.52,2026-09-17,1412,T,69,6.1NRT,293.48,22.09,N
-1.82081,103.95956,318.12,2.47,1.51,2026-09-17,1412,T,96,6.1NRT,294.24,51.78,N
-1.82394,103.9382,337.23,2.46,1.51,2026-09-17,1412,T,100,6.1NRT,295.26,135.12,N
-1.82706,103.91693,324.84,2.45,1.51,2026-09-17,1412,T,100,6.1NRT,293.86,77.69,N
-1.82179,103.97606,313.62,2.48,1.52,2026-09-17,1412,T,59,6.1NRT,294.09,37.91,N
-1.82476,103.9546,318.24,2.47,1.51,2026-09-17,1412,T,71,6.1NRT,294.88,49.77,N
-1.82772,103.93319,340.37,2.46,1.51,2026-09-17,1412,T,100,6.1NRT,296.58,152.87,N
-1.83066,103.91191,316.7,2.45,1.51,2026-09-17,1412,T,94,6.1NRT,293.5,47.08,N
-1.30952,103.78368,322.06,2.44,1.51,2026-09-17,1412,T,100,6.1NRT,292.4,70.57,N
-1.26851,102.62023,315.62,1.96,1.37,2026-09-17,1412,T,92,6.1NRT,287.65,32.86,N
-1.27097,102.60329,320.83,1.96,1.37,2026-09-17,1412,T,100,6.1NRT,286.5,46.09,N
-1.25898,102.60156,300.57,1.96,1.37,2026-09-17,1412,T,16,6.1NRT,284.36,7.22,N
-1.26332,102.61377,323.67,1.96,1.37,2026-09-17,1412,T,100,6.1NRT,287.07,54.53,N
-1.26564,102.59688,311.07,1.96,1.37,2026-09-17,1412,T,82,6.1NRT,284.84,24.5,N
-1.12901,102.86202,314.02,2.07,1.4,2026-09-17,1412,T,88,6.1NRT,292.3,30.35,N
-1.13814,102.85705,311.98,2.07,1.4,2026-09-17,1412,T,84,6.1NRT,292.34,26.34,N
-1.12588,102.85524,308.12,2.07,1.4,2026-09-17,1412,T,74,6.1NRT,292.19,19.31,N
-0.13391,103.11465,303.2,2.25,1.45,2026-09-17,1412,T,37,6.1NRT,284.28,16.2,N
-0.12114,103.11287,303.62,2.25,1.45,2026-09-17,1412,T,55,6.1NRT,282.82,17.2,N
-5.04961,150.10004,305.71,1,1,2026-09-17,1737,A,24,6.1NRT,291.36,5.27,N
-5.50481,150.41234,304.52,1.01,1,2026-09-17,1737,A,60,6.1NRT,293.2,4.85,N
-5.57642,149.36893,315.11,1.01,1,2026-09-17,1737,A,91,6.1NRT,293.83,11.64,N
-5.66732,149.2955,304.71,1.01,1.01,2026-09-17,1737,A,61,6.1NRT,292.52,4.55,N
-5.68344,149.40141,303.26,1.01,1,2026-09-17,1737,A,33,6.1NRT,292.75,3.44,N
-5.71093,149.52312,305.5,1.01,1,2026-09-17,1737,A,65,6.1NRT,293.71,4.99,N
-5.73247,149.5468,305.81,1,1,2026-09-17,1737,A,66,6.1NRT,293.85,4.92,N
-5.81792,149.56331,306.43,1,1,2026-09-17,1737,A,68,6.1NRT,293.83,5.55,N
1.50095,127.63419,302.28,1.02,1.01,2026-09-17,1915,A,48,6.1NRT,291.74,5.23,N
1.5546,125.19197,307.64,1.08,1.04,2026-09-17,1915,A,16,6.1NRT,293.24,5.83,N
1.54405,125.20036,320.44,1.08,1.04,2026-09-17,1915,A,95,6.1NRT,293.69,18.12,N
1.54266,125.20956,331.4,1.08,1.04,2026-09-17,1915,A,100,6.1NRT,295.16,32.05,N
1.04215,128.21362,305.16,1.06,1.03,2026-09-17,1915,A,63,6.1NRT,293.06,6.19,N
0.71951,127.83732,312.96,1.04,1.02,2026-09-17,1915,A,86,6.1NRT,293.72,10.84,N
0.71816,127.84631,306.13,1.04,1.02,2026-09-17,1915,A,44,6.1NRT,293.43,5.91,N
0.71062,127.83595,306.67,1.04,1.02,2026-09-17,1915,A,69,6.1NRT,293.19,6.53,N
0.6076,127.96314,304.33,1.05,1.02,2026-09-17,1915,A,10,6.1NRT,292.57,5.6,N
0.4835,127.99461,309.83,1.05,1.02,2026-09-17,1915,A,65,6.1NRT,296.92,8.93,N
0.92698,124.19588,313.3,1.19,1.09,2026-09-17,1915,A,82,6.1NRT,289.19,14.53,N
0.92544,124.20614,305.67,1.19,1.09,2026-09-17,1915,A,35,6.1NRT,289.91,7.79,N
0.83476,123.5064,303.28,1.31,1.14,2026-09-17,1915,A,45,6.1NRT,291.3,5.7,N
0.77113,123.93569,302.74,1.23,1.1,2026-09-17,1915,A,51,6.1NRT,291.18,5.04,N
-3.00966,134.76184,302.45,3.64,1.79,2026-09-17,1915,A,49,6.1NRT,291.58,26.52,N
-2.79353,132.6162,301.74,2.41,1.5,2026-09-17,1915,A,44,6.1NRT,290.17,13.61,N
-2.79664,132.63777,304.25,2.42,1.5,2026-09-17,1915,A,59,6.1NRT,290.4,18.53,N
-2.93481,133.15125,301.83,2.68,1.57,2026-09-17,1915,A,45,6.1NRT,287.51,19.17,N
-3.36805,134.07195,304.65,3.25,1.7,2026-09-17,1915,A,61,6.1NRT,288.27,36.91,N
-3.37293,134.10643,304.04,3.26,1.71,2026-09-17,1915,A,58,6.1NRT,288.68,33.62,N
-2.91661,128.76923,319.1,1.24,1.11,2026-09-17,1915,A,98,6.1NRT,294.45,21.26,N
-2.91005,128.66052,302.68,1.22,1.1,2026-09-17,1915,A,50,6.1NRT,292.14,5.64,N
-2.94084,128.78044,304.16,1.24,1.11,2026-09-17,1915,A,27,6.1NRT,292.61,6.11,N
-3.16579,126.74565,335.56,1.02,1.01,2026-09-17,1915,A,100,6.1NRT,292.84,37.69,N
-3.16715,126.75464,305.64,1.02,1.01,2026-09-17,1915,A,30,6.1NRT,289.95,6.28,N
-3.17324,126.73524,305.32,1.02,1.01,2026-09-17,1915,A,20,6.1NRT,289.92,6.79,N
-3.17463,126.74435,316.38,1.02,1.01,2026-09-17,1915,A,93,6.1NRT,291.07,14.91,N
-3.22178,126.86765,321.76,1.03,1.01,2026-09-17,1915,A,100,6.1NRT,291.91,20.29,N
-3.22314,126.87679,323.26,1.03,1.01,2026-09-17,1915,A,100,6.1NRT,291.85,21.91,N
-3.23065,126.86636,303.67,1.03,1.01,2026-09-17,1915,A,56,6.1NRT,290.58,6.02,N
-3.31248,126.91309,302.07,1.03,1.02,2026-09-17,1915,A,46,6.1NRT,291.23,4.72,N
-3.35225,126.81543,325.86,1.03,1.01,2026-09-17,1915,A,100,6.1NRT,292.13,24.41,N
-3.35359,126.82431,309.92,1.03,1.01,2026-09-17,1915,A,56,6.1NRT,291.02,8.72,N
-3.3611,126.81405,322.51,1.03,1.01,2026-09-17,1915,A,100,6.1NRT,291.51,20.35,N
-3.39391,126.90418,302.54,1.04,1.02,2026-09-17,1915,A,50,6.1NRT,290.49,5.69,N
-3.47037,127.04997,301.68,1.05,1.02,2026-09-17,1915,A,43,6.1NRT,291.23,4.79,N
-3.4473,126.77642,301.36,1.03,1.01,2026-09-17,1915,A,40,6.1NRT,289.25,5.2,N
-3.45616,126.77515,303.32,1.03,1.01,2026-09-17,1915,A,54,6.1NRT,288.78,6.46,N
-2.7074,121.71417,301.99,1.54,1.22,2026-09-17,1915,A,46,6.1NRT,288.06,9.49,N
-2.70961,121.72824,300.72,1.54,1.22,2026-09-17,1915,A,30,6.1NRT,287.22,8.56,N
-3.44644,126.27412,313.17,1.01,1,2026-09-17,1915,A,86,6.1NRT,290.98,12.44,N
-3.45519,126.27275,322.28,1.01,1,2026-09-17,1915,A,100,6.1NRT,292.56,20.9,N
-2.7694,121.69029,305.73,1.55,1.23,2026-09-17,1915,A,65,6.1NRT,288.14,12.77,N
-3.54427,126.80256,312.8,1.03,1.01,2026-09-17,1915,A,86,6.1NRT,289.35,13.41,N
-3.54564,126.81161,301.11,1.03,1.01,2026-09-17,1915,A,38,6.1NRT,289.18,5.3,N
-2.77221,121.68345,303.25,1.55,1.23,2026-09-17,1915,A,11,6.1NRT,287.64,9.37,N
-2.77433,121.69678,303.93,1.54,1.22,2026-09-17,1915,A,16,6.1NRT,288.21,10.01,N
-3.51088,126.32948,306.34,1.01,1,2026-09-17,1915,A,68,6.1NRT,288.95,8.19,N
-3.53062,126.282,302.96,1.01,1,2026-09-17,1915,A,52,6.1NRT,291.58,5.16,N
-3.57825,126.27815,301.58,1.01,1,2026-09-17,1915,A,42,6.1NRT,290.01,5.16,N
-3.60064,126.24821,303.3,1.01,1,2026-09-17,1915,A,54,6.1NRT,292.09,5.33,N
-3.60196,126.257,306.76,1.01,1,2026-09-17,1915,A,69,6.1NRT,290,7.54,N
-3.87213,122.40104,302.49,1.32,1.14,2026-09-17,1915,A,49,6.1NRT,291.92,7.4,N
-8.3103,125.04337,306.91,1,1,2026-09-17,1917,A,70,6.1NRT,291.06,7.81,N
-8.2687,123.50228,307.5,1.04,1.02,2026-09-17,1917,A,72,6.1NRT,288.12,8.44,N
-8.27011,123.51137,324.99,1.04,1.02,2026-09-17,1917,A,100,6.1NRT,291.09,24.58,N
-8.70364,125.88138,300.46,1.04,1.02,2026-09-17,1917,A,28,6.1NRT,288.03,5.16,N
21.56222,108.4449,305.98,1.07,1.03,2026-09-17,2046,A,66,6.1NRT,293.81,5.35,N
-0.11934,103.1152,303.53,1.04,1.02,2026-09-17,2053,A,43,6.1NRT,292.33,4.34,N
-0.12935,103.11634,324.56,1.04,1.02,2026-09-17,2053,A,100,6.1NRT,293.9,23.21,N
0.07074,101.05744,301.16,1.02,1.01,2026-09-17,2053,A,34,6.1NRT,285.51,3.96,N
-0.39167,102.71125,304.36,1.02,1.01,2026-09-17,2053,A,60,6.1NRT,292.3,5.08,N
-0.40051,102.70996,316.03,1.02,1.01,2026-09-17,2053,A,92,6.1NRT,293.08,13.45,N
-0.40935,102.70867,312.1,1.02,1.01,2026-09-17,2053,A,84,6.1NRT,292.27,10.14,N
-0.86881,102.31536,325.56,1.01,1,2026-09-17,2053,A,100,6.1NRT,283.92,24.17,N
-0.87014,102.32418,301.07,1.01,1,2026-09-17,2053,A,18,6.1NRT,283.14,4.23,N
-0.87758,102.31399,302.99,1.01,1,2026-09-17,2053,A,32,6.1NRT,285.86,5.08,N
-1.17815,104.24746,305.13,1.2,1.09,2026-09-17,2053,A,63,6.1NRT,275.25,10.62,N
-1.12743,102.86484,309.28,1.04,1.02,2026-09-17,2053,A,77,6.1NRT,291.82,8.46,N
-1.13634,102.8635,303.68,1.04,1.02,2026-09-17,2053,A,36,6.1NRT,291.23,4.41,N
-1.55004,104.39507,301.45,1.24,1.1,2026-09-17,2053,A,41,6.1NRT,287.22,4.7,N
-1.55164,104.40583,301.26,1.24,1.11,2026-09-17,2053,A,39,6.1NRT,287.6,4.61,N
-1.82636,105.86954,302.06,1.57,1.24,2026-09-17,2053,A,45,6.1NRT,290.12,7.01,N
-2.78936,110.98678,309.02,4.22,1.9,2026-09-17,2053,A,64,6.1NRT,286.4,70.39,N
-2.79411,110.97837,308.62,4.22,1.9,2026-09-17,2053,A,62,6.1NRT,286.82,70.99,N
-1.82224,103.93581,324.86,1.17,1.08,2026-09-17,2053,A,100,6.1NRT,279.86,30.29,N
-1.82374,103.94601,321.07,1.17,1.08,2026-09-17,2053,A,93,6.1NRT,281.62,24.22,N
-1.83017,103.92426,311.6,1.17,1.08,2026-09-17,2053,A,83,6.1NRT,276.91,15.24,N
-1.83167,103.93444,337.08,1.17,1.08,2026-09-17,2053,A,100,6.1NRT,278.52,49.7,N
-1.83317,103.94464,325.75,1.17,1.08,2026-09-17,2053,A,77,6.1NRT,279.66,29.04,N
-1.83468,103.95484,333.33,1.18,1.08,2026-09-17,2053,A,94,6.1NRT,283.41,40.65,N
-1.83619,103.96506,341.69,1.18,1.08,2026-09-17,2053,A,100,6.1NRT,287.49,56.43,N
-1.8377,103.97528,369.9,1.18,1.08,2026-09-17,2053,A,100,6.1NRT,293.33,145.67,N
-1.83921,103.98553,318.43,1.18,1.08,2026-09-17,2053,A,70,6.1NRT,287.69,19.56,N
-1.84261,103.94326,322.94,1.17,1.08,2026-09-17,2053,A,75,6.1NRT,276.63,24.68,N
-1.84412,103.95347,374.51,1.18,1.08,2026-09-17,2053,A,100,6.1NRT,287.28,165.65,N
-1.84563,103.96368,388.99,1.18,1.08,2026-09-17,2053,A,100,6.1NRT,291.7,243.46,N
-1.84715,103.97391,366.91,1.18,1.08,2026-09-17,2053,A,100,6.1NRT,289.87,133.51,N
-1.85356,103.95209,304.34,1.18,1.08,2026-09-17,2053,A,57,6.1NRT,277.51,8.54,N
-1.85508,103.9623,304.16,1.18,1.08,2026-09-17,2053,A,11,6.1NRT,278.97,7.7,N
-2.44522,105.94162,302.16,1.63,1.26,2026-09-17,2053,A,47,6.1NRT,290.51,8.05,N
-2.04223,102.6786,301.72,1.04,1.02,2026-09-17,2053,A,44,6.1NRT,288.78,4.37,N
-2.3871,104.30579,303.26,1.25,1.11,2026-09-17,2053,A,33,6.1NRT,283.01,8.76,N
-2.40334,104.34796,301.42,1.26,1.11,2026-09-17,2053,A,21,6.1NRT,280.47,7.39,N
-2.40498,104.3589,306.96,1.26,1.12,2026-09-17,2053,A,46,6.1NRT,284.27,11.93,N
-2.4588,103.42282,309.74,1.12,1.06,2026-09-17,2053,A,78,6.1NRT,287.92,11.34,N
-2.46028,103.4326,301.17,1.12,1.06,2026-09-17,2053,A,38,6.1NRT,287.58,5.02,N
-2.4422,103.18892,302.59,1.1,1.04,2026-09-17,2053,A,50,6.1NRT,281.77,6.44,N
-2.69998,103.05585,301.6,1.09,1.04,2026-09-17,2053,A,41,6.1NRT,284.78,5.13,N
-2.82,103.81669,305.25,1.19,1.08,2026-09-17,2053,A,64,6.1NRT,290.22,7.45,N
-2.82949,103.81531,300.57,1.19,1.08,2026-09-17,2053,A,15,6.1NRT,290.01,3.8,N
-3.07805,105.30446,306.31,1.49,1.21,2026-09-17,2053,A,49,6.1NRT,292.72,10.41,N
-3.07995,105.31744,308.93,1.5,1.21,2026-09-17,2053,A,76,6.1NRT,292.95,13.64,N
-3.08185,105.33046,312.79,1.5,1.21,2026-09-17,2053,A,86,6.1NRT,292.95,19.1,N
-3.0867,105.28999,306.42,1.49,1.21,2026-09-17,2053,A,23,6.1NRT,292.62,10.23,N
-3.09243,105.32895,326.71,1.5,1.21,2026-09-17,2053,A,100,6.1NRT,293.11,43.03,N
-2.92758,103.78503,307.48,1.19,1.08,2026-09-17,2053,A,64,6.1NRT,288.53,10.2,N
-2.828,102.98619,302.21,1.08,1.04,2026-09-17,2053,A,13,6.1NRT,291.38,4.23,N
-2.95729,103.85477,305.47,1.2,1.09,2026-09-17,2053,A,45,6.1NRT,292.14,7.01,N
-2.95884,103.86518,314.2,1.2,1.09,2026-09-17,2053,A,89,6.1NRT,292.24,15.26,N
-3.03714,104.39471,305.76,1.29,1.13,2026-09-17,2053,A,66,6.1NRT,292.24,8.45,N
-2.96837,103.8638,326.73,1.2,1.09,2026-09-17,2053,A,100,6.1NRT,291.59,31.31,N
-3.09299,104.70385,302.89,1.36,1.15,2026-09-17,2053,A,52,6.1NRT,287.99,7.62,N
-2.84759,102.99295,319.64,1.08,1.04,2026-09-17,2053,A,99,6.1NRT,292.41,17.85,N
-3.06528,104.44827,308.51,1.3,1.13,2026-09-17,2053,A,35,6.1NRT,291.63,10.05,N
-3.06697,104.4596,314.78,1.31,1.13,2026-09-17,2053,A,83,6.1NRT,292.08,17,N
-2.85101,102.95399,313.25,1.08,1.04,2026-09-17,2053,A,87,6.1NRT,293,11.79,N
-2.85242,102.9634,354.62,1.08,1.04,2026-09-17,2053,A,100,6.1NRT,297.29,79.74,N
-2.85668,102.99164,305.51,1.08,1.04,2026-09-17,2053,A,44,6.1NRT,291.57,5.93,N
-3.01431,104.04027,333.28,1.23,1.1,2026-09-17,2053,A,100,6.1NRT,289.3,42.8,N
-3.01591,104.05097,320.92,1.23,1.1,2026-09-17,2053,A,100,6.1NRT,289.33,23.43,N
-3.07689,104.45818,318.86,1.31,1.13,2026-09-17,2053,A,79,6.1NRT,291.83,21.47,N
-2.86008,102.95267,304.69,1.08,1.04,2026-09-17,2053,A,61,6.1NRT,292.55,5.6,N
-2.8615,102.96207,312.21,1.08,1.04,2026-09-17,2053,A,84,6.1NRT,294.27,11.01,N
-3.02074,104.01756,309.11,1.22,1.1,2026-09-17,2053,A,49,6.1NRT,286.83,10.92,N
-3.02234,104.02822,367.68,1.23,1.1,2026-09-17,2053,A,100,6.1NRT,292.77,145,N
-3.02395,104.03889,338.58,1.23,1.1,2026-09-17,2053,A,100,6.1NRT,291.48,53.4,N
-3.0851,104.44541,328.42,1.3,1.13,2026-09-17,2053,A,100,6.1NRT,292.75,35.75,N
-3.08681,104.45675,325.71,1.31,1.13,2026-09-17,2053,A,95,6.1NRT,291.7,31.54,N
-3.09501,104.44398,331.89,1.3,1.13,2026-09-17,2053,A,100,6.1NRT,292.39,44.19,N
-3.09467,104.43726,317.74,1.3,1.13,2026-09-17,2053,A,96,6.1NRT,291.49,21.63,N
-3.0963,104.4486,323.09,1.31,1.13,2026-09-17,2053,A,100,6.1NRT,292.01,29.59,N
-3.16386,104.84532,301.34,1.39,1.17,2026-09-17,2053,A,40,6.1NRT,289.64,6.56,N
-3.13959,104.60667,321.56,1.34,1.15,2026-09-17,2053,A,100,6.1NRT,290.35,29.39,N
-3.12108,104.41034,314.1,1.3,1.13,2026-09-17,2053,A,89,6.1NRT,290.24,17.55,N
-3.12273,104.42164,324.14,1.3,1.13,2026-09-17,2053,A,100,6.1NRT,291.07,31.55,N
-3.13097,104.40891,302.34,1.3,1.13,2026-09-17,2053,A,48,6.1NRT,288.71,6.65,N
-3.1342,104.36247,304.53,1.29,1.13,2026-09-17,2053,A,38,6.1NRT,289.04,7.28,N
-3.00534,103.30614,301.43,1.12,1.06,2026-09-17,2053,A,41,6.1NRT,290.15,4.47,N
-3.14542,104.23603,305.09,1.27,1.12,2026-09-17,2053,A,63,6.1NRT,283.17,9.59,N
-3.3523,105.43596,301.26,1.54,1.22,2026-09-17,2053,A,39,6.1NRT,291.23,8.07,N
-3.35423,105.44939,306.1,1.55,1.23,2026-09-17,2053,A,67,6.1NRT,291.4,13.36,N
-3.34189,105.28874,300.55,1.5,1.21,2026-09-17,2053,A,30,6.1NRT,288.79,7.07,N
-3.42513,104.87,302.39,1.41,1.17,2026-09-17,2053,A,20,6.1NRT,279.08,8.68,N
-3.4354,104.86854,349.43,1.41,1.17,2026-09-17,2053,A,100,6.1NRT,284.79,99.96,N
-3.43724,104.88078,320.66,1.41,1.18,2026-09-17,2053,A,84,6.1NRT,283.78,28.81,N
-3.43304,104.86326,328.42,1.41,1.17,2026-09-17,2053,A,100,6.1NRT,281.34,42.22,N
-3.43479,104.8755,330.45,1.41,1.18,2026-09-17,2053,A,100,6.1NRT,284.57,46.16,N
-3.44507,104.87403,322.8,1.41,1.18,2026-09-17,2053,A,93,6.1NRT,283.85,31.88,N
-3.38998,104.01598,300.92,1.24,1.11,2026-09-17,2053,A,35,6.1NRT,285.88,6.64,N
-3.70672,105.74824,306.99,1.65,1.26,2026-09-17,2053,A,70,6.1NRT,290.19,15.72,N
-3.75307,105.75632,309.33,1.65,1.26,2026-09-17,2053,A,77,6.1NRT,290.04,17.53,N
-3.7545,105.7506,305.78,1.65,1.26,2026-09-17,2053,A,66,6.1NRT,290.02,14.16,N
-3.75654,105.76501,306.37,1.66,1.27,2026-09-17,2053,A,68,6.1NRT,289.75,15.09,N
-3.72154,105.44135,303.65,1.57,1.23,2026-09-17,2053,A,56,6.1NRT,283.45,13.29,N
-3.78287,105.55901,303.54,1.6,1.25,2026-09-17,2053,A,53,6.1NRT,291.17,9.24,N
-3.78491,105.57294,310.41,1.6,1.25,2026-09-17,2053,A,80,6.1NRT,291.96,18.08,N
-3.80276,105.21848,304.79,1.51,1.21,2026-09-17,2053,A,62,6.1NRT,290.4,10.89,N
-3.80467,105.23164,303.26,1.51,1.21,2026-09-17,2053,A,54,6.1NRT,291.3,9.51,N
-4.59761,104.27424,302.57,1.33,1.14,2026-09-17,2053,A,50,6.1NRT,291.35,6.41,N
-4.02833,137.79956,308.48,1.19,1.08,2026-09-17,2316,T,53,6.1NRT,284.81,9.66,D
-4.06665,137.73018,313.79,1.2,1.09,2026-09-17,2316,T,53,6.1NRT,289.96,14.05,D
-4.06813,137.7403,324.28,1.2,1.09,2026-09-17,2316,T,80,6.1NRT,286.93,26.73,D
-4.07286,137.77281,325.82,1.19,1.09,2026-09-17,2316,T,84,6.1NRT,287.23,30,D
-4.27444,138.71663,312.08,1.07,1.03,2026-09-17,2316,T,20,6.1NRT,292.53,10.33,D
-4.2835,138.71547,345.3,1.07,1.03,2026-09-17,2316,T,94,6.1NRT,296.01,55.52,D
-4.28481,138.7245,348.35,1.07,1.03,2026-09-17,2316,T,95,6.1NRT,294.31,63.29,D
-4.28609,138.73334,312.93,1.07,1.03,2026-09-17,2316,T,72,6.1NRT,291.46,12.62,D
-5.65742,139.28127,330.05,1.01,1.01,2026-09-17,2316,T,85,6.1NRT,294.3,25.55,D
-6.2875,139.56212,316.45,1,1,2026-09-17,2316,T,73,6.1NRT,287.22,11.31,D
-6.70508,140.80716,314.79,1.03,1.01,2026-09-17,2316,T,0,6.1NRT,292.19,9.47,D
-7.07703,138.82576,313.22,1.02,1.01,2026-09-17,2316,T,68,6.1NRT,294.22,8.49,D
-7.25891,138.86989,311.04,1.02,1.01,2026-09-17,2316,T,64,6.1NRT,294.87,6.5,D
-7.38249,139.47771,312.81,1,1,2026-09-17,2316,T,67,6.1NRT,296.1,6.23,D
-7.38376,139.48653,318.58,1,1,2026-09-17,2316,T,76,6.1NRT,296.87,11.03,D
-7.49055,139.07065,328.77,1.01,1,2026-09-17,2316,T,84,6.1NRT,294.58,23.59,D
-7.45113,138.35124,313.12,1.04,1.02,2026-09-17,2316,T,57,6.1NRT,296.42,6.82,D
-7.80951,140.66437,316.24,1.04,1.02,2026-09-17,2316,T,42,6.1NRT,295.76,9.48,D
-7.49439,138.26958,410.02,1.05,1.02,2026-09-17,2316,T,100,6.1NRT,303.76,336.23,D
-7.49574,138.27884,352.93,1.05,1.02,2026-09-17,2316,T,97,6.1NRT,299.08,68.01,D
-7.50341,138.2683,379.16,1.05,1.02,2026-09-17,2316,T,100,6.1NRT,297.76,155.42,D
-7.50475,138.27756,360.1,1.05,1.02,2026-09-17,2316,T,100,6.1NRT,296.26,87.27,D
-7.62439,138.7197,317.71,1.02,1.01,2026-09-17,2316,T,73,6.1NRT,293.08,10.87,D
-7.6257,138.72871,324.57,1.02,1.01,2026-09-17,2316,T,80,6.1NRT,294.6,17.52,D
-7.83014,139.17883,310.15,1,1,2026-09-17,2316,T,44,6.1NRT,293.67,5.52,D
-7.82361,139.07114,314.02,1.01,1,2026-09-17,2316,T,69,6.1NRT,294.83,7.83,D
-7.81884,138.72545,319.37,1.02,1.01,2026-09-17,2316,T,61,6.1NRT,290.07,12.24,D
-7.82773,138.72418,367.56,1.02,1.01,2026-09-17,2316,T,100,6.1NRT,292.64,105.79,D
-8.13078,140.39111,309.34,1.02,1.01,2026-09-17,2316,T,65,6.1NRT,290.16,5.4,D
-8.29986,141.47192,326.78,1.12,1.05,2026-09-17,2316,T,84,6.1NRT,293.48,22.63,D
-8.30916,141.47069,321.65,1.12,1.05,2026-09-17,2316,T,70,6.1NRT,293.59,16.43,D
-8.33192,141.49792,314.5,1.12,1.06,2026-09-17,2316,T,51,6.1NRT,292.86,10.61,D
-10.61082,142.30533,319.88,1.32,1.14,2026-09-17,2316,T,54,6.1NRT,291.35,18.96,D
-11.31692,142.16335,311.53,1.32,1.14,2026-09-17,2316,T,49,6.1NRT,294.19,9.99,D
-11.97654,142.59247,314.83,1.44,1.19,2026-09-17,2316,T,62,6.1NRT,293.17,13.56,D
-11.97169,135.67625,311.51,1.25,1.11,2026-09-17,2318,T,41,6.1NRT,294.51,7.69,D
-6.77901,111.07902,315.48,1.47,1.2,2026-09-18,0054,T,60,6.1NRT,294.4,11.92,D
-6.81908,111.20422,315.4,1.44,1.19,2026-09-18,0054,T,62,6.1NRT,295.76,8.73,D
-7.31894,112.49181,321.86,1.18,1.08,2026-09-18,0054,T,74,6.1NRT,297.71,14.98,D
-7.72273,113.91294,321.9,1.03,1.01,2026-09-18,0054,T,74,6.1NRT,300.74,12.61,D
18.09827,120.49258,315.89,1,1,2026-09-18,0050,T,36,6.1NRT,299.33,8.12,D
-7.54831,112.46702,312.14,1.17,1.08,2026-09-18,0054,T,54,6.1NRT,296.75,5.71,D
15.37645,120.60763,313.47,1.02,1.01,2026-09-18,0050,T,67,6.1NRT,297.31,6.06,D
-7.54984,112.47741,311.67,1.17,1.08,2026-09-18,0054,T,52,6.1NRT,296.75,5.42,D
-7.78062,114.06151,311.43,1.02,1.01,2026-09-18,0054,T,37,6.1NRT,297.77,4.53,D
15.43106,119.96694,308.38,1,1,2026-09-18,0050,T,54,6.1NRT,293.46,4.52,D
-7.54713,112.3927,311.91,1.19,1.08,2026-09-18,0054,T,53,6.1NRT,296.74,5.64,D
14.83121,120.28495,312.68,1.01,1.01,2026-09-18,0050,T,48,6.1NRT,297.58,7.61,D
-7.78951,114.06026,311.65,1.02,1.01,2026-09-18,0054,T,30,6.1NRT,298,4.15,D
14.82988,120.29407,311.46,1.01,1.01,2026-09-18,0050,T,36,6.1NRT,296.93,6.47,D
-8.46992,117.26143,320.5,1.18,1.08,2026-09-18,0054,T,64,6.1NRT,303.2,12.34,D
-7.6925,111.43178,311.78,1.35,1.15,2026-09-18,0054,T,53,6.1NRT,294.94,7.15,D
-7.66473,110.91064,314.09,1.46,1.2,2026-09-18,0054,T,67,6.1NRT,294.3,12.23,D
-7.79134,111.75124,316.11,1.28,1.12,2026-09-18,0054,T,70,6.1NRT,292.57,18,D
-7.97375,112.4858,307.68,1.16,1.07,2026-09-18,0054,T,28,6.1NRT,292.28,7.2,D
-8.11344,112.9299,321.12,1.1,1.05,2026-09-18,0054,T,60,6.1NRT,292.81,18.14,D
-8.27057,112.74667,309.29,1.12,1.05,2026-09-18,0054,T,43,6.1NRT,296.65,4.49,D
-8.29252,112.70297,311.75,1.12,1.06,2026-09-18,0054,T,60,6.1NRT,298.87,6.76,D
-8.33394,112.23095,314.29,1.18,1.08,2026-09-18,0054,T,0,6.1NRT,297.55,7.13,D
-9.72306,119.74174,313.62,1.82,1.32,2026-09-18,0054,T,62,6.1NRT,297.63,20.41,D
1.08541,124.68952,334.1,3.06,1.66,2026-09-18,0052,T,86,6.1NRT,295.54,155.36,D
1.08374,124.6841,332.04,3.06,1.66,2026-09-18,0052,T,84,6.1NRT,295.55,141.15,D
-0.62468,123.16284,310.15,2.46,1.51,2026-09-18,0054,T,21,6.1NRT,293.84,16.86,D
-1.16106,121.64556,304.87,1.89,1.34,2026-09-18,0054,T,24,6.1NRT,291.63,9.52,D
-1.46149,121.65163,318.7,1.91,1.35,2026-09-18,0054,T,78,6.1NRT,290.52,36.51,D
-1.49786,121.17302,323.19,1.76,1.3,2026-09-18,0054,T,82,6.1NRT,291.95,42.49,D
-1.89594,115.86487,327.98,1,1,2026-09-18,0054,T,84,6.1NRT,291.38,23.31,D
-1.81796,113.9836,312.9,1.13,1.06,2026-09-18,0054,T,69,6.1NRT,292.76,9.58,D
-1.72036,112.82182,314.93,1.33,1.14,2026-09-18,0054,T,62,6.1NRT,286.37,16.25,D
-1.92391,114.01274,312.68,1.13,1.06,2026-09-18,0054,T,69,6.1NRT,292.15,9.3,D
-1.86082,113.37373,308.66,1.22,1.1,2026-09-18,0054,T,46,6.1NRT,287.54,8.13,D
-1.95185,114.00881,314.31,1.13,1.06,2026-09-18,0054,T,71,6.1NRT,292.51,10.5,D
-2.21274,115.50045,314.69,1.01,1,2026-09-18,0054,T,47,6.1NRT,295.84,7.1,D
-2.3296,116.12804,311.29,1,1,2026-09-18,0054,T,48,6.1NRT,297.28,4.13,D
-1.51835,110.2586,321.84,2.08,1.4,2026-09-18,0054,T,75,6.1NRT,293.15,40.46,D
-2.04654,113.95942,309.85,1.13,1.06,2026-09-18,0054,T,43,6.1NRT,293.2,6.32,D
-2.35773,115.86808,316.03,1,1,2026-09-18,0054,T,71,6.1NRT,293.5,11.3,D
-2.35899,115.87684,324.05,1,1,2026-09-18,0054,T,80,6.1NRT,294.49,18.96,D
-2.32628,115.58617,312.82,1.01,1,2026-09-18,0054,T,61,6.1NRT,293.37,7.84,D
-2.36654,115.86689,327.9,1,1,2026-09-18,0054,T,83,6.1NRT,293.45,22.37,D
-2.3678,115.87566,331.73,1,1,2026-09-18,0054,T,86,6.1NRT,294.47,27.23,D
-2.07907,113.74419,319.67,1.16,1.07,2026-09-18,0054,T,74,6.1NRT,291.34,16.49,D
-2.08997,113.75301,315.91,1.16,1.07,2026-09-18,0054,T,42,6.1NRT,289.84,10.74,D
-2.124,113.78942,331.33,1.15,1.07,2026-09-18,0054,T,86,6.1NRT,293.87,29.36,D
-2.26268,114.00053,311.19,1.12,1.05,2026-09-18,0054,T,35,6.1NRT,289.64,7.73,D
-2.28628,113.96723,307.61,1.12,1.06,2026-09-18,0054,T,39,6.1NRT,289.9,4.75,D
-3.07948,118.89857,304.84,1.27,1.12,2026-09-18,0054,T,32,6.1NRT,293,3.86,D
-3.08111,118.9104,317.29,1.28,1.12,2026-09-18,0054,T,76,6.1NRT,296.01,17.52,D
-3.08928,118.89684,307.74,1.27,1.12,2026-09-18,0054,T,32,6.1NRT,292.55,5.99,D
-3.09094,118.9088,327.51,1.28,1.12,2026-09-18,0054,T,84,6.1NRT,295.71,31.97,D
-1.9853,111.1162,308.67,1.75,1.3,2026-09-18,0054,T,56,6.1NRT,291.37,10.42,D
-2.0152,111.08102,308.51,1.76,1.3,2026-09-18,0054,T,55,6.1NRT,291.52,10.82,D
-2.01737,111.09631,309.46,1.75,1.3,2026-09-18,0054,T,58,6.1NRT,291.19,11.73,D
-2.01496,111.08984,313.81,1.75,1.3,2026-09-18,0054,T,68,6.1NRT,291.62,18.19,D
-2.62772,114.2844,309.88,1.08,1.04,2026-09-18,0054,T,21,6.1NRT,293.56,5.73,D
-2.25642,111.48473,340.9,1.62,1.25,2026-09-18,0054,T,91,6.1NRT,296.41,79.29,D
-2.25843,111.49886,317.22,1.62,1.25,2026-09-18,0054,T,43,6.1NRT,293.65,19.14,D
-2.26744,111.48316,315.31,1.62,1.25,2026-09-18,0054,T,35,6.1NRT,293.92,15.9,D
-2.25742,111.47786,332.79,1.62,1.25,2026-09-18,0054,T,86,6.1NRT,296.78,54.71,D
-2.25954,111.492,328.81,1.62,1.25,2026-09-18,0054,T,84,6.1NRT,295.22,43.2,D
-2.15477,110.21516,316.46,2.04,1.39,2026-09-18,0054,T,71,6.1NRT,293.53,25.86,D
-2.15734,110.233,309.79,2.04,1.39,2026-09-18,0054,T,39,6.1NRT,293.27,10.99,D
-2.16096,110.22659,314.01,2.04,1.39,2026-09-18,0054,T,41,6.1NRT,293.27,17.84,D
-2.20198,110.16601,320.3,2.06,1.4,2026-09-18,0054,T,55,6.1NRT,295.23,29.29,D
-2.98136,115.39855,315.36,1.01,1,2026-09-18,0054,T,70,6.1NRT,295.04,9.87,D
-2.98261,115.40728,314.98,1.01,1,2026-09-18,0054,T,69,6.1NRT,295.16,9.25,D
-2.98387,115.41607,310.41,1.01,1,2026-09-18,0054,T,37,6.1NRT,295.71,5.24,D
-3.57487,119.59122,315.37,1.44,1.19,2026-09-18,0054,T,57,6.1NRT,300.79,11.86,D
-2.95336,115.07658,312.15,1.02,1.01,2026-09-18,0054,T,64,6.1NRT,295.72,6.42,D
-3.00151,115.41353,333.47,1.01,1,2026-09-18,0054,T,87,6.1NRT,296.5,28.51,D
-3.02163,115.35037,313.12,1.01,1,2026-09-18,0054,T,64,6.1NRT,296.82,7.96,D
-2.28917,110.21939,316.09,2.03,1.39,2026-09-18,0054,T,71,6.1NRT,294.77,25.94,D
-2.88486,114.27776,311.52,1.08,1.04,2026-09-18,0054,T,63,6.1NRT,294.78,6.91,D
-2.88623,114.28718,319.9,1.08,1.04,2026-09-18,0054,T,76,6.1NRT,294.29,14.79,D
-3.03028,115.15943,326.11,1.01,1.01,2026-09-18,0054,T,81,6.1NRT,300.05,17.37,D
-3.03155,115.1683,317.02,1.01,1.01,2026-09-18,0054,T,65,6.1NRT,299.27,7.84,D
-3.10476,115.67918,309.23,1,1,2026-09-18,0054,T,46,6.1NRT,293.22,3.97,D
-3.03914,115.15819,316.66,1.01,1.01,2026-09-18,0054,T,66,6.1NRT,299.13,7.81,D
-3.07462,115.4059,316.45,1.01,1,2026-09-18,0054,T,70,6.1NRT,296.79,10.28,D
-2.60869,112.01926,330.83,1.46,1.19,2026-09-18,0054,T,85,6.1NRT,294.18,42.61,D
-2.61404,112.01254,318.11,1.46,1.19,2026-09-18,0054,T,74,6.1NRT,293.65,19.54,D
-2.61595,112.02529,319.19,1.46,1.19,2026-09-18,0054,T,75,6.1NRT,293.85,20.24,D
-2.62646,112.02385,316.3,1.46,1.19,2026-09-18,0054,T,45,6.1NRT,294.31,15.56,D
-2.97806,114.4115,309.77,1.06,1.03,2026-09-18,0054,T,0,6.1NRT,293.53,4.96,D
-2.56815,111.55798,317.97,1.58,1.24,2026-09-18,0054,T,22,6.1NRT,294.76,17.83,D
-2.57019,111.57175,318.55,1.58,1.24,2026-09-18,0054,T,33,6.1NRT,294.4,18.08,D
-2.63056,111.60527,312.71,1.57,1.23,2026-09-18,0054,T,65,6.1NRT,294.53,13.18,D
-2.97403,113.9966,342.71,1.1,1.05,2026-09-18,0054,T,92,6.1NRT,298.67,49.61,D
-2.98326,113.99531,316.21,1.1,1.05,2026-09-18,0054,T,41,6.1NRT,293.91,11.6,D
-2.99935,114.04221,348.5,1.1,1.05,2026-09-18,0054,T,95,6.1NRT,299.69,58.4,D
-3.00734,114.04426,365.26,1.1,1.04,2026-09-18,0054,T,75,6.1NRT,299.62,105.58,D
-2.47781,110.25158,311.33,2,1.38,2026-09-18,0054,T,60,6.1NRT,294.54,15.96,D
-3.04639,113.98969,334.52,1.1,1.05,2026-09-18,0054,T,87,6.1NRT,295.55,33.99,D
-3.04778,113.99934,341.77,1.1,1.05,2026-09-18,0054,T,91,6.1NRT,297.42,47.2,D
-3.04917,114.00898,323.77,1.1,1.05,2026-09-18,0054,T,68,6.1NRT,294.91,18.79,D
-3.04585,113.92063,347.11,1.11,1.05,2026-09-18,0054,T,89,6.1NRT,301.73,57.43,D
-2.90822,112.89636,321.6,1.26,1.12,2026-09-18,0054,T,60,6.1NRT,292.36,16.64,D
-2.91963,112.90601,316.91,1.26,1.12,2026-09-18,0054,T,36,6.1NRT,290.5,10.31,D
-2.68497,111.18568,312.98,1.68,1.27,2026-09-18,0054,T,65,6.1NRT,293.95,12.99,D
-3.19755,114.78557,318.99,1.03,1.02,2026-09-18,0054,T,55,6.1NRT,293.46,9.22,D
-3.10756,114.03407,338.22,1.1,1.04,2026-09-18,0054,T,89,6.1NRT,298.78,39.23,D
-3.10897,114.04366,327.77,1.1,1.04,2026-09-18,0054,T,67,6.1NRT,296.39,21.71,D
-3.11476,113.95448,328.43,1.1,1.05,2026-09-18,0054,T,36,6.1NRT,297.13,22.06,D
-3.11978,113.9241,336.26,1.11,1.05,2026-09-18,0054,T,87,6.1NRT,299.32,32.09,D
-3.12058,113.86441,322.65,1.12,1.05,2026-09-18,0054,T,43,6.1NRT,296.94,15.57,D
-3.12199,113.87417,332.22,1.11,1.05,2026-09-18,0054,T,85,6.1NRT,299.92,29.08,D
-3.15126,114.07681,314.87,1.09,1.04,2026-09-18,0054,T,11,6.1NRT,298.2,7.51,D
-3.24103,114.69962,324.65,1.04,1.02,2026-09-18,0054,T,79,6.1NRT,290.02,16.36,D
-3.16044,114.07552,334.1,1.09,1.04,2026-09-18,0054,T,87,6.1NRT,300.01,32,D
-3.1456,113.84098,328.2,1.12,1.05,2026-09-18,0054,T,39,6.1NRT,299.38,19.99,D
-3.147,113.85078,340.48,1.12,1.05,2026-09-18,0054,T,86,6.1NRT,299.69,41.46,D
-3.15627,113.84946,331.82,1.12,1.05,2026-09-18,0054,T,77,6.1NRT,298.95,26.43,D
-3.15504,113.79309,325.95,1.12,1.06,2026-09-18,0054,T,52,6.1NRT,297.96,18.51,D
-3.15648,113.80291,327.58,1.12,1.06,2026-09-18,0054,T,74,6.1NRT,299.62,21.79,D
-3.15792,113.81271,317.6,1.12,1.05,2026-09-18,0054,T,22,6.1NRT,299.94,10.14,D
-3.16224,113.84206,321.04,1.12,1.05,2026-09-18,0054,T,58,6.1NRT,300.25,14.88,D
-3.18932,113.89789,328.48,1.11,1.05,2026-09-18,0054,T,79,6.1NRT,297.84,23.59,D
-2.73046,110.71397,314.28,1.82,1.32,2026-09-18,0054,T,67,6.1NRT,292.66,20.22,D
-2.98896,112.39275,316.55,1.36,1.15,2026-09-18,0054,T,70,6.1NRT,294.4,15.53,D
-2.79242,110.97487,328.35,1.74,1.29,2026-09-18,0054,T,80,6.1NRT,293.47,48.58,D
-3.5032,115.88495,314.68,1,1,2026-09-18,0054,T,52,6.1NRT,296.23,6.98,D
-2.8038,110.97327,325.64,1.74,1.29,2026-09-18,0054,T,77,6.1NRT,293.36,41.81,D
-3.2448,113.89013,334.31,1.11,1.05,2026-09-18,0054,T,72,6.1NRT,300.37,29.13,D
-3.25267,113.8791,333.64,1.11,1.05,2026-09-18,0054,T,71,6.1NRT,301.46,28.42,D
-3.25405,113.88883,353.6,1.11,1.05,2026-09-18,0054,T,97,6.1NRT,303.6,71.3,D
-3.25544,113.89854,355.46,1.11,1.05,2026-09-18,0054,T,98,6.1NRT,301.05,77.69,D
-3.50088,115.61733,314.1,1,1,2026-09-18,0054,T,56,6.1NRT,297.5,5.76,D
-3.39878,114.7667,323.45,1.03,1.01,2026-09-18,0054,T,78,6.1NRT,296.91,14.84,D
-3.40008,114.77573,324.07,1.03,1.01,2026-09-18,0054,T,79,6.1NRT,296.06,15.36,D
-3.42817,114.78101,314.7,1.03,1.01,2026-09-18,0054,T,66,6.1NRT,296.93,6.24,D
-3.11504,111.92244,311.95,1.46,1.19,2026-09-18,0054,T,45,6.1NRT,295.08,9.68,D
-3.38481,113.77828,321.51,1.12,1.05,2026-09-18,0054,T,75,6.1NRT,297.17,15.86,D
-4.52037,121.69984,314.26,2.16,1.43,2026-09-18,0054,T,63,6.1NRT,298.51,20.75,D
-3.1672,112.0123,327.24,1.43,1.18,2026-09-18,0054,T,50,6.1NRT,296.46,30.53,D
-3.16922,111.8826,332.61,1.46,1.2,2026-09-18,0054,T,85,6.1NRT,296.76,41.07,D
-3.17112,111.8954,332.39,1.46,1.19,2026-09-18,0054,T,85,6.1NRT,295.58,39.82,D
-3.17491,111.92094,404.99,1.46,1.19,2026-09-18,0054,T,100,6.1NRT,300.62,475.41,D
-3.1768,111.93365,352.06,1.45,1.19,2026-09-18,0054,T,96,6.1NRT,297.57,99.28,D
-3.17869,111.94633,344.13,1.45,1.19,2026-09-18,0054,T,92,6.1NRT,297.28,69.24,D
-3.27483,112.59518,319.41,1.31,1.13,2026-09-18,0054,T,72,6.1NRT,297.76,15.06,D
-3.18163,111.8939,325.59,1.46,1.19,2026-09-18,0054,T,58,6.1NRT,295.84,24.7,D
-3.19103,111.9575,335.09,1.45,1.19,2026-09-18,0054,T,67,6.1NRT,295.67,45.5,D
-3.60102,114.76273,319.23,1.03,1.01,2026-09-18,0054,T,71,6.1NRT,297.04,10.36,D
-3.86136,116.20229,307.84,1.01,1,2026-09-18,0054,T,30,6.1NRT,293.09,3.19,D
-3.69846,114.8619,311.47,1.02,1.01,2026-09-18,0054,T,59,6.1NRT,296.27,6.17,D
-3.42929,111.96235,314.35,1.43,1.18,2026-09-18,0054,T,24,6.1NRT,296.93,10.01,D
-4.73289,120.06808,326.08,1.62,1.25,2026-09-18,0054,T,80,6.1NRT,299.64,36.49,D
-5.35883,119.50544,324.04,1.5,1.21,2026-09-18,0054,T,71,6.1NRT,304.39,19.64,D
24.97022,102.32672,305.65,1.63,1.26,2026-09-18,0224,T,31,6.1NRT,287.91,8.59,D
25.04279,100.51591,308.79,1.25,1.11,2026-09-18,0224,T,38,6.1NRT,294.11,6.81,D
25.03928,100.52112,307.99,1.25,1.11,2026-09-18,0224,T,26,6.1NRT,293.84,6.18,D
24.79055,99.39533,310.84,1.11,1.05,2026-09-18,0224,T,57,6.1NRT,294.12,5.88,D
24.54921,99.34383,313.49,1.12,1.05,2026-09-18,0224,T,46,6.1NRT,290.76,8.94,D
19.74706,97.90814,302.22,1.09,1.04,2026-09-18,0226,T,27,6.1NRT,285.06,2.58,D
13.91926,101.69807,310,2.42,1.5,2026-09-18,0226,T,56,6.1NRT,287.85,16.31,D
13.66756,102.5577,310.72,2.86,1.61,2026-09-18,0226,T,18,6.1NRT,288.02,20.23,D
13.10474,103.15309,310.29,3.26,1.71,2026-09-18,0226,T,45,6.1NRT,287.34,23.93,D
13.10089,103.17519,310.41,3.28,1.71,2026-09-18,0228,T,61,6.1NRT,287.29,25.66,D
13.00274,101.58527,309.58,2.47,1.51,2026-09-18,0228,T,41,6.1NRT,286.75,18.43,D
-11.9599,142.57199,316.42,2.25,1.45,2026-09-18,0553,A,58,6.1NRT,286.26,33.6,D
-9.94551,149.79019,310.61,1.04,1.02,2026-09-18,0553,A,31,6.1NRT,294.92,5.7,D
-9.49347,148.54312,311.06,1,1,2026-09-18,0553,A,35,6.1NRT,287.53,7.42,D
-9.49477,148.5343,311.41,1,1,2026-09-18,0553,A,0,6.1NRT,288.74,7.62,D
-9.27015,148.99959,317.84,1.01,1,2026-09-18,0553,A,47,6.1NRT,291.23,11.25,D
-9.284,147.13344,316.01,1.05,1.02,2026-09-18,0553,A,65,6.1NRT,295.39,10.11,D
-9.28034,147.09506,315.25,1.05,1.02,2026-09-18,0553,A,63,6.1NRT,297.38,8.32,D
-9.17901,147.02609,310.24,1.06,1.03,2026-09-18,0553,A,34,6.1NRT,295.51,4.76,D
-8.70825,147.28444,311.58,1.03,1.01,2026-09-18,0553,A,50,6.1NRT,290.74,9.87,D
-7.7956,138.8474,312.58,3.87,1.83,2026-09-18,0555,A,51,6.1NRT,289.92,51.91,D
-6.29307,147.7415,317.02,1,1,2026-09-18,0555,A,57,6.1NRT,298.22,12.01,D
-6.29435,147.73277,317.85,1,1,2026-09-18,0555,A,56,6.1NRT,298.28,12.56,D
-6.57476,145.68765,315,1.14,1.06,2026-09-18,0555,A,67,6.1NRT,293.54,11.46,D
-6.55187,145.71519,310.18,1.13,1.06,2026-09-18,0555,A,25,6.1NRT,293.45,7.62,D
-5.81975,149.56702,313.58,1.1,1.05,2026-09-18,0555,A,64,6.1NRT,297.34,7.73,D
-5.82119,149.55739,314.43,1.1,1.05,2026-09-18,0555,A,70,6.1NRT,297.72,8.9,D
-5.82977,149.49994,310.26,1.1,1.04,2026-09-18,0555,A,45,6.1NRT,296.95,5.39,D
-5.8312,149.49036,314.88,1.1,1.04,2026-09-18,0555,A,71,6.1NRT,297.13,9.48,D
-5.7177,150.18329,313.88,1.19,1.08,2026-09-18,0555,A,66,6.1NRT,296.1,9.53,D
-5.82064,149.49858,310.72,1.1,1.04,2026-09-18,0555,A,38,6.1NRT,296.57,5.41,D
-5.76228,149.45346,314.43,1.09,1.04,2026-09-18,0555,A,51,6.1NRT,296.36,8.89,D
-5.75318,149.45197,329.26,1.09,1.04,2026-09-18,0555,A,84,6.1NRT,297.26,26.52,D
-5.72247,149.59518,311.15,1.11,1.05,2026-09-18,0555,A,46,6.1NRT,296.69,4.85,D
-5.72489,149.51645,313.25,1.1,1.05,2026-09-18,0555,A,51,6.1NRT,296.57,7.4,D
-5.75339,149.32603,309.7,1.08,1.04,2026-09-18,0555,A,32,6.1NRT,292.53,6.13,D
-6.35417,145.15987,307.42,1.21,1.09,2026-09-18,0555,A,54,6.1NRT,288.28,7.67,D
-5.63494,149.92451,310.94,1.15,1.07,2026-09-18,0555,A,30,6.1NRT,296.75,4.68,D
-6.28267,145.52577,313.61,1.15,1.07,2026-09-18,0555,A,40,6.1NRT,294.53,8.18,D
-5.52936,150.55026,318.65,1.25,1.11,2026-09-18,0555,A,36,6.1NRT,298.3,12.84,D
-5.5315,150.47224,315.97,1.24,1.11,2026-09-18,0555,A,24,6.1NRT,298.01,10.81,D
-5.53316,150.46153,322.77,1.24,1.11,2026-09-18,0555,A,78,6.1NRT,298.87,20.27,D
-5.68607,149.40289,313.24,1.09,1.04,2026-09-18,0555,A,36,6.1NRT,296.74,6.71,D
-5.5086,150.54158,316.24,1.25,1.11,2026-09-18,0555,A,41,6.1NRT,298.77,9.48,D
-5.65627,149.54987,314.02,1.11,1.05,2026-09-18,0555,A,68,6.1NRT,296.7,6.99,D
-5.67765,149.40573,313.91,1.09,1.04,2026-09-18,0555,A,64,6.1NRT,296.98,8.34,D
-5.49888,150.54018,334.94,1.25,1.11,2026-09-18,0555,A,87,6.1NRT,299.42,39.77,D
-5.50054,150.52913,317.63,1.25,1.11,2026-09-18,0555,A,53,6.1NRT,298.53,11.76,D
-5.55157,150.18857,315.39,1.19,1.09,2026-09-18,0555,A,46,6.1NRT,297.92,9.36,D
-5.58527,149.9632,320.74,1.16,1.07,2026-09-18,0555,A,77,6.1NRT,299.9,14.35,D
-5.68195,149.25201,311.88,1.07,1.03,2026-09-18,0555,A,33,6.1NRT,293.05,5.73,D
-5.6673,149.28821,313.18,1.08,1.04,2026-09-18,0555,A,58,6.1NRT,293.53,6.96,D
-5.61045,149.54288,315.88,1.11,1.05,2026-09-18,0555,A,53,6.1NRT,296.46,8.64,D
-5.63641,149.37051,316.47,1.09,1.04,2026-09-18,0555,A,71,6.1NRT,294.08,9.89,D
-5.55068,149.87543,315.03,1.15,1.07,2026-09-18,0555,A,62,6.1NRT,298.57,8.38,D
-5.45062,150.46625,330.6,1.24,1.11,2026-09-18,0555,A,84,6.1NRT,300.7,31.76,D
-5.9522,147.05647,317.44,1.01,1.01,2026-09-18,0555,A,62,6.1NRT,297.65,9.13,D
-5.52578,149.85114,312.74,1.15,1.07,2026-09-18,0555,A,42,6.1NRT,298.23,5.76,D
-5.58114,149.48914,315.99,1.1,1.05,2026-09-18,0555,A,62,6.1NRT,294.08,8.62,D
-5.58127,149.36539,315.67,1.09,1.04,2026-09-18,0555,A,57,6.1NRT,295.87,9.01,D
-5.5574,149.40065,311.36,1.09,1.04,2026-09-18,0555,A,35,6.1NRT,292.65,5.13,D
-5.52812,149.53358,311.83,1.11,1.05,2026-09-18,0555,A,0,6.1NRT,296.04,6.62,D
-5.59001,148.81593,313.85,1.04,1.02,2026-09-18,0555,A,62,6.1NRT,293.53,9.24,D
-5.5914,148.80675,311.63,1.04,1.02,2026-09-18,0555,A,51,6.1NRT,292.69,7.69,D
-5.56814,148.83534,319.86,1.04,1.02,2026-09-18,0555,A,72,6.1NRT,296.21,14.1,D
-5.59804,148.57222,312.17,1.03,1.01,2026-09-18,0555,A,67,6.1NRT,289.7,8.59,D
-5.60455,148.34586,312.28,1.01,1.01,2026-09-18,0555,A,64,6.1NRT,296.55,5.21,D
-5.94746,145.80655,314.68,1.11,1.05,2026-09-18,0555,A,49,6.1NRT,299.43,7,D
-6.82026,139.3638,311.64,3.39,1.74,2026-09-18,0555,A,40,6.1NRT,290.51,35.67,D
-5.53072,148.59898,310.58,1.03,1.01,2026-09-18,0555,A,55,6.1NRT,292.17,6.27,D
-5.93829,145.80522,339.91,1.11,1.05,2026-09-18,0555,A,91,6.1NRT,299.59,41.54,D
-5.93967,145.79552,346.62,1.11,1.05,2026-09-18,0555,A,94,6.1NRT,301.15,55.81,D
-5.93077,145.79755,318.43,1.11,1.05,2026-09-18,0555,A,78,6.1NRT,298.81,11.09,D
-6.82197,139.35706,311.3,3.39,1.74,2026-09-18,0555,A,22,6.1NRT,290.38,31.95,D
-5.57496,147.79608,314.25,1,1,2026-09-18,0555,A,61,6.1NRT,295.42,8.55,D
-5.24628,147.07414,314.62,1.01,1,2026-09-18,0555,A,36,6.1NRT,296.2,7.97,D
-5.45056,142.52332,305.17,1.79,1.31,2026-09-18,0555,A,37,6.1NRT,292.66,10.79,D
-4.75776,144.78018,325.79,1.21,1.09,2026-09-18,0555,A,72,6.1NRT,292.3,25.24,D
-4.62458,144.62946,315.82,1.23,1.1,2026-09-18,0555,A,48,6.1NRT,297.68,10.78,D
-4.60375,144.63737,312.98,1.23,1.1,2026-09-18,0555,A,49,6.1NRT,297.36,7.53,D
-4.54952,144.67307,316.05,1.22,1.1,2026-09-18,0555,A,71,6.1NRT,296.88,12.06,D
-4.51961,144.65247,309.89,1.22,1.1,2026-09-18,0555,A,42,6.1NRT,296.72,5.61,D
-4.49743,144.03006,331.3,1.34,1.15,2026-09-18,0555,A,85,6.1NRT,296.59,39.21,D
-4.49769,143.81296,320.2,1.38,1.16,2026-09-18,0555,A,76,6.1NRT,296.5,20.13,D
-4.3803,144.34306,344.67,1.27,1.12,2026-09-18,0555,A,93,6.1NRT,297.16,67.34,D
-4.38192,144.332,315.72,1.27,1.12,2026-09-18,0555,A,64,6.1NRT,294.93,13.38,D
-4.37173,144.05357,320.96,1.33,1.14,2026-09-18,0555,A,76,6.1NRT,297.2,19.78,D
-4.37338,144.04201,312.08,1.33,1.14,2026-09-18,0555,A,61,6.1NRT,297.01,8.07,D
-4.45689,143.30312,312.92,1.5,1.21,2026-09-18,0555,A,0,6.1NRT,296.85,9.57,D
-4.19486,144.8428,315.16,1.18,1.08,2026-09-18,0555,A,62,6.1NRT,295.8,11,D
-4.19636,144.8325,311.33,1.18,1.08,2026-09-18,0555,A,55,6.1NRT,296.09,7.13,D
-4.17524,144.57274,320.13,1.22,1.1,2026-09-18,0555,A,68,6.1NRT,298.16,14.43,D
-4.17111,144.57741,320.88,1.22,1.1,2026-09-18,0555,A,74,6.1NRT,298.09,15.99,D
-4.28411,143.7397,316.16,1.39,1.17,2026-09-18,0555,A,69,6.1NRT,296.99,13.36,D
-4.28588,143.72763,317.03,1.39,1.17,2026-09-18,0555,A,70,6.1NRT,297.34,14.43,D
-4.26548,143.72467,328.66,1.39,1.17,2026-09-18,0555,A,83,6.1NRT,297.51,32.13,D
-4.1709,143.59251,321.9,1.42,1.18,2026-09-18,0555,A,58,6.1NRT,297.18,20.83,D
-4.06715,144.24516,325.57,1.28,1.12,2026-09-18,0555,A,80,6.1NRT,297.01,25.34,D
-4.15536,143.62788,322.85,1.41,1.17,2026-09-18,0555,A,77,6.1NRT,297.74,21.42,D
-4.15711,143.6156,321.52,1.41,1.18,2026-09-18,0555,A,69,6.1NRT,297.83,18.81,D
-4.04631,144.32111,326.36,1.26,1.12,2026-09-18,0555,A,80,6.1NRT,297.38,26.34,D
-4.11241,143.36113,311.04,1.47,1.2,2026-09-18,0555,A,49,6.1NRT,296.93,6.64,D
-4.0039,144.04663,312.68,1.31,1.14,2026-09-18,0555,A,60,6.1NRT,296.97,8.77,D
-4.12583,142.95901,318,1.57,1.24,2026-09-18,0555,A,0,6.1NRT,297.64,19.5,D
-3.90601,144.15273,314.09,1.29,1.13,2026-09-18,0555,A,50,6.1NRT,296.31,10.71,D
-4.02413,143.10272,316.79,1.53,1.22,2026-09-18,0555,A,70,6.1NRT,297.58,14.36,D
-3.85796,144.05986,310.3,1.3,1.13,2026-09-18,0555,A,51,6.1NRT,297.29,6.94,D
-3.9248,142.96706,311.89,1.56,1.23,2026-09-18,0555,A,60,6.1NRT,298.16,9.82,D
-3.87663,142.18805,311.22,1.79,1.31,2026-09-18,0555,A,60,6.1NRT,296.52,12.21,D
-3.8788,142.17249,309.94,1.79,1.31,2026-09-18,0555,A,56,6.1NRT,296.87,10.18,D
-3.87841,142.1815,315.8,1.79,1.31,2026-09-18,0555,A,70,6.1NRT,296.91,19.87,D
-3.89709,141.97437,312.55,1.86,1.33,2026-09-18,0555,A,65,6.1NRT,296.69,15.43,D
-3.82787,142.12669,313.66,1.8,1.32,2026-09-18,0555,A,67,6.1NRT,296.77,15.86,D
-3.83011,142.11096,319.41,1.81,1.32,2026-09-18,0555,A,75,6.1NRT,296.68,27.85,D
-4.22198,139.01033,306.43,3.3,1.72,2026-09-18,0555,A,25,6.1NRT,288.56,38.42,D
-4.26772,138.68997,312.15,3.53,1.77,2026-09-18,0555,A,51,6.1NRT,278.84,66.74,D
-2.13268,146.57486,315.22,1,1,2026-09-18,0555,A,48,6.1NRT,293.6,9.6,D
-2.11234,146.62766,312.24,1,1,2026-09-18,0555,A,35,6.1NRT,288.73,8.1,D
-2.07119,146.60379,310.12,1,1,2026-09-18,0555,A,11,6.1NRT,293.31,5.08,D
12.03241,109.18821,311.49,4.28,1.91,2026-09-18,0737,A,0,6.1NRT,288,38.57,D
12.39741,109.16933,311.09,4.22,1.9,2026-09-18,0737,A,0,6.1NRT,289.21,46.34,D
13.2377,109.13881,310.11,4.08,1.87,2026-09-18,0737,A,22,6.1NRT,288.16,32.32,D
13.39474,109.16949,310.36,4.03,1.86,2026-09-18,0737,A,33,6.1NRT,288.84,34.45,D
13.60559,109.21915,310.62,3.95,1.85,2026-09-18,0737,A,0,6.1NRT,289.23,34.61,D
-11.54277,130.5309,352.21,2.15,1.42,2026-09-18,0729,A,91,6.1NRT,294.02,188.4,D
-11.48086,130.51941,313.76,2.15,1.42,2026-09-18,0729,A,59,6.1NRT,292.63,22.87,D
-10.62528,123.32652,321.3,1.02,1.01,2026-09-18,0729,A,74,6.1NRT,302.39,11.51,D
-10.62658,123.31751,335.56,1.02,1.01,2026-09-18,0729,A,87,6.1NRT,302.48,29.68,D
-10.61645,123.32518,322.8,1.02,1.01,2026-09-18,0729,A,76,6.1NRT,302.54,13.46,D
-10.61775,123.31618,334.57,1.02,1.01,2026-09-18,0729,A,86,6.1NRT,301.47,28.63,D
-10.16081,124.36424,319.44,1,1,2026-09-18,0731,A,54,6.1NRT,304.43,9.83,D
-10.25335,123.73597,312.19,1,1,2026-09-18,0731,A,52,6.1NRT,299.38,5.12,D
-10.14754,124.31026,316.56,1,1,2026-09-18,0731,A,51,6.1NRT,305.05,7.81,D
-10.06887,124.03909,315.98,1,1,2026-09-18,0731,A,65,6.1NRT,301.54,7.41,D
-10.08318,123.94193,317.28,1,1,2026-09-18,0731,A,68,6.1NRT,302.25,8.05,D
-10.06922,123.97594,312.24,1,1,2026-09-18,0731,A,54,6.1NRT,302.07,4.77,D
-9.9977,124.21806,312.58,1,1,2026-09-18,0731,A,55,6.1NRT,302.3,4.52,D
-9.82567,124.071,312.46,1,1,2026-09-18,0731,A,54,6.1NRT,301.03,3.52,D
-9.86852,123.77969,317.97,1,1,2026-09-18,0731,A,70,6.1NRT,298.73,9.15,D
-9.65789,123.81017,312.47,1,1,2026-09-18,0731,A,22,6.1NRT,296.79,5.22,D
-9.65434,123.77353,314.94,1,1,2026-09-18,0731,A,32,6.1NRT,299.05,6.68,D
-10.12569,120.48325,333.19,1.36,1.15,2026-09-18,0731,A,85,6.1NRT,299.48,44.99,D
-9.55294,124.39953,318.55,1.01,1,2026-09-18,0731,A,73,6.1NRT,298.98,12.17,D
-9.6391,123.81633,315.9,1,1,2026-09-18,0731,A,54,6.1NRT,298.26,7.75,D
-10.04055,120.58035,311.94,1.33,1.14,2026-09-18,0731,A,18,6.1NRT,300.07,7.64,D
-10.04179,120.57499,317.59,1.33,1.14,2026-09-18,0731,A,64,6.1NRT,299.89,14.96,D
-9.42795,124.50208,309.59,1.01,1.01,2026-09-18,0731,A,48,6.1NRT,297.45,3.92,D
-9.42927,124.4932,314.25,1.01,1.01,2026-09-18,0731,A,65,6.1NRT,299.02,7.38,D
-9.49441,123.93288,320.56,1,1,2026-09-18,0731,A,75,6.1NRT,298.94,13.5,D
-9.44954,124.11546,313.58,1,1,2026-09-18,0731,A,50,6.1NRT,301.4,4.39,D
-9.4212,124.04147,316.18,1,1,2026-09-18,0731,A,67,6.1NRT,303.43,5.91,D
-9.23803,124.71741,314.77,1.02,1.01,2026-09-18,0731,A,60,6.1NRT,298.49,7.83,D
-9.12583,125.10053,316.39,1.05,1.02,2026-09-18,0731,A,69,6.1NRT,294.05,11.68,D
-8.91363,126.18691,311.01,1.17,1.08,2026-09-18,0731,A,59,6.1NRT,299.43,5.47,D
-8.90421,126.18538,311.22,1.17,1.08,2026-09-18,0731,A,26,6.1NRT,299.27,5.1,D
-8.88379,126.19249,312.35,1.18,1.08,2026-09-18,0731,A,40,6.1NRT,298.89,5.74,D
-8.88538,126.1822,327.14,1.17,1.08,2026-09-18,0731,A,82,6.1NRT,299.65,24.04,D
-8.87597,126.18058,315.83,1.17,1.08,2026-09-18,0731,A,66,6.1NRT,298.92,9.87,D
-9.73991,120.15726,319.36,1.41,1.18,2026-09-18,0731,A,71,6.1NRT,303.8,17.39,D
-8.56201,123.41786,311.09,1,1,2026-09-18,0731,A,39,6.1NRT,298.86,6.56,D
-8.31091,125.04233,320.56,1.06,1.03,2026-09-18,0731,A,68,6.1NRT,300.43,12.45,D
-8.53317,123.4315,312.63,1,1,2026-09-18,0731,A,53,6.1NRT,295.18,8.82,D
-8.33433,124.7004,319.07,1.04,1.02,2026-09-18,0731,A,56,6.1NRT,297.36,13.74,D
-8.33566,124.69152,308.64,1.03,1.02,2026-09-18,0731,A,15,6.1NRT,295.55,3.99,D
-8.28717,124.95584,316.47,1.05,1.03,2026-09-18,0731,A,70,6.1NRT,300.31,8.2,D
-8.25523,125.04661,311.79,1.06,1.03,2026-09-18,0731,A,28,6.1NRT,297.1,7.39,D
-8.27061,124.94415,334.67,1.05,1.02,2026-09-18,0731,A,87,6.1NRT,300.54,30.43,D
-8.35185,124.40054,313.69,1.02,1.01,2026-09-18,0731,A,65,6.1NRT,297.5,7.26,D
-8.57749,122.74256,313.9,1.02,1.01,2026-09-18,0731,A,70,6.1NRT,296.44,8.64,D
-8.32782,124.25965,308.73,1.01,1.01,2026-09-18,0731,A,47,6.1NRT,294.6,5.19,D
-8.32918,124.25063,314.79,1.01,1.01,2026-09-18,0731,A,68,6.1NRT,295.48,9.99,D
-8.44259,123.48412,309.81,1,1,2026-09-18,0731,A,56,6.1NRT,295.04,5.99,D
-8.26125,124.64314,313.36,1.03,1.02,2026-09-18,0731,A,61,6.1NRT,298.66,8.03,D
-8.2626,124.63422,312.93,1.03,1.01,2026-09-18,0731,A,62,6.1NRT,298.51,7.99,D
-8.19628,124.88036,314.9,1.05,1.02,2026-09-18,0731,A,63,6.1NRT,300.93,8.23,D
-8.37336,123.56596,312.86,1,1,2026-09-18,0731,A,42,6.1NRT,301.03,7.34,D
-8.27204,123.50908,330.9,1,1,2026-09-18,0731,A,85,6.1NRT,296.98,26.28,D
-8.27333,123.5003,326.03,1,1,2026-09-18,0731,A,81,6.1NRT,300,20.44,D
-7.58571,126.53859,318.42,1.28,1.12,2026-09-18,0731,A,56,6.1NRT,304.43,11.45,D
-7.58737,126.52773,320.69,1.28,1.12,2026-09-18,0731,A,63,6.1NRT,304.79,15.27,D
-8.5821,118.93232,319.65,1.66,1.27,2026-09-18,0731,A,74,6.1NRT,299.39,23.37,D
-8.58413,118.91763,321.4,1.67,1.27,2026-09-18,0731,A,76,6.1NRT,300.58,27.37,D
-8.43401,118.23912,319.06,1.87,1.34,2026-09-18,0731,A,68,6.1NRT,293.58,30.63,D
-8.4214,118.09213,317.06,1.92,1.35,2026-09-18,0731,A,49,6.1NRT,297.43,17.72,D
-5.56677,122.60055,312.79,1,1,2026-09-18,0731,A,43,6.1NRT,299.72,4.82,D
-5.4875,122.6368,313.94,1,1,2026-09-18,0731,A,50,6.1NRT,298.11,7.32,D
-5.41723,122.68902,351.08,1,1,2026-09-18,0731,A,96,6.1NRT,298.66,60.48,D
-5.41851,122.68027,338.62,1,1,2026-09-18,0731,A,89,6.1NRT,298.54,36.6,D
-5.35205,123.07188,310.25,1,1,2026-09-18,0731,A,34,6.1NRT,297.98,5.66,D
-5.31806,123.09586,313.64,1,1,2026-09-18,0731,A,66,6.1NRT,296.63,8.59,D
-5.31935,123.08712,308.72,1,1,2026-09-18,0731,A,41,6.1NRT,295.97,4.94,D
-5.33593,122.67028,318.12,1,1,2026-09-18,0731,A,73,6.1NRT,300.92,9.42,D
-5.30311,122.32778,317.66,1.01,1.01,2026-09-18,0731,A,0,6.1NRT,295.52,9.85,D
-5.12637,121.88313,319.92,1.03,1.01,2026-09-18,0731,A,62,6.1NRT,300.29,12.59,D
-5.12769,121.87411,319.79,1.03,1.01,2026-09-18,0731,A,0,6.1NRT,300.29,12.36,D
-5.29956,119.64262,316.05,1.32,1.14,2026-09-18,0731,A,66,6.1NRT,303.31,7.37,D
-4.82133,122.45894,319.37,1,1,2026-09-18,0731,A,73,6.1NRT,302.31,9.28,D
-4.7001,123.10088,323.24,1,1,2026-09-18,0731,A,67,6.1NRT,298.02,16.6,D
-4.70139,123.09213,319.19,1,1,2026-09-18,0731,A,73,6.1NRT,298.02,12.37,D
-4.69033,122.96871,315.97,1,1,2026-09-18,0731,A,68,6.1NRT,299.54,9.58,D
-4.69161,122.95998,308.61,1,1,2026-09-18,0731,A,38,6.1NRT,298.34,4.21,D
-4.73674,122.59238,310.06,1,1,2026-09-18,0731,A,35,6.1NRT,298.91,3.49,D
-4.84399,121.86044,317.44,1.03,1.01,2026-09-18,0731,A,66,6.1NRT,301.61,9.22,D
22.09377,112.72779,310.59,1.43,1.18,2026-09-18,0739,A,50,6.1NRT,297.05,7.56,D
22.31544,113.92896,316.65,1.21,1.09,2026-09-18,0739,A,0,6.1NRT,304.39,12.17,D
-4.64221,123.11325,309.81,1,1,2026-09-18,0731,A,45,6.1NRT,297.84,5.25,D
22.31361,113.91772,317.74,1.21,1.09,2026-09-18,0739,A,0,6.1NRT,305.26,13.82,D
-4.64349,123.10454,341.04,1,1,2026-09-18,0731,A,91,6.1NRT,299.52,40.82,D
22.31177,113.90644,317.39,1.21,1.09,2026-09-18,0739,A,0,6.1NRT,304.81,13.6,D
-4.78388,121.69782,313.38,1.04,1.02,2026-09-18,0731,A,60,6.1NRT,298.89,5.62,D
22.75813,115.01192,312.19,1.07,1.03,2026-09-18,0739,A,22,6.1NRT,298.43,5.36,D
-4.69148,121.95921,324.33,1.02,1.01,2026-09-18,0731,A,79,6.1NRT,298.4,17.62,D
22.75656,115.00192,313.5,1.07,1.03,2026-09-18,0739,A,35,6.1NRT,300.07,6.86,D
-4.70065,121.76272,327.16,1.03,1.01,2026-09-18,0731,A,80,6.1NRT,302.12,19.81,D
22.51981,113.28619,317.02,1.3,1.13,2026-09-18,0739,A,62,6.1NRT,299.87,9.69,D
-4.64657,121.94659,317.92,1.02,1.01,2026-09-18,0731,A,64,6.1NRT,303.38,5.8,D
22.91489,112.23018,316.22,1.49,1.21,2026-09-18,0739,A,65,6.1NRT,300.71,13.44,D
-4.64787,121.93771,316.9,1.02,1.01,2026-09-18,0731,A,53,6.1NRT,303.44,5.25,D
23.26405,113.48652,315.42,1.24,1.1,2026-09-18,0739,A,63,6.1NRT,301.44,10.37,D
-4.89332,120.25239,315.66,1.2,1.09,2026-09-18,0731,A,63,6.1NRT,302.48,9.48,D
22.46519,108.00733,314.31,3.11,1.67,2026-09-18,0739,A,67,6.1NRT,295.92,35.9,D
-4.68924,121.52975,315.48,1.05,1.02,2026-09-18,0731,A,61,6.1NRT,299.8,7.76,D
23.34032,111.2294,313.81,1.72,1.29,2026-09-18,0739,A,56,6.1NRT,298.6,14.31,D
-4.65653,121.69222,325.43,1.04,1.02,2026-09-18,0731,A,78,6.1NRT,300.29,19.21,D
23.58573,111.94141,313.17,1.52,1.22,2026-09-18,0739,A,63,6.1NRT,294.2,16.71,D
-4.84498,120.18193,311.06,1.21,1.09,2026-09-18,0731,A,42,6.1NRT,299.98,8.47,D
23.7303,112.46014,322.1,1.4,1.17,2026-09-18,0739,A,77,6.1NRT,295.13,24.98,D
-4.62691,121.57006,323.23,1.04,1.02,2026-09-18,0731,A,75,6.1NRT,301.79,15.24,D
23.97654,111.74039,317.9,1.54,1.22,2026-09-18,0739,A,47,6.1NRT,300.57,13.71,D
-4.57379,121.74685,327.56,1.03,1.01,2026-09-18,0731,A,80,6.1NRT,300.57,19.67,D
24.20119,110.91907,311.83,1.74,1.29,2026-09-18,0739,A,56,6.1NRT,295.21,14.27,D
-4.5751,121.73788,324.08,1.03,1.01,2026-09-18,0731,A,76,6.1NRT,301.27,15.85,D
24.20073,110.91231,311.57,1.74,1.29,2026-09-18,0739,A,40,6.1NRT,295.7,12.23,D
-4.54197,121.77882,325.04,1.03,1.01,2026-09-18,0731,A,78,6.1NRT,301.72,15.66,D
25.19431,110.50126,310.67,1.77,1.3,2026-09-18,0741,A,53,6.1NRT,295.42,10.64,D
-4.54327,121.76985,315.68,1.03,1.01,2026-09-18,0731,A,59,6.1NRT,300.72,6.46,D
24.91215,106.72244,303.76,3.39,1.74,2026-09-18,0741,A,16,6.1NRT,284.49,17.33,D
-4.54458,121.76088,314.31,1.03,1.01,2026-09-18,0731,A,48,6.1NRT,301.03,5.32,D
-4.49688,122.02682,319.54,1.02,1.01,2026-09-18,0731,A,71,6.1NRT,303.52,8.62,D
-4.49817,122.01797,321.89,1.02,1.01,2026-09-18,0731,A,74,6.1NRT,303.55,10.88,D
-4.47433,122.04492,313.95,1.01,1.01,2026-09-18,0731,A,43,6.1NRT,300.87,6.45,D
-4.47824,122.01836,312.85,1.02,1.01,2026-09-18,0731,A,51,6.1NRT,300.66,5.78,D
-4.52413,121.70621,320.26,1.03,1.02,2026-09-18,0731,A,32,6.1NRT,302.22,9.71,D
-4.52545,121.69723,322.26,1.03,1.02,2026-09-18,0731,A,58,6.1NRT,303.24,11.97,D
-4.79424,119.73122,320.41,1.28,1.12,2026-09-18,0731,A,72,6.1NRT,299.61,17.49,D
-4.79581,119.72041,321.1,1.29,1.13,2026-09-18,0731,A,73,6.1NRT,300.53,18.7,D
-4.49749,121.70236,315.22,1.03,1.02,2026-09-18,0731,A,31,6.1NRT,300.86,5.58,D
-4.50674,121.63913,315.98,1.04,1.02,2026-09-18,0731,A,64,6.1NRT,302.05,5.31,D
-4.48961,121.50667,323.77,1.05,1.02,2026-09-18,0731,A,58,6.1NRT,302.41,14.53,D
-4.66366,120.22836,332.09,1.2,1.09,2026-09-18,0731,A,84,6.1NRT,302.98,29.47,D
-4.41991,121.72123,315.66,1.03,1.01,2026-09-18,0731,A,66,6.1NRT,301.57,7.51,D
-4.40253,121.65427,313.31,1.03,1.02,2026-09-18,0731,A,59,6.1NRT,299.78,4.85,D
-4.38705,121.69823,312.54,1.03,1.01,2026-09-18,0731,A,58,6.1NRT,298.88,5.75,D
-3.54381,126.8036,312.97,1.54,1.22,2026-09-18,0731,A,67,6.1NRT,298.09,10.13,D
-3.54594,126.78963,315.74,1.54,1.22,2026-09-18,0731,A,71,6.1NRT,298.12,14.77,D
-4.60208,119.64554,312.97,1.29,1.13,2026-09-18,0731,A,45,6.1NRT,301.49,6.87,D
-3.5033,126.85322,315.53,1.56,1.23,2026-09-18,0731,A,71,6.1NRT,297.69,14.98,D
-4.29601,121.56812,316.47,1.04,1.02,2026-09-18,0731,A,56,6.1NRT,300.13,7.12,D
-4.28711,121.56682,318.95,1.04,1.02,2026-09-18,0731,A,72,6.1NRT,301.76,9.4,D
-3.55937,126.22543,330.95,1.4,1.17,2026-09-18,0731,A,85,6.1NRT,298.96,37.4,D
-3.5612,126.21317,320.62,1.4,1.17,2026-09-18,0731,A,76,6.1NRT,298.62,17.99,D
-3.51249,126.32719,308.7,1.43,1.18,2026-09-18,0731,A,50,6.1NRT,294.83,9.61,D
-4.15623,121.95207,314.31,1.02,1.01,2026-09-18,0731,A,62,6.1NRT,297.87,8.1,D
-4.42465,119.95953,342.25,1.23,1.1,2026-09-18,0731,A,91,6.1NRT,305.15,51.04,D
-4.42618,119.9488,323.39,1.23,1.1,2026-09-18,0731,A,74,6.1NRT,305.09,15.13,D
-3.37463,126.93919,331.7,1.59,1.24,2026-09-18,0731,A,86,6.1NRT,297.93,46.3,D
-3.37681,126.92529,324.02,1.58,1.24,2026-09-18,0731,A,80,6.1NRT,298.84,27.92,D
-3.38363,126.93494,327.21,1.59,1.24,2026-09-18,0731,A,83,6.1NRT,298.2,35.59,D
-3.39795,126.83848,314.44,1.56,1.23,2026-09-18,0731,A,56,6.1NRT,297.93,11.63,D
-3.37281,126.9332,320.94,1.59,1.24,2026-09-18,0731,A,77,6.1NRT,298.3,23.65,D
-3.37864,126.82055,327.27,1.56,1.23,2026-09-18,0731,A,83,6.1NRT,297.12,34.84,D
-3.46187,126.26537,315.43,1.42,1.18,2026-09-18,0731,A,64,6.1NRT,295.89,16.3,D
-3.368,126.81834,350.69,1.56,1.23,2026-09-18,0731,A,96,6.1NRT,298.16,108.85,D
-3.45155,126.26414,313.93,1.42,1.18,2026-09-18,0731,A,65,6.1NRT,296.01,14.1,D
-3.3572,126.8171,321.97,1.56,1.23,2026-09-18,0731,A,78,6.1NRT,296.54,25.47,D
-4.03472,122.21613,310.98,1.01,1,2026-09-18,0731,A,39,6.1NRT,295.95,4.56,D
-3.33345,126.75755,322.26,1.54,1.22,2026-09-18,0731,A,79,6.1NRT,296.89,27.99,D
-4.29935,120.0911,320.06,1.2,1.09,2026-09-18,0731,A,69,6.1NRT,305.89,7.88,D
-3.94313,122.26755,325.15,1,1,2026-09-18,0731,A,80,6.1NRT,298.54,16.81,D
-3.90257,122.42203,312.76,1,1,2026-09-18,0731,A,50,6.1NRT,298.41,5,D
-3.90385,122.41331,316.93,1,1,2026-09-18,0731,A,70,6.1NRT,300.31,8.97,D
-3.99774,121.77171,317.17,1.02,1.01,2026-09-18,0731,A,39,6.1NRT,302.04,7.17,D
-3.87761,122.40942,315.6,1,1,2026-09-18,0731,A,60,6.1NRT,299.45,7.16,D
-3.83032,122.22729,328.95,1,1,2026-09-18,0731,A,83,6.1NRT,298.8,22.81,D
-4.06654,120.28719,319.33,1.17,1.08,2026-09-18,0731,A,72,6.1NRT,302.33,9.63,D
-4.11286,119.83518,318.66,1.24,1.11,2026-09-18,0731,A,64,6.1NRT,305.06,9.38,D
-4.11438,119.82468,321.33,1.24,1.11,2026-09-18,0731,A,70,6.1NRT,303.83,13.65,D
-3.75434,122.1112,310.32,1.01,1,2026-09-18,0731,A,59,6.1NRT,299.56,5.23,D
-4.10865,119.65717,314.6,1.27,1.12,2026-09-18,0731,A,51,6.1NRT,301.84,8.73,D
-3.99583,119.73565,337.38,1.25,1.11,2026-09-18,0731,A,88,6.1NRT,305.24,41.41,D
-3.9974,119.72456,343.17,1.25,1.11,2026-09-18,0731,A,92,6.1NRT,306.9,55.51,D
-3.98767,119.72321,319.49,1.25,1.11,2026-09-18,0731,A,68,6.1NRT,305.3,11.05,D
-3.92706,120.04471,317.92,1.2,1.09,2026-09-18,0731,A,70,6.1NRT,301.46,9.32,D
-3.98031,119.68208,319.37,1.26,1.12,2026-09-18,0731,A,65,6.1NRT,305.89,8.38,D
-3.9706,119.68047,319.21,1.26,1.12,2026-09-18,0731,A,65,6.1NRT,306.16,7.98,D
-3.94163,119.74306,322.9,1.25,1.11,2026-09-18,0731,A,75,6.1NRT,304.58,15.36,D
-3.93501,119.7203,318.23,1.25,1.11,2026-09-18,0731,A,61,6.1NRT,303.5,8.38,D
-3.91214,119.67181,323.56,1.26,1.12,2026-09-18,0731,A,75,6.1NRT,305.36,15.91,D
-3.50341,122.11864,316.41,1.01,1,2026-09-18,0731,A,72,6.1NRT,298.96,8.69,D
-3.47798,122.23093,313.31,1,1,2026-09-18,0731,A,48,6.1NRT,298.67,6.36,D
-3.47926,122.2222,323.96,1,1,2026-09-18,0731,A,80,6.1NRT,299.19,16.52,D
-3.50174,121.43346,317.44,1.04,1.02,2026-09-18,0731,A,55,6.1NRT,301.49,8.81,D
-3.62853,119.72398,316.72,1.24,1.11,2026-09-18,0731,A,72,6.1NRT,300.98,8.49,D
-3.63573,119.60361,312.98,1.26,1.12,2026-09-18,0731,A,60,6.1NRT,300.89,6.44,D
-3.46782,119.48714,323.47,1.28,1.12,2026-09-18,0731,A,77,6.1NRT,302.24,17.08,D
-3.46938,119.47612,331.6,1.28,1.12,2026-09-18,0731,A,81,6.1NRT,302.36,30.65,D
-3.46613,119.48046,324.98,1.28,1.12,2026-09-18,0731,A,80,6.1NRT,302.54,20.42,D
-3.85978,116.19753,313.13,2.29,1.47,2026-09-18,0731,A,57,6.1NRT,295.44,19.25,D
-3.23514,120.35693,314.49,1.13,1.06,2026-09-18,0731,A,51,6.1NRT,298.24,7.26,D
-3.38914,118.96014,319.96,1.38,1.16,2026-09-18,0731,A,74,6.1NRT,297.41,19.47,D
-3.78383,116.18184,323.27,2.29,1.47,2026-09-18,0731,A,76,6.1NRT,295.67,48.22,D
-2.95213,121.46272,334.85,1.03,1.01,2026-09-18,0731,A,88,6.1NRT,300.32,28.91,D
-2.95345,121.4537,341,1.03,1.01,2026-09-18,0731,A,91,6.1NRT,301.33,39.6,D
-2.97049,121.3374,309.75,1.04,1.02,2026-09-18,0731,A,51,6.1NRT,295.97,4.35,D
-2.93808,121.49697,318.61,1.03,1.01,2026-09-18,0731,A,75,6.1NRT,298.46,10.17,D
-2.9446,121.45244,315.34,1.03,1.01,2026-09-18,0731,A,38,6.1NRT,300.94,6.67,D
-2.94591,121.44345,316.58,1.03,1.01,2026-09-18,0731,A,56,6.1NRT,299.91,8.29,D
-3.19164,119.68812,310.31,1.23,1.1,2026-09-18,0731,A,24,6.1NRT,297.83,4.85,D
-2.9139,121.53899,331.55,1.02,1.01,2026-09-18,0731,A,86,6.1NRT,299.25,25.68,D
-2.91521,121.52997,326.24,1.02,1.01,2026-09-18,0731,A,82,6.1NRT,299.25,18.88,D
-2.9916,119.65948,310.34,1.23,1.1,2026-09-18,0733,A,57,6.1NRT,293.45,9.03,D
-2.94481,119.81991,330.19,1.2,1.09,2026-09-18,0733,A,85,6.1NRT,294.52,33.68,D
-2.94655,119.80824,322.22,1.2,1.09,2026-09-18,0733,A,78,6.1NRT,296.64,21.43,D
-3.02175,119.23077,309.16,1.31,1.13,2026-09-18,0733,A,58,6.1NRT,296.47,8.58,D
-2.86212,120.18707,310.91,1.15,1.07,2026-09-18,0733,A,61,6.1NRT,296.75,6.25,D
-3.48973,115.75998,313.08,2.46,1.51,2026-09-18,0733,A,59,6.1NRT,295.86,20.55,D
-2.67524,121.34062,315.54,1.03,1.01,2026-09-18,0733,A,68,6.1NRT,295.95,9.33,D
-2.62751,121.60561,339.55,1.02,1.01,2026-09-18,0733,A,90,6.1NRT,299.04,36.49,D
-2.62882,121.59664,331.94,1.02,1.01,2026-09-18,0733,A,86,6.1NRT,298.64,24.76,D
-2.81986,120.28196,311.22,1.13,1.06,2026-09-18,0733,A,56,6.1NRT,297.57,5.15,D
-2.611,121.65712,310.99,1.01,1.01,2026-09-18,0733,A,40,6.1NRT,296.34,4.6,D
-2.61228,121.64838,321.29,1.01,1.01,2026-09-18,0733,A,77,6.1NRT,297.35,13.56,D
-2.61742,121.61314,314.32,1.02,1.01,2026-09-18,0733,A,48,6.1NRT,298.72,6.03,D
-2.63034,121.52457,312.36,1.02,1.01,2026-09-18,0733,A,62,6.1NRT,297.23,5.98,D
-3.5854,114.77532,338.91,2.97,1.64,2026-09-18,0733,A,89,6.1NRT,292.38,166.68,D
-3.58894,114.74963,332.38,2.99,1.64,2026-09-18,0733,A,85,6.1NRT,291.95,121,D
-2.62541,121.4966,310.46,1.02,1.01,2026-09-18,0733,A,24,6.1NRT,295.98,6.09,D
-3.59633,114.76976,331.2,2.97,1.64,2026-09-18,0733,A,84,6.1NRT,293.19,107.93,D
-3.58201,114.76778,336.04,2.97,1.64,2026-09-18,0733,A,87,6.1NRT,291.69,141.24,D
-2.58992,121.41216,312.18,1.03,1.01,2026-09-18,0733,A,58,6.1NRT,297.37,5.18,D
-3.40027,115.74034,315.06,2.46,1.51,2026-09-18,0733,A,63,6.1NRT,295.31,25.59,D
-2.57612,121.38304,362.95,1.03,1.01,2026-09-18,0733,A,100,6.1NRT,301.25,92.09,D
-2.57742,121.37415,336.52,1.03,1.01,2026-09-18,0733,A,88,6.1NRT,300.28,33.4,D
-2.54135,121.55929,327.92,1.02,1.01,2026-09-18,0733,A,82,6.1NRT,298.13,20.93,D
-2.53125,121.56694,315.17,1.02,1.01,2026-09-18,0733,A,13,6.1NRT,296.28,8.32,D
-3.37056,115.20961,317.16,2.71,1.58,2026-09-18,0733,A,67,6.1NRT,295.87,33.69,D
-2.44947,121.04763,312.8,1.05,1.02,2026-09-18,0733,A,41,6.1NRT,298.14,6.12,D
-1.46276,127.43826,322.31,1.87,1.34,2026-09-18,0733,A,0,6.1NRT,296.62,39.79,D
-2.323,121.34569,311.06,1.03,1.01,2026-09-18,0733,A,51,6.1NRT,291.87,7.83,D
-2.2654,121.55444,314.51,1.02,1.01,2026-09-18,0733,A,71,6.1NRT,294.74,9.79,D
-3.08188,115.58995,324.39,2.5,1.52,2026-09-18,0733,A,77,6.1NRT,294.41,66.11,D
-3.08493,115.56892,329,2.51,1.52,2026-09-18,0733,A,82,6.1NRT,295.04,87.83,D
-2.42893,119.72282,312.92,1.2,1.09,2026-09-18,0733,A,70,6.1NRT,292.74,10.9,D
-3.17321,114.44569,316.17,3.11,1.67,2026-09-18,0733,A,47,6.1NRT,294.79,32.18,D
-3.25133,113.87975,347.94,3.47,1.75,2026-09-18,0733,A,94,6.1NRT,294.9,306.57,D
-3.23606,113.87756,332.38,3.47,1.75,2026-09-18,0733,A,84,6.1NRT,292.88,139.42,D
-3.25464,113.87566,340.22,3.47,1.75,2026-09-18,0733,A,90,6.1NRT,295.08,223.25,D
-3.23506,113.90327,326.42,3.45,1.75,2026-09-18,0733,A,65,6.1NRT,292.64,91.8,D
-3.23936,113.8735,331.79,3.47,1.75,2026-09-18,0733,A,73,6.1NRT,293.34,132.58,D
-3.00538,115.3941,321.31,2.58,1.54,2026-09-18,0733,A,74,6.1NRT,292.41,53.43,D
-2.36989,119.63084,321.43,1.21,1.09,2026-09-18,0733,A,79,6.1NRT,298.61,15.87,D
-2.37151,119.61966,332.71,1.21,1.1,2026-09-18,0733,A,87,6.1NRT,299.91,32.96,D
-2.36031,119.62962,316.93,1.21,1.09,2026-09-18,0733,A,54,6.1NRT,298.67,10.06,D
-2.36192,119.61843,331.05,1.21,1.1,2026-09-18,0733,A,86,6.1NRT,299.82,30.04,D
-2.88943,115.8307,325.61,2.37,1.49,2026-09-18,0733,A,79,6.1NRT,293.56,61.6,D
-3.14363,113.89031,335.91,3.45,1.75,2026-09-18,0733,A,63,6.1NRT,293.99,150.68,D
-2.89071,115.82404,321.59,2.37,1.49,2026-09-18,0733,A,74,6.1NRT,292.9,47.06,D
-2.31014,119.67107,321.44,1.2,1.09,2026-09-18,0733,A,79,6.1NRT,296.37,19.8,D
-3.10974,114.02776,316.25,3.35,1.73,2026-09-18,0733,A,66,6.1NRT,294.21,48.23,D
-2.01404,121.43523,313.43,1.02,1.01,2026-09-18,0733,A,59,6.1NRT,299.65,7.29,D
-3.27195,112.52832,324.78,4.47,1.94,2026-09-18,0733,A,59,6.1NRT,291.61,153.53,D
-3.27727,112.48986,310.07,4.5,1.95,2026-09-18,0733,A,15,6.1NRT,291.37,42.63,D
-3.26856,112.52348,309.85,4.47,1.94,2026-09-18,0733,A,16,6.1NRT,291.36,34.76,D
-2.17411,119.34184,318.21,1.25,1.11,2026-09-18,0733,A,76,6.1NRT,297.86,13.35,D
-3.1076,112.64768,315.17,4.34,1.92,2026-09-18,0733,A,40,6.1NRT,293.04,56.55,D
-3.09087,112.64526,340.54,4.34,1.92,2026-09-18,0733,A,90,6.1NRT,292.88,316,D
-3.09612,112.60782,315.59,4.38,1.93,2026-09-18,0733,A,41,6.1NRT,292.79,58.01,D
-3.03059,112.7121,313.71,4.28,1.91,2026-09-18,0733,A,57,6.1NRT,293.02,50.49,D
-3.10317,112.64264,314.08,4.34,1.92,2026-09-18,0733,A,18,6.1NRT,293,48.69,D
-3.08644,112.64025,341.84,4.34,1.92,2026-09-18,0733,A,91,6.1NRT,292.8,333.84,D
-3.02566,112.70714,310.9,4.28,1.91,2026-09-18,0733,A,34,6.1NRT,292.67,34.89,D
-1.80471,120.91283,306.67,1.05,1.02,2026-09-18,0733,A,57,6.1NRT,294.65,4.93,D
-2.91298,112.91114,326.67,4.11,1.88,2026-09-18,0733,A,67,6.1NRT,293.09,131.91,D
-2.91781,112.87579,324.76,4.14,1.88,2026-09-18,0733,A,56,6.1NRT,293.69,115.43,D
-2.42344,116.3244,319.44,2.12,1.41,2026-09-18,0733,A,71,6.1NRT,298.24,31.26,D
-2.42612,116.30613,315.45,2.12,1.42,2026-09-18,0733,A,63,6.1NRT,297.41,20.89,D
-2.46753,116.02389,322.98,2.24,1.45,2026-09-18,0733,A,60,6.1NRT,295.03,41.06,D
-2.92222,112.90545,333.79,4.11,1.88,2026-09-18,0733,A,86,6.1NRT,293.54,205.99,D
-2.4111,116.32263,338.42,2.12,1.41,2026-09-18,0733,A,89,6.1NRT,298.5,100.95,D
-2.41377,116.30434,319.97,2.12,1.42,2026-09-18,0733,A,72,6.1NRT,297.49,31.84,D
-2.45487,116.02202,324.84,2.24,1.45,2026-09-18,0733,A,78,6.1NRT,294.32,48.49,D
-2.45766,116.00287,321.42,2.25,1.45,2026-09-18,0733,A,44,6.1NRT,294.45,36.66,D
-2.90585,112.90318,320.15,4.11,1.88,2026-09-18,0733,A,72,6.1NRT,293.03,85.37,D
-2.91092,112.86783,315.31,4.14,1.88,2026-09-18,0733,A,46,6.1NRT,293.29,53.34,D
-2.43391,116.07768,313.1,2.22,1.44,2026-09-18,0733,A,56,6.1NRT,295.25,15.64,D
-1.70646,120.94939,339.35,1.04,1.02,2026-09-18,0733,A,91,6.1NRT,293.22,43.75,D
-1.70778,120.94032,306.8,1.04,1.02,2026-09-18,0733,A,59,6.1NRT,290.91,6.29,D
-1.6523,121.25789,313.9,1.02,1.01,2026-09-18,0733,A,55,6.1NRT,297.49,7.05,D
-1.60296,121.33631,337.12,1.02,1.01,2026-09-18,0733,A,90,6.1NRT,295.3,37.28,D
-2.32165,116.134,319.33,2.19,1.43,2026-09-18,0733,A,71,6.1NRT,295.45,29.23,D
-1.50517,121.63599,313.22,1.01,1,2026-09-18,0733,A,66,6.1NRT,294.94,8.53,D
-1.50645,121.62725,331.65,1.01,1,2026-09-18,0733,A,87,6.1NRT,296.68,27.72,D
-2.29662,116.13034,326.01,2.19,1.43,2026-09-18,0733,A,79,6.1NRT,295.4,50.26,D
-2.29466,116.12325,315.21,2.19,1.43,2026-09-18,0733,A,62,6.1NRT,295.02,17.35,D
-1.52106,121.19999,314.31,1.02,1.01,2026-09-18,0733,A,59,6.1NRT,297.18,8.01,D
-1.41832,121.77675,320.07,1,1,2026-09-18,0733,A,78,6.1NRT,294.39,14.21,D
-1.50728,121.17096,323.17,1.03,1.01,2026-09-18,0733,A,81,6.1NRT,295.57,16.92,D
-1.59645,120.56281,312.28,1.07,1.03,2026-09-18,0733,A,68,6.1NRT,292.27,10.22,D
-1.59775,120.55391,319.96,1.07,1.03,2026-09-18,0733,A,77,6.1NRT,291.56,18.32,D
-1.49846,121.16956,368.88,1.03,1.01,2026-09-18,0733,A,100,6.1NRT,300.24,111.5,D
-1.49979,121.16052,334.07,1.03,1.01,2026-09-18,0733,A,88,6.1NRT,297.51,30.18,D
-1.38041,121.91327,323.91,1,1,2026-09-18,0733,A,77,6.1NRT,290.04,18.78,D
-1.48965,121.16808,317.09,1.03,1.01,2026-09-18,0733,A,48,6.1NRT,294.99,10.36,D
-2.21017,115.99036,311.93,2.23,1.45,2026-09-18,0733,A,50,6.1NRT,294.37,14.3,D
-1.4098,121.3317,319.09,1.02,1.01,2026-09-18,0733,A,77,6.1NRT,297.88,12.4,D
-1.41533,121.23289,313.4,1.02,1.01,2026-09-18,0733,A,70,6.1NRT,297.47,7.74,D
-1.53136,120.44328,309.27,1.08,1.04,2026-09-18,0733,A,30,6.1NRT,293.4,5.53,D
-2.18638,115.88751,316.48,2.28,1.46,2026-09-18,0733,A,66,6.1NRT,293.42,27.51,D
-1.40131,120.8201,322.22,1.05,1.02,2026-09-18,0733,A,79,6.1NRT,295.34,15.41,D
-1.40265,120.81104,315.7,1.05,1.02,2026-09-18,0733,A,72,6.1NRT,293.68,8.99,D
-1.18394,121.67103,319.88,1,1,2026-09-18,0733,A,56,6.1NRT,294.53,11.63,D
-1.17033,121.64217,315.52,1,1,2026-09-18,0733,A,43,6.1NRT,292.74,8.43,D
-1.91699,116.12774,314.57,2.15,1.43,2026-09-18,0733,A,59,6.1NRT,294.1,15.27,D
-1.92704,115.94943,314.1,2.23,1.45,2026-09-18,0733,A,30,6.1NRT,293.89,13.25,D
-0.97401,122.04136,310.29,1,1,2026-09-18,0733,A,51,6.1NRT,293.38,5.38,D
-0.98777,121.86922,332.14,1,1,2026-09-18,0733,A,81,6.1NRT,296.31,26.17,D
-1.04224,121.37818,310.95,1.01,1.01,2026-09-18,0733,A,45,6.1NRT,293.73,6.81,D
-0.8037,122.8778,315.06,1.02,1.01,2026-09-18,0733,A,70,6.1NRT,298.69,9.29,D
-0.78209,122.90193,313.81,1.03,1.01,2026-09-18,0733,A,68,6.1NRT,298.23,6.89,D
-1.70853,116.09786,318.1,2.15,1.42,2026-09-18,0733,A,69,6.1NRT,294.98,29.36,D
-0.62401,123.157,315.93,1.04,1.02,2026-09-18,0733,A,69,6.1NRT,300.11,7.59,D
-1.45272,116.30199,314.39,2.04,1.39,2026-09-18,0733,A,61,6.1NRT,297.13,16.78,D
-1.46916,115.85413,318.62,2.23,1.45,2026-09-18,0733,A,70,6.1NRT,296.67,30.42,D
-1.30058,116.20066,313.29,2.07,1.4,2026-09-18,0733,A,58,6.1NRT,296.04,14.65,D
-1.30321,116.18258,323.72,2.08,1.4,2026-09-18,0733,A,77,6.1NRT,296.14,42.81,D
0.48797,127.97521,313.42,2.24,1.45,2026-09-18,0733,A,17,6.1NRT,300,20.3,D
-1.16309,116.6806,335.96,1.89,1.34,2026-09-18,0733,A,87,6.1NRT,298.51,76.28,D
-1.24411,116.13259,312.22,2.09,1.41,2026-09-18,0733,A,54,6.1NRT,295.63,12.68,D
-1.24684,116.11413,313.84,2.1,1.41,2026-09-18,0733,A,60,6.1NRT,295.57,16.12,D
-1.0518,116.88616,318.01,1.81,1.32,2026-09-18,0733,A,69,6.1NRT,297.83,21.54,D
-1.05412,116.87055,339.79,1.81,1.32,2026-09-18,0733,A,90,6.1NRT,299.13,87.64,D
0.60579,127.96841,349.8,2.25,1.45,2026-09-18,0733,A,95,6.1NRT,300.63,177.52,D
0.60304,127.9499,336.22,2.24,1.45,2026-09-18,0733,A,87,6.1NRT,300.34,96.83,D
0.60025,127.93108,320.64,2.23,1.45,2026-09-18,0733,A,72,6.1NRT,298.73,32.94,D
0.61971,127.88876,315.34,2.22,1.44,2026-09-18,0733,A,54,6.1NRT,297.62,21.33,D
0.61983,127.88359,317.7,2.22,1.44,2026-09-18,0733,A,68,6.1NRT,297.63,28.64,D
-0.87074,117.17952,317.35,1.7,1.28,2026-09-18,0733,A,55,6.1NRT,297.34,17.62,D
-0.85956,117.17783,322.74,1.7,1.28,2026-09-18,0733,A,76,6.1NRT,298.23,28.61,D
-0.88983,116.96803,335.43,1.77,1.3,2026-09-18,0733,A,87,6.1NRT,299.02,66.57,D
-0.89205,116.9526,350.45,1.78,1.31,2026-09-18,0733,A,95,6.1NRT,300.8,128.59,D
-0.85931,117.17099,319.78,1.7,1.28,2026-09-18,0733,A,39,6.1NRT,298.29,20.57,D
-0.8912,116.96141,347.77,1.77,1.3,2026-09-18,0733,A,94,6.1NRT,300.36,115.68,D
-0.89354,116.94601,328.86,1.78,1.31,2026-09-18,0733,A,82,6.1NRT,299.86,44.78,D
-0.68734,117.09529,314.63,1.72,1.29,2026-09-18,0733,A,58,6.1NRT,296.66,10.47,D
1.02943,128.16788,315.35,2.38,1.49,2026-09-18,0733,A,59,6.1NRT,296.94,27.39,D
0.50218,123.21048,320.69,1.07,1.03,2026-09-18,0733,A,67,6.1NRT,299.78,11.22,D
0.49961,123.00418,311.44,1.05,1.02,2026-09-18,0733,A,0,6.1NRT,297.82,7.17,D
0.49828,122.9951,310.97,1.05,1.02,2026-09-18,0733,A,44,6.1NRT,297.51,6.64,D
0.75878,124.14094,313.09,1.19,1.08,2026-09-18,0733,A,49,6.1NRT,297.79,7.69,D
0.76674,124.12924,311.94,1.19,1.08,2026-09-18,0733,A,21,6.1NRT,298.01,5.52,D
0.72641,123.72516,312.76,1.13,1.06,2026-09-18,0733,A,46,6.1NRT,297.72,5.7,D
0.76645,123.93167,314.71,1.16,1.07,2026-09-18,0733,A,46,6.1NRT,298.13,8.17,D
0.86163,124.35251,330.5,1.23,1.1,2026-09-18,0733,A,84,6.1NRT,296.11,34.95,D
0.77684,123.57245,312.47,1.11,1.05,2026-09-18,0733,A,54,6.1NRT,297.43,6.04,D
0.82202,123.81606,312.45,1.14,1.07,2026-09-18,0733,A,44,6.1NRT,297.23,6.32,D
-0.12376,117.39936,312.83,1.59,1.24,2026-09-18,0733,A,57,6.1NRT,294.74,11.08,D
0.71131,122.87676,319.57,1.05,1.02,2026-09-18,0733,A,72,6.1NRT,301.36,8.7,D
0.9169,124.19695,314.68,1.2,1.09,2026-09-18,0733,A,62,6.1NRT,298.89,8.02,D
0.80565,123.45081,311.99,1.1,1.05,2026-09-18,0733,A,51,6.1NRT,297.03,6.11,D
0.37642,120.1548,329.42,1.07,1.03,2026-09-18,0733,A,84,6.1NRT,293.3,27.97,D
-0.00635,117.41711,328.36,1.58,1.24,2026-09-18,0733,A,82,6.1NRT,295.97,40.74,D
1.08261,124.68255,328.35,1.29,1.13,2026-09-18,0733,A,41,6.1NRT,297.98,27.09,D
1.08097,124.67154,328.05,1.29,1.13,2026-09-18,0733,A,47,6.1NRT,297.31,25.93,D
1.08286,124.67694,332.14,1.29,1.13,2026-09-18,0733,A,78,6.1NRT,298.47,34.86,D
0.83891,122.98479,320.14,1.06,1.03,2026-09-18,0733,A,69,6.1NRT,297.72,12.41,D
0.8376,122.97581,324.15,1.06,1.03,2026-09-18,0733,A,74,6.1NRT,299.11,16.46,D
0.77726,122.56102,336.48,1.03,1.01,2026-09-18,0733,A,88,6.1NRT,299.28,31.48,D
0.77597,122.5522,319.57,1.03,1.01,2026-09-18,0733,A,40,6.1NRT,299.06,9.75,D
1.09426,124.68629,320.67,1.29,1.13,2026-09-18,0733,A,71,6.1NRT,296.58,17.29,D
1.09267,124.67532,323.99,1.29,1.13,2026-09-18,0733,A,78,6.1NRT,297.4,22.36,D
0.78609,122.55968,320.96,1.03,1.01,2026-09-18,0733,A,55,6.1NRT,297.62,12.5,D
0.88515,122.98811,318.31,1.06,1.03,2026-09-18,0733,A,60,6.1NRT,301.31,7.85,D
0.93236,123.24653,311.4,1.08,1.04,2026-09-18,0733,A,42,6.1NRT,298.35,5.39,D
0.56466,120.42468,330.55,1.05,1.02,2026-09-18,0733,A,85,6.1NRT,296.03,26.99,D
0.22427,117.40757,311.29,1.57,1.23,2026-09-18,0733,A,54,6.1NRT,293.83,10.83,D
0.93139,121.41216,324.62,1,1,2026-09-18,0733,A,80,6.1NRT,292.53,15.88,D
1.4552,124.90975,321.7,1.35,1.15,2026-09-18,0733,A,74,6.1NRT,299.55,17.49,D
0.88423,120.84766,323.99,1.02,1.01,2026-09-18,0733,A,80,6.1NRT,299.49,15.11,D
0.40448,117.45161,312.1,1.55,1.23,2026-09-18,0733,A,57,6.1NRT,295.34,10.7,D
0.40251,117.43858,314.54,1.55,1.23,2026-09-18,0733,A,64,6.1NRT,295.21,14.56,D
1.5484,125.13456,314.37,1.41,1.17,2026-09-18,0733,A,56,6.1NRT,298.11,11.2,D
1.5466,125.12211,312.17,1.4,1.17,2026-09-18,0733,A,38,6.1NRT,299.01,8.99,D
1.11523,121.28394,312.48,1,1,2026-09-18,0733,A,56,6.1NRT,291.05,7.37,D
1.26266,121.45404,311.96,1,1,2026-09-18,0733,A,0,6.1NRT,295.35,5.45,D
1.00905,118.87994,316.4,1.22,1.1,2026-09-18,0733,A,69,6.1NRT,293.74,13.54,D
1.00749,118.86948,309.18,1.22,1.1,2026-09-18,0733,A,45,6.1NRT,293.84,5.96,D
0.94572,118.45566,308.45,1.29,1.13,2026-09-18,0733,A,33,6.1NRT,293.89,5.61,D
0.84903,117.66723,311.32,1.47,1.2,2026-09-18,0733,A,58,6.1NRT,294.83,8.06,D
0.84715,117.65453,332.42,1.47,1.2,2026-09-18,0733,A,86,6.1NRT,295.44,46.79,D
1.04906,118.81932,317.92,1.22,1.1,2026-09-18,0733,A,34,6.1NRT,294.87,13.02,D
1.0542,118.82276,321.34,1.22,1.1,2026-09-18,0733,A,31,6.1NRT,295.2,16.51,D
1.39011,118.3359,313.02,1.3,1.13,2026-09-18,0733,A,62,6.1NRT,295.94,8.01,D
1.44954,118.32127,314.67,1.3,1.13,2026-09-18,0733,A,66,6.1NRT,296.59,8.33,D
1.50355,118.20911,322.92,1.32,1.14,2026-09-18,0733,A,78,6.1NRT,296.66,20.23,D
1.55063,118.24185,309.8,1.31,1.13,2026-09-18,0733,A,0,6.1NRT,291.14,5.89,D
1.60129,117.96904,317.34,1.36,1.16,2026-09-18,0733,A,36,6.1NRT,297.08,10.58,D
1.61315,117.97936,316.58,1.36,1.15,2026-09-18,0733,A,34,6.1NRT,296.98,9.72,D
2.7767,125.41355,310.7,1.54,1.22,2026-09-18,0733,A,27,6.1NRT,296.57,10.22,D
2.31783,117.95566,331.3,1.33,1.14,2026-09-18,0733,A,86,6.1NRT,291.03,39.51,D
2.31606,117.94409,323.58,1.33,1.14,2026-09-18,0733,A,77,6.1NRT,292.03,24.36,D
2.66799,117.62595,316.6,1.39,1.17,2026-09-18,0733,A,73,6.1NRT,292.82,16.83,D
2.89172,117.27156,317.16,1.46,1.19,2026-09-18,0733,A,73,6.1NRT,293.79,16.85,D
2.88983,117.25912,316.28,1.46,1.19,2026-09-18,0733,A,72,6.1NRT,293.63,15.76,D
-3.34958,105.4339,312.53,2.83,1.61,2026-09-18,0911,A,55,6.1NRT,293.31,29.26,D
-3.27722,105.31815,313.69,2.78,1.59,2026-09-18,0911,A,66,6.1NRT,293.44,30.84,D
-3.27093,105.30993,319.71,2.78,1.59,2026-09-18,0911,A,75,6.1NRT,293.35,50.72,D
-3.51694,102.91339,310.86,1.76,1.3,2026-09-18,0911,A,59,6.1NRT,292.67,14.57,D
-3.25624,103.10486,312.87,1.84,1.33,2026-09-18,0911,A,63,6.1NRT,294.15,14.21,D
0.52623,100.38944,314.68,1.34,1.15,2026-09-18,0911,A,69,6.1NRT,294.14,11.84,D
1.37896,127.53217,339.33,3.35,1.73,2026-09-18,1134,T,100,6.1NRT,291.81,242.37,N
1.37705,127.52654,340.93,3.35,1.73,2026-09-18,1134,T,100,6.1NRT,292.14,257.68,N
-11.97307,135.67467,313.46,1.27,1.12,2026-09-18,1132,T,87,6.1NRT,294.01,14,N
-11.96322,135.67334,306.05,1.27,1.12,2026-09-18,1132,T,66,6.1NRT,293.82,6.99,N
-10.61171,142.30751,317.47,1.42,1.18,2026-09-18,1132,T,94,6.1NRT,286.2,25.53,N
-8.89937,140.77847,301.19,1.21,1.09,2026-09-18,1132,T,30,6.1NRT,287.25,6.62,N
-8.43275,140.97224,314.6,1.25,1.11,2026-09-18,1132,T,90,6.1NRT,282.98,19.19,N
-8.4344,140.9612,315.59,1.25,1.11,2026-09-18,1132,T,92,6.1NRT,283.05,21.05,N
-8.43136,140.96573,325.58,1.25,1.11,2026-09-18,1132,T,100,6.1NRT,284.56,34.06,N
-8.33686,141.4807,300.21,1.36,1.15,2026-09-18,1132,T,12,6.1NRT,287.22,5.78,N
-7.46379,140.03241,306.9,1.14,1.07,2026-09-18,1132,T,40,6.1NRT,289.81,9.06,N
-4.10182,144.78516,308.33,2.88,1.62,2026-09-18,1132,T,74,6.1NRT,292.07,29.66,N
-4.09838,144.77922,304.64,2.88,1.62,2026-09-18,1132,T,61,6.1NRT,292.06,18.22,N
-4.07243,143.50952,303.43,2.28,1.46,2026-09-18,1134,T,55,6.1NRT,292.09,12.78,N
-3.81929,143.62338,316.63,2.35,1.48,2026-09-18,1134,T,94,6.1NRT,292.17,46.32,N
-3.82105,143.61717,311.5,2.35,1.48,2026-09-18,1134,T,83,6.1NRT,292.19,30.81,N
-4.07366,137.71739,301.13,1.01,1.01,2026-09-18,1134,T,37,6.1NRT,278.76,7.82,N
-4.06122,137.74255,301.22,1.01,1.01,2026-09-18,1134,T,39,6.1NRT,277.83,8.59,N
-3.46582,140.68681,301.74,1.41,1.18,2026-09-18,1134,T,16,6.1NRT,289.11,9.22,N
-3.51127,134.89517,301.43,1.13,1.06,2026-09-18,1134,T,41,6.1NRT,287.63,3.88,N
-3.36485,134.08223,302.01,1.24,1.11,2026-09-18,1134,T,16,6.1NRT,285.37,7.09,N
-3.36622,134.07213,305.72,1.24,1.11,2026-09-18,1134,T,49,6.1NRT,284.08,10.06,N
-3.35509,134.08119,313.7,1.24,1.11,2026-09-18,1134,T,88,6.1NRT,285.43,17.05,N
-3.30389,134.38683,311.83,1.19,1.09,2026-09-18,1134,T,83,6.1NRT,283.96,17.6,N
-3.02657,134.46577,315.79,1.17,1.08,2026-09-18,1134,T,92,6.1NRT,292.04,15.55,N
-3.01715,134.46417,306.91,1.17,1.08,2026-09-18,1134,T,70,6.1NRT,291.7,7.76,N
-2.89545,133.92989,309.45,1.25,1.11,2026-09-18,1134,T,77,6.1NRT,272.52,13.87,N
-2.95652,133.10509,305.99,1.42,1.18,2026-09-18,1134,T,66,6.1NRT,289.88,9.47,N
-2.95822,133.09268,310.68,1.42,1.18,2026-09-18,1134,T,81,6.1NRT,289.18,14.84,N
-2.93946,133.15283,306.83,1.41,1.17,2026-09-18,1134,T,69,6.1NRT,289.02,9.6,N
-2.79464,132.62668,307.28,1.53,1.22,2026-09-18,1134,T,26,6.1NRT,286.5,10.93,N
-2.79639,132.61362,306.61,1.53,1.22,2026-09-18,1134,T,22,6.1NRT,285.84,10.22,N
-2.78397,132.62491,306.93,1.53,1.22,2026-09-18,1134,T,25,6.1NRT,286.15,10.6,N
-3.34461,126.79531,301.07,4.61,1.97,2026-09-18,1134,T,30,6.1NRT,279.72,41.87,N
-2.1506,132.38606,301.97,1.56,1.23,2026-09-18,1134,T,27,6.1NRT,284.67,7.02,N
-2.15834,132.38142,302.3,1.56,1.23,2026-09-18,1134,T,30,6.1NRT,284.86,7.44,N
-2.13114,132.41901,304.71,1.55,1.23,2026-09-18,1134,T,61,6.1NRT,286.95,9.75,N
-2.133,132.40553,304.21,1.55,1.23,2026-09-18,1134,T,36,6.1NRT,287.41,8.8,N
25.69892,103.86455,300.7,1.11,1.05,2026-09-18,1321,T,32,6.1NRT,286.72,5.79,N
24.9989,98.06201,301.5,2.7,1.57,2026-09-18,1321,T,30,6.1NRT,289.03,19.13,N
7.38353,115.84879,310.63,2.02,1.39,2026-09-18,1314,T,72,6.1NRT,285.45,21.29,N
26.58455,104.90757,306.56,1.02,1.01,2026-09-18,1321,T,68,6.1NRT,287.79,8.9,N
26.57189,101.67033,312.25,1.4,1.17,2026-09-18,1321,T,84,6.1NRT,292.63,15.2,N
13.29316,109.11774,303.71,1,1,2026-09-18,1316,T,37,6.1NRT,290.51,4.71,N
23.37657,111.15534,307.14,1.54,1.22,2026-09-18,1318,T,62,6.1NRT,296.38,9.01,N
26.56972,101.65733,303.91,1.4,1.17,2026-09-18,1321,T,36,6.1NRT,291.94,6.77,N
26.58211,101.6685,321.03,1.4,1.17,2026-09-18,1321,T,100,6.1NRT,292.46,27.88,N
26.57978,101.65446,314.17,1.4,1.17,2026-09-18,1321,T,89,6.1NRT,292.4,18.46,N
-8.26889,123.5089,300.32,4.5,1.95,2026-09-18,1310,T,25,6.1NRT,289.34,30.65,N
-8.2866,112.15479,307.32,1.04,1.02,2026-09-18,1310,T,71,6.1NRT,292.99,7.7,N
-8.11652,112.92348,313.04,1,1,2026-09-18,1310,T,86,6.1NRT,284.12,14.26,N
-8.10771,112.9224,306.26,1,1,2026-09-18,1310,T,67,6.1NRT,279.1,9.86,N
-7.77701,114.19131,306.53,1.03,1.01,2026-09-18,1310,T,68,6.1NRT,292.88,5.98,N
-7.85555,113.28714,306.31,1,1,2026-09-18,1310,T,68,6.1NRT,293.6,5.21,N
-7.85677,113.27831,310.1,1,1,2026-09-18,1310,T,79,6.1NRT,293.6,7.74,N
-7.95455,112.23033,304.64,1.03,1.01,2026-09-18,1310,T,61,6.1NRT,291.23,6.05,N
-7.75083,113.24841,307.29,1,1,2026-09-18,1312,T,71,6.1NRT,293.77,5.55,N
-7.7721,112.28452,305.83,1.02,1.01,2026-09-18,1312,T,66,6.1NRT,292.44,5.39,N
-7.69788,112.28659,305.34,1.02,1.01,2026-09-18,1312,T,64,6.1NRT,292.58,4.72,N
-7.66023,112.3642,302.53,1.02,1.01,2026-09-18,1312,T,50,6.1NRT,292.39,3.33,N
-7.65838,112.09915,304.39,1.03,1.02,2026-09-18,1312,T,60,6.1NRT,292.61,4.18,N
-7.58109,112.40141,303.46,1.02,1.01,2026-09-18,1312,T,55,6.1NRT,293.31,3.22,N
-7.43106,112.62906,322.11,1.01,1,2026-09-18,1312,T,100,6.1NRT,294.05,17.93,N
-7.43227,112.62018,320.09,1.01,1,2026-09-18,1312,T,100,6.1NRT,293.85,15.9,N
-7.50992,112.04468,312.2,1.04,1.02,2026-09-18,1312,T,84,6.1NRT,294.02,8.94,N
-7.51114,112.03555,321.31,1.04,1.02,2026-09-18,1312,T,100,6.1NRT,293.83,17.35,N
-7.42879,112.43182,313.6,1.01,1.01,2026-09-18,1312,T,87,6.1NRT,294.36,9.94,N
-7.29156,112.1532,307.88,1.03,1.01,2026-09-18,1312,T,73,6.1NRT,294.54,5.62,N
-6.77038,111.24463,304.34,1.09,1.04,2026-09-18,1312,T,58,6.1NRT,294.12,4.03,N
-6.77168,111.23504,305.57,1.09,1.04,2026-09-18,1312,T,64,6.1NRT,293.99,4.83,N
-3.97414,114.68118,310.93,1.15,1.07,2026-09-18,1312,T,80,6.1NRT,293.82,9.86,N
-3.97555,114.6711,306.98,1.15,1.07,2026-09-18,1312,T,68,6.1NRT,294.06,6.42,N
-3.54211,116.36502,302.86,1.49,1.2,2026-09-18,1312,T,52,6.1NRT,292.55,6,N
-3.58241,114.77726,305.74,1.18,1.08,2026-09-18,1312,T,63,6.1NRT,293.68,6.19,N
-3.58386,114.76698,309.8,1.17,1.08,2026-09-18,1312,T,77,6.1NRT,294.17,9.8,N
-3.4152,115.10095,308.48,1.23,1.1,2026-09-18,1312,T,71,6.1NRT,293.51,8.17,N
-3.37251,115.32953,309.16,1.27,1.12,2026-09-18,1312,T,74,6.1NRT,292.82,9.98,N
-3.45122,114.67322,307.27,1.17,1.07,2026-09-18,1312,T,66,6.1NRT,294.21,7.64,N
-3.42756,114.77454,306.63,1.18,1.08,2026-09-18,1312,T,63,6.1NRT,294.67,6.38,N
-3.39905,114.77045,325.25,1.18,1.08,2026-09-18,1312,T,100,6.1NRT,295.92,26.53,N
-3.40914,114.69846,305.39,1.17,1.08,2026-09-18,1312,T,56,6.1NRT,294.18,5.61,N
-3.41058,114.68823,308.64,1.17,1.08,2026-09-18,1312,T,71,6.1NRT,294,8.18,N
-3.34342,115.09609,321.81,1.23,1.1,2026-09-18,1312,T,100,6.1NRT,293.56,23.31,N
-3.34494,115.08533,319.78,1.23,1.1,2026-09-18,1312,T,99,6.1NRT,293.51,20.47,N
-3.38809,114.77944,310.81,1.18,1.08,2026-09-18,1312,T,78,6.1NRT,294.51,9.67,N
-3.38954,114.7691,370.77,1.18,1.08,2026-09-18,1312,T,100,6.1NRT,299.83,148.59,N
-3.391,114.75878,332.87,1.18,1.08,2026-09-18,1312,T,100,6.1NRT,295.26,38.48,N
-3.38004,114.76775,313.17,1.18,1.08,2026-09-18,1312,T,85,6.1NRT,294.27,12.27,N
-3.2402,115.38958,315.11,1.29,1.13,2026-09-18,1312,T,89,6.1NRT,292.61,16.89,N
-3.24178,115.37824,324.89,1.29,1.13,2026-09-18,1312,T,100,6.1NRT,292.91,30.45,N
-3.23247,115.22998,310.33,1.26,1.12,2026-09-18,1312,T,77,6.1NRT,292.84,10.58,N
-3.25288,114.94645,311.04,1.21,1.09,2026-09-18,1312,T,79,6.1NRT,294.16,9.8,N
-3.24326,114.94508,318.15,1.21,1.09,2026-09-18,1312,T,96,6.1NRT,294.36,17.56,N
-4.5902,104.85293,302.93,2.9,1.62,2026-09-18,1312,T,39,6.1NRT,287.25,31.94,N
-3.40986,113.7038,312.66,1.06,1.03,2026-09-18,1312,T,83,6.1NRT,294.83,9.67,N
-3.40019,113.70551,305.06,1.06,1.03,2026-09-18,1312,T,48,6.1NRT,294.32,4.04,N
-4.58684,104.84605,302.55,2.9,1.62,2026-09-18,1312,T,38,6.1NRT,286.33,31.25,N
-3.23385,114.70306,312.27,1.18,1.08,2026-09-18,1312,T,83,6.1NRT,293.34,12.54,N
-3.12213,115.2867,315.08,1.28,1.12,2026-09-18,1312,T,90,6.1NRT,293.11,15.69,N
-3.12373,115.27544,306.27,1.27,1.12,2026-09-18,1312,T,62,6.1NRT,292.86,6.35,N
-3.16991,114.94994,311.9,1.22,1.1,2026-09-18,1312,T,82,6.1NRT,293.24,11.75,N
-3.17141,114.93931,330.23,1.21,1.1,2026-09-18,1312,T,100,6.1NRT,294.69,35.28,N
-3.17291,114.9287,323.54,1.21,1.09,2026-09-18,1312,T,100,6.1NRT,295.06,24.52,N
-3.17441,114.91811,306.58,1.21,1.09,2026-09-18,1312,T,40,6.1NRT,293.97,6.3,N
-3.17591,114.90753,308.63,1.21,1.09,2026-09-18,1312,T,71,6.1NRT,293.55,8.13,N
-3.16027,114.94856,304.34,1.22,1.1,2026-09-18,1312,T,49,6.1NRT,292.79,5.18,N
-3.16178,114.93793,338.59,1.21,1.1,2026-09-18,1312,T,100,6.1NRT,294.34,51.24,N
-3.16329,114.92733,319.06,1.21,1.09,2026-09-18,1312,T,98,6.1NRT,294.21,18.1,N
-3.16051,114.70775,305.89,1.18,1.08,2026-09-18,1312,T,61,6.1NRT,293.39,6.41,N
-3.25243,113.9076,337.99,1.08,1.04,2026-09-18,1312,T,100,6.1NRT,296.78,42.55,N
-3.25374,113.89816,361.9,1.08,1.04,2026-09-18,1312,T,100,6.1NRT,303.05,99.5,N
-3.25505,113.88873,328.72,1.08,1.04,2026-09-18,1312,T,100,6.1NRT,298.51,27.22,N
-3.25636,113.8793,311.58,1.08,1.04,2026-09-18,1312,T,80,6.1NRT,295.45,8.85,N
-3.24332,113.90631,332.39,1.08,1.04,2026-09-18,1312,T,100,6.1NRT,295.55,33.45,N
-3.24463,113.89687,343.64,1.08,1.04,2026-09-18,1312,T,100,6.1NRT,298.8,52.3,N
-3.24595,113.88744,321.55,1.08,1.04,2026-09-18,1312,T,100,6.1NRT,296.87,17.37,N
-3.24726,113.87801,312.5,1.08,1.04,2026-09-18,1312,T,78,6.1NRT,295.38,9.05,N
-3.23421,113.90502,322.35,1.08,1.04,2026-09-18,1312,T,100,6.1NRT,295.03,19.9,N
-3.23552,113.89558,342.88,1.08,1.04,2026-09-18,1312,T,100,6.1NRT,298.55,50.01,N
-3.23684,113.88615,313.3,1.08,1.04,2026-09-18,1312,T,81,6.1NRT,295.49,9.77,N
-3.15161,114.42723,313.8,1.14,1.06,2026-09-18,1312,T,87,6.1NRT,293.61,12.44,N
-3.15301,114.41726,304.61,1.14,1.06,2026-09-18,1312,T,53,6.1NRT,293.19,4.79,N
-3.22509,113.90373,317.56,1.08,1.04,2026-09-18,1312,T,95,6.1NRT,294.36,14.27,N
-3.22641,113.89429,357.58,1.08,1.04,2026-09-18,1312,T,100,6.1NRT,299.76,85.17,N
-3.22773,113.88485,320.91,1.08,1.04,2026-09-18,1312,T,100,6.1NRT,296.1,16.82,N
-3.21731,113.893,373,1.08,1.04,2026-09-18,1312,T,100,6.1NRT,300.57,137.36,N
-3.21863,113.88356,341.77,1.08,1.04,2026-09-18,1312,T,100,6.1NRT,298.97,47.4,N
-3.21995,113.87414,314.96,1.08,1.04,2026-09-18,1312,T,74,6.1NRT,295.47,10.14,N
-3.02881,115.15501,307.64,1.25,1.11,2026-09-18,1312,T,68,6.1NRT,294.41,6.43,N
-3.18947,114.02464,310.61,1.09,1.04,2026-09-18,1312,T,77,6.1NRT,294.13,8.82,N
-3.2082,113.89171,383.72,1.08,1.04,2026-09-18,1312,T,100,6.1NRT,299.42,184.81,N
-3.20952,113.88228,377.78,1.08,1.04,2026-09-18,1312,T,100,6.1NRT,303.49,156.63,N
-3.21085,113.87285,326.79,1.08,1.04,2026-09-18,1312,T,100,6.1NRT,297.52,22.85,N
-3.21218,113.86343,310.77,1.08,1.04,2026-09-18,1312,T,37,6.1NRT,295.15,7.13,N
-3.19775,113.89986,321.62,1.08,1.04,2026-09-18,1312,T,100,6.1NRT,294.92,17.19,N
-3.19909,113.89042,351.98,1.08,1.04,2026-09-18,1312,T,100,6.1NRT,296.61,69.91,N
-3.20042,113.88098,374.48,1.08,1.04,2026-09-18,1312,T,100,6.1NRT,304.33,142.32,N
-3.20175,113.87156,354.62,1.08,1.04,2026-09-18,1312,T,100,6.1NRT,302.2,76.29,N
-3.20308,113.86214,321.55,1.08,1.04,2026-09-18,1312,T,100,6.1NRT,296.12,17.69,N
-3.16524,114.07349,314.62,1.1,1.05,2026-09-18,1312,T,88,6.1NRT,295.62,11.83,N
-3.16656,114.06388,305.46,1.1,1.04,2026-09-18,1312,T,40,6.1NRT,294.16,4.35,N
-3.18883,113.90192,306.14,1.08,1.04,2026-09-18,1312,T,33,6.1NRT,294.3,4.59,N
-3.19013,113.89246,323.98,1.08,1.04,2026-09-18,1312,T,100,6.1NRT,295.23,20.99,N
-3.19143,113.88302,361.48,1.08,1.04,2026-09-18,1312,T,100,6.1NRT,300.26,96.89,N
-3.19273,113.87359,360.94,1.08,1.04,2026-09-18,1312,T,100,6.1NRT,303.45,95.48,N
-3.19403,113.86416,332.91,1.08,1.04,2026-09-18,1312,T,100,6.1NRT,297.9,32.63,N
-3.15605,114.07218,322.81,1.1,1.05,2026-09-18,1312,T,100,6.1NRT,296.44,20.74,N
-3.17972,113.90062,306.8,1.08,1.04,2026-09-18,1312,T,24,6.1NRT,294.38,4.95,N
-3.18102,113.89117,321.91,1.08,1.04,2026-09-18,1312,T,100,6.1NRT,294.99,18.39,N
-3.18232,113.88173,360.43,1.08,1.04,2026-09-18,1312,T,100,6.1NRT,297.54,93.44,N
-3.18362,113.8723,377.22,1.08,1.04,2026-09-18,1312,T,100,6.1NRT,303.34,155.15,N
-3.18492,113.86287,337.27,1.08,1.04,2026-09-18,1312,T,100,6.1NRT,296.39,39.76,N
-3.17191,113.88988,320.74,1.08,1.04,2026-09-18,1312,T,99,6.1NRT,295.2,15.52,N
-3.17322,113.88044,403.02,1.08,1.04,2026-09-18,1312,T,100,6.1NRT,299.36,299.2,N
-3.17452,113.871,414.33,1.08,1.04,2026-09-18,1312,T,100,6.1NRT,302.66,386.1,N
-3.17582,113.86158,335.05,1.08,1.04,2026-09-18,1312,T,100,6.1NRT,295.02,34.9,N
-3.43811,111.95857,305.22,1,1,2026-09-18,1312,T,41,6.1NRT,294.36,3.95,N
-3.1628,113.88859,315.17,1.08,1.04,2026-09-18,1312,T,32,6.1NRT,294.97,9.95,N
-3.16411,113.87914,326.52,1.08,1.04,2026-09-18,1312,T,100,6.1NRT,293.99,21.84,N
-3.16542,113.86971,317.94,1.08,1.04,2026-09-18,1312,T,87,6.1NRT,294.36,11.68,N
-3.16672,113.86028,320.67,1.08,1.04,2026-09-18,1312,T,100,6.1NRT,294.84,15.54,N
-3.16803,113.85087,312.85,1.08,1.04,2026-09-18,1312,T,36,6.1NRT,294.11,8.14,N
-3.18361,113.7385,310.55,1.07,1.03,2026-09-18,1312,T,77,6.1NRT,293.31,9.15,N
-3.43051,111.94857,307.08,1,1,2026-09-18,1312,T,66,6.1NRT,294.53,5.38,N
-3.15368,113.88729,314.48,1.08,1.04,2026-09-18,1312,T,35,6.1NRT,294.98,8.84,N
-3.15762,113.85899,381.06,1.08,1.04,2026-09-18,1312,T,100,6.1NRT,298.54,170.76,N
-3.15893,113.84958,346.17,1.08,1.04,2026-09-18,1312,T,100,6.1NRT,296.3,55.78,N
-3.13929,113.92384,316.68,1.08,1.04,2026-09-18,1312,T,55,6.1NRT,295.93,10.93,N
-3.14061,113.91437,319.24,1.08,1.04,2026-09-18,1312,T,80,6.1NRT,295.88,13.75,N
-3.14193,113.90491,315.91,1.08,1.04,2026-09-18,1312,T,39,6.1NRT,295.13,10.14,N
-3.14589,113.87656,346.9,1.08,1.04,2026-09-18,1312,T,100,6.1NRT,295.59,56.96,N
-3.14721,113.86711,315.44,1.08,1.04,2026-09-18,1312,T,89,6.1NRT,293.97,9.25,N
-3.14852,113.85769,375.67,1.08,1.04,2026-09-18,1312,T,100,6.1NRT,298.6,146.36,N
-3.14983,113.84829,348.18,1.08,1.04,2026-09-18,1312,T,100,6.1NRT,299.89,60.04,N
-3.15114,113.83889,310.84,1.07,1.03,2026-09-18,1312,T,21,6.1NRT,294.73,6.7,N
-3.15638,113.80132,315.39,1.07,1.03,2026-09-18,1312,T,90,6.1NRT,295.25,12.31,N
-3.15769,113.79195,336.26,1.07,1.03,2026-09-18,1312,T,100,6.1NRT,297.77,38.59,N
-3.15899,113.78259,328.02,1.07,1.03,2026-09-18,1312,T,100,6.1NRT,296.86,26.1,N
-3.1603,113.77325,322.14,1.07,1.03,2026-09-18,1312,T,100,6.1NRT,296.34,19.43,N
-3.34306,112.45419,306.99,1,1,2026-09-18,1312,T,66,6.1NRT,294.51,5.13,N
-3.11683,114.01774,307.2,1.09,1.04,2026-09-18,1312,T,58,6.1NRT,293.68,6.23,N
-3.13016,113.92255,331.73,1.08,1.04,2026-09-18,1312,T,100,6.1NRT,298.25,27.73,N
-3.13149,113.91308,333.85,1.08,1.04,2026-09-18,1312,T,100,6.1NRT,298.07,31.46,N
-3.13281,113.90362,322.2,1.08,1.04,2026-09-18,1312,T,100,6.1NRT,295.69,15.61,N
-3.13678,113.87527,363.45,1.08,1.04,2026-09-18,1312,T,100,6.1NRT,295.15,101.21,N
-3.1381,113.86584,323.23,1.08,1.04,2026-09-18,1312,T,100,6.1NRT,293.87,17.72,N
-3.14073,113.84701,331.46,1.08,1.04,2026-09-18,1312,T,100,6.1NRT,295.93,29.06,N
-3.14205,113.8376,312.6,1.07,1.03,2026-09-18,1312,T,41,6.1NRT,294.61,7.98,N
-3.14861,113.79066,336.77,1.07,1.03,2026-09-18,1312,T,100,6.1NRT,298.31,39.34,N
-3.14992,113.7813,360.06,1.07,1.03,2026-09-18,1312,T,100,6.1NRT,303.33,92.28,N
-3.15123,113.77196,379.49,1.07,1.03,2026-09-18,1312,T,100,6.1NRT,305.57,164.24,N
-3.15253,113.76262,316.19,1.07,1.03,2026-09-18,1312,T,92,6.1NRT,293.94,13.26,N
-3.04417,114.46687,306.49,1.15,1.07,2026-09-18,1312,T,63,6.1NRT,293.91,6.05,N
-3.04559,114.45683,308.81,1.15,1.07,2026-09-18,1312,T,72,6.1NRT,293.78,7.96,N
-3.10497,114.03558,337.99,1.1,1.04,2026-09-18,1312,T,100,6.1NRT,299.27,42.85,N
-3.10632,114.02601,320.49,1.09,1.04,2026-09-18,1312,T,100,6.1NRT,295.84,17.81,N
-3.11571,113.95919,325.17,1.09,1.04,2026-09-18,1312,T,100,6.1NRT,296.03,22.38,N
-3.11704,113.94969,332.17,1.09,1.04,2026-09-18,1312,T,100,6.1NRT,297.54,30.69,N
-3.12104,113.92126,353.14,1.08,1.04,2026-09-18,1312,T,100,6.1NRT,302.63,70.85,N
-3.12237,113.91179,352.27,1.08,1.04,2026-09-18,1312,T,100,6.1NRT,301.36,68.78,N
-3.13954,113.78938,320.98,1.07,1.03,2026-09-18,1312,T,100,6.1NRT,296.54,16.82,N
-3.14085,113.78002,342.11,1.07,1.03,2026-09-18,1312,T,100,6.1NRT,299.1,48.4,N
-3.14216,113.77068,327.73,1.07,1.03,2026-09-18,1312,T,100,6.1NRT,295.66,25.95,N
-3.10657,113.9579,319.56,1.09,1.04,2026-09-18,1312,T,76,6.1NRT,295.37,15.61,N
-3.10791,113.94839,335.01,1.09,1.04,2026-09-18,1312,T,100,6.1NRT,297.68,34.86,N
-3.11191,113.91996,356.24,1.08,1.04,2026-09-18,1312,T,100,6.1NRT,301.09,79.89,N
-3.11324,113.91049,379.3,1.08,1.04,2026-09-18,1312,T,100,6.1NRT,302.41,163.39,N
-3.1159,113.89159,316.79,1.08,1.04,2026-09-18,1312,T,72,6.1NRT,294.74,11,N
-3.13046,113.7881,311.49,1.07,1.03,2026-09-18,1312,T,80,6.1NRT,295.19,8.38,N
-3.13177,113.77875,328.37,1.07,1.03,2026-09-18,1312,T,100,6.1NRT,296.51,26.49,N
-3.09742,113.95662,317.66,1.09,1.04,2026-09-18,1312,T,88,6.1NRT,295.42,13.96,N
-3.09877,113.94711,359.86,1.09,1.04,2026-09-18,1312,T,100,6.1NRT,302.09,91.56,N
-3.10011,113.93761,321.45,1.09,1.04,2026-09-18,1312,T,98,6.1NRT,296.3,16.72,N
-3.10278,113.91867,320.63,1.08,1.04,2026-09-18,1312,T,69,6.1NRT,296.05,15.07,N
-3.10412,113.9092,333.26,1.08,1.04,2026-09-18,1312,T,100,6.1NRT,295.73,32.32,N
-3.1227,113.77747,306.48,1.07,1.03,2026-09-18,1312,T,61,6.1NRT,294.23,5.36,N
-3.09016,113.94981,366.12,1.09,1.04,2026-09-18,1312,T,100,6.1NRT,303.4,114.29,N
-3.09147,113.94028,355.98,1.09,1.04,2026-09-18,1312,T,100,6.1NRT,301.66,82.5,N
-3.09407,113.92132,311.57,1.08,1.04,2026-09-18,1312,T,78,6.1NRT,294.66,8.41,N
-3.09538,113.91184,310.65,1.08,1.04,2026-09-18,1312,T,67,6.1NRT,294.73,7.75,N
-3.10058,113.87399,305.76,1.08,1.04,2026-09-18,1312,T,32,6.1NRT,294.07,4.92,N
-3.10188,113.86453,306.05,1.08,1.04,2026-09-18,1312,T,39,6.1NRT,293.8,5.16,N
-3.27572,112.59975,317.98,1,1,2026-09-18,1312,T,96,6.1NRT,294.46,14.15,N
-3.27693,112.59097,313.17,1,1,2026-09-18,1312,T,85,6.1NRT,293.73,10.06,N
-3.08101,113.94852,362.05,1.09,1.04,2026-09-18,1312,T,100,6.1NRT,299.92,100.76,N
-3.08232,113.93901,366.16,1.09,1.04,2026-09-18,1312,T,100,6.1NRT,301.22,114,N
-3.08494,113.92003,310.85,1.08,1.04,2026-09-18,1312,T,73,6.1NRT,294.53,7.85,N
-3.26692,112.59851,311.84,1,1,2026-09-18,1312,T,82,6.1NRT,293.54,8.66,N
-3.26813,112.58974,324.68,1,1,2026-09-18,1312,T,100,6.1NRT,293.79,20.55,N
-3.27537,112.53708,306.25,1,1,2026-09-18,1312,T,63,6.1NRT,292.92,5.32,N
-3.07187,113.94724,349.7,1.09,1.04,2026-09-18,1312,T,100,6.1NRT,296.24,66.22,N
-3.07318,113.93773,381.06,1.09,1.04,2026-09-18,1312,T,100,6.1NRT,300.01,174.18,N
-3.07581,113.91873,311.22,1.08,1.04,2026-09-18,1312,T,78,6.1NRT,294.52,7.92,N
-3.25932,112.5885,312.75,1,1,2026-09-18,1312,T,84,6.1NRT,293.92,9.67,N
-3.05213,114.02232,309.05,1.1,1.04,2026-09-18,1312,T,30,6.1NRT,293.97,6.6,N
-3.05346,114.01274,310.46,1.09,1.04,2026-09-18,1312,T,77,6.1NRT,294.1,8.58,N
-3.06273,113.94594,313.03,1.09,1.04,2026-09-18,1312,T,84,6.1NRT,294.29,9.63,N
-3.06404,113.93643,374.24,1.09,1.04,2026-09-18,1312,T,100,6.1NRT,300.44,143.78,N
-3.06536,113.92693,324.89,1.09,1.04,2026-09-18,1312,T,100,6.1NRT,295.45,21.49,N
-3.25052,112.58727,309.63,1,1,2026-09-18,1312,T,75,6.1NRT,293.67,7.75,N
-3.04429,114.01144,320.93,1.09,1.04,2026-09-18,1312,T,100,6.1NRT,295.19,17.24,N
-3.04562,114.00187,347.02,1.09,1.04,2026-09-18,1312,T,100,6.1NRT,298.28,59.85,N
-3.04695,113.99231,340.23,1.09,1.04,2026-09-18,1312,T,100,6.1NRT,297.39,46.44,N
-3.05358,113.94464,310.71,1.09,1.04,2026-09-18,1312,T,78,6.1NRT,294.53,7.66,N
-3.05491,113.93513,385.53,1.09,1.04,2026-09-18,1312,T,100,6.1NRT,302.42,195.93,N
-3.05623,113.92561,336.26,1.09,1.04,2026-09-18,1312,T,100,6.1NRT,296.86,38.03,N
-3.05755,113.91612,319.77,1.08,1.04,2026-09-18,1312,T,99,6.1NRT,295.37,15.28,N
-3.28996,112.23563,306.03,1,1,2026-09-18,1312,T,63,6.1NRT,294.31,4.6,N
-3.02976,114.04851,333,1.1,1.05,2026-09-18,1312,T,100,6.1NRT,298.88,33.34,N
-3.03779,113.99101,334.56,1.09,1.04,2026-09-18,1312,T,100,6.1NRT,297.31,35.68,N
-3.03912,113.98146,334.1,1.09,1.04,2026-09-18,1312,T,100,6.1NRT,295.83,35.26,N
-3.04444,113.94334,323.16,1.09,1.04,2026-09-18,1312,T,100,6.1NRT,295.42,20.34,N
-3.04577,113.93382,431.6,1.09,1.04,2026-09-18,1312,T,100,6.1NRT,312.75,561.36,N
-3.0471,113.92432,358.91,1.09,1.04,2026-09-18,1312,T,100,6.1NRT,300.61,88.15,N
-3.04842,113.91483,319.84,1.08,1.04,2026-09-18,1312,T,99,6.1NRT,295.71,15.52,N
-3.02057,114.0472,324.98,1.1,1.05,2026-09-18,1312,T,100,6.1NRT,296.15,21.53,N
-3.02191,114.0376,312.97,1.1,1.04,2026-09-18,1312,T,20,6.1NRT,294.78,7.9,N
-3.02862,113.98972,350.87,1.09,1.04,2026-09-18,1312,T,100,6.1NRT,297.17,69.29,N
-3.02996,113.98017,337.23,1.09,1.04,2026-09-18,1312,T,100,6.1NRT,294.96,40.68,N
-3.0353,113.94205,315.05,1.09,1.04,2026-09-18,1312,T,89,6.1NRT,294.78,11.75,N
-3.03663,113.93253,413.62,1.09,1.04,2026-09-18,1312,T,100,6.1NRT,310.25,385.16,N
-3.03796,113.92303,387.59,1.09,1.04,2026-09-18,1312,T,100,6.1NRT,307.48,205.77,N
-3.03929,113.91354,324.74,1.08,1.04,2026-09-18,1312,T,100,6.1NRT,296.52,21.36,N
-3.06688,113.71616,319.01,1.07,1.03,2026-09-18,1312,T,98,6.1NRT,294,16.84,N
-3.01138,114.04591,369.79,1.1,1.05,2026-09-18,1312,T,100,6.1NRT,301.05,127.83,N
-3.01273,114.0363,331.19,1.1,1.04,2026-09-18,1312,T,100,6.1NRT,296.1,29.36,N
-3.02749,113.93125,325.07,1.09,1.04,2026-09-18,1312,T,100,6.1NRT,295.34,22.37,N
-3.02882,113.92175,333.3,1.09,1.04,2026-09-18,1312,T,100,6.1NRT,295.73,33.52,N
-3.03015,113.91225,307.82,1.08,1.04,2026-09-18,1312,T,27,6.1NRT,294.19,5.25,N
-3.21652,112.57356,306.89,1,1,2026-09-18,1312,T,66,6.1NRT,293.94,5.55,N
-3.21773,112.56478,307.11,1,1,2026-09-18,1312,T,67,6.1NRT,293.36,5.79,N
-3.00084,114.05421,326.98,1.1,1.05,2026-09-18,1312,T,100,6.1NRT,295.95,25.05,N
-3.00219,114.0446,451.61,1.1,1.05,2026-09-18,1312,T,100,6.1NRT,315.12,835.6,N
-3.00355,114.035,362.37,1.1,1.04,2026-09-18,1312,T,100,6.1NRT,299.58,101.05,N
-3.00895,113.99668,315.81,1.09,1.04,2026-09-18,1312,T,30,6.1NRT,295.32,11.01,N
-3.0103,113.98712,321.78,1.09,1.04,2026-09-18,1312,T,100,6.1NRT,295.01,18.15,N
-3.25119,112.25697,303.77,1,1,2026-09-18,1312,T,51,6.1NRT,293.7,3.47,N
-2.99164,114.05292,310.64,1.1,1.05,2026-09-18,1312,T,78,6.1NRT,294.51,7.62,N
-2.993,114.0433,396.14,1.1,1.05,2026-09-18,1312,T,100,6.1NRT,303.06,260.59,N
-2.99436,114.0337,345.43,1.1,1.04,2026-09-18,1312,T,100,6.1NRT,297.38,55.78,N
-2.99978,113.99538,313.69,1.09,1.04,2026-09-18,1312,T,13,6.1NRT,295.2,9.42,N
-2.98478,114.04553,336.02,1.1,1.05,2026-09-18,1312,T,100,6.1NRT,295.14,39.39,N
-2.9861,114.03592,328.16,1.1,1.05,2026-09-18,1312,T,100,6.1NRT,295.34,27.14,N
-2.99137,113.99754,316.69,1.09,1.04,2026-09-18,1312,T,93,6.1NRT,295.01,13.58,N
-3.14363,112.88953,310.69,1.01,1.01,2026-09-18,1312,T,79,6.1NRT,294.48,7.06,N
-2.9822,113.99624,312.56,1.09,1.04,2026-09-18,1312,T,50,6.1NRT,295.36,9.37,N
-2.98352,113.98666,309.33,1.09,1.04,2026-09-18,1312,T,32,6.1NRT,294.68,7.13,N
-3.13479,112.88828,323.3,1.01,1.01,2026-09-18,1312,T,100,6.1NRT,294.99,18.57,N
-3.18691,112.50948,303.52,1,1,2026-09-18,1312,T,49,6.1NRT,292.96,4.11,N
-2.96773,114.03331,308.2,1.1,1.05,2026-09-18,1312,T,56,6.1NRT,294.54,5.83,N
-2.97303,113.99493,330.83,1.09,1.04,2026-09-18,1312,T,100,6.1NRT,297.61,29.89,N
-2.97436,113.98536,352.43,1.09,1.04,2026-09-18,1312,T,100,6.1NRT,299.24,73.28,N
-2.97568,113.9758,329.29,1.09,1.04,2026-09-18,1312,T,100,6.1NRT,295.02,28.54,N
-2.98621,113.89965,306.42,1.08,1.04,2026-09-18,1312,T,62,6.1NRT,294.24,5.74,N
-2.98752,113.89018,316.94,1.08,1.04,2026-09-18,1312,T,94,6.1NRT,295.08,13.89,N
-2.98883,113.88071,311.41,1.08,1.04,2026-09-18,1312,T,80,6.1NRT,295.85,8.96,N
-2.99013,113.87126,308.9,1.08,1.04,2026-09-18,1312,T,72,6.1NRT,294.96,7.23,N
-2.95987,114.0224,311.89,1.1,1.04,2026-09-18,1312,T,53,6.1NRT,294.64,8.23,N
-2.97708,113.89836,318.87,1.08,1.04,2026-09-18,1312,T,97,6.1NRT,294.95,16.14,N
-2.97839,113.88889,357.62,1.08,1.04,2026-09-18,1312,T,100,6.1NRT,300.62,86.56,N
-2.9797,113.87943,324.66,1.08,1.04,2026-09-18,1312,T,100,6.1NRT,297.31,21.87,N
-3.11589,112.89467,310.38,1.01,1.01,2026-09-18,1312,T,73,6.1NRT,294.63,7.37,N
-2.86913,114.60572,308.9,1.17,1.08,2026-09-18,1312,T,63,6.1NRT,293.39,7.63,N
-2.87057,114.59547,305.38,1.17,1.08,2026-09-18,1312,T,17,6.1NRT,293.03,4.76,N
-2.95202,114.01151,310.91,1.1,1.04,2026-09-18,1312,T,30,6.1NRT,294.87,7.39,N
-2.95336,114.00191,310.96,1.1,1.04,2026-09-18,1312,T,43,6.1NRT,294.87,7.54,N
-2.96794,113.89707,326.15,1.08,1.04,2026-09-18,1312,T,100,6.1NRT,297.08,24.54,N
-2.96926,113.8876,341.42,1.08,1.04,2026-09-18,1312,T,100,6.1NRT,300.69,47.57,N
-2.97058,113.87814,316.17,1.08,1.04,2026-09-18,1312,T,49,6.1NRT,296.55,11.76,N
-2.95881,113.89577,343.64,1.08,1.04,2026-09-18,1312,T,100,6.1NRT,298.49,53.02,N
-2.96013,113.88631,348.93,1.08,1.04,2026-09-18,1312,T,100,6.1NRT,303.51,63.95,N
-2.96145,113.87685,323.31,1.08,1.04,2026-09-18,1312,T,100,6.1NRT,297.58,19.93,N
-3.24326,111.83866,309.84,1.01,1,2026-09-18,1312,T,20,6.1NRT,293.26,7.21,N
-3.24447,111.82986,315.65,1.01,1,2026-09-18,1312,T,71,6.1NRT,293.85,11.53,N
-2.85019,114.60303,330.28,1.17,1.08,2026-09-18,1312,T,100,6.1NRT,294.58,33.14,N
-2.94968,113.8945,321.73,1.08,1.04,2026-09-18,1312,T,100,6.1NRT,294.73,18.99,N
-2.951,113.88503,321.2,1.08,1.04,2026-09-18,1312,T,100,6.1NRT,296.65,18.1,N
-2.95233,113.87556,311.81,1.08,1.04,2026-09-18,1312,T,78,6.1NRT,295.69,8.89,N
-2.96419,113.79072,307.92,1.07,1.03,2026-09-18,1312,T,49,6.1NRT,294.49,5.88,N
-3.23566,111.82864,324.5,1.01,1,2026-09-18,1312,T,100,6.1NRT,295.16,19.7,N
-3.23686,111.81984,309.66,1.01,1,2026-09-18,1312,T,20,6.1NRT,293.07,6.16,N
-2.84071,114.60168,315.37,1.17,1.08,2026-09-18,1312,T,90,6.1NRT,293.51,13.94,N
-2.88338,114.29964,312.83,1.13,1.06,2026-09-18,1312,T,84,6.1NRT,293.58,10.97,N
-2.88477,114.28976,336.49,1.13,1.06,2026-09-18,1312,T,100,6.1NRT,295.06,42.19,N
-2.88616,114.27988,313.58,1.13,1.06,2026-09-18,1312,T,39,6.1NRT,294.16,10.59,N
-2.88755,114.27002,329.15,1.13,1.06,2026-09-18,1312,T,100,6.1NRT,294.54,29.65,N
-2.88894,114.26017,307.67,1.13,1.06,2026-09-18,1312,T,28,6.1NRT,293.2,5.98,N
-2.94055,113.89321,305.71,1.08,1.04,2026-09-18,1312,T,59,6.1NRT,293.85,5.33,N
-2.94188,113.88374,306.04,1.08,1.04,2026-09-18,1312,T,61,6.1NRT,294.43,5.36,N
-3.21962,111.88016,323,1,1,2026-09-18,1312,T,100,6.1NRT,293.52,18.75,N
-3.22083,111.87137,323.22,1,1,2026-09-18,1312,T,100,6.1NRT,293.97,18.69,N
-2.87406,114.29832,369.02,1.13,1.06,2026-09-18,1312,T,100,6.1NRT,296.61,132.45,N
-2.87546,114.28844,334.27,1.13,1.06,2026-09-18,1312,T,100,6.1NRT,294.85,38.13,N
-2.94733,113.77876,318.62,1.07,1.03,2026-09-18,1312,T,97,6.1NRT,295.63,14.31,N
-2.94865,113.76938,318.79,1.07,1.03,2026-09-18,1312,T,97,6.1NRT,295.26,14.75,N
-3.20961,111.88771,305.59,1,1,2026-09-18,1312,T,27,6.1NRT,292.61,4.8,N
-3.21082,111.87893,341.14,1,1,2026-09-18,1312,T,100,6.1NRT,294.74,43.41,N
-2.86475,114.297,319.76,1.13,1.06,2026-09-18,1312,T,99,6.1NRT,294.2,17.78,N
-2.86615,114.28712,317.75,1.13,1.06,2026-09-18,1312,T,95,6.1NRT,294.01,15.58,N
-3.18879,111.97424,334.31,1,1,2026-09-18,1312,T,100,6.1NRT,295.35,32.79,N
-3.18999,111.96548,331.55,1,1,2026-09-18,1312,T,100,6.1NRT,295.35,28.87,N
-3.19119,111.95671,336.61,1,1,2026-09-18,1312,T,100,6.1NRT,295.35,36.23,N
-3.20081,111.88649,319.14,1,1,2026-09-18,1312,T,98,6.1NRT,293.76,14.92,N
-3.05649,112.8533,308.36,1.01,1.01,2026-09-18,1312,T,72,6.1NRT,293.48,6.39,N
-3.12298,112.36961,313.03,1,1,2026-09-18,1312,T,85,6.1NRT,292.7,10.94,N
-3.17114,112.01949,312,1,1,2026-09-18,1312,T,36,6.1NRT,293.73,8.37,N
-3.17235,112.01073,343.28,1,1,2026-09-18,1312,T,100,6.1NRT,297.75,46.28,N
-3.17355,112.00196,325.96,1,1,2026-09-18,1312,T,94,6.1NRT,295.59,20.57,N
-3.17597,111.98444,318.99,1,1,2026-09-18,1312,T,74,6.1NRT,295.33,13.53,N
-3.17717,111.97567,340.58,1,1,2026-09-18,1312,T,100,6.1NRT,298.34,42.02,N
-3.18079,111.94936,305.24,1,1,2026-09-18,1312,T,39,6.1NRT,293.8,4.2,N
-3.182,111.9406,322.86,1,1,2026-09-18,1312,T,100,6.1NRT,294.54,18.47,N
-3.18321,111.93182,330.97,1,1,2026-09-18,1312,T,100,6.1NRT,295.33,27.87,N
-3.18441,111.92305,326.5,1,1,2026-09-18,1312,T,100,6.1NRT,293.94,22.62,N
-3.18804,111.89672,333.51,1,1,2026-09-18,1312,T,100,6.1NRT,294.34,32.55,N
-3.18925,111.88794,330.78,1,1,2026-09-18,1312,T,100,6.1NRT,295.27,28.61,N
-3.16235,112.01826,311.92,1,1,2026-09-18,1312,T,58,6.1NRT,293.68,8.4,N
-3.16355,112.0095,319.84,1,1,2026-09-18,1312,T,99,6.1NRT,295.41,15.13,N
-3.16596,111.99197,311.42,1,1,2026-09-18,1312,T,47,6.1NRT,294.55,7.59,N
-3.16717,111.98321,316.89,1,1,2026-09-18,1312,T,81,6.1NRT,295.16,11.66,N
-3.16838,111.97444,318.56,1,1,2026-09-18,1312,T,97,6.1NRT,295.47,13.51,N
-3.17561,111.92182,310.7,1,1,2026-09-18,1312,T,48,6.1NRT,293.99,7.81,N
-3.17682,111.91305,329.58,1,1,2026-09-18,1312,T,100,6.1NRT,294.68,26.02,N
-3.17803,111.90427,316.81,1,1,2026-09-18,1312,T,94,6.1NRT,293.07,13.2,N
-3.17923,111.89549,332.96,1,1,2026-09-18,1312,T,100,6.1NRT,294.8,31.62,N
-3.18044,111.88671,310.32,1,1,2026-09-18,1312,T,78,6.1NRT,293.94,8.06,N
-2.91361,113.75856,307.85,1.07,1.03,2026-09-18,1312,T,67,6.1NRT,294.56,6.43,N
-3.15355,112.01703,308.45,1,1,2026-09-18,1312,T,69,6.1NRT,293.51,6.24,N
-3.15837,111.98198,325.37,1,1,2026-09-18,1312,T,100,6.1NRT,296.8,20.29,N
-3.16802,111.91183,333.81,1,1,2026-09-18,1312,T,100,6.1NRT,295.92,30.45,N
-3.16922,111.90305,363.49,1,1,2026-09-18,1312,T,100,6.1NRT,297.75,93.81,N
-3.17043,111.89427,346.23,1,1,2026-09-18,1312,T,100,6.1NRT,296.1,52.4,N
-3.17164,111.88549,320.48,1,1,2026-09-18,1312,T,100,6.1NRT,294.24,15.56,N
-3.10263,112.32215,303.48,1,1,2026-09-18,1312,T,50,6.1NRT,292.19,4.74,N
-3.15801,111.91937,323.79,1,1,2026-09-18,1312,T,100,6.1NRT,296.04,18.42,N
-3.15921,111.9106,316.9,1,1,2026-09-18,1312,T,94,6.1NRT,295.55,10.91,N
-3.16042,111.90182,363.9,1,1,2026-09-18,1312,T,100,6.1NRT,299.4,94.52,N
-3.16162,111.89304,372.29,1,1,2026-09-18,1312,T,100,6.1NRT,299.64,121.63,N
-3.16283,111.88426,326.06,1,1,2026-09-18,1312,T,100,6.1NRT,294.7,21,N
-3.15161,111.9006,325.36,1,1,2026-09-18,1312,T,100,6.1NRT,295.12,20.14,N
-3.15282,111.89182,377.66,1,1,2026-09-18,1312,T,100,6.1NRT,298.75,141.71,N
-3.15402,111.88304,350.84,1,1,2026-09-18,1312,T,100,6.1NRT,297.52,61.49,N
-3.15523,111.87426,305.81,1,1,2026-09-18,1312,T,59,6.1NRT,294.45,3.82,N
-3.14522,111.88181,326.27,1,1,2026-09-18,1312,T,100,6.1NRT,295.48,21.36,N
-3.14642,111.87303,326.83,1,1,2026-09-18,1312,T,100,6.1NRT,295.48,22.04,N
-2.92996,113.30996,316.29,1.04,1.02,2026-09-18,1312,T,85,6.1NRT,295.1,11.88,N
-2.95879,113.10276,304.55,1.02,1.01,2026-09-18,1312,T,4,6.1NRT,294.22,3.77,N
-3.10837,112.01966,305.33,1,1,2026-09-18,1312,T,57,6.1NRT,294.15,4.4,N
-3.13001,111.86179,317.65,1,1,2026-09-18,1312,T,95,6.1NRT,295.19,12.17,N
-3.13122,111.85301,322.94,1,1,2026-09-18,1312,T,100,6.1NRT,295.44,18,N
-2.94991,113.10152,308.48,1.02,1.01,2026-09-18,1312,T,72,6.1NRT,294.67,6.54,N
-2.95115,113.09256,304.77,1.02,1.01,2026-09-18,1312,T,46,6.1NRT,294.03,3.86,N
-3.03452,112.4912,308.81,1,1,2026-09-18,1312,T,74,6.1NRT,292.91,7.7,N
-3.05385,112.35103,303.07,1,1,2026-09-18,1312,T,47,6.1NRT,292.92,3.82,N
-3.11279,111.92201,307.61,1,1,2026-09-18,1312,T,70,6.1NRT,294.86,5.03,N
-3.114,111.91324,307.41,1,1,2026-09-18,1312,T,27,6.1NRT,295.12,4.64,N
-3.12241,111.85178,324.03,1,1,2026-09-18,1312,T,100,6.1NRT,294.68,19.55,N
-2.68436,114.91573,305.8,1.23,1.1,2026-09-18,1312,T,37,6.1NRT,294.12,4.91,N
-2.84341,113.79655,313.8,1.08,1.04,2026-09-18,1312,T,87,6.1NRT,295.99,11.81,N
-2.84473,113.78715,308.79,1.08,1.04,2026-09-18,1312,T,72,6.1NRT,294.54,7.74,N
-3.00142,112.66565,305.72,1.01,1,2026-09-18,1312,T,62,6.1NRT,293.51,5.26,N
-3.1088,111.88568,313.83,1,1,2026-09-18,1312,T,87,6.1NRT,295.84,9.61,N
-3.1136,111.85056,332.79,1,1,2026-09-18,1312,T,100,6.1NRT,294.13,30.19,N
-3.1148,111.84177,327.49,1,1,2026-09-18,1312,T,100,6.1NRT,293.94,23.33,N
-2.68189,114.90909,316.6,1.23,1.1,2026-09-18,1312,T,93,6.1NRT,295.57,15.64,N
-2.68336,114.89837,314.96,1.22,1.1,2026-09-18,1312,T,89,6.1NRT,294.78,13.59,N
-2.83443,113.79852,321.14,1.08,1.04,2026-09-18,1312,T,100,6.1NRT,296.92,19.25,N
-2.83572,113.78909,320.14,1.08,1.04,2026-09-18,1312,T,100,6.1NRT,295.55,18,N
-3.09837,111.87794,312.26,1,1,2026-09-18,1312,T,83,6.1NRT,294.94,8.65,N
-3.10441,111.83402,316.43,1,1,2026-09-18,1312,T,93,6.1NRT,293.94,11.66,N
-2.67222,114.90771,316.93,1.23,1.1,2026-09-18,1312,T,94,6.1NRT,294.66,16.76,N
-2.6737,114.89699,308.98,1.22,1.1,2026-09-18,1312,T,61,6.1NRT,293.56,8.3,N
-2.92495,113.07344,317.52,1.02,1.01,2026-09-18,1312,T,95,6.1NRT,295.6,13.3,N
-2.91483,113.08114,307.13,1.02,1.01,2026-09-18,1312,T,67,6.1NRT,293.97,5.57,N
-2.91606,113.07219,309.1,1.02,1.01,2026-09-18,1312,T,74,6.1NRT,294.46,6.94,N
-2.98557,112.56753,309.25,1,1,2026-09-18,1312,T,75,6.1NRT,293.03,8.08,N
-3.07593,111.91061,313.7,1,1,2026-09-18,1312,T,87,6.1NRT,295.01,9.93,N
-3.0868,111.83157,306.14,1,1,2026-09-18,1312,T,64,6.1NRT,294.48,4.53,N
-2.64537,114.95877,326.02,1.24,1.1,2026-09-18,1312,T,100,6.1NRT,296.38,29.25,N
-2.64688,114.94798,313.14,1.23,1.1,2026-09-18,1312,T,85,6.1NRT,294.44,12.56,N
-2.77542,114.0233,319.5,1.1,1.05,2026-09-18,1312,T,99,6.1NRT,294.71,17.35,N
-2.77676,114.01366,321.11,1.1,1.05,2026-09-18,1312,T,100,6.1NRT,294.23,19.51,N
-2.63566,114.95739,317.05,1.24,1.1,2026-09-18,1312,T,94,6.1NRT,294.53,17.08,N
-2.76622,114.022,332.44,1.1,1.05,2026-09-18,1312,T,100,6.1NRT,296.18,34.3,N
-2.76756,114.01237,330.23,1.1,1.05,2026-09-18,1312,T,100,6.1NRT,295.4,31.14,N
-2.91924,112.91815,318.93,1.02,1.01,2026-09-18,1312,T,98,6.1NRT,294.86,15.2,N
-2.92046,112.90926,353.91,1.02,1.01,2026-09-18,1312,T,100,6.1NRT,298.14,70.46,N
-2.92169,112.90039,304.96,1.01,1.01,2026-09-18,1312,T,12,6.1NRT,293.65,3.98,N
-2.99212,112.38969,303.8,1,1,2026-09-18,1312,T,51,6.1NRT,293.55,4.07,N
-2.75298,114.04964,319.08,1.1,1.05,2026-09-18,1312,T,98,6.1NRT,294.41,16.2,N
-2.90916,112.92579,303.3,1.02,1.01,2026-09-18,1312,T,47,6.1NRT,293.12,3.79,N
-2.91038,112.91691,321.28,1.02,1.01,2026-09-18,1312,T,100,6.1NRT,294.29,17.65,N
-2.91161,112.90802,319.46,1.02,1.01,2026-09-18,1312,T,99,6.1NRT,294.46,15.1,N
-2.91284,112.89914,326.03,1.01,1.01,2026-09-18,1312,T,100,6.1NRT,294.58,22.2,N
-2.98332,112.38847,312.71,1,1,2026-09-18,1312,T,84,6.1NRT,294.14,10.02,N
-2.61166,114.98711,311.84,1.24,1.11,2026-09-18,1312,T,82,6.1NRT,294.81,10.9,N
-2.61319,114.97626,320.14,1.24,1.11,2026-09-18,1312,T,100,6.1NRT,295.17,20.85,N
-2.87805,113.08508,304.47,1.02,1.01,2026-09-18,1312,T,50,6.1NRT,293.55,3.7,N
-2.90399,112.8979,327.35,1.01,1.01,2026-09-18,1312,T,100,6.1NRT,295.45,24.13,N
-2.90522,112.88902,308.66,1.01,1.01,2026-09-18,1312,T,73,6.1NRT,293.5,6.51,N
-2.40957,116.33052,309.76,1.54,1.22,2026-09-18,1312,T,76,6.1NRT,292.04,13.74,N
-2.4115,116.31712,312.48,1.54,1.22,2026-09-18,1312,T,84,6.1NRT,292.24,17.83,N
-2.45477,116.0162,304.12,1.46,1.19,2026-09-18,1312,T,51,6.1NRT,292.31,6.73,N
-2.97538,112.31597,316.46,1,1,2026-09-18,1312,T,93,6.1NRT,294.19,13.21,N
-2.97659,112.30722,326.01,1,1,2026-09-18,1312,T,100,6.1NRT,294.13,22.75,N
-2.39882,116.32899,321.97,1.54,1.22,2026-09-18,1312,T,100,6.1NRT,292.38,32.48,N
-2.40076,116.31557,326.72,1.54,1.22,2026-09-18,1312,T,100,6.1NRT,292.44,42.56,N
-2.40271,116.30215,304.65,1.53,1.22,2026-09-18,1312,T,14,6.1NRT,291.61,7.16,N
-2.5922,114.98434,310.62,1.24,1.11,2026-09-18,1312,T,39,6.1NRT,294.25,8.83,N
-2.68797,114.31035,309.92,1.14,1.06,2026-09-18,1312,T,36,6.1NRT,293.7,7.24,N
-2.86276,113.0647,306.24,1.02,1.01,2026-09-18,1312,T,63,6.1NRT,294.27,5.17,N
-2.96659,112.31474,318.9,1,1,2026-09-18,1312,T,98,6.1NRT,293.68,15.38,N
-2.9678,112.30599,339.98,1,1,2026-09-18,1312,T,100,6.1NRT,295.08,42.16,N
-2.38219,116.36781,333,1.55,1.23,2026-09-18,1312,T,100,6.1NRT,291.98,59.3,N
-2.38416,116.35431,317.59,1.55,1.23,2026-09-18,1312,T,95,6.1NRT,291.47,25.23,N
-2.58092,114.9938,308.71,1.24,1.11,2026-09-18,1312,T,41,6.1NRT,294.43,7.1,N
-2.58247,114.98295,314.83,1.24,1.11,2026-09-18,1312,T,89,6.1NRT,294.74,13.79,N
-2.60095,114.85395,308.26,1.22,1.1,2026-09-18,1312,T,71,6.1NRT,294.06,7.61,N
-2.62355,114.69583,307.77,1.19,1.09,2026-09-18,1312,T,69,6.1NRT,293.36,7.59,N
-2.39548,116.32269,313.6,1.54,1.22,2026-09-18,1312,T,85,6.1NRT,292.12,18.2,N
-2.57908,114.98758,318.48,1.24,1.11,2026-09-18,1312,T,97,6.1NRT,295.32,17.57,N
-2.58058,114.97672,309.97,1.24,1.11,2026-09-18,1312,T,20,6.1NRT,294.28,8.36,N
-2.59684,114.8583,314.23,1.22,1.1,2026-09-18,1312,T,88,6.1NRT,294.94,13.24,N
-2.70552,114.06667,308.86,1.11,1.05,2026-09-18,1312,T,72,6.1NRT,294.17,8.11,N
-2.37726,116.37508,302.56,1.55,1.23,2026-09-18,1312,T,38,6.1NRT,291.5,6.24,N
-2.37913,116.36156,342.48,1.55,1.23,2026-09-18,1312,T,100,6.1NRT,292.32,88.01,N
-2.56935,114.98619,325.63,1.24,1.11,2026-09-18,1312,T,100,6.1NRT,296.62,27.65,N
-2.57085,114.97533,318.35,1.24,1.11,2026-09-18,1312,T,80,6.1NRT,294.99,17.73,N
-2.58719,114.85693,306.76,1.22,1.1,2026-09-18,1312,T,43,6.1NRT,294.19,6.18,N
-2.6652,114.29109,334.97,1.14,1.06,2026-09-18,1312,T,100,6.1NRT,296.4,39.02,N
-2.67882,114.19227,305.08,1.12,1.06,2026-09-18,1312,T,51,6.1NRT,293.91,4.61,N
-2.68152,114.17263,311.12,1.12,1.06,2026-09-18,1312,T,79,6.1NRT,293.53,9.37,N
-2.94576,112.25238,311.51,1,1,2026-09-18,1312,T,81,6.1NRT,293.75,8.71,N
-2.55961,114.9848,316.03,1.24,1.11,2026-09-18,1312,T,92,6.1NRT,294.59,15.94,N
-2.56112,114.97394,307.14,1.24,1.11,2026-09-18,1312,T,22,6.1NRT,293.57,6.98,N
-2.87903,112.67217,307.59,1.01,1,2026-09-18,1312,T,69,6.1NRT,293.84,6.61,N
-2.93817,112.2424,313.16,1,1,2026-09-18,1312,T,85,6.1NRT,293.01,10,N
-2.641,114.32829,308.89,1.14,1.06,2026-09-18,1312,T,22,6.1NRT,294.65,6.24,N
-2.64239,114.31831,313.26,1.14,1.06,2026-09-18,1312,T,34,6.1NRT,294.59,9.28,N
-2.81884,113.04349,304.77,1.02,1.01,2026-09-18,1312,T,56,6.1NRT,293.84,4.55,N
-2.80872,113.05117,311.55,1.02,1.01,2026-09-18,1312,T,81,6.1NRT,294.1,9.05,N
-2.64167,114.187,306.95,1.12,1.06,2026-09-18,1312,T,65,6.1NRT,293.6,5.68,N
-2.5032,115.0324,307.04,1.25,1.11,2026-09-18,1312,T,66,6.1NRT,293.09,8.06,N
-2.60217,114.33297,306.15,1.14,1.07,2026-09-18,1312,T,62,6.1NRT,294.01,5,N
-2.80802,112.8604,324.3,1.01,1.01,2026-09-18,1312,T,100,6.1NRT,295.67,19.54,N
-2.79794,112.86804,314.05,1.01,1.01,2026-09-18,1312,T,26,6.1NRT,294.62,9.09,N
-2.79917,112.85917,370.74,1.01,1.01,2026-09-18,1312,T,100,6.1NRT,300.81,117.56,N
-2.32572,116.12344,308.74,1.49,1.21,2026-09-18,1312,T,67,6.1NRT,292.35,11.54,N
-2.59334,114.26067,305.75,1.13,1.06,2026-09-18,1312,T,6,6.1NRT,293.29,4.73,N
-2.6087,114.15233,308.75,1.12,1.05,2026-09-18,1312,T,72,6.1NRT,293.8,7.43,N
-2.79032,112.85793,338.74,1.01,1.01,2026-09-18,1312,T,100,6.1NRT,296.38,38.62,N
-2.79156,112.84906,350.81,1.01,1.01,2026-09-18,1312,T,100,6.1NRT,298.73,61.28,N
-2.79279,112.84019,348.41,1.01,1.01,2026-09-18,1312,T,100,6.1NRT,300.01,56.39,N
-2.79402,112.83133,331.55,1.01,1.01,2026-09-18,1312,T,100,6.1NRT,296.88,27.92,N
-2.58494,114.27342,317.42,1.14,1.06,2026-09-18,1312,T,52,6.1NRT,294.56,12.93,N
-2.5863,114.26349,324.51,1.13,1.06,2026-09-18,1312,T,100,6.1NRT,294.96,21.57,N
-2.7815,112.84139,334.1,1.01,1.01,2026-09-18,1312,T,100,6.1NRT,296.8,32.81,N
-2.78272,112.83253,325.78,1.01,1.01,2026-09-18,1312,T,100,6.1NRT,295.69,21.82,N
-2.3192,116.12945,307.21,1.49,1.21,2026-09-18,1312,T,66,6.1NRT,292.35,9.69,N
-2.32101,116.11639,307.23,1.49,1.21,2026-09-18,1312,T,66,6.1NRT,292.23,9.69,N
-2.42578,115.35851,306.07,1.32,1.14,2026-09-18,1312,T,61,6.1NRT,292.61,7.18,N
-2.42737,115.34701,306.02,1.31,1.14,2026-09-18,1312,T,59,6.1NRT,292.37,7.24,N
-2.57697,114.26217,313.36,1.13,1.06,2026-09-18,1312,T,63,6.1NRT,294.93,9.67,N
-2.77754,112.8047,316.18,1.01,1.01,2026-09-18,1312,T,92,6.1NRT,294.82,12.06,N
-2.69076,113.36904,310.67,1.04,1.02,2026-09-18,1312,T,57,6.1NRT,294.23,7.64,N
-2.74421,112.98122,326.13,1.02,1.01,2026-09-18,1312,T,100,6.1NRT,296.15,21.42,N
-2.74544,112.97231,321.57,1.02,1.01,2026-09-18,1312,T,61,6.1NRT,296.04,15.54,N
-3.80724,105.20806,302.57,2.63,1.56,2026-09-18,1312,T,50,6.1NRT,290.39,13.32,N
-2.55417,114.28934,318.55,1.14,1.06,2026-09-18,1312,T,94,6.1NRT,294.5,15.77,N
-2.55556,114.27939,355.36,1.14,1.06,2026-09-18,1312,T,100,6.1NRT,297.76,85.2,N
-2.55693,114.26945,325.12,1.14,1.06,2026-09-18,1312,T,100,6.1NRT,295.96,21.15,N
-2.68179,113.36778,306.36,1.04,1.02,2026-09-18,1312,T,63,6.1NRT,293.92,5.12,N
-2.68305,113.35867,309.05,1.04,1.02,2026-09-18,1312,T,73,6.1NRT,294.29,6.8,N
-2.73534,112.97998,373.98,1.02,1.01,2026-09-18,1312,T,100,6.1NRT,302.82,130.45,N
-2.73657,112.97106,340.69,1.02,1.01,2026-09-18,1312,T,100,6.1NRT,299.02,41.22,N
-2.75986,112.80222,357.32,1.01,1.01,2026-09-18,1312,T,100,6.1NRT,299.21,78.24,N
-2.76108,112.79337,343.61,1.01,1.01,2026-09-18,1312,T,100,6.1NRT,297.12,48.22,N
-2.67661,113.33916,320.83,1.04,1.02,2026-09-18,1312,T,100,6.1NRT,293.92,16.73,N
-2.72523,112.98766,305.71,1.02,1.01,2026-09-18,1312,T,36,6.1NRT,293.58,4.63,N
-2.72647,112.97874,380.58,1.02,1.01,2026-09-18,1312,T,100,6.1NRT,305,157.4,N
-2.7277,112.96982,351.44,1.02,1.01,2026-09-18,1312,T,100,6.1NRT,302.07,63.07,N
-2.72893,112.9609,312.73,1.02,1.01,2026-09-18,1312,T,42,6.1NRT,295.75,8.45,N
-2.75101,112.80098,386.38,1.01,1.01,2026-09-18,1312,T,100,6.1NRT,298.9,182.11,N
-2.75224,112.79213,381.95,1.01,1.01,2026-09-18,1312,T,100,6.1NRT,298.67,162.11,N
-2.53688,114.27674,317.37,1.14,1.06,2026-09-18,1312,T,92,6.1NRT,294.64,14.31,N
-2.53827,114.2668,320.53,1.14,1.06,2026-09-18,1312,T,91,6.1NRT,294.99,17.01,N
-2.53965,114.25687,318.96,1.13,1.06,2026-09-18,1312,T,96,6.1NRT,295.73,15.79,N
-2.66638,113.34702,338.07,1.04,1.02,2026-09-18,1312,T,100,6.1NRT,294.79,39.52,N
-2.66765,113.3379,327.04,1.04,1.02,2026-09-18,1312,T,100,6.1NRT,293.98,23.91,N
-2.71636,112.9864,315.12,1.02,1.01,2026-09-18,1312,T,80,6.1NRT,294.58,11.03,N
-2.71759,112.97749,319.61,1.02,1.01,2026-09-18,1312,T,99,6.1NRT,295.11,14.48,N
-2.71883,112.96857,323.32,1.02,1.01,2026-09-18,1312,T,100,6.1NRT,295.8,17.51,N
-2.52754,114.27542,311.29,1.14,1.06,2026-09-18,1312,T,52,6.1NRT,294.17,8.62,N
-2.52893,114.26548,314.94,1.14,1.06,2026-09-18,1312,T,67,6.1NRT,294.41,11.7,N
-2.24616,116.18609,306.4,1.51,1.21,2026-09-18,1312,T,63,6.1NRT,292.22,9.27,N
-2.64209,113.39017,306.04,1.05,1.02,2026-09-18,1312,T,61,6.1NRT,293.59,4.94,N
-2.64336,113.38102,311.14,1.05,1.02,2026-09-18,1312,T,80,6.1NRT,293.79,8.7,N
-2.69861,112.98391,305.05,1.02,1.01,2026-09-18,1312,T,33,6.1NRT,293.8,4.31,N
-2.38335,115.15575,307.37,1.28,1.12,2026-09-18,1312,T,59,6.1NRT,293.51,7.38,N
-2.40544,115.00104,315.95,1.25,1.11,2026-09-18,1312,T,91,6.1NRT,294.53,15.93,N
-2.78492,112.29494,328.26,1,1,2026-09-18,1312,T,100,6.1NRT,293.96,24.32,N
-2.98023,110.8647,313.71,1.05,1.02,2026-09-18,1312,T,86,6.1NRT,295.09,9.99,N
-1.48405,121.16802,301.15,3.9,1.84,2026-09-18,1312,T,16,6.1NRT,278.17,37.02,N
-2.39411,115.01059,305.17,1.25,1.11,2026-09-18,1312,T,35,6.1NRT,293.39,5.26,N
-2.39568,114.99965,314.84,1.25,1.11,2026-09-18,1312,T,89,6.1NRT,293.58,14.96,N
-2.77613,112.29372,304.62,1,1,2026-09-18,1312,T,54,6.1NRT,293.7,3.9,N
-2.9613,110.9369,306.16,1.05,1.02,2026-09-18,1312,T,62,6.1NRT,294.19,4.75,N
-2.97122,110.86346,307.5,1.05,1.02,2026-09-18,1312,T,39,6.1NRT,294.26,5.3,N
-2.39261,115.00455,304.56,1.25,1.11,2026-09-18,1312,T,20,6.1NRT,293.38,5.03,N
-2.96901,110.81033,307.16,1.06,1.03,2026-09-18,1312,T,65,6.1NRT,294.11,5.5,N
-2.19292,116.37819,306.42,1.57,1.23,2026-09-18,1312,T,63,6.1NRT,292.02,10.57,N
-2.86067,111.53053,314.92,1.01,1.01,2026-09-18,1312,T,89,6.1NRT,294.49,10.93,N
-2.86189,111.52168,310.32,1.01,1.01,2026-09-18,1312,T,77,6.1NRT,294.3,7.55,N
-2.86311,111.51282,305.6,1.01,1.01,2026-09-18,1312,T,44,6.1NRT,294.06,4.37,N
-2.94858,110.89194,307.66,1.05,1.02,2026-09-18,1312,T,67,6.1NRT,293.85,6.03,N
-2.85184,111.5293,338.92,1.01,1.01,2026-09-18,1312,T,100,6.1NRT,296.33,39.91,N
-2.85305,111.52045,320.9,1.01,1.01,2026-09-18,1312,T,100,6.1NRT,295.14,16.5,N
-2.8738,111.36947,309.83,1.02,1.01,2026-09-18,1312,T,75,6.1NRT,293.33,7.41,N
-2.87503,111.36056,315.9,1.02,1.01,2026-09-18,1312,T,91,6.1NRT,293.58,12.23,N
-1.49234,121.16378,307.05,3.9,1.84,2026-09-18,1312,T,70,6.1NRT,278.35,66.98,N
-2.66416,112.82809,304.85,1.01,1.01,2026-09-18,1312,T,41,6.1NRT,294.14,3.92,N
-2.64673,112.88904,310.15,1.02,1.01,2026-09-18,1312,T,77,6.1NRT,294.43,7.95,N
-2.64796,112.88014,303.96,1.02,1.01,2026-09-18,1312,T,47,6.1NRT,293.76,3.79,N
-2.65531,112.82685,305.01,1.01,1.01,2026-09-18,1312,T,44,6.1NRT,294.06,4.06,N
-2.80512,111.73849,303.74,1.01,1,2026-09-18,1312,T,47,6.1NRT,292.6,3.99,N
-2.19309,116.06532,304.06,1.48,1.2,2026-09-18,1312,T,50,6.1NRT,292.31,6.7,N
-2.19492,116.0524,310,1.48,1.2,2026-09-18,1312,T,76,6.1NRT,292.25,13.44,N
-2.57048,113.37423,318.15,1.05,1.02,2026-09-18,1312,T,73,6.1NRT,294.71,13.53,N
-2.63787,112.88779,341.52,1.02,1.01,2026-09-18,1312,T,100,6.1NRT,296.7,44.48,N
-2.6391,112.8789,323.56,1.02,1.01,2026-09-18,1312,T,100,6.1NRT,294.51,19.44,N
-2.62655,112.90434,318.65,1.02,1.01,2026-09-18,1312,T,96,6.1NRT,294.74,13.99,N
-2.62778,112.89544,337.15,1.02,1.01,2026-09-18,1312,T,100,6.1NRT,296.85,36.8,N
-2.39313,114.50788,321.62,1.17,1.08,2026-09-18,1312,T,100,6.1NRT,294.84,21.15,N
-2.39458,114.49764,333.68,1.17,1.08,2026-09-18,1312,T,100,6.1NRT,295.03,40.16,N
-2.61892,112.8942,320.88,1.02,1.01,2026-09-18,1312,T,100,6.1NRT,295.16,16.01,N
-2.87848,111.0033,306.57,1.04,1.02,2026-09-18,1312,T,63,6.1NRT,293.6,5.33,N
-2.87972,110.99419,305.53,1.04,1.02,2026-09-18,1312,T,57,6.1NRT,293.41,4.53,N
-2.38366,114.50655,318.97,1.17,1.08,2026-09-18,1312,T,98,6.1NRT,294.76,18.03,N
-2.38511,114.4963,327.5,1.17,1.08,2026-09-18,1312,T,100,6.1NRT,294.32,29.91,N
-2.68808,112.32908,322.18,1,1,2026-09-18,1312,T,100,6.1NRT,294.92,16.85,N
-2.60244,112.88282,328.08,1.02,1.01,2026-09-18,1312,T,100,6.1NRT,296,24.32,N
-2.76827,111.67958,347.08,1.01,1,2026-09-18,1312,T,100,6.1NRT,296.58,54.45,N
-2.76948,111.67078,322.13,1.01,1,2026-09-18,1312,T,100,6.1NRT,294.11,17.59,N
-2.83727,111.17281,313.57,1.03,1.01,2026-09-18,1312,T,86,6.1NRT,294.46,9.89,N
-2.81765,111.17279,341.97,1.03,1.01,2026-09-18,1312,T,100,6.1NRT,297.53,46.18,N
-2.81889,111.16379,329.15,1.03,1.01,2026-09-18,1312,T,100,6.1NRT,296.07,26.38,N
-2.2127,115.49409,307.05,1.35,1.15,2026-09-18,1312,T,65,6.1NRT,294.7,7.26,N
-2.80875,111.17155,304.96,1.03,1.01,2026-09-18,1312,T,54,6.1NRT,293.71,3.92,N
-2.36543,114.32164,309.23,1.15,1.07,2026-09-18,1312,T,61,6.1NRT,293.81,7.99,N
-2.51017,113.27568,305.9,1.04,1.02,2026-09-18,1312,T,34,6.1NRT,293.48,4.55,N
-2.35185,114.35047,308.62,1.15,1.07,2026-09-18,1312,T,71,6.1NRT,294.11,7.93,N
-2.35465,114.33035,311.21,1.15,1.07,2026-09-18,1312,T,31,6.1NRT,294.64,9.13,N
-2.49995,113.28352,315.01,1.04,1.02,2026-09-18,1312,T,75,6.1NRT,294.15,10.9,N
-2.50121,113.27441,321.12,1.04,1.02,2026-09-18,1312,T,100,6.1NRT,294.09,16.91,N
-2.34246,114.34914,320.87,1.15,1.07,2026-09-18,1312,T,100,6.1NRT,294.59,19.32,N
-2.34386,114.33907,331.42,1.15,1.07,2026-09-18,1312,T,100,6.1NRT,295.29,33.46,N
-2.79654,110.99477,319.98,1.04,1.02,2026-09-18,1312,T,99,6.1NRT,293.77,15.48,N
-2.79778,110.98567,315.06,1.04,1.02,2026-09-18,1312,T,36,6.1NRT,293.77,10.45,N
-2.8015,110.95837,313.24,1.04,1.02,2026-09-18,1312,T,6,6.1NRT,295.24,8.66,N
-2.36407,114.05922,322.97,1.12,1.05,2026-09-18,1312,T,100,6.1NRT,295.09,21.48,N
-2.36544,114.04948,309.86,1.11,1.05,2026-09-18,1312,T,76,6.1NRT,294.52,7.94,N
-2.78883,110.98443,319.94,1.04,1.02,2026-09-18,1312,T,79,6.1NRT,294.46,14.83,N
-2.79006,110.97533,320.51,1.04,1.02,2026-09-18,1312,T,72,6.1NRT,296.13,13.93,N
-2.7913,110.96623,338.33,1.04,1.02,2026-09-18,1312,T,100,6.1NRT,299.42,37.94,N
-2.79254,110.95713,329.34,1.04,1.02,2026-09-18,1312,T,100,6.1NRT,297.34,25.45,N
-2.87223,110.36913,307.07,1.1,1.04,2026-09-18,1312,T,65,6.1NRT,294.24,5.98,N
-2.33821,114.17566,312.38,1.13,1.06,2026-09-18,1312,T,83,6.1NRT,294.44,10.31,N
-2.35482,114.05791,358.64,1.12,1.05,2026-09-18,1312,T,100,6.1NRT,299.05,93.46,N
-2.35619,114.04818,342.34,1.11,1.05,2026-09-18,1312,T,100,6.1NRT,297.39,51.46,N
-2.35756,114.03844,332.22,1.11,1.05,2026-09-18,1312,T,100,6.1NRT,295.77,32.85,N
-2.3603,114.01903,305.16,1.11,1.05,2026-09-18,1312,T,22,6.1NRT,294.07,4.41,N
-2.77987,110.98319,339.22,1.04,1.02,2026-09-18,1312,T,100,6.1NRT,294.13,41.72,N
-2.7811,110.97409,340.83,1.04,1.02,2026-09-18,1312,T,100,6.1NRT,295.09,44.32,N
-2.78234,110.96498,335.26,1.04,1.02,2026-09-18,1312,T,100,6.1NRT,297.44,34.46,N
-2.78357,110.95588,334.44,1.04,1.02,2026-09-18,1312,T,100,6.1NRT,297.06,33.54,N
-2.34557,114.05661,378.28,1.12,1.05,2026-09-18,1312,T,100,6.1NRT,302.29,167.74,N
-2.34694,114.04688,373.65,1.11,1.05,2026-09-18,1312,T,100,6.1NRT,303.06,145.77,N
-2.34832,114.03714,346.39,1.11,1.05,2026-09-18,1312,T,100,6.1NRT,297.38,58.86,N
-2.51528,112.84608,326.06,1.02,1.01,2026-09-18,1312,T,100,6.1NRT,294.69,22.88,N
-2.77215,110.97285,305.15,1.04,1.02,2026-09-18,1312,T,37,6.1NRT,293.48,4.37,N
-2.77461,110.95463,313.72,1.04,1.02,2026-09-18,1312,T,86,6.1NRT,294.58,10.02,N
-2.79817,110.78033,303.63,1.06,1.03,2026-09-18,1312,T,29,6.1NRT,293.1,3.52,N
-2.33793,114.05968,314.07,1.12,1.05,2026-09-18,1312,T,87,6.1NRT,295.16,12.07,N
-2.33927,114.04992,358.91,1.12,1.05,2026-09-18,1312,T,100,6.1NRT,299.17,94.89,N
-2.3406,114.04018,330.37,1.11,1.05,2026-09-18,1312,T,100,6.1NRT,296.34,30.07,N
-2.34194,114.03044,310.83,1.11,1.05,2026-09-18,1312,T,10,6.1NRT,294.96,7.5,N
-2.44369,113.28828,309.23,1.04,1.02,2026-09-18,1312,T,73,6.1NRT,294.27,7.37,N
-2.33403,114.01942,309.59,1.11,1.05,2026-09-18,1312,T,26,6.1NRT,294.8,6.94,N
-2.5812,112.22166,315.45,1,1,2026-09-18,1312,T,90,6.1NRT,294.95,11.08,N
-2.5824,112.21291,327.23,1,1,2026-09-18,1312,T,100,6.1NRT,295.75,22.6,N
-2.58361,112.20416,311.23,1,1,2026-09-18,1312,T,39,6.1NRT,294.21,7.26,N
-2.60887,112.02052,332.66,1,1,2026-09-18,1312,T,100,6.1NRT,295.52,29.98,N
-2.61007,112.01176,332.17,1,1,2026-09-18,1312,T,100,6.1NRT,295.09,29.2,N
-2.78329,110.75359,320.13,1.06,1.03,2026-09-18,1312,T,100,6.1NRT,294.81,16.77,N
-2.06553,115.89143,308.8,1.45,1.19,2026-09-18,1312,T,72,6.1NRT,292.81,10.94,N
-2.06733,115.87844,307.72,1.45,1.19,2026-09-18,1312,T,68,6.1NRT,292.75,9.75,N
-2.57241,112.22043,355.12,1,1,2026-09-18,1312,T,100,6.1NRT,296.76,71.16,N
-2.57361,112.21169,358.69,1,1,2026-09-18,1312,T,100,6.1NRT,298.35,80.13,N
-2.57482,112.20294,307.35,1,1,2026-09-18,1312,T,64,6.1NRT,294.14,4.87,N
-2.20241,114.83241,311.21,1.23,1.1,2026-09-18,1312,T,48,6.1NRT,293.57,10.28,N
-2.22894,114.64141,311.27,1.2,1.09,2026-09-18,1312,T,80,6.1NRT,294.25,10.4,N
-2.2304,114.63094,329.44,1.2,1.09,2026-09-18,1312,T,100,6.1NRT,294.92,33.18,N
-2.23185,114.62048,322.33,1.2,1.09,2026-09-18,1312,T,100,6.1NRT,294.49,22.8,N
-2.56362,112.21921,322.32,1,1,2026-09-18,1312,T,100,6.1NRT,294.41,17,N
-2.56482,112.21046,323.41,1,1,2026-09-18,1312,T,100,6.1NRT,294.84,18.16,N
-2.81024,110.42282,306.96,1.09,1.04,2026-09-18,1312,T,64,6.1NRT,293.73,5.78,N
-2.81415,110.39422,309.92,1.09,1.04,2026-09-18,1312,T,75,6.1NRT,293.92,7.63,N
-2.82334,110.32719,303.99,1.1,1.05,2026-09-18,1312,T,46,6.1NRT,293.92,3.91,N
-2.19273,114.83103,309.85,1.23,1.1,2026-09-18,1312,T,71,6.1NRT,293.33,9.28,N
-2.29818,114.07402,315.38,1.12,1.05,2026-09-18,1312,T,90,6.1NRT,295.65,12.81,N
-2.29954,114.06424,321.96,1.12,1.05,2026-09-18,1312,T,100,6.1NRT,296.3,20.16,N
-2.3009,114.05447,305.52,1.12,1.05,2026-09-18,1312,T,42,6.1NRT,294.63,4.54,N
-2.46136,112.89608,306.23,1.02,1.01,2026-09-18,1312,T,60,6.1NRT,293.95,4.76,N
-2.46259,112.88718,304.86,1.02,1.01,2026-09-18,1312,T,52,6.1NRT,293.89,4.15,N
-2.63031,111.60328,318.61,1.01,1,2026-09-18,1312,T,97,6.1NRT,294.29,15,N
-2.63152,111.59447,307.87,1.01,1,2026-09-18,1312,T,68,6.1NRT,293.24,6.44,N
-2.68751,111.18557,304.59,1.03,1.01,2026-09-18,1312,T,50,6.1NRT,293.91,4.11,N
-2.23925,114.35962,309.2,1.16,1.07,2026-09-18,1312,T,73,6.1NRT,294.84,7.43,N
-2.24067,114.34951,309.45,1.16,1.07,2026-09-18,1312,T,74,6.1NRT,294.6,7.47,N
-2.24492,114.31926,307.27,1.15,1.07,2026-09-18,1312,T,37,6.1NRT,294.36,5.67,N
-2.67861,111.18433,310.46,1.03,1.01,2026-09-18,1312,T,77,6.1NRT,293.97,8.01,N
-2.80099,110.28486,304.72,1.1,1.05,2026-09-18,1312,T,52,6.1NRT,293.85,4.43,N
-2.8023,110.2752,307.12,1.1,1.05,2026-09-18,1312,T,65,6.1NRT,294.09,6.15,N
-3.09161,108.12574,305.57,1.5,1.21,2026-09-18,1312,T,33,6.1NRT,292.56,8.05,N
-2.29754,113.87651,307.01,1.1,1.04,2026-09-18,1312,T,44,6.1NRT,294.26,5.54,N
-2.52966,112.20555,370.65,1,1,2026-09-18,1312,T,100,6.1NRT,299.15,115.15,N
-2.53087,112.19681,328.67,1,1,2026-09-18,1312,T,100,6.1NRT,294.48,23.37,N
-2.73291,110.71833,309.08,1.06,1.03,2026-09-18,1312,T,72,6.1NRT,293.73,7,N
-2.73417,110.70905,320.63,1.06,1.03,2026-09-18,1312,T,100,6.1NRT,294.06,17.26,N
-2.73543,110.69976,310.08,1.06,1.03,2026-09-18,1312,T,64,6.1NRT,293.6,7.46,N
-2.27072,114.00059,311.72,1.11,1.05,2026-09-18,1312,T,81,6.1NRT,294.81,9.1,N
-2.28836,113.87521,312.74,1.1,1.04,2026-09-18,1312,T,79,6.1NRT,294.68,9.7,N
-2.52087,112.20432,341.42,1,1,2026-09-18,1312,T,100,6.1NRT,296.53,42.39,N
-2.52208,112.19558,314.31,1,1,2026-09-18,1312,T,62,6.1NRT,294.45,8.81,N
-2.72639,110.69852,305.9,1.06,1.03,2026-09-18,1312,T,37,6.1NRT,293.58,4.62,N
-2.26149,113.99928,311.76,1.11,1.05,2026-09-18,1312,T,81,6.1NRT,294.49,9.62,N
-2.27918,113.87392,325.25,1.1,1.04,2026-09-18,1312,T,100,6.1NRT,295.06,22.9,N
-2.28053,113.86434,310.58,1.1,1.04,2026-09-18,1312,T,58,6.1NRT,293.93,7.84,N
-2.41206,112.92554,335.09,1.02,1.01,2026-09-18,1312,T,100,6.1NRT,295.67,34.16,N
-2.51208,112.20309,308.84,1,1,2026-09-18,1312,T,50,6.1NRT,293.75,5.58,N
-2.40105,112.92685,313.74,1.02,1.01,2026-09-18,1312,T,86,6.1NRT,294.81,9.99,N
-2.40227,112.91792,305.68,1.02,1.01,2026-09-18,1312,T,56,6.1NRT,294.61,4.26,N
-2.50393,112.17783,310.4,1,1,2026-09-18,1312,T,77,6.1NRT,294.06,6.89,N
-2.58475,111.59068,314.19,1.01,1,2026-09-18,1312,T,87,6.1NRT,293.5,10.14,N
-2.64109,111.18201,307.62,1.03,1.01,2026-09-18,1312,T,67,6.1NRT,293.79,5.71,N
-2.10221,115.03443,304.36,1.27,1.12,2026-09-18,1312,T,49,6.1NRT,293.79,4.92,N
-2.57471,111.59826,317.9,1.01,1,2026-09-18,1312,T,95,6.1NRT,293.51,13.26,N
-2.57593,111.58945,327.85,1.01,1,2026-09-18,1312,T,100,6.1NRT,294.51,23.49,N
-2.39556,112.83525,309.75,1.02,1.01,2026-09-18,1312,T,74,6.1NRT,294.43,7.16,N
-2.39678,112.82637,352.59,1.02,1.01,2026-09-18,1312,T,100,6.1NRT,297.92,67.5,N
-2.39801,112.81749,305.3,1.02,1.01,2026-09-18,1312,T,33,6.1NRT,294.31,3.86,N
-2.55984,111.64105,312.55,1.01,1,2026-09-18,1312,T,83,6.1NRT,293.05,9.56,N
-2.5671,111.58822,315.23,1.01,1,2026-09-18,1312,T,90,6.1NRT,293.97,10.06,N
-2.17654,114.35468,304.17,1.16,1.07,2026-09-18,1312,T,48,6.1NRT,293.84,4.61,N
-2.31961,113.32038,317.11,1.05,1.02,2026-09-18,1312,T,94,6.1NRT,294.25,13.43,N
-2.3867,112.83401,313.45,1.02,1.01,2026-09-18,1312,T,85,6.1NRT,294.15,9.58,N
-2.38793,112.82512,372.39,1.02,1.01,2026-09-18,1312,T,100,6.1NRT,298.03,124.75,N
-2.38915,112.81625,315.33,1.02,1.01,2026-09-18,1312,T,90,6.1NRT,294.77,10.98,N
-2.56191,111.56055,317.54,1.01,1,2026-09-18,1312,T,95,6.1NRT,294.24,10.94,N
-2.56434,111.5429,309.8,1.01,1,2026-09-18,1312,T,29,6.1NRT,293.87,5.38,N
-2.67557,110.73246,319.24,1.06,1.03,2026-09-18,1312,T,98,6.1NRT,293.93,16.3,N
-2.67684,110.72321,304.34,1.06,1.03,2026-09-18,1312,T,49,6.1NRT,293.31,3.95,N
-2.72711,110.35649,309.13,1.09,1.04,2026-09-18,1312,T,73,6.1NRT,293.9,7.42,N
-2.31063,113.31912,329.48,1.05,1.02,2026-09-18,1312,T,100,6.1NRT,294.76,27.52,N
-2.55188,111.56814,308.2,1.01,1,2026-09-18,1312,T,16,6.1NRT,293.84,4.16,N
-2.55672,111.53284,311.79,1.01,1,2026-09-18,1312,T,35,6.1NRT,294.09,7.24,N
-2.60673,111.16811,308.33,1.03,1.01,2026-09-18,1312,T,69,6.1NRT,294.06,6.09,N
-2.73107,110.25909,307.78,1.1,1.05,2026-09-18,1312,T,68,6.1NRT,294.13,6.32,N
-2.54789,111.53162,328.48,1.01,1,2026-09-18,1312,T,100,6.1NRT,294.86,23.44,N
-2.08081,114.83072,305.19,1.23,1.1,2026-09-18,1312,T,55,6.1NRT,293.89,5.41,N
-2.22247,113.82054,316.47,1.09,1.04,2026-09-18,1312,T,31,6.1NRT,295.38,11.42,N
-2.45721,112.12675,304.38,1,1,2026-09-18,1312,T,45,6.1NRT,293.22,3.34,N
-2.53423,111.56568,321.03,1.01,1,2026-09-18,1312,T,100,6.1NRT,294.49,14.18,N
-2.53544,111.55686,327.69,1.01,1,2026-09-18,1312,T,100,6.1NRT,295.22,20.87,N
-2.53664,111.54804,328.2,1.01,1,2026-09-18,1312,T,100,6.1NRT,294.74,20.9,N
-2.44842,112.12553,322,1,1,2026-09-18,1312,T,100,6.1NRT,294.01,17.18,N
-2.44963,112.11678,326.67,1,1,2026-09-18,1312,T,100,6.1NRT,293.75,22.21,N
-2.5254,111.56446,362.28,1.01,1,2026-09-18,1312,T,100,6.1NRT,297.69,89.09,N
-2.52661,111.55563,396.23,1.01,1,2026-09-18,1312,T,100,6.1NRT,305.33,229.42,N
-2.52782,111.54681,360.39,1.01,1,2026-09-18,1312,T,100,6.1NRT,298.26,83.81,N
-2.52902,111.53799,335.74,1.01,1,2026-09-18,1312,T,100,6.1NRT,294.76,33.59,N
-2.53023,111.52916,308.83,1.01,1,2026-09-18,1312,T,50,6.1NRT,293.4,5.61,N
-2.57881,111.17339,312.74,1.03,1.01,2026-09-18,1312,T,83,6.1NRT,294.01,9.09,N
-2.65587,110.60661,304.55,1.07,1.03,2026-09-18,1312,T,51,6.1NRT,293.8,4.25,N
-2.20415,113.81795,319.55,1.09,1.04,2026-09-18,1312,T,69,6.1NRT,295.62,12.78,N
-2.51658,111.56323,454.11,1.01,1,2026-09-18,1312,T,100,6.1NRT,309.51,770.3,N
-2.51778,111.55441,457.8,1.01,1,2026-09-18,1312,T,100,6.1NRT,312.11,823.58,N
-2.51899,111.54559,390.78,1.01,1,2026-09-18,1312,T,100,6.1NRT,298.4,201.04,N
-2.5202,111.53677,349.42,1.01,1,2026-09-18,1312,T,100,6.1NRT,295.01,57.91,N
-2.5214,111.52794,310.46,1.01,1,2026-09-18,1312,T,39,6.1NRT,293.48,6.65,N
-2.56869,111.18111,310.52,1.03,1.01,2026-09-18,1312,T,77,6.1NRT,293.89,7.61,N
-2.12003,114.34666,305.29,1.16,1.07,2026-09-18,1312,T,55,6.1NRT,294.24,4.98,N
-2.50655,111.57082,308.58,1.01,1,2026-09-18,1312,T,16,6.1NRT,293.24,4.61,N
-2.50775,111.562,434.7,1.01,1,2026-09-18,1312,T,100,6.1NRT,302.27,535.19,N
-2.50896,111.55318,486.79,1.01,1,2026-09-18,1312,T,100,6.1NRT,311.84,1329.51,N
-2.51016,111.54436,337.27,1.01,1,2026-09-18,1312,T,100,6.1NRT,295.36,35.13,N
-2.51137,111.53554,312.76,1.01,1,2026-09-18,1312,T,46,6.1NRT,293.82,7.95,N
-2.51257,111.52671,316.03,1.01,1,2026-09-18,1312,T,91,6.1NRT,293.44,11.33,N
-2.5598,111.17989,308.14,1.03,1.01,2026-09-18,1312,T,69,6.1NRT,293.72,6.19,N
-2.97019,108.10299,306.48,1.5,1.21,2026-09-18,1312,T,46,6.1NRT,292.33,8.93,N
-2.18396,113.83846,318.06,1.1,1.04,2026-09-18,1312,T,96,6.1NRT,294.63,14.65,N
-2.18659,113.81931,309.7,1.09,1.04,2026-09-18,1312,T,73,6.1NRT,294.76,7.12,N
-2.1879,113.80975,309.04,1.09,1.04,2026-09-18,1312,T,46,6.1NRT,294.7,6.2,N
-2.49758,111.55464,311.25,1.01,1,2026-09-18,1312,T,72,6.1NRT,293.75,6.77,N
-1.89546,115.86781,313.64,1.45,1.19,2026-09-18,1312,T,86,6.1NRT,293.68,16.48,N
-1.89722,115.85503,311.74,1.45,1.19,2026-09-18,1312,T,81,6.1NRT,293.62,13.95,N
-2.473,111.66783,306.04,1.01,1,2026-09-18,1312,T,59,6.1NRT,293.34,4.6,N
-2.96584,108.0966,305.6,1.5,1.21,2026-09-18,1312,T,65,6.1NRT,292.31,8.54,N
-1.885,115.86626,306.52,1.45,1.19,2026-09-18,1312,T,63,6.1NRT,292.82,8.33,N
-1.88675,115.85361,305.24,1.45,1.19,2026-09-18,1312,T,56,6.1NRT,293.01,7.03,N
-2.65993,110.24338,308.9,1.1,1.05,2026-09-18,1312,T,72,6.1NRT,293.8,7.39,N
-2.16305,113.78679,313.24,1.09,1.04,2026-09-18,1312,T,12,6.1NRT,295.06,6.64,N
-2.16437,113.77726,322.29,1.09,1.04,2026-09-18,1312,T,100,6.1NRT,295.31,16.31,N
-2.14859,113.82372,309.85,1.09,1.04,2026-09-18,1312,T,38,6.1NRT,295.24,6.14,N
-2.14992,113.81415,314.73,1.09,1.04,2026-09-18,1312,T,84,6.1NRT,295.72,10.14,N
-2.15125,113.80459,316.27,1.09,1.04,2026-09-18,1312,T,71,6.1NRT,294.94,10.03,N
-2.15257,113.79504,327.85,1.09,1.04,2026-09-18,1312,T,100,6.1NRT,295.96,23.25,N
-2.1539,113.7855,313.94,1.09,1.04,2026-09-18,1312,T,40,6.1NRT,295.3,7.98,N
-2.15786,113.7569,322.57,1.09,1.04,2026-09-18,1312,T,100,6.1NRT,295.72,18.65,N
-2.15918,113.7474,308.92,1.09,1.04,2026-09-18,1312,T,32,6.1NRT,294.22,6.16,N
-2.08641,114.20287,307.24,1.14,1.06,2026-09-18,1312,T,32,6.1NRT,294.91,5.26,N
-2.14075,113.81286,335.86,1.09,1.04,2026-09-18,1312,T,100,6.1NRT,296.54,36.65,N
-2.14208,113.8033,328.06,1.09,1.04,2026-09-18,1312,T,100,6.1NRT,295.79,22.93,N
-2.14607,113.77465,313.31,1.09,1.04,2026-09-18,1312,T,26,6.1NRT,295.33,7.61,N
-2.1474,113.76512,340.48,1.09,1.04,2026-09-18,1312,T,100,6.1NRT,298.8,43.65,N
-2.14872,113.75561,327.03,1.09,1.04,2026-09-18,1312,T,100,6.1NRT,295.8,23.33,N
-2.29166,112.7243,312.06,1.01,1.01,2026-09-18,1312,T,81,6.1NRT,294.28,8.92,N
-2.36076,112.22318,315.98,1,1,2026-09-18,1312,T,91,6.1NRT,294.02,11.72,N
-2.92155,108.10384,318.31,1.5,1.21,2026-09-18,1312,T,97,6.1NRT,292.68,25.63,N
-2.13559,113.78292,328.64,1.09,1.04,2026-09-18,1312,T,100,6.1NRT,295.88,24.51,N
-2.13692,113.77337,347.5,1.09,1.04,2026-09-18,1312,T,100,6.1NRT,296.95,57.68,N
-2.13825,113.76382,365.74,1.09,1.04,2026-09-18,1312,T,100,6.1NRT,300,109.8,N
-2.13958,113.75432,318.51,1.09,1.04,2026-09-18,1312,T,61,6.1NRT,294.98,12.81,N
-2.28281,112.72307,304.08,1.01,1.01,2026-09-18,1312,T,43,6.1NRT,293.93,3.58,N
-2.11706,113.84859,305.66,1.1,1.04,2026-09-18,1312,T,57,6.1NRT,294.33,4.46,N
-2.12108,113.81983,310.27,1.09,1.04,2026-09-18,1312,T,11,6.1NRT,294.97,6.15,N
-2.1251,113.79118,336.26,1.09,1.04,2026-09-18,1312,T,100,6.1NRT,298.55,36.02,N
-2.12643,113.78164,326.27,1.09,1.04,2026-09-18,1312,T,100,6.1NRT,296.18,21.36,N
-2.12777,113.77209,318.72,1.09,1.04,2026-09-18,1312,T,97,6.1NRT,295.67,13.18,N
-2.55996,110.63491,312.38,1.06,1.03,2026-09-18,1312,T,82,6.1NRT,294.12,10.28,N
-2.56123,110.62561,320.33,1.07,1.03,2026-09-18,1312,T,100,6.1NRT,294.26,17.94,N
-2.1146,113.79944,323.1,1.09,1.04,2026-09-18,1312,T,100,6.1NRT,296.02,17.97,N
-2.11594,113.78989,319.25,1.09,1.04,2026-09-18,1312,T,84,6.1NRT,295.2,13.3,N
-2.02331,114.37889,307.67,1.17,1.07,2026-09-18,1312,T,67,6.1NRT,294.4,6.28,N
-2.10543,113.79815,330.74,1.09,1.04,2026-09-18,1312,T,100,6.1NRT,296.86,29.02,N
-2.01735,114.38213,310.87,1.17,1.08,2026-09-18,1312,T,78,6.1NRT,295.16,9.65,N
-2.03946,114.22052,306.28,1.14,1.07,2026-09-18,1312,T,48,6.1NRT,295.16,4.77,N
-2.04357,114.19051,311.27,1.14,1.06,2026-09-18,1312,T,79,6.1NRT,295.23,8.95,N
-2.04493,114.18055,316.96,1.14,1.06,2026-09-18,1312,T,93,6.1NRT,294.97,14.11,N
-2.09697,113.80043,320.66,1.09,1.04,2026-09-18,1312,T,76,6.1NRT,295.9,15.77,N
-2.14843,113.42472,313.91,1.06,1.03,2026-09-18,1312,T,86,6.1NRT,294.67,10.81,N
-2.0079,114.3808,323.57,1.17,1.08,2026-09-18,1312,T,100,6.1NRT,295.23,24.04,N
-2.0093,114.37059,305.65,1.17,1.07,2026-09-18,1312,T,57,6.1NRT,294.25,5.44,N
-2.03422,114.1892,314.69,1.14,1.06,2026-09-18,1312,T,88,6.1NRT,295.11,12.57,N
-2.03696,114.16927,309.54,1.14,1.06,2026-09-18,1312,T,74,6.1NRT,294.74,8.17,N
-2.03833,114.15932,308.15,1.14,1.06,2026-09-18,1312,T,69,6.1NRT,294.74,6.75,N
-2.0878,113.79913,335.58,1.09,1.04,2026-09-18,1312,T,100,6.1NRT,296.41,36.64,N
-2.12538,113.52554,311.26,1.07,1.03,2026-09-18,1312,T,79,6.1NRT,294.71,8.79,N
-2.12666,113.51624,344.48,1.07,1.03,2026-09-18,1312,T,100,6.1NRT,297.2,53.8,N
-2.1394,113.42345,319.56,1.06,1.03,2026-09-18,1312,T,99,6.1NRT,294.59,16.16,N
-2.05205,113.99078,312.73,1.12,1.05,2026-09-18,1312,T,83,6.1NRT,294.69,10.84,N
-2.05339,113.98104,315.19,1.11,1.05,2026-09-18,1312,T,89,6.1NRT,294.51,12.49,N
-2.07732,113.80741,318.02,1.09,1.04,2026-09-18,1312,T,96,6.1NRT,296.06,14.09,N
-2.07864,113.79784,376.07,1.09,1.04,2026-09-18,1312,T,100,6.1NRT,301.45,153.27,N
-2.07995,113.78828,324.56,1.09,1.04,2026-09-18,1312,T,100,6.1NRT,294.99,21.4,N
-2.08521,113.75014,316.8,1.09,1.04,2026-09-18,1312,T,93,6.1NRT,296.12,12.99,N
-2.08652,113.74063,353.93,1.09,1.04,2026-09-18,1312,T,100,6.1NRT,300.82,76.95,N
-2.08783,113.73111,315.89,1.09,1.04,2026-09-18,1312,T,91,6.1NRT,294.64,12.65,N
-2.12401,113.46849,307.06,1.06,1.03,2026-09-18,1312,T,63,6.1NRT,294.29,5.56,N
-1.78365,115.85607,316.74,1.46,1.19,2026-09-18,1312,T,93,6.1NRT,292.93,20.96,N
-2.04279,113.98947,335.58,1.12,1.05,2026-09-18,1312,T,100,6.1NRT,295.97,40.6,N
-2.04414,113.97973,308.16,1.11,1.05,2026-09-18,1312,T,68,6.1NRT,294.45,6.68,N
-2.04683,113.96029,308.61,1.11,1.05,2026-09-18,1312,T,61,6.1NRT,294.64,6.67,N
-2.04817,113.95061,306.79,1.11,1.05,2026-09-18,1312,T,63,6.1NRT,294.39,5.5,N
-2.06815,113.80611,310.45,1.09,1.04,2026-09-18,1312,T,76,6.1NRT,294.89,7.97,N
-2.06947,113.79655,306.47,1.09,1.04,2026-09-18,1312,T,61,6.1NRT,294.58,4.93,N
-2.07606,113.74886,312.45,1.09,1.04,2026-09-18,1312,T,82,6.1NRT,295.19,9.18,N
-2.07738,113.73935,327.55,1.09,1.04,2026-09-18,1312,T,100,6.1NRT,295.56,26.06,N
-2.07869,113.72983,305.02,1.09,1.04,2026-09-18,1312,T,52,6.1NRT,293.91,4.06,N
-1.77321,115.85438,308.23,1.46,1.19,2026-09-18,1312,T,49,6.1NRT,292.62,9.67,N
-1.99364,114.27543,306.6,1.15,1.07,2026-09-18,1312,T,13,6.1NRT,294.78,5.04,N
-1.98424,114.27411,307.12,1.15,1.07,2026-09-18,1312,T,24,6.1NRT,294.91,5.42,N
-1.98565,114.26404,308.56,1.15,1.07,2026-09-18,1312,T,40,6.1NRT,295.03,6.38,N
-2.00375,114.13423,305.47,1.13,1.06,2026-09-18,1312,T,45,6.1NRT,294.74,4.42,N
-2.11863,113.308,304.91,1.05,1.02,2026-09-18,1312,T,50,6.1NRT,294.09,4.1,N
-2.27348,112.18704,311.91,1,1,2026-09-18,1312,T,81,6.1NRT,293.68,8.61,N
-2.27468,112.1783,315.93,1,1,2026-09-18,1312,T,91,6.1NRT,293.86,11.85,N
-2.51012,110.45963,321.73,1.08,1.04,2026-09-18,1312,T,100,6.1NRT,293.75,19.23,N
-2.0526,113.71647,334.02,1.09,1.04,2026-09-18,1312,T,100,6.1NRT,296.02,35.58,N
-2.05392,113.70701,308.08,1.08,1.04,2026-09-18,1312,T,68,6.1NRT,293.85,6.01,N
-2.09429,113.41712,309.84,1.06,1.03,2026-09-18,1312,T,38,6.1NRT,294.41,6.48,N
-2.10964,113.30672,304.14,1.05,1.02,2026-09-18,1312,T,44,6.1NRT,294.11,3.65,N
-2.50101,110.45836,315.83,1.08,1.04,2026-09-18,1312,T,91,6.1NRT,293.38,12.25,N
-1.70625,116.09883,322.82,1.52,1.22,2026-09-18,1312,T,100,6.1NRT,292.14,34.71,N
-1.70815,116.08551,305.18,1.51,1.21,2026-09-18,1312,T,56,6.1NRT,291.88,8.24,N
-2.04347,113.71519,305.99,1.09,1.04,2026-09-18,1312,T,29,6.1NRT,294.53,4.52,N
-2.49318,110.44764,312.48,1.08,1.04,2026-09-18,1312,T,83,6.1NRT,293.9,9.3,N
-1.95605,114.27013,312.13,1.15,1.07,2026-09-18,1312,T,82,6.1NRT,294.43,10.32,N
-1.97718,114.12037,306.9,1.13,1.06,2026-09-18,1312,T,41,6.1NRT,295.01,5.2,N
-2.03433,113.71394,314.59,1.09,1.04,2026-09-18,1312,T,88,6.1NRT,294.83,11.45,N
-2.34333,111.48202,315.79,1.01,1,2026-09-18,1312,T,91,6.1NRT,294.78,11.39,N
-2.34454,111.47319,306.55,1.01,1,2026-09-18,1312,T,61,6.1NRT,293.95,4.48,N
-2.48279,110.45582,306.15,1.08,1.04,2026-09-18,1312,T,60,6.1NRT,293.71,4.99,N
-2.48407,110.44637,307.59,1.08,1.04,2026-09-18,1312,T,66,6.1NRT,293.77,5.97,N
-1.8525,114.93044,314.36,1.26,1.11,2026-09-18,1312,T,72,6.1NRT,294.02,13.62,N
-1.96646,114.12895,310.36,1.13,1.06,2026-09-18,1312,T,71,6.1NRT,294.87,7.83,N
-2.06852,113.40408,309.07,1.06,1.03,2026-09-18,1312,T,69,6.1NRT,294.78,6.41,N
-2.16662,112.70062,313.93,1.01,1.01,2026-09-18,1312,T,86,6.1NRT,295,10.02,N
-2.16784,112.69177,309.33,1.01,1.01,2026-09-18,1312,T,72,6.1NRT,294.88,6.35,N
-2.3345,111.4808,310.36,1.01,1,2026-09-18,1312,T,76,6.1NRT,294.26,7.05,N
-2.33812,111.45428,317.2,1.01,1.01,2026-09-18,1312,T,94,6.1NRT,294.46,12.63,N
-1.84971,114.93538,313.77,1.26,1.12,2026-09-18,1312,T,76,6.1NRT,294.46,13.24,N
-1.96088,114.12229,304.95,1.13,1.06,2026-09-18,1312,T,53,6.1NRT,294.61,4.68,N
-1.97704,114.00418,306.33,1.12,1.05,2026-09-18,1312,T,40,6.1NRT,294.09,5.19,N
-2.11996,112.96049,306.16,1.03,1.01,2026-09-18,1312,T,54,6.1NRT,294.53,4.49,N
-1.8323,114.98934,304.67,1.27,1.12,2026-09-18,1312,T,52,6.1NRT,293.61,6.31,N
-2.10984,112.96822,308.41,1.03,1.01,2026-09-18,1312,T,68,6.1NRT,294.48,6.08,N
-2.11107,112.95926,314.56,1.03,1.01,2026-09-18,1312,T,88,6.1NRT,294.66,10.8,N
-2.47536,110.24511,307.23,1.1,1.05,2026-09-18,1312,T,65,6.1NRT,294.45,6.23,N
-1.81417,114.97544,302.8,1.27,1.12,2026-09-18,1312,T,18,6.1NRT,292.77,4.6,N
-1.94789,114.01005,313.39,1.12,1.05,2026-09-18,1312,T,85,6.1NRT,295.25,10.22,N
-1.94924,114.00027,311.47,1.12,1.05,2026-09-18,1312,T,54,6.1NRT,295.13,8.1,N
-2.42841,110.51901,338.52,1.07,1.03,2026-09-18,1312,T,100,6.1NRT,295.09,43.24,N
-2.4297,110.50963,307,1.07,1.03,2026-09-18,1312,T,64,6.1NRT,293.35,5.89,N
-2.43873,110.44382,304.92,1.08,1.04,2026-09-18,1312,T,52,6.1NRT,293.6,4.22,N
-1.70137,115.71113,304.52,1.42,1.18,2026-09-18,1312,T,52,6.1NRT,292.99,6.52,N
-1.77768,115.16518,304.37,1.31,1.13,2026-09-18,1312,T,50,6.1NRT,294.27,5.66,N
-1.92496,114.10715,322.75,1.13,1.06,2026-09-18,1312,T,100,6.1NRT,294.48,22.25,N
-1.92633,114.09727,308.71,1.13,1.06,2026-09-18,1312,T,71,6.1NRT,293.87,7.87,N
-1.93181,114.05779,308.31,1.13,1.06,2026-09-18,1312,T,69,6.1NRT,294.29,6.83,N
-1.93318,114.04796,328.95,1.12,1.06,2026-09-18,1312,T,100,6.1NRT,295.8,29.54,N
-1.94133,113.98919,329.25,1.12,1.05,2026-09-18,1312,T,100,6.1NRT,296.87,29.18,N
-1.94268,113.97944,306.75,1.12,1.05,2026-09-18,1312,T,32,6.1NRT,294.54,5.01,N
-1.92389,114.04664,312.57,1.12,1.06,2026-09-18,1312,T,83,6.1NRT,294.84,9.92,N
-1.92799,114.0172,311.01,1.12,1.06,2026-09-18,1312,T,78,6.1NRT,294.91,8.19,N
-1.91872,114.01588,342,1.12,1.06,2026-09-18,1312,T,100,6.1NRT,296.75,51.58,N
-1.92008,114.00609,315.19,1.12,1.05,2026-09-18,1312,T,89,6.1NRT,294.89,12.08,N
-2.26775,111.49258,309.89,1.01,1,2026-09-18,1312,T,74,6.1NRT,294.24,6.9,N
-2.26896,111.48376,327.64,1.01,1,2026-09-18,1312,T,100,6.1NRT,295.81,24.1,N
-2.27017,111.47494,309.75,1.01,1,2026-09-18,1312,T,38,6.1NRT,294.48,6.29,N
-2.25892,111.49136,327.78,1.01,1,2026-09-18,1312,T,100,6.1NRT,296.08,23.12,N
-2.26013,111.48254,331.51,1.01,1,2026-09-18,1312,T,100,6.1NRT,296.9,27.64,N
-2.26134,111.47371,315.24,1.01,1,2026-09-18,1312,T,32,6.1NRT,295.38,9.53,N
-2.26255,111.46487,310.93,1.01,1,2026-09-18,1312,T,59,6.1NRT,294.74,7.01,N
-1.91658,113.89651,312.67,1.11,1.05,2026-09-18,1312,T,83,6.1NRT,294.66,9.95,N
-1.91794,113.88683,307.3,1.11,1.05,2026-09-18,1312,T,18,6.1NRT,294.66,5.15,N
-1.92066,113.86752,306.27,1.1,1.05,2026-09-18,1312,T,13,6.1NRT,294.66,4.6,N
-2.15631,112.17365,306.91,1,1,2026-09-18,1312,T,62,6.1NRT,293.92,4.99,N
-2.2501,111.49013,341.28,1.01,1,2026-09-18,1312,T,100,6.1NRT,295.99,42.87,N
-2.2513,111.48131,337.95,1.01,1,2026-09-18,1312,T,100,6.1NRT,297,37.04,N
-2.25251,111.47248,326.46,1.01,1,2026-09-18,1312,T,100,6.1NRT,296.62,20.73,N
-2.25371,111.46365,316.7,1.01,1,2026-09-18,1312,T,93,6.1NRT,295.43,11.64,N
-2.30959,111.05386,315.24,1.03,1.01,2026-09-18,1312,T,89,6.1NRT,293.54,11.6,N
-1.85577,114.2603,308.05,1.15,1.07,2026-09-18,1312,T,41,6.1NRT,294.4,6.02,N
-2.0536,112.85091,318.65,1.02,1.01,2026-09-18,1312,T,97,6.1NRT,294.58,14.56,N
-2.05484,112.842,312.36,1.02,1.01,2026-09-18,1312,T,82,6.1NRT,294.52,8.99,N
-2.14752,112.17242,305.54,1,1,2026-09-18,1312,T,53,6.1NRT,294.3,3.96,N
-2.24127,111.4889,313.1,1.01,1,2026-09-18,1312,T,84,6.1NRT,293.96,9.39,N
-2.24247,111.48008,313.35,1.01,1,2026-09-18,1312,T,85,6.1NRT,294.41,9.76,N
-2.24488,111.46242,310.65,1.01,1,2026-09-18,1312,T,77,6.1NRT,294.66,7.49,N
-2.30068,111.05261,307.65,1.03,1.01,2026-09-18,1312,T,66,6.1NRT,293.15,5.87,N
-1.84938,114.26331,319.07,1.16,1.07,2026-09-18,1312,T,98,6.1NRT,294.93,17.54,N
-2.04257,112.85213,317.52,1.02,1.01,2026-09-18,1312,T,94,6.1NRT,294.39,13.91,N
-1.91259,113.733,304.39,1.09,1.04,2026-09-18,1312,T,47,6.1NRT,294.37,4.02,N
-1.72153,114.97855,307.06,1.27,1.12,2026-09-18,1312,T,65,6.1NRT,293.42,8.71,N
-1.81416,114.30997,310.72,1.16,1.07,2026-09-18,1312,T,78,6.1NRT,295.15,9.22,N
-1.82256,114.24927,307.34,1.15,1.07,2026-09-18,1312,T,65,6.1NRT,294.54,6.37,N
-1.86097,113.97148,306.06,1.12,1.05,2026-09-18,1312,T,59,6.1NRT,294.12,5.11,N
-1.86232,113.96174,305.94,1.12,1.05,2026-09-18,1312,T,58,6.1NRT,294.12,5.31,N
-1.86366,113.95201,305.78,1.12,1.05,2026-09-18,1312,T,57,6.1NRT,293.7,4.98,N
-1.90608,113.64496,350.54,1.08,1.04,2026-09-18,1312,T,100,6.1NRT,297.35,68.34,N
-1.90738,113.63551,361.3,1.08,1.04,2026-09-18,1312,T,100,6.1NRT,299.25,97.97,N
-1.93451,113.43901,312.3,1.06,1.03,2026-09-18,1312,T,30,6.1NRT,294.82,8.21,N
-1.93707,113.42047,313.28,1.06,1.03,2026-09-18,1312,T,40,6.1NRT,295.07,8.74,N
-2.10698,112.1872,310.46,1,1,2026-09-18,1312,T,76,6.1NRT,294.78,7.06,N
-1.85036,113.97992,320.39,1.12,1.05,2026-09-18,1312,T,100,6.1NRT,295.03,17.95,N
-1.85171,113.97018,310.77,1.12,1.05,2026-09-18,1312,T,57,6.1NRT,294.43,8.2,N
-1.89827,113.63424,304.31,1.08,1.04,2026-09-18,1312,T,38,6.1NRT,293.84,3.82,N
-1.91775,113.49355,304.22,1.07,1.03,2026-09-18,1312,T,25,6.1NRT,293.84,3.73,N
-1.92547,113.43774,309.07,1.06,1.03,2026-09-18,1312,T,33,6.1NRT,294.93,5.98,N
-2.09698,112.19473,304.77,1,1,2026-09-18,1312,T,49,6.1NRT,294.34,3.56,N
-3.15869,104.38036,304.87,3,1.65,2026-09-18,1312,T,62,6.1NRT,290.89,17.23,N
-1.57645,115.86846,307.21,1.47,1.2,2026-09-18,1312,T,66,6.1NRT,293.52,7.83,N
-1.79953,114.27694,306.44,1.16,1.07,2026-09-18,1312,T,54,6.1NRT,294.66,5.17,N
-1.88258,113.68031,304.32,1.09,1.04,2026-09-18,1312,T,46,6.1NRT,293.87,4.3,N
-1.76865,114.42879,309.39,1.18,1.08,2026-09-18,1312,T,73,6.1NRT,294.62,7.67,N
-1.79011,114.2756,310.61,1.16,1.07,2026-09-18,1312,T,74,6.1NRT,295.29,8.39,N
-1.79153,114.2655,319.36,1.16,1.07,2026-09-18,1312,T,98,6.1NRT,295.29,17.45,N
-1.79294,114.25539,317.02,1.16,1.07,2026-09-18,1312,T,94,6.1NRT,294.63,15.01,N
-3.123,104.4283,310.18,2.97,1.64,2026-09-18,1312,T,79,6.1NRT,290.7,32.09,N
-3.12639,104.40248,326.54,2.99,1.64,2026-09-18,1312,T,100,6.1NRT,291.03,105.74,N
-1.7401,114.56271,304.3,1.2,1.09,2026-09-18,1312,T,41,6.1NRT,293.49,4.77,N
-1.75769,114.43779,315.22,1.18,1.08,2026-09-18,1312,T,90,6.1NRT,295.67,13.05,N
-1.75915,114.42744,317.02,1.18,1.08,2026-09-18,1312,T,94,6.1NRT,294.97,14.91,N
-1.78212,114.26415,305.6,1.16,1.07,2026-09-18,1312,T,32,6.1NRT,294.78,4.72,N
-1.82119,113.98578,331.24,1.12,1.05,2026-09-18,1312,T,100,6.1NRT,296.06,32.14,N
-1.82666,113.94679,307.11,1.12,1.05,2026-09-18,1312,T,64,6.1NRT,294.73,5.67,N
-2.02095,112.5509,307,1.01,1,2026-09-18,1312,T,63,6.1NRT,294.93,5.07,N
-1.73052,114.56135,305.27,1.2,1.09,2026-09-18,1312,T,51,6.1NRT,294.01,5.4,N
-1.75401,114.3952,317.94,1.18,1.08,2026-09-18,1312,T,95,6.1NRT,295.34,16.71,N
-1.75546,114.38494,332.83,1.17,1.08,2026-09-18,1312,T,100,6.1NRT,296.34,37.84,N
-1.75691,114.37472,310.44,1.17,1.08,2026-09-18,1312,T,77,6.1NRT,295.34,9.02,N
-1.81192,113.98447,314.36,1.12,1.05,2026-09-18,1312,T,47,6.1NRT,295.22,10.34,N
-1.87629,113.52575,310.49,1.07,1.03,2026-09-18,1312,T,33,6.1NRT,294.43,7.28,N
-1.94539,113.03053,305.52,1.03,1.01,2026-09-18,1312,T,40,6.1NRT,294.38,3.97,N
-1.94665,113.0215,308.53,1.03,1.01,2026-09-18,1312,T,69,6.1NRT,294.58,5.93,N
-3.09093,104.45011,327.03,2.96,1.64,2026-09-18,1312,T,100,6.1NRT,291.06,107.58,N
-3.09423,104.42442,318.86,2.97,1.64,2026-09-18,1312,T,98,6.1NRT,290.79,64.85,N
-1.54723,115.77351,335.17,1.45,1.19,2026-09-18,1312,T,100,6.1NRT,294.59,55.82,N
-1.54903,115.76095,338.55,1.44,1.19,2026-09-18,1312,T,100,6.1NRT,295.28,64.39,N
-1.80127,113.99296,312.94,1.12,1.06,2026-09-18,1312,T,40,6.1NRT,295.52,9.2,N
-2.2393,110.82555,342.24,1.04,1.02,2026-09-18,1312,T,100,6.1NRT,294.14,47.7,N
-2.24053,110.81646,304.38,1.04,1.02,2026-09-18,1312,T,47,6.1NRT,293.36,3.6,N
-3.07658,104.44816,312.9,2.96,1.64,2026-09-18,1312,T,86,6.1NRT,290.77,40.98,N
-1.53965,115.8574,305.97,1.47,1.2,2026-09-18,1312,T,58,6.1NRT,293.12,7.17,N
-1.79386,113.99606,313.36,1.12,1.06,2026-09-18,1312,T,79,6.1NRT,295.08,10.35,N
-1.7952,113.98626,326.81,1.12,1.06,2026-09-18,1312,T,100,6.1NRT,295.73,25.71,N
-1.86952,113.44292,324.67,1.06,1.03,2026-09-18,1312,T,100,6.1NRT,295.04,21.88,N
-2.22034,110.89127,308.73,1.04,1.02,2026-09-18,1312,T,70,6.1NRT,293.11,6.48,N
-2.22159,110.88219,326.83,1.04,1.02,2026-09-18,1312,T,100,6.1NRT,293.31,24.16,N
-3.12031,104.42265,315.89,2.97,1.64,2026-09-18,1312,T,92,6.1NRT,290.69,52.92,N
-3.12388,104.39686,317.49,2.99,1.64,2026-09-18,1312,T,95,6.1NRT,290.83,59.68,N
-1.54138,115.76677,381.42,1.45,1.19,2026-09-18,1312,T,100,6.1NRT,296.74,267.92,N
-1.54311,115.75417,334.72,1.44,1.19,2026-09-18,1312,T,100,6.1NRT,294.44,54.3,N
-1.70808,114.55238,313.44,1.2,1.09,2026-09-18,1312,T,85,6.1NRT,294.53,12.31,N
-1.78593,113.98495,312.1,1.12,1.06,2026-09-18,1312,T,35,6.1NRT,295.34,8.74,N
-1.78727,113.97515,339.47,1.12,1.05,2026-09-18,1312,T,100,6.1NRT,296.43,45.72,N
-1.78862,113.96537,315.65,1.12,1.05,2026-09-18,1312,T,87,6.1NRT,295.76,12.19,N
-1.78995,113.95563,306.45,1.12,1.05,2026-09-18,1312,T,21,6.1NRT,294.73,4.7,N
-1.85024,113.51622,313.71,1.07,1.03,2026-09-18,1312,T,45,6.1NRT,295.11,9.57,N
-1.86811,113.38603,311.95,1.06,1.03,2026-09-18,1312,T,80,6.1NRT,294.32,8.96,N
-1.86938,113.37677,308.82,1.06,1.03,2026-09-18,1312,T,70,6.1NRT,294.75,6.22,N
-1.87065,113.36753,323.58,1.06,1.03,2026-09-18,1312,T,100,6.1NRT,295.12,20.4,N
-2.22017,110.82638,314.44,1.04,1.02,2026-09-18,1312,T,87,6.1NRT,293.91,11.07,N
-3.1024,104.44639,318.62,2.96,1.64,2026-09-18,1312,T,97,6.1NRT,290.68,65.53,N
-3.10592,104.42075,309.93,2.97,1.64,2026-09-18,1312,T,60,6.1NRT,290.55,30.25,N
-1.53268,115.7527,307.54,1.44,1.19,2026-09-18,1312,T,68,6.1NRT,293.29,7.61,N
-1.69416,114.58253,324.58,1.21,1.09,2026-09-18,1312,T,100,6.1NRT,296.52,24.79,N
-1.69561,114.572,316.49,1.21,1.09,2026-09-18,1312,T,77,6.1NRT,294.69,14.48,N
-1.72141,114.38478,307.67,1.18,1.08,2026-09-18,1312,T,67,6.1NRT,295.05,6.6,N
-1.82564,113.62778,304.51,1.08,1.04,2026-09-18,1312,T,47,6.1NRT,294.18,3.9,N
-1.84374,113.49624,309.49,1.07,1.03,2026-09-18,1312,T,32,6.1NRT,294.9,5.89,N
-1.84502,113.48692,313.31,1.07,1.03,2026-09-18,1312,T,81,6.1NRT,294.84,9.01,N
-1.85143,113.44039,304.51,1.06,1.03,2026-09-18,1312,T,46,6.1NRT,294.19,3.8,N
-1.86035,113.37552,332.7,1.06,1.03,2026-09-18,1312,T,100,6.1NRT,296.09,31.89,N
-1.86163,113.36627,325.93,1.06,1.03,2026-09-18,1312,T,100,6.1NRT,295.62,23,N
-1.96332,112.62693,305.68,1.01,1.01,2026-09-18,1312,T,55,6.1NRT,294.16,4.53,N
-2.2112,110.82516,312.82,1.04,1.02,2026-09-18,1312,T,83,6.1NRT,293.79,9.59,N
-2.2935,110.22746,312.25,1.1,1.05,2026-09-18,1312,T,81,6.1NRT,294.07,9.45,N
-2.29482,110.21786,336.92,1.1,1.05,2026-09-18,1312,T,100,6.1NRT,297.02,40.95,N
-2.29615,110.20824,320.36,1.1,1.05,2026-09-18,1312,T,100,6.1NRT,294.56,17.54,N
-3.08804,104.44449,327.41,2.96,1.64,2026-09-18,1312,T,100,6.1NRT,291.09,109.2,N
-1.6831,114.59171,329.05,1.21,1.09,2026-09-18,1312,T,100,6.1NRT,297.99,32.04,N
-1.76603,113.99213,311.68,1.12,1.06,2026-09-18,1312,T,80,6.1NRT,296.1,8.54,N
-1.76738,113.98232,342.95,1.12,1.06,2026-09-18,1312,T,100,6.1NRT,298.72,52.59,N
-1.76873,113.97253,332.96,1.12,1.05,2026-09-18,1312,T,100,6.1NRT,297.83,33.38,N
-1.77009,113.96275,327.55,1.12,1.05,2026-09-18,1312,T,100,6.1NRT,296.22,25.73,N
-1.86657,113.26377,313.06,1.05,1.02,2026-09-18,1312,T,84,6.1NRT,294.54,10.29,N
-1.95449,112.62569,312.44,1.01,1.01,2026-09-18,1312,T,82,6.1NRT,294.39,9.12,N
-2.28564,110.21659,313.05,1.1,1.05,2026-09-18,1312,T,84,6.1NRT,294.74,9.84,N
-1.66908,114.6221,311.84,1.21,1.1,2026-09-18,1312,T,73,6.1NRT,295.08,10.56,N
-1.67349,114.59035,338.26,1.21,1.09,2026-09-18,1312,T,100,6.1NRT,297.81,48.19,N
-1.75675,113.99082,369.16,1.12,1.06,2026-09-18,1312,T,100,6.1NRT,298.65,130.34,N
-1.75811,113.98102,369.63,1.12,1.06,2026-09-18,1312,T,100,6.1NRT,300.96,131.37,N
-1.75946,113.97122,387.56,1.12,1.05,2026-09-18,1312,T,100,6.1NRT,301.42,215.92,N
-1.76082,113.96146,342.24,1.12,1.05,2026-09-18,1312,T,100,6.1NRT,296.41,51.6,N
-1.78896,113.75838,315.36,1.1,1.04,2026-09-18,1312,T,90,6.1NRT,295.41,12.02,N
-2.25169,110.39623,307.71,1.08,1.04,2026-09-18,1312,T,65,6.1NRT,293.36,6.44,N
-1.65945,114.62075,340.9,1.21,1.1,2026-09-18,1312,T,100,6.1NRT,296.73,55.41,N
-1.66093,114.61015,326.82,1.21,1.09,2026-09-18,1312,T,100,6.1NRT,295.81,28.5,N
-1.74883,113.97971,361.63,1.12,1.06,2026-09-18,1312,T,100,6.1NRT,297.99,103.47,N
-1.7502,113.96992,337.35,1.12,1.05,2026-09-18,1312,T,100,6.1NRT,296.01,42.48,N
-1.77979,113.75709,319.17,1.1,1.04,2026-09-18,1312,T,98,6.1NRT,295.15,15.54,N
-1.79566,113.64285,318.31,1.08,1.04,2026-09-18,1312,T,96,6.1NRT,294.41,15.01,N
-1.79697,113.63338,306.24,1.08,1.04,2026-09-18,1312,T,58,6.1NRT,294.52,4.72,N
-1.79829,113.62393,326.74,1.08,1.04,2026-09-18,1312,T,100,6.1NRT,295.56,24.9,N
-1.7996,113.6145,317.57,1.08,1.04,2026-09-18,1312,T,95,6.1NRT,294.93,14.22,N
-1.82042,113.46445,316.58,1.07,1.03,2026-09-18,1312,T,92,6.1NRT,294.58,13,N
-1.91229,112.80079,326.45,1.02,1.01,2026-09-18,1312,T,100,6.1NRT,295.02,22.57,N
-1.91353,112.79187,341.63,1.02,1.01,2026-09-18,1312,T,100,6.1NRT,295.54,44.9,N
-1.48382,115.79723,314.77,1.46,1.19,2026-09-18,1312,T,89,6.1NRT,293.28,18.21,N
-1.65131,114.60881,314.53,1.21,1.09,2026-09-18,1312,T,88,6.1NRT,295.96,12.61,N
-1.6849,114.36922,306.81,1.17,1.08,2026-09-18,1312,T,32,6.1NRT,294.71,5,N
-1.69064,114.32824,314.83,1.17,1.08,2026-09-18,1312,T,77,6.1NRT,294.64,11.64,N
-1.78389,113.66052,309.45,1.09,1.04,2026-09-18,1312,T,73,6.1NRT,293.76,7.89,N
-1.81525,113.43525,307.03,1.06,1.03,2026-09-18,1312,T,40,6.1NRT,294.13,4.88,N
-1.64169,114.60746,321.3,1.21,1.09,2026-09-18,1312,T,100,6.1NRT,295.76,20.25,N
-1.64318,114.59686,311.47,1.21,1.09,2026-09-18,1312,T,43,6.1NRT,294.23,9.19,N
-1.67398,114.37813,332.79,1.18,1.08,2026-09-18,1312,T,100,6.1NRT,296.14,36.62,N
-1.67542,114.36787,312.9,1.17,1.08,2026-09-18,1312,T,63,6.1NRT,295.19,9.98,N
-1.68405,114.3065,311.37,1.17,1.07,2026-09-18,1312,T,18,6.1NRT,295.32,7.4,N
-1.68548,114.2963,315.63,1.16,1.07,2026-09-18,1312,T,69,6.1NRT,295.19,12.11,N
-2.0881,111.39252,317.33,1.01,1.01,2026-09-18,1312,T,94,6.1NRT,294.25,13.23,N
-2.08931,111.38368,311.56,1.01,1.01,2026-09-18,1312,T,79,6.1NRT,293.67,8.48,N
-1.62907,114.62726,323.81,1.22,1.1,2026-09-18,1312,T,100,6.1NRT,297.28,24.07,N
-1.65429,114.44901,321.77,1.19,1.08,2026-09-18,1312,T,100,6.1NRT,295.74,21.06,N
-1.65576,114.43862,309.43,1.19,1.08,2026-09-18,1312,T,62,6.1NRT,294.48,7.55,N
-1.6645,114.37677,321.76,1.18,1.08,2026-09-18,1312,T,100,6.1NRT,295.3,19.86,N
-1.79325,113.46061,307.81,1.07,1.03,2026-09-18,1312,T,64,6.1NRT,294.64,5.37,N
-1.80104,113.40489,317.54,1.06,1.03,2026-09-18,1312,T,94,6.1NRT,294.89,13.84,N
-1.80233,113.39562,325.44,1.06,1.03,2026-09-18,1312,T,100,6.1NRT,295.59,22.73,N
-1.81007,113.3402,310.74,1.06,1.03,2026-09-18,1312,T,77,6.1NRT,294.33,8.17,N
-1.95773,112.27645,324.38,1,1,2026-09-18,1312,T,100,6.1NRT,294.51,20.03,N
-1.95894,112.26769,330.56,1,1,2026-09-18,1312,T,100,6.1NRT,294.58,27.5,N
-1.59804,114.77622,309.21,1.24,1.11,2026-09-18,1312,T,73,6.1NRT,293.8,10.07,N
-1.61793,114.63654,336.22,1.22,1.1,2026-09-18,1312,T,100,6.1NRT,297.38,45.08,N
-1.61944,114.6259,332.44,1.22,1.1,2026-09-18,1312,T,100,6.1NRT,297.44,37.39,N
-1.62095,114.61529,306.84,1.21,1.1,2026-09-18,1312,T,21,6.1NRT,295.51,5.38,N
-1.64476,114.44768,310.34,1.19,1.08,2026-09-18,1312,T,40,6.1NRT,294.95,7.75,N
-1.74712,113.72329,314.01,1.09,1.04,2026-09-18,1312,T,86,6.1NRT,294.02,10.98,N
-1.78419,113.45934,309.24,1.07,1.03,2026-09-18,1312,T,27,6.1NRT,294.79,5.89,N
-1.7855,113.45003,312.56,1.07,1.03,2026-09-18,1312,T,81,6.1NRT,294.73,8.48,N
-1.792,113.40363,354.04,1.06,1.03,2026-09-18,1312,T,100,6.1NRT,296.99,74.94,N
-1.7933,113.39436,328.23,1.06,1.03,2026-09-18,1312,T,100,6.1NRT,295.11,26.38,N
-2.23828,110.15115,303.85,1.11,1.05,2026-09-18,1312,T,32,6.1NRT,293.01,3.75,N
-1.59456,114.78044,304.63,1.24,1.11,2026-09-18,1312,T,39,6.1NRT,293.55,5.81,N
-1.59605,114.76958,314.68,1.24,1.11,2026-09-18,1312,T,88,6.1NRT,294.21,15.48,N
-1.61513,114.62978,326.68,1.22,1.1,2026-09-18,1312,T,100,6.1NRT,297.22,27.9,N
-1.61658,114.61914,320.32,1.22,1.1,2026-09-18,1312,T,80,6.1NRT,296.57,17.6,N
-1.61803,114.60852,325.38,1.21,1.1,2026-09-18,1312,T,100,6.1NRT,296.31,25.59,N
-1.65081,114.36847,306.76,1.18,1.08,2026-09-18,1312,T,20,6.1NRT,295.34,5.17,N
-1.68399,114.12551,304.21,1.14,1.06,2026-09-18,1312,T,46,6.1NRT,293.9,4.86,N
-2.08719,111.18725,311.52,1.02,1.01,2026-09-18,1312,T,73,6.1NRT,294,7.9,N
-2.09581,111.12479,304.34,1.02,1.01,2026-09-18,1312,T,44,6.1NRT,293.67,3.83,N
-1.58633,114.76814,315.59,1.24,1.11,2026-09-18,1312,T,91,6.1NRT,293.99,16.25,N
-1.59226,114.72491,307.17,1.23,1.1,2026-09-18,1312,T,46,6.1NRT,294.11,7.25,N
-1.60403,114.63908,307.65,1.22,1.1,2026-09-18,1312,T,19,6.1NRT,295.45,6.84,N
-1.60695,114.61777,314.73,1.22,1.1,2026-09-18,1312,T,16,6.1NRT,296.06,11.93,N
-1.60841,114.60715,335.17,1.21,1.1,2026-09-18,1312,T,100,6.1NRT,297.27,43.47,N
-1.60986,114.59656,312.25,1.21,1.09,2026-09-18,1312,T,82,6.1NRT,295.4,11.08,N
-1.63283,114.42903,312.31,1.19,1.08,2026-09-18,1312,T,70,6.1NRT,295.28,10.04,N
-1.65672,114.25485,312.04,1.16,1.07,2026-09-18,1312,T,81,6.1NRT,294.86,10.53,N
-1.76446,113.46925,307.01,1.07,1.03,2026-09-18,1312,T,55,6.1NRT,294.4,4.88,N
-1.85689,112.79583,312.25,1.02,1.01,2026-09-18,1312,T,82,6.1NRT,294.5,9.06,N
-1.85811,112.78692,307.9,1.02,1.01,2026-09-18,1312,T,67,6.1NRT,294.44,5.81,N
-2.07955,111.17707,315.75,1.02,1.01,2026-09-18,1312,T,87,6.1NRT,293.99,11.01,N
-2.20378,110.27707,310.83,1.09,1.04,2026-09-18,1312,T,73,6.1NRT,294.19,7.78,N
-2.20642,110.25798,314.25,1.09,1.04,2026-09-18,1312,T,86,6.1NRT,294.31,10.67,N
-2.20774,110.24843,307.13,1.09,1.04,2026-09-18,1312,T,23,6.1NRT,293.88,4.78,N
-2.21968,110.16203,314.12,1.1,1.05,2026-09-18,1312,T,86,6.1NRT,294.14,10.89,N
-1.58701,114.69122,310.33,1.23,1.1,2026-09-18,1312,T,66,6.1NRT,295.11,10.02,N
-1.59585,114.62704,308.65,1.22,1.1,2026-09-18,1312,T,18,6.1NRT,295.05,7.47,N
-1.60024,114.5952,312.04,1.21,1.09,2026-09-18,1312,T,82,6.1NRT,294.99,11.78,N
-1.63325,114.35551,309.42,1.17,1.08,2026-09-18,1312,T,72,6.1NRT,295.47,7.63,N
-1.72033,113.72289,307.47,1.09,1.04,2026-09-18,1312,T,42,6.1NRT,295.03,4.98,N
-1.72164,113.71336,316.28,1.09,1.04,2026-09-18,1312,T,92,6.1NRT,295.21,12.97,N
-1.73212,113.63723,307.26,1.08,1.04,2026-09-18,1312,T,64,6.1NRT,294.07,5.77,N
-1.76308,113.41216,306.75,1.06,1.03,2026-09-18,1312,T,61,6.1NRT,294.32,4.77,N
-2.07068,111.17588,323.49,1.02,1.01,2026-09-18,1312,T,100,6.1NRT,294.83,18.82,N
-2.07189,111.16703,308.73,1.02,1.01,2026-09-18,1312,T,37,6.1NRT,293.74,5.63,N
-2.19725,110.25671,311.06,1.09,1.04,2026-09-18,1312,T,70,6.1NRT,293.75,7.44,N
-2.19857,110.24717,308.03,1.09,1.04,2026-09-18,1312,T,45,6.1NRT,293.99,5.39,N
-2.20782,110.18002,315.91,1.1,1.05,2026-09-18,1312,T,91,6.1NRT,294.67,12.49,N
-2.20915,110.17039,335.17,1.1,1.05,2026-09-18,1312,T,100,6.1NRT,296.06,37.79,N
-2.21048,110.16075,309.15,1.1,1.05,2026-09-18,1312,T,58,6.1NRT,293.94,6.48,N
-1.37283,116.16364,323.5,1.55,1.23,2026-09-18,1312,T,100,6.1NRT,291.94,37.64,N
-1.57286,114.72214,323.55,1.23,1.1,2026-09-18,1312,T,100,6.1NRT,295.04,24.63,N
-1.57435,114.71137,328.78,1.23,1.1,2026-09-18,1312,T,100,6.1NRT,295.71,32.56,N
-1.57733,114.68986,316.02,1.23,1.1,2026-09-18,1312,T,91,6.1NRT,294.62,15.37,N
-1.67508,113.98296,307.76,1.12,1.06,2026-09-18,1312,T,43,6.1NRT,295.07,5.84,N
-1.71117,113.72159,310.53,1.09,1.04,2026-09-18,1312,T,76,6.1NRT,294.78,7.33,N
-1.71248,113.71205,320.65,1.09,1.04,2026-09-18,1312,T,100,6.1NRT,295.02,17.54,N
-1.72429,113.62647,316.77,1.08,1.04,2026-09-18,1312,T,93,6.1NRT,295.03,12.71,N
-1.75019,113.43876,309.04,1.07,1.03,2026-09-18,1312,T,71,6.1NRT,294.67,6.09,N
-2.07164,111.10313,307.2,1.02,1.01,2026-09-18,1312,T,53,6.1NRT,293.96,4.96,N
-2.19863,110.17874,332.66,1.1,1.05,2026-09-18,1312,T,100,6.1NRT,294.78,33.82,N
-2.19995,110.16911,361.58,1.1,1.05,2026-09-18,1312,T,100,6.1NRT,296.14,100.78,N
-2.20127,110.15948,328.94,1.1,1.05,2026-09-18,1312,T,100,6.1NRT,294.28,27.65,N
-1.36203,116.16215,322.54,1.55,1.23,2026-09-18,1312,T,100,6.1NRT,291.69,35.73,N
-1.71648,113.61573,316.56,1.08,1.04,2026-09-18,1312,T,65,6.1NRT,294.98,11.87,N
-1.74114,113.43749,311.56,1.07,1.03,2026-09-18,1312,T,79,6.1NRT,294.88,7.87,N
-2.06275,111.10189,309.82,1.02,1.01,2026-09-18,1312,T,41,6.1NRT,293.87,6.37,N
-2.19603,110.12923,309.77,1.11,1.05,2026-09-18,1312,T,69,6.1NRT,294.13,7.32,N
-1.55497,114.70862,365.03,1.23,1.1,2026-09-18,1312,T,100,6.1NRT,299.23,132.28,N
-1.55647,114.69785,324.57,1.23,1.1,2026-09-18,1312,T,100,6.1NRT,294.69,25.59,N
-1.56098,114.66563,304.91,1.22,1.1,2026-09-18,1312,T,53,6.1NRT,294.17,5.67,N
-1.70604,113.62392,321.7,1.08,1.04,2026-09-18,1312,T,100,6.1NRT,295.88,17.39,N
-1.7295,113.45484,313.26,1.07,1.03,2026-09-18,1312,T,84,6.1NRT,294.68,9.54,N
-1.73079,113.44553,310.21,1.07,1.03,2026-09-18,1312,T,75,6.1NRT,294.62,6.82,N
-2.02701,111.29659,307.51,1.01,1.01,2026-09-18,1312,T,64,6.1NRT,294.18,5.13,N
-2.06244,111.03804,311.03,1.03,1.01,2026-09-18,1312,T,78,6.1NRT,294.19,7.7,N
-2.06367,111.02902,307.39,1.03,1.01,2026-09-18,1312,T,64,6.1NRT,294.02,4.93,N
-2.16716,110.27201,311.56,1.09,1.04,2026-09-18,1312,T,45,6.1NRT,294.02,7.91,N
-2.17237,110.2338,309.71,1.1,1.04,2026-09-18,1312,T,47,6.1NRT,294.08,6.82,N
-2.18681,110.12795,349.95,1.11,1.05,2026-09-18,1312,T,100,6.1NRT,296.09,68.22,N
-2.18813,110.11826,351.74,1.11,1.05,2026-09-18,1312,T,100,6.1NRT,296.26,72.72,N
-1.54377,114.71799,309.56,1.23,1.1,2026-09-18,1312,T,31,6.1NRT,295.35,8.45,N
-1.54528,114.70723,338.52,1.23,1.1,2026-09-18,1312,T,100,6.1NRT,295.89,51.95,N
-1.69691,113.62266,312.94,1.08,1.04,2026-09-18,1312,T,39,6.1NRT,294.84,8.64,N
-1.70873,113.53778,309.95,1.07,1.03,2026-09-18,1312,T,74,6.1NRT,294.12,7.73,N
-1.71003,113.52839,305.31,1.07,1.03,2026-09-18,1312,T,53,6.1NRT,293.94,4.36,N
-1.91818,112.02391,307.46,1,1,2026-09-18,1312,T,65,6.1NRT,293.72,5.46,N
-2.01573,111.31313,313.16,1.01,1.01,2026-09-18,1312,T,84,6.1NRT,294.07,9.25,N
-2.01816,111.29539,315.42,1.01,1.01,2026-09-18,1312,T,90,6.1NRT,294.14,11.02,N
-2.01938,111.28651,310.12,1.02,1.01,2026-09-18,1312,T,75,6.1NRT,294.02,6.68,N
-2.04131,111.12624,313.39,1.02,1.01,2026-09-18,1312,T,85,6.1NRT,294.52,9.05,N
-2.04253,111.1173,335.09,1.02,1.01,2026-09-18,1312,T,100,6.1NRT,295.44,33.45,N
-2.14509,110.3656,310.91,1.08,1.04,2026-09-18,1312,T,74,6.1NRT,293.66,7.89,N
-2.1593,110.26119,311.76,1.09,1.04,2026-09-18,1312,T,33,6.1NRT,294.23,7.59,N
-2.1619,110.2421,343.18,1.09,1.04,2026-09-18,1312,T,100,6.1NRT,296.49,50.63,N
-2.1632,110.23254,342.81,1.1,1.04,2026-09-18,1312,T,100,6.1NRT,296.25,50.68,N
-2.1645,110.22296,316.98,1.1,1.04,2026-09-18,1312,T,93,6.1NRT,294.04,12.69,N
-2.17497,110.146,319.77,1.1,1.05,2026-09-18,1312,T,99,6.1NRT,294.73,15.93,N
-2.17628,110.13634,335.98,1.11,1.05,2026-09-18,1312,T,100,6.1NRT,296.38,38.64,N
-1.67451,113.71642,323.33,1.09,1.04,2026-09-18,1312,T,100,6.1NRT,295.03,20.5,N
-1.67584,113.7069,307.52,1.09,1.04,2026-09-18,1312,T,65,6.1NRT,294.26,5.58,N
-1.68647,113.63083,314.25,1.08,1.04,2026-09-18,1312,T,69,6.1NRT,294.78,9.97,N
-1.68779,113.62136,321.32,1.08,1.04,2026-09-18,1312,T,100,6.1NRT,295.29,16.81,N
-1.68911,113.61189,320.93,1.08,1.04,2026-09-18,1312,T,100,6.1NRT,294.91,16.22,N
-1.70617,113.48963,304.9,1.07,1.03,2026-09-18,1312,T,50,6.1NRT,294.14,3.93,N
-1.72045,113.38725,306.06,1.06,1.03,2026-09-18,1312,T,38,6.1NRT,294.28,4.39,N
-2.03364,111.1161,324.03,1.02,1.01,2026-09-18,1312,T,100,6.1NRT,294.17,19.15,N
-2.13597,110.36436,305.49,1.08,1.04,2026-09-18,1312,T,39,6.1NRT,293.64,4.15,N
-2.13726,110.35489,311.33,1.08,1.04,2026-09-18,1312,T,78,6.1NRT,293.71,8.69,N
-2.15144,110.25037,317.1,1.09,1.04,2026-09-18,1312,T,54,6.1NRT,294.5,12.27,N
-2.15273,110.24083,335.74,1.09,1.04,2026-09-18,1312,T,100,6.1NRT,295.08,36.78,N
-2.15403,110.23126,349.48,1.1,1.04,2026-09-18,1312,T,100,6.1NRT,295.67,65.34,N
-2.15532,110.22169,326.27,1.1,1.04,2026-09-18,1312,T,100,6.1NRT,294.63,23.29,N
-2.15662,110.2121,317.72,1.1,1.04,2026-09-18,1312,T,95,6.1NRT,294.11,13.38,N
-2.15923,110.19287,309.39,1.1,1.05,2026-09-18,1312,T,63,6.1NRT,293.92,6.47,N
-2.82771,105.17811,305.69,2.55,1.54,2026-09-18,1312,T,65,6.1NRT,291.24,18.87,N
-2.83062,105.15592,305.4,2.56,1.54,2026-09-18,1312,T,64,6.1NRT,290.97,18.28,N
-1.63141,113.95685,318.28,1.12,1.06,2026-09-18,1312,T,96,6.1NRT,295.06,15.88,N
-1.63278,113.94707,316.58,1.12,1.05,2026-09-18,1312,T,93,6.1NRT,295.19,13.97,N
-2.09142,110.62466,313.89,1.06,1.03,2026-09-18,1312,T,86,6.1NRT,293.87,10.38,N
-2.09267,110.61541,313.59,1.06,1.03,2026-09-18,1312,T,85,6.1NRT,293.94,10.06,N
-2.12813,110.35363,314.82,1.08,1.04,2026-09-18,1312,T,88,6.1NRT,293.63,11.88,N
-2.14227,110.24908,343.57,1.09,1.04,2026-09-18,1312,T,100,6.1NRT,295.44,52.44,N
-2.14356,110.23953,323.14,1.09,1.04,2026-09-18,1312,T,100,6.1NRT,294.23,19.81,N
-2.15785,110.13379,309.93,1.11,1.05,2026-09-18,1312,T,64,6.1NRT,293.91,7.11,N
-2.15916,110.12411,315.25,1.11,1.05,2026-09-18,1312,T,89,6.1NRT,294.11,11.7,N
-1.65349,113.73296,305.98,1.1,1.04,2026-09-18,1312,T,57,6.1NRT,294.18,4.69,N
-1.65484,113.72339,306.73,1.09,1.04,2026-09-18,1312,T,59,6.1NRT,294.31,4.94,N
-1.68409,113.51517,305.86,1.07,1.03,2026-09-18,1312,T,56,6.1NRT,294.12,4.49,N
-1.70238,113.38469,308.49,1.06,1.03,2026-09-18,1312,T,69,6.1NRT,294.45,5.91,N
-1.70367,113.37543,318.7,1.06,1.03,2026-09-18,1312,T,97,6.1NRT,294.58,14.92,N
-1.70756,113.34769,320.83,1.06,1.03,2026-09-18,1312,T,100,6.1NRT,295.09,17.39,N
-1.70885,113.33847,305.86,1.06,1.03,2026-09-18,1312,T,56,6.1NRT,294.33,4.63,N
-1.71014,113.32926,317.72,1.06,1.03,2026-09-18,1312,T,95,6.1NRT,294.07,14.58,N
-1.82526,112.50234,314.3,1.01,1,2026-09-18,1312,T,87,6.1NRT,293.86,10.67,N
-2.00252,111.21171,327.99,1.02,1.01,2026-09-18,1312,T,100,6.1NRT,295.1,24.25,N
-2.00373,111.20282,315.37,1.02,1.01,2026-09-18,1312,T,90,6.1NRT,294.53,11,N
-2.01831,111.09576,327.05,1.02,1.01,2026-09-18,1312,T,100,6.1NRT,295.11,22.17,N
-2.01953,111.08681,323.19,1.02,1.01,2026-09-18,1312,T,100,6.1NRT,294.86,18.01,N
-1.6465,113.72605,310.53,1.1,1.04,2026-09-18,1312,T,77,6.1NRT,294.22,8.31,N
-1.66211,113.61181,304.94,1.08,1.04,2026-09-18,1312,T,51,6.1NRT,294.68,4.07,N
-1.66341,113.60235,307.09,1.08,1.04,2026-09-18,1312,T,63,6.1NRT,294.49,5.53,N
-1.69793,113.34988,329.95,1.06,1.03,2026-09-18,1312,T,100,6.1NRT,295.55,29.05,N
-1.6992,113.34065,316.28,1.06,1.03,2026-09-18,1312,T,92,6.1NRT,294.56,13.38,N
-1.99268,111.20444,315.78,1.02,1.01,2026-09-18,1312,T,91,6.1NRT,294.15,11.12,N
-2.00006,111.15101,321.03,1.02,1.01,2026-09-18,1312,T,100,6.1NRT,294.89,15.62,N
-2.00869,111.08849,314.59,1.02,1.01,2026-09-18,1312,T,88,6.1NRT,294.36,9.91,N
-2.12734,110.23134,306.46,1.09,1.04,2026-09-18,1312,T,39,6.1NRT,293.55,4.3,N
-1.67617,113.44145,311.62,1.07,1.03,2026-09-18,1312,T,80,6.1NRT,294.11,9.04,N
-1.68128,113.40422,322.44,1.06,1.03,2026-09-18,1312,T,100,6.1NRT,294.85,19.33,N
-1.72909,113.05573,313.38,1.04,1.02,2026-09-18,1312,T,85,6.1NRT,294.87,10.1,N
-1.98382,111.20321,316.69,1.02,1.01,2026-09-18,1312,T,93,6.1NRT,294.54,11.63,N
-1.99365,111.13193,327.21,1.02,1.01,2026-09-18,1312,T,100,6.1NRT,295.84,22.15,N
-1.99488,111.12299,325.07,1.02,1.01,2026-09-18,1312,T,100,6.1NRT,295.23,19.34,N
-2.12479,110.18221,318.8,1.1,1.05,2026-09-18,1312,T,97,6.1NRT,294.25,15.14,N
-2.12612,110.17262,318.02,1.1,1.05,2026-09-18,1312,T,95,6.1NRT,294.31,14.61,N
-2.81947,105.17168,310.3,2.55,1.54,2026-09-18,1312,T,80,6.1NRT,291.35,28.71,N
-1.53524,114.39875,306.74,1.18,1.08,2026-09-18,1312,T,20,6.1NRT,294.51,5.42,N
-1.59213,113.98534,308.45,1.13,1.06,2026-09-18,1312,T,68,6.1NRT,294.81,6.71,N
-1.68115,113.3381,310.17,1.06,1.03,2026-09-18,1312,T,75,6.1NRT,294.06,7.53,N
-1.6976,113.21845,309.27,1.05,1.02,2026-09-18,1312,T,72,6.1NRT,294.54,6.81,N
-1.97373,111.2109,341.77,1.02,1.01,2026-09-18,1312,T,100,6.1NRT,296.04,43.8,N
-1.97496,111.20198,368.41,1.02,1.01,2026-09-18,1312,T,100,6.1NRT,297.29,110.31,N
-1.98477,111.13068,431.04,1.02,1.01,2026-09-18,1312,T,100,6.1NRT,303.68,507.18,N
-1.986,111.12176,433.92,1.02,1.01,2026-09-18,1312,T,100,6.1NRT,304.63,537.28,N
-1.98723,111.11282,317.87,1.02,1.01,2026-09-18,1312,T,95,6.1NRT,294.79,11.17,N
-1.98846,111.10389,314.4,1.02,1.01,2026-09-18,1312,T,87,6.1NRT,294.12,8.25,N
-2.0972,110.31449,305.61,1.09,1.04,2026-09-18,1312,T,51,6.1NRT,293.7,4.82,N
-2.10769,110.23837,316.63,1.09,1.04,2026-09-18,1312,T,92,6.1NRT,294.12,13.22,N
-2.11296,110.2001,309.15,1.1,1.04,2026-09-18,1312,T,70,6.1NRT,293.52,6.65,N
-1.52572,114.39742,307.38,1.18,1.08,2026-09-18,1312,T,13,6.1NRT,294.66,5.91,N
-1.52715,114.38708,311.36,1.18,1.08,2026-09-18,1312,T,80,6.1NRT,294.36,9.72,N
-1.54977,114.22345,320.26,1.16,1.07,2026-09-18,1312,T,100,6.1NRT,294.85,19.68,N
-1.55116,114.21335,304.83,1.16,1.07,2026-09-18,1312,T,53,6.1NRT,293.99,4.86,N
-1.58011,114.00374,305.42,1.13,1.06,2026-09-18,1312,T,29,6.1NRT,294.55,4.4,N
-1.7162,113.01705,304.65,1.03,1.02,2026-09-18,1312,T,41,6.1NRT,293.79,3.62,N
-1.96365,111.21852,307.97,1.02,1.01,2026-09-18,1312,T,66,6.1NRT,294.51,4.77,N
-1.96487,111.20963,383.93,1.02,1.01,2026-09-18,1312,T,100,6.1NRT,298.28,170.9,N
-1.9661,111.20073,320.09,1.02,1.01,2026-09-18,1312,T,100,6.1NRT,294.51,14.34,N
-1.97589,111.12946,312.76,1.02,1.01,2026-09-18,1312,T,83,6.1NRT,294.27,7.74,N
-1.97712,111.12051,318.2,1.02,1.01,2026-09-18,1312,T,96,6.1NRT,293.84,12.49,N
-1.98203,111.08482,314.69,1.02,1.01,2026-09-18,1312,T,88,6.1NRT,294.09,9.83,N
-1.4767,114.68053,311.92,1.23,1.1,2026-09-18,1312,T,82,6.1NRT,294.74,11.92,N
-1.47819,114.6698,325.62,1.23,1.1,2026-09-18,1312,T,100,6.1NRT,295.4,29.3,N
-1.59382,113.83637,322.54,1.11,1.05,2026-09-18,1312,T,100,6.1NRT,294.83,20.57,N
-1.64512,113.46563,308.8,1.07,1.03,2026-09-18,1312,T,71,6.1NRT,294.24,6.77,N
-1.66183,113.34481,307.62,1.06,1.03,2026-09-18,1312,T,66,6.1NRT,294.43,6,N
-1.6631,113.33557,304.08,1.06,1.03,2026-09-18,1312,T,44,6.1NRT,293.82,3.79,N
-1.67963,113.21593,318.26,1.05,1.02,2026-09-18,1312,T,96,6.1NRT,294.62,13.39,N
-1.6809,113.20677,319.42,1.05,1.02,2026-09-18,1312,T,98,6.1NRT,294.74,14.58,N
-1.97192,111.09251,307.81,1.02,1.01,2026-09-18,1312,T,3,6.1NRT,293.95,4.49,N
-1.46701,114.67915,333,1.23,1.1,2026-09-18,1312,T,100,6.1NRT,296.14,41.57,N
-1.46851,114.66842,320.32,1.23,1.1,2026-09-18,1312,T,100,6.1NRT,294.88,21.59,N
-1.50381,114.41547,305.31,1.19,1.08,2026-09-18,1312,T,18,6.1NRT,294.53,4.87,N
-1.67065,113.21467,331.33,1.05,1.02,2026-09-18,1312,T,100,6.1NRT,295.56,29.3,N
-1.67192,113.20551,323.58,1.05,1.02,2026-09-18,1312,T,100,6.1NRT,295.1,19.31,N
-1.77217,112.47997,307.05,1.01,1,2026-09-18,1312,T,64,6.1NRT,294.15,5.26,N
-1.77339,112.47117,305.02,1.01,1,2026-09-18,1312,T,52,6.1NRT,294.09,4.02,N
-1.97039,111.03757,310.22,1.03,1.01,2026-09-18,1312,T,75,6.1NRT,293.89,7.49,N
-1.50008,114.3727,305.45,1.18,1.08,2026-09-18,1312,T,44,6.1NRT,294.26,4.86,N
-1.63992,113.37002,306.2,1.06,1.03,2026-09-18,1312,T,59,6.1NRT,293.92,4.79,N
-2.07754,110.18544,308.2,1.1,1.05,2026-09-18,1312,T,32,6.1NRT,293.5,5.52,N
-1.67798,113.03014,317.08,1.04,1.02,2026-09-18,1312,T,94,6.1NRT,294.51,11.81,N
-2.06706,110.19376,314.47,1.1,1.04,2026-09-18,1312,T,87,6.1NRT,293.79,10.73,N
-1.66904,113.02889,308.03,1.04,1.02,2026-09-18,1312,T,17,6.1NRT,294.63,4.66,N
-1.6703,113.01984,315.72,1.03,1.02,2026-09-18,1312,T,91,6.1NRT,295.14,10.85,N
-2.03728,110.34479,311.76,1.08,1.04,2026-09-18,1312,T,74,6.1NRT,294.42,7.48,N
-2.05529,110.21166,325.72,1.1,1.04,2026-09-18,1312,T,100,6.1NRT,294.3,23.49,N
-1.47011,114.37901,310.81,1.18,1.08,2026-09-18,1312,T,78,6.1NRT,294.39,9.35,N
-1.47157,114.3687,313.01,1.18,1.08,2026-09-18,1312,T,84,6.1NRT,294.14,11.44,N
-1.63982,113.17303,307.29,1.05,1.02,2026-09-18,1312,T,64,6.1NRT,294.62,5.42,N
-1.6411,113.16391,312.37,1.04,1.02,2026-09-18,1312,T,82,6.1NRT,294.18,9.45,N
-1.66011,113.02765,315.61,1.04,1.02,2026-09-18,1312,T,90,6.1NRT,295.45,10.86,N
-2.02689,110.35297,313.48,1.08,1.04,2026-09-18,1312,T,84,6.1NRT,294.48,8.63,N
-2.02816,110.34352,317.84,1.08,1.04,2026-09-18,1312,T,95,6.1NRT,294.67,12.94,N
-2.04225,110.23906,310.32,1.09,1.04,2026-09-18,1312,T,74,6.1NRT,293.58,7.68,N
-2.04354,110.22952,305.86,1.09,1.04,2026-09-18,1312,T,52,6.1NRT,293.39,4.43,N
-1.51303,114.02829,316.09,1.13,1.06,2026-09-18,1312,T,92,6.1NRT,294.58,13.84,N
-1.52111,113.96907,304.66,1.13,1.06,2026-09-18,1312,T,52,6.1NRT,293.98,4.31,N
-1.59433,113.43314,333.3,1.07,1.03,2026-09-18,1312,T,100,6.1NRT,295.45,33.51,N
-1.59561,113.42381,310.65,1.07,1.03,2026-09-18,1312,T,77,6.1NRT,294.27,7.52,N
-1.79162,111.99407,309.36,1,1,2026-09-18,1312,T,73,6.1NRT,293.08,7.02,N
-2.02056,110.3362,307.41,1.08,1.04,2026-09-18,1312,T,48,6.1NRT,294.35,5.01,N
-1.42354,114.61212,306.03,1.22,1.1,2026-09-18,1312,T,37,6.1NRT,294.14,5.99,N
-1.42499,114.60149,309.04,1.22,1.1,2026-09-18,1312,T,70,6.1NRT,293.9,8.44,N
-1.5037,114.02698,305.3,1.13,1.06,2026-09-18,1312,T,56,6.1NRT,294.04,4.78,N
-1.58399,113.44118,365.3,1.07,1.03,2026-09-18,1312,T,100,6.1NRT,297.53,109.01,N
-1.58527,113.43185,361.26,1.07,1.03,2026-09-18,1312,T,100,6.1NRT,296.63,95.82,N
-1.58655,113.42253,311.06,1.07,1.03,2026-09-18,1312,T,79,6.1NRT,294.07,8.11,N
-1.59025,113.32844,306.51,1.06,1.03,2026-09-18,1312,T,61,6.1NRT,294.31,5.22,N
-1.59152,113.31918,317.12,1.06,1.03,2026-09-18,1312,T,94,6.1NRT,294.97,13.9,N
-1.8755,111.2543,306.19,1.02,1.01,2026-09-18,1312,T,59,6.1NRT,293.96,4.44,N
-1.49052,113.9848,311.13,1.13,1.06,2026-09-18,1312,T,79,6.1NRT,295.11,8.37,N
-1.49188,113.97495,305.84,1.13,1.06,2026-09-18,1312,T,14,6.1NRT,294.49,4.34,N
-1.58122,113.32716,307.52,1.06,1.03,2026-09-18,1312,T,66,6.1NRT,294.22,5.82,N
-1.5825,113.31791,314.65,1.06,1.03,2026-09-18,1312,T,88,6.1NRT,294.34,11.49,N
-1.84963,111.37689,332.22,1.01,1,2026-09-18,1312,T,100,6.1NRT,295.08,29.17,N
-1.85084,111.36806,320.17,1.01,1,2026-09-18,1312,T,100,6.1NRT,294.34,15.09,N
-1.43665,114.305,314.88,1.17,1.08,2026-09-18,1312,T,89,6.1NRT,294.27,13.07,N
-1.48258,113.97366,306.62,1.13,1.06,2026-09-18,1312,T,33,6.1NRT,294.76,5.25,N
-1.56323,113.39077,309.26,1.06,1.03,2026-09-18,1312,T,73,6.1NRT,293.82,7.5,N
-1.8408,111.37566,313.81,1.01,1,2026-09-18,1312,T,86,6.1NRT,294.43,9.07,N
-1.88961,111.0201,308.71,1.03,1.01,2026-09-18,1312,T,70,6.1NRT,294.4,5.65,N
-1.90691,110.89403,308.76,1.03,1.02,2026-09-18,1312,T,70,6.1NRT,293.43,6.7,N
-1.68857,112.4172,305.68,1.01,1,2026-09-18,1312,T,58,6.1NRT,293.99,4.55,N
-1.97626,110.32044,316.5,1.08,1.04,2026-09-18,1312,T,92,6.1NRT,294.62,11.6,N
-1.97756,110.31098,313.45,1.08,1.04,2026-09-18,1312,T,84,6.1NRT,294.62,8.88,N
-1.99446,110.18723,305.68,1.1,1.04,2026-09-18,1312,T,37,6.1NRT,293.68,4.13,N
-1.27768,115.30004,305.69,1.35,1.15,2026-09-18,1312,T,60,6.1NRT,293.05,7.56,N
-1.82314,111.37321,308.61,1.01,1,2026-09-18,1312,T,55,6.1NRT,294.09,5.24,N
-1.82435,111.36438,314.47,1.01,1,2026-09-18,1312,T,88,6.1NRT,294.21,9.77,N
-1.96714,110.31918,312.9,1.08,1.04,2026-09-18,1312,T,83,6.1NRT,294.61,8.86,N
-1.96843,110.30972,313.28,1.08,1.04,2026-09-18,1312,T,84,6.1NRT,294.67,9.11,N
-1.9723,110.28133,309.61,1.09,1.04,2026-09-18,1312,T,71,6.1NRT,294.36,6.7,N
-1.98659,110.17638,306.69,1.1,1.04,2026-09-18,1312,T,41,6.1NRT,293.63,4.86,N
-1.401,114.35245,309.82,1.18,1.08,2026-09-18,1312,T,10,6.1NRT,294.44,7.67,N
-1.40245,114.34211,318.07,1.18,1.08,2026-09-18,1312,T,88,6.1NRT,294.51,15.62,N
-1.51389,113.54617,312.98,1.08,1.04,2026-09-18,1312,T,84,6.1NRT,294.6,10.16,N
-1.5152,113.53677,304.06,1.08,1.04,2026-09-18,1312,T,45,6.1NRT,293.51,3.82,N
-1.73011,111.9855,303.26,1,1,2026-09-18,1312,T,38,6.1NRT,292.68,3.62,N
-1.81431,111.37199,319.26,1.01,1,2026-09-18,1312,T,98,6.1NRT,294.03,14.02,N
-1.81552,111.36315,313.16,1.01,1,2026-09-18,1312,T,84,6.1NRT,293.77,8.8,N
-1.95545,110.33682,311.22,1.08,1.04,2026-09-18,1312,T,77,6.1NRT,294.5,7.91,N
-1.4002,114.28943,311.88,1.17,1.08,2026-09-18,1312,T,81,6.1NRT,294,10.57,N
-1.50478,113.54486,310.46,1.08,1.04,2026-09-18,1312,T,77,6.1NRT,294.28,7.87,N
-1.48636,113.60987,306.02,1.09,1.04,2026-09-18,1312,T,56,6.1NRT,294.22,4.78,N
-1.4877,113.60036,307.68,1.09,1.04,2026-09-18,1312,T,57,6.1NRT,294.53,5.55,N
-1.90065,110.60484,308.52,1.06,1.03,2026-09-18,1312,T,69,6.1NRT,294.03,5.89,N
-1.95388,110.21089,309.79,1.09,1.04,2026-09-18,1312,T,61,6.1NRT,294.12,6.48,N
-1.40875,114.04826,307,1.14,1.06,2026-09-18,1312,T,65,6.1NRT,293.95,6.49,N
-1.47382,113.57323,311.15,1.08,1.04,2026-09-18,1312,T,65,6.1NRT,294.89,7.82,N
-1.77765,111.36109,307.11,1.01,1,2026-09-18,1312,T,64,6.1NRT,293.89,5.18,N
-1.45818,113.55172,319.78,1.08,1.04,2026-09-18,1312,T,99,6.1NRT,295.47,15.53,N
-1.45949,113.54226,309.15,1.08,1.04,2026-09-18,1312,T,19,6.1NRT,294.49,5.79,N
-1.46208,113.52345,306.66,1.08,1.04,2026-09-18,1312,T,18,6.1NRT,293.82,4.67,N
-1.44645,113.56936,311.91,1.08,1.04,2026-09-18,1312,T,81,6.1NRT,294.76,8.36,N
-1.45687,113.49395,333.85,1.08,1.04,2026-09-18,1312,T,100,6.1NRT,294.7,35.56,N
-1.83591,110.73995,305.4,1.04,1.02,2026-09-18,1312,T,53,6.1NRT,293.58,4.14,N
-1.33483,114.30574,309.58,1.18,1.08,2026-09-18,1312,T,75,6.1NRT,294.58,7.98,N
-1.33626,114.29544,305.88,1.17,1.08,2026-09-18,1312,T,50,6.1NRT,294.64,4.92,N
-1.50911,113.04969,310.3,1.04,1.02,2026-09-18,1312,T,77,6.1NRT,294.39,8.1,N
-1.51037,113.0406,305.42,1.04,1.02,2026-09-18,1312,T,57,6.1NRT,294.16,4.61,N
-1.38811,113.85471,305.47,1.12,1.05,2026-09-18,1312,T,57,6.1NRT,294.17,4.97,N
-1.88397,110.25362,311.8,1.09,1.04,2026-09-18,1312,T,79,6.1NRT,294.56,7.97,N
-1.88526,110.24413,309.42,1.09,1.04,2026-09-18,1312,T,32,6.1NRT,294.12,5.68,N
-1.88915,110.21558,311.49,1.09,1.04,2026-09-18,1312,T,57,6.1NRT,294.31,7.25,N
-1.89305,110.18695,322.09,1.09,1.04,2026-09-18,1312,T,100,6.1NRT,294.86,17.33,N
-1.89435,110.17739,315.59,1.1,1.04,2026-09-18,1312,T,85,6.1NRT,294.5,10.97,N
-1.89565,110.16782,309.99,1.1,1.04,2026-09-18,1312,T,32,6.1NRT,294.19,6.7,N
-1.36379,113.96116,318.43,1.13,1.06,2026-09-18,1312,T,97,6.1NRT,294.76,16.69,N
-1.36516,113.95135,304.85,1.13,1.06,2026-09-18,1312,T,54,6.1NRT,293.74,4.69,N
-1.87999,110.21432,310.81,1.09,1.04,2026-09-18,1312,T,13,6.1NRT,294.26,6.2,N
-1.88258,110.19524,320.91,1.09,1.04,2026-09-18,1312,T,100,6.1NRT,295.04,15.39,N
-1.88388,110.18568,327.99,1.09,1.04,2026-09-18,1312,T,100,6.1NRT,295.11,24.45,N
-1.88648,110.16653,314.71,1.1,1.04,2026-09-18,1312,T,78,6.1NRT,294.39,10.5,N
-1.35449,113.95982,310.43,1.13,1.06,2026-09-18,1312,T,77,6.1NRT,294.74,8.86,N
-1.87084,110.21305,312.79,1.09,1.04,2026-09-18,1312,T,82,6.1NRT,294.39,7.78,N
-1.36036,113.8508,311.08,1.12,1.05,2026-09-18,1312,T,79,6.1NRT,294.93,8.53,N
-1.85527,110.25931,317.76,1.09,1.04,2026-09-18,1312,T,92,6.1NRT,294.57,13.02,N
-1.85783,110.24032,324.7,1.09,1.04,2026-09-18,1312,T,100,6.1NRT,295.01,19.65,N
-1.85911,110.23083,320.29,1.09,1.04,2026-09-18,1312,T,100,6.1NRT,294.76,14.61,N
-1.8604,110.22131,317.1,1.09,1.04,2026-09-18,1312,T,93,6.1NRT,294.69,11.49,N
-1.86168,110.21177,310.83,1.09,1.04,2026-09-18,1312,T,51,6.1NRT,294.25,6.01,N
-1.86426,110.19267,315.68,1.09,1.04,2026-09-18,1312,T,90,6.1NRT,294.12,10.81,N
-1.35265,113.85325,306.38,1.12,1.05,2026-09-18,1312,T,55,6.1NRT,294.86,5.21,N
-1.77333,110.78979,304.36,1.04,1.02,2026-09-18,1312,T,45,6.1NRT,293.65,3.51,N
-1.84789,110.25196,313.44,1.09,1.04,2026-09-18,1312,T,84,6.1NRT,294.71,9.76,N
-1.8492,110.24248,321.75,1.09,1.04,2026-09-18,1312,T,100,6.1NRT,295.17,17.73,N
-1.85184,110.22348,312.26,1.09,1.04,2026-09-18,1312,T,38,6.1NRT,294.37,7.59,N
-1.3434,113.85194,306.89,1.12,1.05,2026-09-18,1312,T,62,6.1NRT,294.37,5.67,N
-1.37245,113.63982,307.65,1.09,1.04,2026-09-18,1312,T,68,6.1NRT,294.31,6.04,N
-1.37376,113.63026,314.26,1.09,1.04,2026-09-18,1312,T,88,6.1NRT,294.74,11.55,N
-1.83875,110.25071,324.66,1.09,1.04,2026-09-18,1312,T,100,6.1NRT,295.04,21.78,N
-1.27827,114.18729,308.95,1.16,1.07,2026-09-18,1312,T,35,6.1NRT,294.21,6.9,N
-1.83887,110.11448,303.86,1.1,1.05,2026-09-18,1312,T,33,6.1NRT,293.22,3.71,N
-0.85211,117.17727,303.31,1.9,1.35,2026-09-18,1312,T,46,6.1NRT,292.05,9.11,N
-0.8839,116.95021,302.38,1.82,1.32,2026-09-18,1312,T,37,6.1NRT,291.19,7.95,N
-1.26743,114.19617,309.54,1.16,1.07,2026-09-18,1312,T,34,6.1NRT,294.29,7.41,N
-1.79195,110.38831,311.19,1.07,1.03,2026-09-18,1312,T,78,6.1NRT,294.28,8.13,N
-1.73985,110.70145,308.07,1.05,1.02,2026-09-18,1312,T,67,6.1NRT,293.87,5.76,N
-1.16589,114.78428,314.75,1.26,1.11,2026-09-18,1312,T,89,6.1NRT,293.76,15.98,N
-1.33986,113.53844,305.69,1.08,1.04,2026-09-18,1312,T,60,6.1NRT,294.05,4.87,N
-1.63624,111.3261,305.6,1.01,1,2026-09-18,1312,T,56,6.1NRT,294.05,4.22,N
-1.74194,110.55193,307.56,1.06,1.03,2026-09-18,1312,T,65,6.1NRT,294.37,5.1,N
-1.74319,110.54269,308.3,1.06,1.03,2026-09-18,1312,T,68,6.1NRT,294.24,5.69,N
-1.78522,110.23364,309.79,1.09,1.04,2026-09-18,1312,T,41,6.1NRT,294.14,6.22,N
-1.25653,114.00011,309.65,1.14,1.06,2026-09-18,1312,T,75,6.1NRT,294.72,7.76,N
-1.32558,113.50752,305.76,1.08,1.04,2026-09-18,1312,T,60,6.1NRT,294.04,4.85,N
-1.69561,110.82504,306.6,1.04,1.02,2026-09-18,1312,T,61,6.1NRT,293.89,4.8,N
-1.31116,113.54408,306.88,1.08,1.04,2026-09-18,1312,T,65,6.1NRT,293.45,5.83,N
-1.36201,113.18087,323.34,1.05,1.02,2026-09-18,1312,T,100,6.1NRT,293.66,20.66,N
-1.61496,111.35011,303.9,1.01,1,2026-09-18,1312,T,43,6.1NRT,291.69,2.97,N
-1.22257,114.13238,305.15,1.16,1.07,2026-09-18,1312,T,58,6.1NRT,293.89,4.91,N
-1.26446,113.82504,308.73,1.12,1.05,2026-09-18,1312,T,57,6.1NRT,294.37,6.39,N
-1.26579,113.81532,308.47,1.11,1.05,2026-09-18,1312,T,33,6.1NRT,293.97,5.93,N
-1.30245,113.54663,311.78,1.08,1.04,2026-09-18,1312,T,82,6.1NRT,293.92,10.03,N
-1.30375,113.53717,305.31,1.08,1.04,2026-09-18,1312,T,59,6.1NRT,293.38,5.04,N
-1.21178,114.14118,304.51,1.16,1.07,2026-09-18,1312,T,55,6.1NRT,293.62,4.55,N
-1.21316,114.13104,324.65,1.16,1.07,2026-09-18,1312,T,100,6.1NRT,294.12,25.13,N
-1.21505,113.97829,315.48,1.13,1.06,2026-09-18,1312,T,91,6.1NRT,294.33,13.06,N
-1.21641,113.96841,307.13,1.13,1.06,2026-09-18,1312,T,67,6.1NRT,294.33,5.49,N
-1.29452,113.40157,306.47,1.07,1.03,2026-09-18,1312,T,64,6.1NRT,293.5,5.75,N
-1.60384,111.15337,306.52,1.02,1.01,2026-09-18,1312,T,61,6.1NRT,293.24,5.39,N
-1.32499,113.11385,315.66,1.05,1.02,2026-09-18,1312,T,91,6.1NRT,293.14,12.94,N
-1.64774,110.70132,318.14,1.04,1.02,2026-09-18,1312,T,96,6.1NRT,295.14,13.32,N
-1.70742,110.26525,313.85,1.08,1.04,2026-09-18,1312,T,86,6.1NRT,294.29,10.31,N
-1.70871,110.25578,309.66,1.08,1.04,2026-09-18,1312,T,73,6.1NRT,294.06,6.66,N
-1.69701,110.27343,316.1,1.08,1.04,2026-09-18,1312,T,91,6.1NRT,293.87,11.82,N
-1.6983,110.26398,328.93,1.08,1.04,2026-09-18,1312,T,100,6.1NRT,294.31,26.85,N
-1.71124,110.16904,307.54,1.09,1.04,2026-09-18,1312,T,25,6.1NRT,293.76,4.66,N
-1.26085,113.37765,305.94,1.07,1.03,2026-09-18,1312,T,55,6.1NRT,293.67,4.48,N
-1.26473,113.34975,310.99,1.07,1.03,2026-09-18,1312,T,80,6.1NRT,293.74,8.67,N
-1.19999,113.74667,308.98,1.11,1.05,2026-09-18,1312,T,74,6.1NRT,294.12,7.47,N
-1.20134,113.73703,304.63,1.11,1.05,2026-09-18,1312,T,55,6.1NRT,293.55,4.29,N
-1.6023,110.83382,307.69,1.03,1.02,2026-09-18,1312,T,66,6.1NRT,293.82,5.49,N
-1.60354,110.82478,313.45,1.04,1.02,2026-09-18,1312,T,85,6.1NRT,294.28,9.98,N
-1.24401,113.36584,331.73,1.07,1.03,2026-09-18,1312,T,100,6.1NRT,294.24,31.36,N
-1.61188,110.6963,307.46,1.04,1.02,2026-09-18,1312,T,65,6.1NRT,294.52,4.8,N
-1.61312,110.68716,333.26,1.04,1.02,2026-09-18,1312,T,100,6.1NRT,295.54,32.1,N
-1.66599,110.23396,327.5,1.08,1.04,2026-09-18,1312,T,100,6.1NRT,294.63,25.48,N
-1.6673,110.22451,336.22,1.09,1.04,2026-09-18,1312,T,100,6.1NRT,294.96,38.69,N
-1.67787,110.14844,311.62,1.09,1.04,2026-09-18,1312,T,80,6.1NRT,294.3,8.28,N
-1.6792,110.13889,313.2,1.09,1.04,2026-09-18,1312,T,84,6.1NRT,294.37,9.15,N
-1.68053,110.12933,313.39,1.1,1.04,2026-09-18,1312,T,85,6.1NRT,294.3,9.58,N
-1.69389,110.0332,306.73,1.11,1.05,2026-09-18,1312,T,62,6.1NRT,293.5,5.67,N
-1.1602,113.84386,326.25,1.12,1.05,2026-09-18,1312,T,100,6.1NRT,294.78,26.01,N
-1.16153,113.83413,336.41,1.12,1.05,2026-09-18,1312,T,100,6.1NRT,295.26,41.85,N
-1.21786,113.42262,307.87,1.07,1.03,2026-09-18,1312,T,70,6.1NRT,293.75,6.31,N
-1.65687,110.23269,315.71,1.08,1.04,2026-09-18,1312,T,91,6.1NRT,293.52,12.16,N
-1.65817,110.22323,328.64,1.09,1.04,2026-09-18,1312,T,100,6.1NRT,293.9,27.13,N
-1.10014,114.21248,325.04,1.17,1.08,2026-09-18,1312,T,100,6.1NRT,293.68,26.57,N
-1.11409,114.11092,304.94,1.16,1.07,2026-09-18,1312,T,58,6.1NRT,293.63,4.82,N
-1.15094,113.84252,306.29,1.12,1.05,2026-09-18,1312,T,64,6.1NRT,293.64,5.84,N
-1.15228,113.83276,313.43,1.12,1.05,2026-09-18,1312,T,86,6.1NRT,293.7,11.83,N
-1.171,113.6283,311.37,1.1,1.04,2026-09-18,1312,T,81,6.1NRT,294.32,8.89,N
-1.60637,110.46439,313.39,1.06,1.03,2026-09-18,1312,T,57,6.1NRT,294.34,9.18,N
-1.62951,110.29626,311.14,1.08,1.04,2026-09-18,1312,T,15,6.1NRT,294.23,6.68,N
-1.12152,113.91857,311.81,1.13,1.06,2026-09-18,1312,T,82,6.1NRT,293.76,10.28,N
-1.12288,113.90873,305.55,1.13,1.06,2026-09-18,1312,T,61,6.1NRT,293.4,5.14,N
-1.59606,110.47242,306.86,1.06,1.03,2026-09-18,1312,T,48,6.1NRT,293.73,4.55,N
-1.59733,110.46315,340.69,1.06,1.03,2026-09-18,1312,T,100,6.1NRT,296.23,44.72,N
-1.59861,110.45387,319.95,1.06,1.03,2026-09-18,1312,T,77,6.1NRT,295.5,13.95,N
-1.62041,110.29501,321.28,1.08,1.04,2026-09-18,1312,T,100,6.1NRT,294.48,16.54,N
-1.18021,113.42689,303.88,1.07,1.03,2026-09-18,1312,T,52,6.1NRT,293.39,3.92,N
-1.58956,110.45263,318.72,1.06,1.03,2026-09-18,1312,T,69,6.1NRT,295.06,12.97,N
-1.59083,110.44335,317.56,1.06,1.03,2026-09-18,1312,T,41,6.1NRT,294.82,11.03,N
-1.60617,110.33131,313.96,1.07,1.03,2026-09-18,1312,T,83,6.1NRT,294.36,9.73,N
-1.60745,110.32195,320.57,1.07,1.03,2026-09-18,1312,T,100,6.1NRT,294.89,15.6,N
-1.60873,110.31257,313.13,1.08,1.04,2026-09-18,1312,T,43,6.1NRT,294.12,7.95,N
-1.12337,113.76905,308.7,1.11,1.05,2026-09-18,1312,T,73,6.1NRT,294.12,6.79,N
-1.57294,110.50691,309.99,1.06,1.03,2026-09-18,1312,T,75,6.1NRT,294.46,6.9,N
-1.5742,110.49767,306.63,1.06,1.03,2026-09-18,1312,T,15,6.1NRT,293.97,4.34,N
-1.58179,110.44209,326.62,1.06,1.03,2026-09-18,1312,T,100,6.1NRT,295.32,22.77,N
-1.58306,110.4328,324.48,1.06,1.03,2026-09-18,1312,T,100,6.1NRT,294.83,20.49,N
-1.0867,113.96401,307.73,1.14,1.06,2026-09-18,1312,T,58,6.1NRT,294.26,6.42,N
-1.08809,113.95409,308.29,1.13,1.06,2026-09-18,1312,T,72,6.1NRT,293.74,6.9,N
-1.11413,113.76774,307.23,1.11,1.05,2026-09-18,1312,T,68,6.1NRT,294.26,5.67,N
-1.11548,113.75808,306.09,1.11,1.05,2026-09-18,1312,T,57,6.1NRT,293.87,4.86,N
-1.12493,113.69041,304.66,1.1,1.05,2026-09-18,1312,T,56,6.1NRT,293.82,4.52,N
-1.56392,110.50565,309.01,1.06,1.03,2026-09-18,1312,T,34,6.1NRT,294.28,5.91,N
-1.56517,110.49642,311.16,1.06,1.03,2026-09-18,1312,T,53,6.1NRT,294.54,7.46,N
-1.56643,110.48716,318.75,1.06,1.03,2026-09-18,1312,T,97,6.1NRT,294.93,14.07,N
-1.07737,113.96269,307.2,1.14,1.06,2026-09-18,1312,T,49,6.1NRT,293.75,5.97,N
-1.07875,113.95283,306.91,1.13,1.06,2026-09-18,1312,T,46,6.1NRT,293.24,5.75,N
-1.14638,113.47006,315.86,1.08,1.04,2026-09-18,1312,T,92,6.1NRT,293.77,12.89,N
-1.15686,113.39497,303.65,1.07,1.03,2026-09-18,1312,T,50,6.1NRT,293,3.67,N
-1.11327,113.63982,314.7,1.1,1.04,2026-09-18,1312,T,89,6.1NRT,293.72,12.05,N
-1.11461,113.63026,321.63,1.1,1.04,2026-09-18,1312,T,100,6.1NRT,293.79,19.3,N
-1.1386,113.4593,309.15,1.08,1.04,2026-09-18,1312,T,75,6.1NRT,293.53,7.16,N
-1.57363,110.29813,324.82,1.08,1.04,2026-09-18,1312,T,100,6.1NRT,294.58,20.33,N
-1.56327,110.31001,307.11,1.07,1.03,2026-09-18,1312,T,65,6.1NRT,293.74,5.25,N
-1.06132,113.89407,305.49,1.13,1.06,2026-09-18,1312,T,61,6.1NRT,294.43,4.95,N
-1.06401,113.87446,312.53,1.13,1.06,2026-09-18,1312,T,84,6.1NRT,294.48,10.07,N
-1.06534,113.86469,315.32,1.12,1.06,2026-09-18,1312,T,90,6.1NRT,294.54,12.96,N
-1.56471,110.09774,315.35,1.1,1.04,2026-09-18,1312,T,90,6.1NRT,293.67,11.98,N
-1.56602,110.08817,316.2,1.1,1.04,2026-09-18,1312,T,92,6.1NRT,293.86,13.12,N
-1.53078,110.27682,342.07,1.08,1.04,2026-09-18,1312,T,100,6.1NRT,295.73,48.95,N
-1.53207,110.2674,328.44,1.08,1.04,2026-09-18,1312,T,100,6.1NRT,294.52,26.44,N
-1.54506,110.17275,318.5,1.09,1.04,2026-09-18,1312,T,97,6.1NRT,294.04,14.43,N
-1.54637,110.16324,346.69,1.09,1.04,2026-09-18,1312,T,100,6.1NRT,294.96,59.32,N
-1.55553,110.09647,326.05,1.1,1.04,2026-09-18,1312,T,100,6.1NRT,294.16,23.57,N
-1.55684,110.0869,307.13,1.1,1.04,2026-09-18,1312,T,33,6.1NRT,293.8,5.02,N
-1.52039,110.28497,337.8,1.08,1.04,2026-09-18,1312,T,100,6.1NRT,295.26,41.32,N
-1.52168,110.27556,346.36,1.08,1.04,2026-09-18,1312,T,100,6.1NRT,295.37,57.73,N
-1.52296,110.26614,367.37,1.08,1.04,2026-09-18,1312,T,100,6.1NRT,297.17,116.63,N
-1.52426,110.25672,357.48,1.08,1.04,2026-09-18,1312,T,100,6.1NRT,297,85.09,N
-1.52555,110.24728,338.81,1.08,1.04,2026-09-18,1312,T,100,6.1NRT,295.26,42.6,N
-1.52684,110.23784,307.48,1.08,1.04,2026-09-18,1312,T,46,6.1NRT,293.55,4.87,N
-1.53332,110.19051,359.34,1.09,1.04,2026-09-18,1312,T,100,6.1NRT,296.25,91.5,N
-1.53462,110.181,355.17,1.09,1.04,2026-09-18,1312,T,100,6.1NRT,296.08,79.27,N
-1.53592,110.17147,314.83,1.09,1.04,2026-09-18,1312,T,77,6.1NRT,294.03,9.95,N
-1.53722,110.16198,320.89,1.09,1.04,2026-09-18,1312,T,100,6.1NRT,293.92,16.34,N
-1.53852,110.15248,330.69,1.09,1.04,2026-09-18,1312,T,100,6.1NRT,294.09,28.94,N
-1.53982,110.14295,320.25,1.09,1.04,2026-09-18,1312,T,100,6.1NRT,293.74,15.67,N
-1.54635,110.09521,310.45,1.1,1.04,2026-09-18,1312,T,34,6.1NRT,293.56,7.03,N
-0.57944,116.98739,303.62,1.85,1.33,2026-09-18,1312,T,49,6.1NRT,291.36,9.69,N
-1.08551,113.37903,304.22,1.07,1.03,2026-09-18,1312,T,54,6.1NRT,293.27,3.87,N
-1.49977,110.36809,310.02,1.07,1.03,2026-09-18,1312,T,76,6.1NRT,293.92,7,N
-1.51644,110.24602,324.21,1.08,1.04,2026-09-18,1312,T,100,6.1NRT,294.36,20.56,N
-1.51772,110.23657,328.77,1.08,1.04,2026-09-18,1312,T,100,6.1NRT,294.43,26.38,N
-1.52289,110.19872,317.36,1.09,1.04,2026-09-18,1312,T,94,6.1NRT,294.18,13.15,N
-1.52418,110.18922,310.27,1.09,1.04,2026-09-18,1312,T,25,6.1NRT,293.94,6.29,N
-1.52548,110.17972,321.66,1.09,1.04,2026-09-18,1312,T,100,6.1NRT,294.06,16.77,N
-1.52678,110.1702,320.65,1.09,1.04,2026-09-18,1312,T,90,6.1NRT,293.75,15.17,N
-1.53067,110.14169,335.17,1.09,1.04,2026-09-18,1312,T,100,6.1NRT,294.38,35.93,N
-1.53197,110.13215,331.01,1.09,1.04,2026-09-18,1312,T,100,6.1NRT,294.25,29.57,N
-1.53327,110.12262,307.31,1.09,1.04,2026-09-18,1312,T,19,6.1NRT,293.2,4.67,N
-1.53457,110.11307,307.44,1.09,1.04,2026-09-18,1312,T,27,6.1NRT,293.26,4.94,N
-1.49193,110.35793,305.15,1.07,1.03,2026-09-18,1312,T,55,6.1NRT,293.44,3.77,N
-1.50861,110.2353,311.1,1.08,1.04,2026-09-18,1312,T,31,6.1NRT,293.97,7.3,N
-1.50989,110.22585,318.02,1.08,1.04,2026-09-18,1312,T,96,6.1NRT,294.23,13.64,N
-1.51118,110.2164,318.17,1.08,1.04,2026-09-18,1312,T,96,6.1NRT,294.23,13.56,N
-1.51247,110.20692,314.62,1.08,1.04,2026-09-18,1312,T,88,6.1NRT,294.11,10.49,N
-1.51376,110.19743,307.56,1.09,1.04,2026-09-18,1312,T,61,6.1NRT,293.78,5.05,N
-1.43131,110.66872,308.31,1.04,1.02,2026-09-18,1312,T,70,6.1NRT,294.81,5.22,N
-1.50707,110.10924,306.47,1.09,1.04,2026-09-18,1312,T,19,6.1NRT,293.05,4.77,N
-1.02718,113.53773,304.61,1.09,1.04,2026-09-18,1312,T,59,6.1NRT,293.28,4.39,N
-1.41086,110.67793,306.41,1.04,1.02,2026-09-18,1312,T,43,6.1NRT,294.81,4.23,N
-1.44125,110.45811,306.11,1.06,1.03,2026-09-18,1312,T,61,6.1NRT,294.39,4.2,N
-1.4789,110.18628,313.29,1.09,1.04,2026-09-18,1312,T,58,6.1NRT,293.41,9.27,N
-1.40191,110.67664,309.67,1.04,1.02,2026-09-18,1312,T,75,6.1NRT,294.23,6.67,N
-1.4737,110.15658,319.83,1.09,1.04,2026-09-18,1312,T,98,6.1NRT,293.85,15.19,N
-1.46587,110.14581,306.91,1.09,1.04,2026-09-18,1312,T,14,6.1NRT,293.2,4.71,N
-0.95739,113.77307,308.32,1.12,1.05,2026-09-18,1312,T,31,6.1NRT,293.87,5.83,N
-0.95217,113.74266,306.36,1.11,1.05,2026-09-18,1312,T,25,6.1NRT,293.64,4.6,N
-0.93753,113.7802,318.12,1.12,1.05,2026-09-18,1312,T,96,6.1NRT,294.32,14.85,N
-0.93888,113.7705,324.64,1.12,1.05,2026-09-18,1312,T,100,6.1NRT,294.32,21.97,N
-0.94023,113.7608,310.55,1.12,1.05,2026-09-18,1312,T,26,6.1NRT,293.96,7.12,N
-0.94157,113.75112,309.72,1.11,1.05,2026-09-18,1312,T,31,6.1NRT,293.59,6.84,N
-0.92826,113.77896,306.69,1.12,1.05,2026-09-18,1312,T,68,6.1NRT,293.38,5.54,N
-0.68297,115.45053,307.91,1.41,1.18,2026-09-18,1312,T,71,6.1NRT,292.83,10.14,N
-1.37813,110.44891,310.49,1.06,1.03,2026-09-18,1312,T,78,6.1NRT,294.1,7.66,N
-1.42014,110.13945,306.04,1.09,1.04,2026-09-18,1312,T,61,6.1NRT,292.89,4.97,N
-1.42272,110.12038,304.82,1.09,1.04,2026-09-18,1312,T,55,6.1NRT,292.7,4.26,N
-1.40073,110.21404,319.6,1.08,1.04,2026-09-18,1312,T,99,6.1NRT,293.73,16.41,N
-1.40201,110.20459,313.08,1.08,1.04,2026-09-18,1312,T,85,6.1NRT,293.34,10.07,N
-1.3985,110.1692,313.72,1.09,1.04,2026-09-18,1312,T,86,6.1NRT,293.14,10.57,N
-0.71749,114.98872,303.94,1.31,1.14,2026-09-18,1312,T,54,6.1NRT,293.03,5.49,N
-1.34001,110.39107,314.71,1.06,1.03,2026-09-18,1312,T,73,6.1NRT,294.29,9.43,N
-1.27801,110.70904,306.31,1.04,1.02,2026-09-18,1312,T,62,6.1NRT,294.19,4.63,N
-1.31944,110.40674,309.75,1.06,1.03,2026-09-18,1312,T,21,6.1NRT,293.98,6.3,N
-0.8107,114.02953,312.78,1.15,1.07,2026-09-18,1312,T,86,6.1NRT,293.24,11.48,N
-0.8121,114.01944,306.3,1.15,1.07,2026-09-18,1312,T,68,6.1NRT,293.12,5.75,N
-1.30284,110.46082,308.44,1.06,1.03,2026-09-18,1312,T,71,6.1NRT,294.03,6.62,N
-1.33081,110.25608,306.27,1.08,1.04,2026-09-18,1312,T,62,6.1NRT,293.55,4.18,N
-1.3321,110.24667,315.52,1.08,1.04,2026-09-18,1312,T,90,6.1NRT,293.8,11.82,N
-1.28126,110.55165,316.51,1.05,1.02,2026-09-18,1312,T,93,6.1NRT,294.09,12.72,N
-0.73531,114.42938,324.61,1.21,1.1,2026-09-18,1312,T,100,6.1NRT,293.71,26.97,N
-0.79473,114.00677,316.59,1.15,1.07,2026-09-18,1312,T,93,6.1NRT,293.85,14.43,N
-1.26828,110.51234,307.18,1.05,1.02,2026-09-18,1312,T,66,6.1NRT,294,4.87,N
-1.27078,110.49394,314.4,1.05,1.03,2026-09-18,1312,T,88,6.1NRT,293.74,10.94,N
-1.27203,110.48472,317.1,1.05,1.03,2026-09-18,1312,T,94,6.1NRT,293.62,13.77,N
-1.2896,110.35514,305.92,1.07,1.03,2026-09-18,1312,T,60,6.1NRT,293.95,4.53,N
-1.29086,110.34584,314.57,1.07,1.03,2026-09-18,1312,T,88,6.1NRT,294.01,11.33,N
-1.25706,110.52325,327.21,1.05,1.02,2026-09-18,1312,T,100,6.1NRT,294.07,23.89,N
-1.21015,110.73028,306.81,1.04,1.02,2026-09-18,1312,T,64,6.1NRT,293.73,5.18,N
-1.23907,110.52077,312.19,1.05,1.02,2026-09-18,1312,T,82,6.1NRT,294.36,8.39,N
-1.25434,110.41016,324.58,1.06,1.03,2026-09-18,1312,T,100,6.1NRT,294.12,21.49,N
-1.25562,110.40091,367.89,1.06,1.03,2026-09-18,1312,T,100,6.1NRT,296.84,116.3,N
-1.2569,110.39164,325.84,1.06,1.03,2026-09-18,1312,T,100,6.1NRT,294.91,22.48,N
-1.25946,110.37309,309.4,1.06,1.03,2026-09-18,1312,T,74,6.1NRT,294.31,6.69,N
-1.24658,110.39967,313.56,1.06,1.03,2026-09-18,1312,T,86,6.1NRT,294.26,9.8,N
-1.24786,110.39041,314.24,1.06,1.03,2026-09-18,1312,T,87,6.1NRT,294.39,9.93,N
-0.70937,114.16444,307.56,1.17,1.08,2026-09-18,1312,T,72,6.1NRT,292.81,7.59,N
-0.71079,114.15419,311.84,1.17,1.08,2026-09-18,1312,T,83,6.1NRT,292.87,11.39,N
-1.23487,110.35079,308.48,1.07,1.03,2026-09-18,1312,T,37,6.1NRT,294.44,5.28,N
-1.26428,110.13611,307.88,1.09,1.04,2026-09-18,1312,T,68,6.1NRT,292.74,6.74,N
-1.22455,110.35882,309.9,1.06,1.03,2026-09-18,1312,T,74,6.1NRT,294.66,6.27,N
-1.25656,110.05611,309.25,1.09,1.04,2026-09-18,1312,T,73,6.1NRT,293.62,6.97,N
-0.35446,116.46436,308.2,1.7,1.28,2026-09-18,1312,T,73,6.1NRT,289.73,14.36,N
-1.04341,111.48479,307.02,1,1,2026-09-18,1312,T,67,6.1NRT,292.51,5.59,N
-1.04461,111.47605,306.39,1,1,2026-09-18,1312,T,64,6.1NRT,292.65,5.17,N
-1.1945,110.04159,305.63,1.09,1.04,2026-09-18,1312,T,54,6.1NRT,293.19,4.66,N
-1.8192,105.49145,302.23,2.31,1.47,2026-09-18,1312,T,20,6.1NRT,290.22,13.8,N
-1.15297,110.27647,306,1.07,1.03,2026-09-18,1312,T,19,6.1NRT,293.81,4.03,N
-1.18402,110.04988,327.72,1.09,1.04,2026-09-18,1312,T,100,6.1NRT,294.24,26.08,N
-1.18533,110.0403,319.73,1.09,1.04,2026-09-18,1312,T,99,6.1NRT,293.47,16.56,N
-1.1439,110.27522,307.47,1.07,1.03,2026-09-18,1312,T,50,6.1NRT,293.85,4.99,N
-1.17356,110.05815,310.47,1.09,1.04,2026-09-18,1312,T,78,6.1NRT,293.55,7.73,N
-1.17486,110.04861,307.75,1.09,1.04,2026-09-18,1312,T,31,6.1NRT,293.55,5.73,N
-1.08705,110.62409,309.67,1.04,1.02,2026-09-18,1312,T,76,6.1NRT,293.73,7.45,N
-1.0883,110.61499,303.94,1.04,1.02,2026-09-18,1312,T,50,6.1NRT,293.34,3.48,N
-1.1644,110.05686,305.45,1.09,1.04,2026-09-18,1312,T,26,6.1NRT,293.05,4.08,N
-1.1362,110.06609,313.62,1.09,1.04,2026-09-18,1312,T,74,6.1NRT,293.67,10.02,N
-1.13753,110.05657,313.68,1.09,1.04,2026-09-18,1312,T,87,6.1NRT,293.87,10.42,N
-1.11522,110.15012,309.86,1.08,1.04,2026-09-18,1312,T,77,6.1NRT,293.83,7.71,N
-1.11653,110.14068,310.08,1.08,1.04,2026-09-18,1312,T,78,6.1NRT,293.9,7.8,N
-1.12705,110.06483,323.04,1.09,1.04,2026-09-18,1312,T,100,6.1NRT,294.09,19.95,N
-1.10741,110.13941,334.48,1.08,1.04,2026-09-18,1312,T,100,6.1NRT,295.35,35.65,N
-1.10872,110.12997,323.29,1.08,1.04,2026-09-18,1312,T,100,6.1NRT,294.26,19.83,N
-1.11265,110.10155,310.7,1.09,1.04,2026-09-18,1312,T,80,6.1NRT,293.53,8.08,N
-1.11791,110.06355,309.26,1.09,1.04,2026-09-18,1312,T,73,6.1NRT,294.02,6.87,N
-1.0996,110.1287,331.28,1.08,1.04,2026-09-18,1312,T,100,6.1NRT,295.08,30.55,N
-1.1009,110.11925,322.83,1.08,1.04,2026-09-18,1312,T,100,6.1NRT,294.39,19.63,N
-1.10221,110.10978,321.14,1.09,1.04,2026-09-18,1312,T,100,6.1NRT,294.33,17.63,N
-1.10351,110.10029,344.86,1.09,1.04,2026-09-18,1312,T,100,6.1NRT,295.76,55.41,N
-1.10482,110.09079,317.93,1.09,1.04,2026-09-18,1312,T,96,6.1NRT,293.52,14.25,N
-1.67545,105.58651,321.34,2.26,1.46,2026-09-18,1312,T,100,6.1NRT,291.5,55.97,N
-1.0694,109.93981,311.25,1.1,1.05,2026-09-18,1312,T,81,6.1NRT,293.26,8.63,N
-1.12932,109.4959,305.11,1.16,1.07,2026-09-18,1312,T,29,6.1NRT,292.25,4.62,N
-1.13069,109.48576,306.72,1.16,1.07,2026-09-18,1312,T,57,6.1NRT,292.32,5.94,N
-0.9629,110.65028,325.57,1.04,1.02,2026-09-18,1312,T,98,6.1NRT,292.21,24.25,N
-0.96416,110.64123,311.84,1.04,1.02,2026-09-18,1312,T,75,6.1NRT,292.27,9.85,N
-1.06127,109.94262,306.26,1.1,1.05,2026-09-18,1312,T,67,6.1NRT,293.07,5.15,N
-1.12453,109.4894,307.05,1.16,1.07,2026-09-18,1312,T,70,6.1NRT,292.14,6.68,N
-1.12595,109.47926,304.19,1.16,1.07,2026-09-18,1312,T,59,6.1NRT,291.94,4.43,N
-1.67288,105.60064,305.15,2.25,1.45,2026-09-18,1312,T,63,6.1NRT,291.39,13.28,N
-1.67566,105.58102,318.06,2.26,1.46,2026-09-18,1312,T,96,6.1NRT,291.46,45.46,N
-0.05137,116.99272,303.35,1.89,1.34,2026-09-18,1312,T,55,6.1NRT,291.46,8.59,N
-0.05365,116.97628,312.3,1.89,1.34,2026-09-18,1312,T,85,6.1NRT,291.7,23.48,N
-1.84286,103.9814,316.7,3.08,1.67,2026-09-18,1312,T,22,6.1NRT,285.81,76.84,N
-1.84652,103.95467,333.51,3.09,1.67,2026-09-18,1312,T,100,6.1NRT,288.08,170.07,N
-1.85019,103.92783,307.81,3.11,1.67,2026-09-18,1312,T,28,6.1NRT,287.49,33.21,N
-0.94322,110.46179,311.39,1.05,1.02,2026-09-18,1312,T,82,6.1NRT,293.52,8.54,N
-1.83554,103.9258,310.05,3.11,1.67,2026-09-18,1312,T,47,6.1NRT,288.14,39.57,N
-1.82088,103.92381,311.5,3.11,1.67,2026-09-18,1312,T,83,6.1NRT,287.71,45.76,N
-0.9543,110.24629,305.68,1.07,1.03,2026-09-18,1312,T,65,6.1NRT,293.18,4.4,N
-0.03636,116.76038,316.97,1.81,1.32,2026-09-18,1312,T,94,6.1NRT,291.36,31.59,N
-0.03861,116.74461,304.84,1.81,1.32,2026-09-18,1312,T,62,6.1NRT,291.23,10.44,N
-0.33611,114.64661,304.22,1.26,1.12,2026-09-18,1312,T,59,6.1NRT,293.38,5.3,N
-0.94397,110.25437,314.1,1.07,1.03,2026-09-18,1312,T,88,6.1NRT,293.39,10.9,N
-1.03692,109.56956,304.87,1.15,1.07,2026-09-18,1312,T,35,6.1NRT,291.41,4.37,N
-0.75531,111.56919,312.69,1,1,2026-09-18,1312,T,85,6.1NRT,292.33,9.84,N
-0.954,110.11226,320.67,1.08,1.04,2026-09-18,1312,T,100,6.1NRT,293.46,17.28,N
-0.95528,110.1028,323.77,1.08,1.04,2026-09-18,1312,T,100,6.1NRT,293.72,21.15,N
-0.95656,110.09332,306.78,1.08,1.04,2026-09-18,1312,T,69,6.1NRT,292.75,5.24,N
-0.96557,110.02686,307.69,1.09,1.04,2026-09-18,1312,T,72,6.1NRT,293.27,5.42,N
-1.02755,109.56827,308.51,1.15,1.07,2026-09-18,1312,T,75,6.1NRT,291.28,7.35,N
-0.03974,116.75431,315.26,1.81,1.32,2026-09-18,1312,T,91,6.1NRT,291.36,27.59,N
-0.94641,110.1049,355.88,1.08,1.04,2026-09-18,1312,T,100,6.1NRT,295.93,81.74,N
-0.94772,110.09545,330.88,1.08,1.04,2026-09-18,1312,T,100,6.1NRT,293.92,29.92,N
-0.95697,110.02908,317.84,1.09,1.04,2026-09-18,1312,T,96,6.1NRT,293.53,14.4,N
-0.96361,109.98139,307.23,1.1,1.04,2026-09-18,1312,T,51,6.1NRT,293.05,5.45,N
-1.76135,104.3299,303.06,2.87,1.62,2026-09-18,1312,T,23,6.1NRT,287.27,24.84,N
-1.81993,103.91701,309.38,3.11,1.67,2026-09-18,1312,T,77,6.1NRT,287.8,38.98,N
-0.93598,110.11309,320.75,1.08,1.04,2026-09-18,1312,T,100,6.1NRT,294.03,17.22,N
-0.93729,110.10365,350.73,1.08,1.04,2026-09-18,1312,T,100,6.1NRT,294.59,67.57,N
-0.9386,110.09418,310.47,1.08,1.04,2026-09-18,1312,T,21,6.1NRT,292.96,6.59,N
-0.94782,110.02782,326.23,1.09,1.04,2026-09-18,1312,T,100,6.1NRT,294.73,23.22,N
-0.94914,110.01829,324.77,1.09,1.04,2026-09-18,1312,T,100,6.1NRT,294.42,21.63,N
-0.95444,109.98013,308.08,1.1,1.04,2026-09-18,1312,T,55,6.1NRT,292.98,6,N
-0.91386,110.2058,304.74,1.07,1.03,2026-09-18,1312,T,61,6.1NRT,293,3.98,N
-0.92425,110.13068,332.79,1.08,1.04,2026-09-18,1312,T,100,6.1NRT,294.35,32.5,N
-0.92556,110.12125,340.23,1.08,1.04,2026-09-18,1312,T,100,6.1NRT,294.72,44.8,N
-0.92686,110.11182,342.48,1.08,1.04,2026-09-18,1312,T,100,6.1NRT,294.36,48.43,N
-0.92817,110.10237,318.76,1.08,1.04,2026-09-18,1312,T,92,6.1NRT,293.19,13.17,N
-0.93866,110.02655,322.71,1.09,1.04,2026-09-18,1312,T,100,6.1NRT,294.06,18.4,N
-0.93998,110.01703,342.85,1.09,1.04,2026-09-18,1312,T,100,6.1NRT,294.97,50.44,N
-0.94131,110.00748,317.48,1.09,1.04,2026-09-18,1312,T,95,6.1NRT,293.51,13.16,N
-0.8577,110.54596,306.36,1.04,1.02,2026-09-18,1312,T,68,6.1NRT,293.7,4.5,N
-0.91515,110.12941,327.15,1.08,1.04,2026-09-18,1312,T,100,6.1NRT,294.24,23.77,N
-0.91645,110.11998,329.15,1.08,1.04,2026-09-18,1312,T,100,6.1NRT,293.8,25.93,N
-0.92297,110.07275,310.71,1.09,1.04,2026-09-18,1312,T,30,6.1NRT,293.49,6.62,N
-0.92952,110.02528,314.49,1.09,1.04,2026-09-18,1312,T,85,6.1NRT,293.37,10.01,N
-0.93215,110.00622,310,1.09,1.04,2026-09-18,1312,T,79,6.1NRT,293.24,7.2,N
0.01316,116.79536,302.87,1.83,1.32,2026-09-18,1312,T,52,6.1NRT,291.5,7.79,N
-0.90604,110.12814,309.09,1.08,1.04,2026-09-18,1312,T,39,6.1NRT,293.61,5.69,N
-0.91123,110.09041,343.8,1.08,1.04,2026-09-18,1312,T,100,6.1NRT,295.63,51.49,N
-0.91253,110.08096,316.68,1.08,1.04,2026-09-18,1312,T,66,6.1NRT,293.49,11.47,N
-0.84228,110.52525,305.65,1.04,1.02,2026-09-18,1312,T,65,6.1NRT,293.62,4.14,N
-0.84478,110.50697,312.26,1.05,1.02,2026-09-18,1312,T,84,6.1NRT,293.62,9.02,N
-0.88791,110.19267,311.39,1.07,1.03,2026-09-18,1312,T,82,6.1NRT,293.52,8.57,N
-0.89693,110.1269,307.51,1.08,1.04,2026-09-18,1312,T,18,6.1NRT,293.41,4.62,N
-0.89822,110.11747,307.51,1.08,1.04,2026-09-18,1312,T,15,6.1NRT,293.29,4.49,N
-0.90211,110.08914,339.8,1.08,1.04,2026-09-18,1312,T,100,6.1NRT,294.18,44.62,N
-0.86577,110.15136,304.55,1.08,1.04,2026-09-18,1312,T,25,6.1NRT,290.79,3.04,N
-0.85025,110.13377,331.15,1.08,1.04,2026-09-18,1312,T,100,6.1NRT,292.98,30.82,N
-0.77705,110.52892,306.18,1.04,1.02,2026-09-18,1312,T,67,6.1NRT,293.22,4.7,N
-0.82039,110.21552,310.47,1.07,1.03,2026-09-18,1312,T,80,6.1NRT,291.26,8.4,N
-0.82168,110.20618,316.89,1.07,1.03,2026-09-18,1312,T,94,6.1NRT,292.01,13.67,N
-0.82556,110.17815,312.13,1.07,1.03,2026-09-18,1312,T,84,6.1NRT,293.48,8.84,N
-0.82815,110.15942,306.69,1.07,1.03,2026-09-18,1312,T,53,6.1NRT,292.88,4.83,N
-0.82945,110.15003,308.2,1.08,1.04,2026-09-18,1312,T,56,6.1NRT,292.44,5.89,N
-0.81132,110.21427,313.3,1.07,1.03,2026-09-18,1312,T,87,6.1NRT,291.63,10.6,N
-0.81261,110.20495,315.94,1.07,1.03,2026-09-18,1312,T,92,6.1NRT,292.39,12.74,N
-0.81648,110.1769,318.23,1.07,1.03,2026-09-18,1312,T,96,6.1NRT,293.02,14.59,N
-0.81777,110.16753,313.17,1.07,1.03,2026-09-18,1312,T,71,6.1NRT,292.39,9.61,N
-0.82431,109.52177,307.14,1.15,1.07,2026-09-18,1312,T,70,6.1NRT,292.81,5.78,N
-0.81494,109.52047,306.87,1.15,1.07,2026-09-18,1312,T,67,6.1NRT,292.68,5.47,N
-0.59786,110.76466,313.68,1.03,1.01,2026-09-18,1312,T,83,6.1NRT,292.83,10.45,N
-0.61751,110.62076,305.15,1.04,1.02,2026-09-18,1312,T,63,6.1NRT,293.36,3.77,N
-0.61874,110.61173,305.1,1.04,1.02,2026-09-18,1312,T,63,6.1NRT,293.23,3.74,N
-0.6274,110.54826,308.42,1.04,1.02,2026-09-18,1312,T,69,6.1NRT,293.11,6.44,N
-0.41628,111.41747,304.85,1,1,2026-09-18,1312,T,62,6.1NRT,292.81,4.25,N
-0.35216,111.47346,309.56,1,1,2026-09-18,1312,T,78,6.1NRT,291.15,7.53,N
-0.32896,111.57706,315.96,1,1,2026-09-18,1312,T,92,6.1NRT,294.26,11.47,N
-0.32017,111.57584,322.12,1,1,2026-09-18,1312,T,100,6.1NRT,294.07,17.3,N
-0.32137,111.56711,305.42,1,1,2026-09-18,1312,T,58,6.1NRT,293.28,3.75,N
0.44229,116.80907,306.39,1.86,1.33,2026-09-18,1312,T,68,6.1NRT,291.29,12.67,N
-0.28901,111.60711,306.86,1,1,2026-09-18,1312,T,69,6.1NRT,292.99,5.35,N
-0.48781,110.08784,305.36,1.07,1.03,2026-09-18,1312,T,61,6.1NRT,293.38,4.06,N
0.43769,116.80411,304.99,1.86,1.33,2026-09-18,1312,T,62,6.1NRT,291.19,11.2,N
-0.18909,112.18533,309.67,1.01,1,2026-09-18,1312,T,78,6.1NRT,293.17,7.16,N
-0.47482,110.11465,305.63,1.07,1.03,2026-09-18,1312,T,63,6.1NRT,293.36,4.67,N
-0.47612,110.10529,314.25,1.07,1.03,2026-09-18,1312,T,88,6.1NRT,293.67,11.16,N
-0.47872,110.08656,327.68,1.07,1.03,2026-09-18,1312,T,100,6.1NRT,294.11,25.67,N
-0.48002,110.07718,316.16,1.08,1.04,2026-09-18,1312,T,92,6.1NRT,293.49,12.78,N
-0.18027,112.18412,306,1.01,1,2026-09-18,1312,T,63,6.1NRT,292.95,4.21,N
-0.24167,111.73707,304.81,1,1,2026-09-18,1312,T,61,6.1NRT,293.46,3.96,N
-1.32073,103.79218,305.9,3.13,1.68,2026-09-18,1312,T,39,6.1NRT,288.86,29.9,N
-1.30603,103.79027,317.02,3.13,1.68,2026-09-18,1312,T,92,6.1NRT,289.07,71.53,N
-0.33415,109.66494,304.28,1.12,1.05,2026-09-18,1312,T,56,6.1NRT,292.99,4.67,N
-0.00762,111.77247,305.51,1,1,2026-09-18,1312,T,65,6.1NRT,293.46,4.03,N
-0.23343,110.12614,306.52,1.07,1.03,2026-09-18,1312,T,66,6.1NRT,293.23,5.27,N
-0.00845,111.70136,305.39,1,1,2026-09-18,1312,T,64,6.1NRT,293.32,4.22,N
-0.02076,111.33174,307.4,1,1,2026-09-18,1312,T,68,6.1NRT,293.19,5.65,N
-0.19033,109.83519,312.82,1.09,1.04,2026-09-18,1314,T,84,6.1NRT,293.65,9.54,N
-0.19164,109.82563,323.36,1.1,1.04,2026-09-18,1314,T,100,6.1NRT,293.89,20.61,N
-0.18117,109.83392,307.17,1.09,1.04,2026-09-18,1314,T,66,6.1NRT,293.6,5.25,N
-0.18248,109.82436,313.72,1.1,1.04,2026-09-18,1314,T,86,6.1NRT,293.54,10.81,N
0.10011,111.5405,306.05,1,1,2026-09-18,1314,T,61,6.1NRT,293.43,4.46,N
0.15561,111.48829,313.17,1,1,2026-09-18,1314,T,85,6.1NRT,293.39,9.66,N
0.98432,117.09007,310.36,2,1.38,2026-09-18,1314,T,80,6.1NRT,291.17,22.05,N
1.11229,117.08479,306.59,2.01,1.38,2026-09-18,1314,T,69,6.1NRT,291.12,15.22,N
1.10987,117.06763,305.66,2,1.38,2026-09-18,1314,T,65,6.1NRT,290.93,13.49,N
1.10448,117.07951,313.86,2.01,1.38,2026-09-18,1314,T,88,6.1NRT,291.28,29.66,N
0.25003,110.29105,305.63,1.05,1.02,2026-09-18,1314,T,57,6.1NRT,293.07,4.67,N
0.24878,110.28192,314.07,1.05,1.02,2026-09-18,1314,T,87,6.1NRT,293.26,11.1,N
1.4007,118.31795,303.85,2.56,1.54,2026-09-18,1314,T,57,6.1NRT,289.38,18.05,N
1.59047,117.97053,309.61,2.42,1.5,2026-09-18,1314,T,78,6.1NRT,290.6,26.22,N
1.58749,117.96445,309.95,2.42,1.5,2026-09-18,1314,T,79,6.1NRT,290.58,25.43,N
0.38129,109.05216,308.29,1.18,1.08,2026-09-18,1314,T,74,6.1NRT,291.9,8.32,N
0.37984,109.04189,312.96,1.18,1.08,2026-09-18,1314,T,86,6.1NRT,291.28,12.5,N
0.41494,109.01601,305.18,1.18,1.08,2026-09-18,1314,T,56,6.1NRT,285.05,7.06,N
0.74458,110.92938,303.88,1.01,1,2026-09-18,1314,T,50,6.1NRT,293.32,3.31,N
0.74337,110.92059,310.47,1.01,1,2026-09-18,1314,T,78,6.1NRT,293.39,7.62,N
2.01637,111.19886,304.95,1,1,2026-09-18,1314,T,52,6.1NRT,294.39,3.56,N
3.28867,113.08797,306.43,1.14,1.06,2026-09-18,1314,T,62,6.1NRT,291.69,6.28,N
7.37951,115.85581,309.11,2.02,1.39,2026-09-18,1314,T,64,6.1NRT,285.42,17.54,N
