latitude,longitude,bright_ti4,scan,track,acq_date,acq_time,satellite,confidence,version,bright_ti5,frp,daynight
-11.40375,153.3076,328.96,0.65,0.73,2026-09-17,0241,N,nominal,2.0NRT,291.44,4.99,D
-9.23858,152.89171,326.26,0.65,0.73,2026-09-17,0241,N,nominal,2.0NRT,290.71,4.12,D
-1.16337,131.28265,340.26,0.55,0.51,2026-09-17,0423,N,nominal,2.0NRT,299.38,7.31,D
-0.73228,133.57788,330.83,0.39,0.44,2026-09-17,0423,N,nominal,2.0NRT,297.23,3.76,D
-0.73281,133.57442,340,0.39,0.44,2026-09-17,0423,N,nominal,2.0NRT,297.04,3.76,D
-1.02161,131.28905,343.58,0.55,0.51,2026-09-17,0423,N,nominal,2.0NRT,299.34,6.09,D
-1.02037,131.28749,351.21,0.55,0.51,2026-09-17,0423,N,nominal,2.0NRT,298.14,9.6,D
-1.56384,127.42631,330.48,0.52,0.66,2026-09-17,0423,N,nominal,2.0NRT,299.47,4.16,D
-1.45183,127.58882,338.19,0.5,0.66,2026-09-17,0423,N,nominal,2.0NRT,291.46,3.71,D
-1.45665,127.43525,341.53,0.51,0.66,2026-09-17,0423,N,nominal,2.0NRT,291.78,6.16,D
-0.66047,131.91585,331.11,0.49,0.49,2026-09-17,0423,N,nominal,2.0NRT,296.84,4.37,D
-0.64965,131.95636,336.17,0.49,0.49,2026-09-17,0423,N,nominal,2.0NRT,299.48,4.93,D
-0.65166,131.94327,328.96,0.49,0.49,2026-09-17,0423,N,nominal,2.0NRT,300.04,2.82,D
-0.65602,131.91495,332.28,0.49,0.49,2026-09-17,0423,N,nominal,2.0NRT,299.48,4.37,D
-0.64393,131.96373,334.17,0.49,0.49,2026-09-17,0423,N,nominal,2.0NRT,299.66,6.04,D
-0.63882,131.96719,343.26,0.49,0.49,2026-09-17,0423,N,nominal,2.0NRT,301.15,8.64,D
-0.63436,131.96642,333.85,0.49,0.49,2026-09-17,0423,N,nominal,2.0NRT,301.78,3.81,D
-0.06267,129.61438,339.24,0.35,0.56,2026-09-17,0423,N,nominal,2.0NRT,296.06,3.06,D
0.48237,127.99207,334.38,0.44,0.62,2026-09-17,0423,N,nominal,2.0NRT,298.49,8.89,D
0.48754,127.98737,330.07,0.44,0.62,2026-09-17,0423,N,nominal,2.0NRT,297.58,9.42,D
0.48744,127.98705,329.72,0.44,0.62,2026-09-17,0423,N,nominal,2.0NRT,297.33,9.98,D
0.48683,127.98331,327.89,0.44,0.62,2026-09-17,0423,N,nominal,2.0NRT,297.33,7.26,D
0.58865,127.9547,326.85,0.44,0.62,2026-09-17,0423,N,nominal,2.0NRT,296.07,5.3,D
0.58936,127.9548,327.84,0.44,0.62,2026-09-17,0423,N,nominal,2.0NRT,295.89,5.87,D
0.62492,127.8817,329.76,0.44,0.63,2026-09-17,0423,N,nominal,2.0NRT,293.04,3.32,D
0.70076,128.24631,367,0.42,0.61,2026-09-17,0423,N,high,2.0NRT,298.26,15.85,D
0.70121,128.24913,339.59,0.42,0.61,2026-09-17,0423,N,nominal,2.0NRT,296.41,15.85,D
0.70021,128.24283,327.93,0.42,0.61,2026-09-17,0423,N,nominal,2.0NRT,293.81,10.71,D
0.70698,127.83698,367,0.45,0.63,2026-09-17,0423,N,high,2.0NRT,296.03,11.26,D
0.71434,127.88472,345.54,0.44,0.63,2026-09-17,0423,N,nominal,2.0NRT,295.11,8.53,D
0.70617,127.83689,367,0.45,0.63,2026-09-17,0423,N,high,2.0NRT,296.39,11.5,D
0.71389,127.88458,345.55,0.44,0.63,2026-09-17,0423,N,nominal,2.0NRT,294.45,7.62,D
1.04365,128.20912,344.62,0.42,0.61,2026-09-17,0423,N,nominal,2.0NRT,291.12,7.07,D
1.24127,127.8483,355.85,0.44,0.62,2026-09-17,0423,N,nominal,2.0NRT,298.09,7.73,D
1.24233,127.84821,354.89,0.44,0.62,2026-09-17,0423,N,nominal,2.0NRT,297.76,9.37,D
1.2481,127.84745,328.71,0.44,0.62,2026-09-17,0423,N,nominal,2.0NRT,295.96,1.52,D
1.39603,128.22652,335.14,0.41,0.61,2026-09-17,0423,N,nominal,2.0NRT,296.36,5.98,D
1.39392,128.22839,329.77,0.41,0.61,2026-09-17,0423,N,nominal,2.0NRT,295.45,5.22,D
1.42859,127.94231,367,0.43,0.62,2026-09-17,0423,N,high,2.0NRT,299.76,9.54,D
1.42817,127.86607,327.32,0.43,0.62,2026-09-17,0423,N,nominal,2.0NRT,296.6,2.21,D
1.4587,127.98505,329.68,0.42,0.61,2026-09-17,0423,N,nominal,2.0NRT,296.56,3.14,D
1.42964,127.86578,331.31,0.43,0.62,2026-09-17,0423,N,nominal,2.0NRT,296.98,2.17,D
1.46102,127.98454,329.21,0.42,0.61,2026-09-17,0423,N,nominal,2.0NRT,296.41,3.26,D
1.49185,127.63046,337.74,0.45,0.63,2026-09-17,0423,N,nominal,2.0NRT,307.47,8.32,D
1.49069,127.62315,329.2,0.45,0.63,2026-09-17,0423,N,nominal,2.0NRT,298.89,4.01,D
1.49747,127.62834,331.51,0.45,0.63,2026-09-17,0423,N,low,2.0NRT,301.57,8.45,D
1.57164,128.02158,337.58,0.42,0.61,2026-09-17,0423,N,nominal,2.0NRT,297.04,5.5,D
1.57256,127.91664,334.66,0.43,0.62,2026-09-17,0423,N,nominal,2.0NRT,296.87,2.7,D
1.49673,127.62895,343.36,0.45,0.63,2026-09-17,0423,N,nominal,2.0NRT,305.12,13.72,D
1.49559,127.62214,339.21,0.45,0.63,2026-09-17,0423,N,nominal,2.0NRT,295.23,5.7,D
1.56793,128.0217,340.45,0.42,0.61,2026-09-17,0423,N,nominal,2.0NRT,297.54,5.26,D
1.57378,127.91614,334.18,0.43,0.62,2026-09-17,0423,N,nominal,2.0NRT,296.6,3.23,D
1.60376,127.99243,327.9,0.42,0.61,2026-09-17,0423,N,nominal,2.0NRT,297.5,2.37,D
1.41527,124.8227,336.48,0.7,0.75,2026-09-17,0423,N,nominal,2.0NRT,293.4,7.58,D
1.54571,125.19252,345.33,0.65,0.73,2026-09-17,0423,N,nominal,2.0NRT,295.87,13.64,D
1.54051,125.19365,329.47,0.65,0.73,2026-09-17,0423,N,nominal,2.0NRT,295.5,7.65,D
1.54684,125.19005,339.06,0.65,0.73,2026-09-17,0423,N,nominal,2.0NRT,295.39,7.65,D
2.33408,128.32538,367,0.39,0.59,2026-09-17,0425,N,high,2.0NRT,291.19,11.41,D
2.37791,128.3185,333.99,0.39,0.59,2026-09-17,0425,N,nominal,2.0NRT,284.36,5.71,D
2.37814,128.31575,339.15,0.39,0.59,2026-09-17,0425,N,nominal,2.0NRT,285.69,5.53,D
7.44976,134.57303,332.6,0.42,0.37,2026-09-17,0425,N,low,2.0NRT,294.89,16.87,D
-8.80692,140.68645,343.68,0.39,0.36,2026-09-17,0421,N,nominal,2.0NRT,307.41,6.35,D
-11.99704,142.58432,348.12,0.4,0.37,2026-09-17,0419,N,nominal,2.0NRT,307.26,9.43,D
-11.99306,142.58746,350.25,0.4,0.37,2026-09-17,0419,N,nominal,2.0NRT,307.94,7.97,D
-11.98967,142.5869,350.67,0.4,0.37,2026-09-17,0419,N,nominal,2.0NRT,308.19,7.97,D
-11.98627,142.58635,348.52,0.4,0.37,2026-09-17,0419,N,nominal,2.0NRT,306.58,7.09,D
-11.98288,142.58578,340.74,0.4,0.37,2026-09-17,0419,N,nominal,2.0NRT,307.45,7.09,D
-11.98406,142.57838,348.91,0.4,0.37,2026-09-17,0419,N,nominal,2.0NRT,306.4,5.3,D
-11.97949,142.58521,346.51,0.4,0.37,2026-09-17,0419,N,nominal,2.0NRT,307.5,6.65,D
-11.98067,142.57782,336.5,0.4,0.37,2026-09-17,0419,N,nominal,2.0NRT,301.1,3.62,D
-11.97609,142.58467,336.86,0.4,0.37,2026-09-17,0419,N,nominal,2.0NRT,304.82,6.65,D
-11.86592,141.99866,349.32,0.39,0.36,2026-09-17,0419,N,nominal,2.0NRT,309.76,5.48,D
-10.00963,151.16632,330.22,0.45,0.63,2026-09-17,0419,N,nominal,2.0NRT,294.72,4.39,D
-11.32947,142.1246,338.9,0.4,0.37,2026-09-17,0419,N,nominal,2.0NRT,307.95,8.28,D
-11.32098,142.15666,348.05,0.4,0.37,2026-09-17,0419,N,nominal,2.0NRT,303.99,5.51,D
-11.32154,142.15305,345.8,0.4,0.37,2026-09-17,0419,N,nominal,2.0NRT,299.55,5.51,D
-11.31703,142.15974,343.98,0.4,0.37,2026-09-17,0419,N,nominal,2.0NRT,304.49,6.54,D
-11.3176,142.15613,339.17,0.4,0.37,2026-09-17,0419,N,nominal,2.0NRT,303.47,5.77,D
-11.31309,142.16283,355.09,0.4,0.37,2026-09-17,0419,N,nominal,2.0NRT,305.67,6.54,D
-11.31366,142.15921,343.89,0.4,0.37,2026-09-17,0419,N,nominal,2.0NRT,305.76,6.54,D
-9.62115,150.7594,348.84,0.43,0.62,2026-09-17,0419,N,nominal,2.0NRT,292.74,6.89,D
-9.64156,150.61839,328.14,0.42,0.61,2026-09-17,0419,N,nominal,2.0NRT,292.76,4.42,D
-9.63239,150.45038,338.45,0.41,0.6,2026-09-17,0419,N,nominal,2.0NRT,294.76,4.46,D
-9.82264,149.37431,330,0.34,0.56,2026-09-17,0419,N,nominal,2.0NRT,287.67,3.39,D
-11.99279,135.67159,337.92,0.41,0.45,2026-09-17,0419,N,nominal,2.0NRT,302.55,6.64,D
-11.98866,135.67101,341.77,0.41,0.45,2026-09-17,0419,N,nominal,2.0NRT,302.52,6.64,D
-11.98452,135.67046,335.78,0.41,0.45,2026-09-17,0419,N,nominal,2.0NRT,301.15,3.68,D
-11.98501,135.6667,339.84,0.41,0.45,2026-09-17,0419,N,nominal,2.0NRT,302.96,3.68,D
-11.99394,135.59871,337.16,0.41,0.45,2026-09-17,0419,N,nominal,2.0NRT,302.1,4.06,D
-11.99444,135.59492,332.4,0.41,0.45,2026-09-17,0419,N,low,2.0NRT,302.64,4.49,D
-11.99493,135.59113,336.61,0.41,0.45,2026-09-17,0419,N,nominal,2.0NRT,302.28,4.49,D
-11.98039,135.66989,334.63,0.41,0.45,2026-09-17,0419,N,nominal,2.0NRT,300.47,3.68,D
-11.98088,135.66615,347.89,0.41,0.45,2026-09-17,0419,N,nominal,2.0NRT,302.28,3.68,D
-11.99128,135.58672,333.03,0.41,0.45,2026-09-17,0419,N,nominal,2.0NRT,300.78,3.43,D
-11.98636,135.67075,341.27,0.41,0.45,2026-09-17,0419,N,nominal,2.0NRT,301.73,6.09,D
-11.99735,135.59158,344.05,0.41,0.45,2026-09-17,0419,N,nominal,2.0NRT,301.28,5.24,D
-11.98275,135.66644,342.54,0.41,0.45,2026-09-17,0419,N,nominal,2.0NRT,302.06,6.09,D
-11.99267,135.59479,338.8,0.41,0.45,2026-09-17,0419,N,nominal,2.0NRT,302.53,5.24,D
-11.9781,135.66963,345.63,0.41,0.45,2026-09-17,0419,N,nominal,2.0NRT,302,6.93,D
-11.97862,135.66589,351.68,0.41,0.45,2026-09-17,0419,N,nominal,2.0NRT,304.61,6.93,D
-11.97914,135.66214,350.25,0.41,0.45,2026-09-17,0419,N,nominal,2.0NRT,303.46,3.91,D
-11.97966,135.65839,330.9,0.41,0.45,2026-09-17,0419,N,nominal,2.0NRT,299.63,3.91,D
-11.97397,135.66905,344.6,0.41,0.45,2026-09-17,0419,N,nominal,2.0NRT,304.12,6.93,D
-11.97501,135.66153,341.74,0.41,0.45,2026-09-17,0419,N,nominal,2.0NRT,301.83,3.91,D
-11.96932,135.67227,339.86,0.4,0.45,2026-09-17,0419,N,nominal,2.0NRT,300.06,8.22,D
-11.96984,135.66847,344.19,0.41,0.45,2026-09-17,0419,N,nominal,2.0NRT,303.23,6.72,D
-11.96572,135.66789,347.34,0.41,0.45,2026-09-17,0419,N,nominal,2.0NRT,302.63,6.72,D
-11.96159,135.66728,355.15,0.41,0.45,2026-09-17,0419,N,nominal,2.0NRT,305.21,11.67,D
-11.95747,135.6667,343.21,0.41,0.45,2026-09-17,0419,N,nominal,2.0NRT,301.72,11.67,D
-9.76936,149.25139,333.14,0.34,0.56,2026-09-17,0419,N,nominal,2.0NRT,294.11,2.78,D
-9.76993,149.24825,333.77,0.34,0.56,2026-09-17,0419,N,nominal,2.0NRT,290.63,2.78,D
-10.90149,142.38092,332.75,0.4,0.37,2026-09-17,0419,N,nominal,2.0NRT,297.18,2.09,D
-11.97108,133.97079,343.01,0.52,0.5,2026-09-17,0419,N,nominal,2.0NRT,298.16,6.51,D
-9.34702,150.46747,330.21,0.41,0.61,2026-09-17,0419,N,nominal,2.0NRT,295.78,3.62,D
-9.39013,150.20317,367,0.4,0.6,2026-09-17,0419,N,high,2.0NRT,294.39,6.85,D
-11.95109,133.94347,346.97,0.52,0.5,2026-09-17,0419,N,nominal,2.0NRT,301.15,7.96,D
-11.95236,133.93372,342.22,0.52,0.5,2026-09-17,0419,N,nominal,2.0NRT,300.9,9.73,D
-9.8158,147.76921,335.24,0.54,0.5,2026-09-17,0419,N,nominal,2.0NRT,293.12,3.95,D
-9.64933,148.55624,330.47,0.61,0.53,2026-09-17,0419,N,nominal,2.0NRT,294.78,2.49,D
-10.61988,142.30823,342.43,0.4,0.37,2026-09-17,0419,N,nominal,2.0NRT,298.68,4.68,D
-10.62047,142.3045,338.67,0.4,0.37,2026-09-17,0419,N,nominal,2.0NRT,300.73,3.44,D
-10.61707,142.30396,345.5,0.4,0.37,2026-09-17,0419,N,nominal,2.0NRT,299.53,3.64,D
-10.61765,142.30028,331.95,0.4,0.37,2026-09-17,0419,N,nominal,2.0NRT,300.1,3.64,D
-10.61027,142.30287,348.3,0.4,0.37,2026-09-17,0419,N,nominal,2.0NRT,301.78,10.45,D
-10.60687,142.30232,349.27,0.4,0.37,2026-09-17,0419,N,nominal,2.0NRT,299.96,10.45,D
-9.38158,149.13202,367,0.34,0.56,2026-09-17,0419,N,high,2.0NRT,293.94,8.91,D
-11.75173,133.79663,339.87,0.53,0.5,2026-09-17,0419,N,nominal,2.0NRT,297.91,5.45,D
-11.75237,133.79172,340.21,0.53,0.5,2026-09-17,0419,N,nominal,2.0NRT,300.85,5.45,D
-11.74706,133.79604,345.02,0.53,0.5,2026-09-17,0419,N,nominal,2.0NRT,300.98,7.29,D
-11.74769,133.79112,338.33,0.53,0.5,2026-09-17,0419,N,nominal,2.0NRT,299.83,7.29,D
-11.74238,133.79543,347.44,0.53,0.5,2026-09-17,0419,N,nominal,2.0NRT,300.64,7.29,D
-11.81375,133.23882,353.14,0.58,0.52,2026-09-17,0419,N,nominal,2.0NRT,302.13,11.38,D
-11.73771,133.79483,345.3,0.53,0.5,2026-09-17,0419,N,nominal,2.0NRT,299.68,6.42,D
-11.73835,133.78989,335.44,0.53,0.5,2026-09-17,0419,N,nominal,2.0NRT,297.54,6.42,D
-11.80888,133.23824,343.07,0.58,0.52,2026-09-17,0419,N,nominal,2.0NRT,301.45,6.88,D
-9.40819,148.78178,356.3,0.64,0.54,2026-09-17,0419,N,nominal,2.0NRT,296.53,26,D
-11.73368,133.78923,336.79,0.53,0.5,2026-09-17,0419,N,nominal,2.0NRT,300.22,6.42,D
-11.8047,133.23227,349.45,0.58,0.52,2026-09-17,0419,N,nominal,2.0NRT,302.42,6.88,D
-11.79985,133.23157,349.44,0.58,0.52,2026-09-17,0419,N,nominal,2.0NRT,301.58,7.12,D
-11.795,133.23083,346.35,0.58,0.52,2026-09-17,0419,N,nominal,2.0NRT,301.07,7.12,D
-11.79015,133.23007,337.71,0.58,0.52,2026-09-17,0419,N,nominal,2.0NRT,301.38,6.07,D
-11.78598,133.22395,335.91,0.58,0.52,2026-09-17,0419,N,nominal,2.0NRT,304.72,9.09,D
-11.78112,133.22327,331.5,0.58,0.52,2026-09-17,0419,N,low,2.0NRT,302.55,4.84,D
-11.78179,133.21788,335.34,0.58,0.52,2026-09-17,0419,N,nominal,2.0NRT,304.67,4.84,D
-11.82165,132.77289,343.42,0.62,0.54,2026-09-17,0419,N,nominal,2.0NRT,297.99,3.28,D
-11.81663,132.77223,330.71,0.62,0.54,2026-09-17,0419,N,low,2.0NRT,300.78,3.66,D
-11.81161,132.77159,330.26,0.62,0.54,2026-09-17,0419,N,low,2.0NRT,304.59,3.66,D
-11.78385,133.22093,332.94,0.58,0.52,2026-09-17,0419,N,low,2.0NRT,305.26,10.11,D
-11.77971,133.21489,342.21,0.58,0.52,2026-09-17,0419,N,nominal,2.0NRT,303.09,7.64,D
-11.82209,132.77654,345.89,0.62,0.54,2026-09-17,0419,N,nominal,2.0NRT,298.27,7.09,D
-11.81708,132.77592,337.78,0.62,0.54,2026-09-17,0419,N,nominal,2.0NRT,299.98,7.09,D
-9.35506,148.76787,331.26,0.32,0.54,2026-09-17,0419,N,nominal,2.0NRT,293.35,2.52,D
-11.78903,132.79597,331.04,0.62,0.54,2026-09-17,0419,N,low,2.0NRT,301.27,5.02,D
-11.78402,132.79538,335.46,0.62,0.54,2026-09-17,0419,N,nominal,2.0NRT,301.08,5.02,D
-11.77975,132.78897,351.8,0.62,0.54,2026-09-17,0419,N,nominal,2.0NRT,302,10.32,D
-11.77045,132.78197,342.12,0.62,0.54,2026-09-17,0419,N,nominal,2.0NRT,301.72,8.38,D
-9.26311,148.78804,342.21,0.32,0.55,2026-09-17,0419,N,nominal,2.0NRT,294.45,6.28,D
-9.26365,148.7851,349.48,0.32,0.55,2026-09-17,0419,N,nominal,2.0NRT,295.43,4.89,D
-9.26444,148.78741,352.3,0.32,0.55,2026-09-17,0419,N,nominal,2.0NRT,294.92,7.94,D
-9.26496,148.78447,342.95,0.32,0.55,2026-09-17,0419,N,nominal,2.0NRT,294.8,5.44,D
-9.11941,148.95268,342.21,0.33,0.55,2026-09-17,0419,N,nominal,2.0NRT,294.64,4.48,D
-9.11741,148.95245,347.73,0.33,0.55,2026-09-17,0419,N,nominal,2.0NRT,295.71,2.67,D
-9.11795,148.94942,331.36,0.33,0.55,2026-09-17,0419,N,nominal,2.0NRT,293.77,2.67,D
-11.81182,130.47136,334.85,0.45,0.63,2026-09-17,0419,N,nominal,2.0NRT,301.82,3.51,D
-11.80596,130.47073,367,0.45,0.63,2026-09-17,0419,N,high,2.0NRT,304.65,13.76,D
-11.80547,130.47495,335.67,0.45,0.63,2026-09-17,0419,N,nominal,2.0NRT,301.7,12.13,D
-11.77586,130.52618,367,0.44,0.62,2026-09-17,0419,N,high,2.0NRT,307.25,52.07,D
-11.77538,130.53038,337.3,0.44,0.62,2026-09-17,0419,N,nominal,2.0NRT,302.68,41.64,D
-11.77002,130.5256,367,0.44,0.62,2026-09-17,0419,N,high,2.0NRT,313.99,52.07,D
-11.7705,130.52144,208,0.44,0.62,2026-09-17,0419,N,low,2.0NRT,312.13,52.07,D
-11.80647,130.47107,367,0.45,0.63,2026-09-17,0419,N,high,2.0NRT,305.93,16.06,D
-9.08384,148.56006,330.44,0.62,0.54,2026-09-17,0419,N,nominal,2.0NRT,293.41,5.18,D
-11.77597,130.52643,367,0.44,0.62,2026-09-17,0419,N,high,2.0NRT,306.13,57.56,D
-11.77546,130.53061,339.14,0.44,0.62,2026-09-17,0419,N,nominal,2.0NRT,303.14,24.31,D
-11.77013,130.52585,367,0.44,0.62,2026-09-17,0419,N,high,2.0NRT,309,57.56,D
-11.77064,130.5217,304.02,0.44,0.62,2026-09-17,0419,N,low,2.0NRT,320.72,57.56,D
-9.23152,147.2244,332.58,0.5,0.49,2026-09-17,0419,N,nominal,2.0NRT,295.08,3.67,D
-9.24866,147.04953,348.26,0.49,0.49,2026-09-17,0419,N,nominal,2.0NRT,295.18,4.58,D
-9.24258,147.05774,341.7,0.49,0.49,2026-09-17,0419,N,nominal,2.0NRT,294.82,6.1,D
-9.2575,147.01485,331.63,0.49,0.48,2026-09-17,0419,N,nominal,2.0NRT,298.55,3.65,D
-9.24692,147.04997,344.12,0.49,0.49,2026-09-17,0419,N,nominal,2.0NRT,296.36,11.47,D
-9.24091,147.05818,340.81,0.49,0.49,2026-09-17,0419,N,nominal,2.0NRT,295.39,7.98,D
-8.51258,151.05136,328.66,0.47,0.64,2026-09-17,0419,N,nominal,2.0NRT,295.17,4.78,D
-11.61445,130.69731,334.04,0.43,0.62,2026-09-17,0419,N,nominal,2.0NRT,307.6,5.56,D
-11.61494,130.69328,338.4,0.43,0.62,2026-09-17,0419,N,nominal,2.0NRT,308.8,5.56,D
-11.60871,130.69653,367,0.43,0.62,2026-09-17,0419,N,high,2.0NRT,309.95,5.56,D
-11.6092,130.69254,344.15,0.43,0.62,2026-09-17,0419,N,nominal,2.0NRT,306.42,5.56,D
-11.60297,130.69579,367,0.43,0.62,2026-09-17,0419,N,high,2.0NRT,305.99,30.65,D
-11.60346,130.69171,353.51,0.43,0.62,2026-09-17,0419,N,nominal,2.0NRT,311.9,30.65,D
-11.59773,130.69087,367,0.43,0.62,2026-09-17,0419,N,high,2.0NRT,312.39,30.65,D
-9.17967,147.03831,338.44,0.49,0.49,2026-09-17,0419,N,nominal,2.0NRT,294.22,1.82,D
-11.58722,130.6812,346.64,0.43,0.62,2026-09-17,0419,N,nominal,2.0NRT,304.72,5.36,D
-11.58148,130.68042,367,0.43,0.62,2026-09-17,0419,N,high,2.0NRT,309.98,21.38,D
-11.58195,130.67639,367,0.43,0.62,2026-09-17,0419,N,high,2.0NRT,314.1,38.82,D
-11.58243,130.67236,367,0.43,0.62,2026-09-17,0419,N,high,2.0NRT,317.33,38.82,D
-11.58292,130.66829,367,0.43,0.62,2026-09-17,0419,N,high,2.0NRT,309.8,12.8,D
-11.5834,130.66418,367,0.43,0.62,2026-09-17,0419,N,high,2.0NRT,307.12,12.8,D
-11.57717,130.66754,367,0.43,0.62,2026-09-17,0419,N,high,2.0NRT,311.5,12.8,D
-11.57573,130.67964,348.2,0.43,0.62,2026-09-17,0419,N,nominal,2.0NRT,304.65,21.38,D
-11.57621,130.67561,355.75,0.43,0.62,2026-09-17,0419,N,nominal,2.0NRT,320.17,38.82,D
-11.57765,130.66345,336.04,0.43,0.62,2026-09-17,0419,N,nominal,2.0NRT,304.95,12.8,D
-11.57668,130.67163,367,0.43,0.62,2026-09-17,0419,N,low,2.0NRT,326.07,38.82,D
-11.57094,130.67082,367,0.43,0.62,2026-09-17,0419,N,high,2.0NRT,311.58,29.71,D
-11.57142,130.66675,367,0.43,0.62,2026-09-17,0419,N,high,2.0NRT,311.1,45.98,D
-11.5719,130.66269,367,0.43,0.62,2026-09-17,0419,N,high,2.0NRT,307.39,45.98,D
-11.57237,130.65869,352.25,0.43,0.62,2026-09-17,0419,N,nominal,2.0NRT,306.79,40.59,D
-11.4833,131.35866,367,0.38,0.59,2026-09-17,0419,N,high,2.0NRT,307.97,12.8,D
-11.48373,131.3551,367,0.38,0.59,2026-09-17,0419,N,high,2.0NRT,309.86,12.8,D
-11.56615,130.66191,367,0.43,0.62,2026-09-17,0419,N,high,2.0NRT,307.39,45.98,D
-11.56709,130.65396,367,0.43,0.62,2026-09-17,0419,N,high,2.0NRT,304.44,40.59,D
-11.48287,131.36226,331,0.38,0.59,2026-09-17,0419,N,nominal,2.0NRT,304.14,5.57,D
-11.57706,130.56909,338.64,0.44,0.62,2026-09-17,0419,N,nominal,2.0NRT,307.46,2.25,D
-11.56662,130.65794,367,0.43,0.62,2026-09-17,0419,N,low,2.0NRT,325.48,40.59,D
-11.47694,131.36516,332.34,0.38,0.59,2026-09-17,0419,N,low,2.0NRT,305.36,3.64,D
-11.47145,131.36449,346.53,0.38,0.59,2026-09-17,0419,N,nominal,2.0NRT,305.06,3.64,D
-11.46006,131.36661,367,0.38,0.59,2026-09-17,0419,N,high,2.0NRT,308.24,8.88,D
-9.12687,147.17514,331.23,0.5,0.49,2026-09-17,0419,N,nominal,2.0NRT,295.52,4.54,D
-11.48277,131.35793,367,0.38,0.59,2026-09-17,0419,N,high,2.0NRT,309.02,13.1,D
-11.57019,130.6667,367,0.43,0.62,2026-09-17,0419,N,high,2.0NRT,309.4,45.04,D
-11.5707,130.66266,367,0.43,0.62,2026-09-17,0419,N,high,2.0NRT,309.5,45.04,D
-11.5712,130.65866,367,0.43,0.62,2026-09-17,0419,N,high,2.0NRT,312.61,33.79,D
-11.48232,131.3615,339.19,0.38,0.59,2026-09-17,0419,N,nominal,2.0NRT,305.27,4.83,D
-11.48323,131.35435,356.22,0.38,0.59,2026-09-17,0419,N,nominal,2.0NRT,309.04,13.1,D
-11.56969,130.67075,352.12,0.43,0.62,2026-09-17,0419,N,nominal,2.0NRT,308.62,14.55,D
-11.5717,130.65471,335.93,0.43,0.62,2026-09-17,0419,N,nominal,2.0NRT,304.99,33.79,D
-11.56495,130.6619,367,0.43,0.62,2026-09-17,0419,N,high,2.0NRT,302.31,45.04,D
-11.47637,131.36441,339.39,0.38,0.59,2026-09-17,0419,N,nominal,2.0NRT,305.24,4.83,D
-11.56595,130.65395,356.1,0.43,0.62,2026-09-17,0419,N,nominal,2.0NRT,303.55,33.79,D
-11.57651,130.56926,341.32,0.44,0.62,2026-09-17,0419,N,nominal,2.0NRT,307.29,3.53,D
-11.56545,130.65793,292.9,0.43,0.62,2026-09-17,0419,N,low,2.0NRT,320.91,33.79,D
-11.47088,131.36372,347.25,0.38,0.59,2026-09-17,0419,N,nominal,2.0NRT,306.29,3.91,D
-11.45946,131.36589,367,0.38,0.59,2026-09-17,0419,N,high,2.0NRT,309.19,6.51,D
-9.10676,147.12923,347.83,0.5,0.49,2026-09-17,0419,N,nominal,2.0NRT,296.08,9,D
-11.45901,131.36938,330.4,0.38,0.59,2026-09-17,0419,N,nominal,2.0NRT,302.93,6.51,D
-11.45397,131.36516,351.8,0.38,0.59,2026-09-17,0419,N,nominal,2.0NRT,304.59,6.51,D
-11.45442,131.36163,333.28,0.38,0.59,2026-09-17,0419,N,nominal,2.0NRT,305.69,8.33,D
-11.55161,130.53271,344.54,0.44,0.62,2026-09-17,0419,N,nominal,2.0NRT,306.65,7.38,D
-11.55212,130.52861,345.99,0.44,0.62,2026-09-17,0419,N,nominal,2.0NRT,308.42,7.38,D
-11.55262,130.52448,341.22,0.44,0.62,2026-09-17,0419,N,nominal,2.0NRT,307.82,6.03,D
-11.55313,130.52039,334.8,0.44,0.62,2026-09-17,0419,N,low,2.0NRT,307.73,6.03,D
-11.30303,132.46744,367,0.32,0.55,2026-09-17,0419,N,high,2.0NRT,307.49,8.51,D
-11.30341,132.46449,367,0.32,0.55,2026-09-17,0419,N,high,2.0NRT,308.05,7.59,D
-11.30378,132.46159,367,0.32,0.55,2026-09-17,0419,N,high,2.0NRT,308.62,7.59,D
-11.54579,130.53214,367,0.44,0.62,2026-09-17,0419,N,high,2.0NRT,313.31,7.38,D
-11.30415,132.45869,330.67,0.32,0.55,2026-09-17,0419,N,nominal,2.0NRT,305.23,3.61,D
-11.5463,130.528,347.8,0.44,0.62,2026-09-17,0419,N,nominal,2.0NRT,309.1,7.38,D
-11.29756,132.4698,367,0.32,0.55,2026-09-17,0419,N,high,2.0NRT,306.38,6.13,D
-11.44068,131.33766,367,0.39,0.59,2026-09-17,0419,N,high,2.0NRT,307.74,8.45,D
-11.44112,131.33412,367,0.39,0.59,2026-09-17,0419,N,high,2.0NRT,309.04,8.45,D
-11.29794,132.46684,355.57,0.32,0.55,2026-09-17,0419,N,nominal,2.0NRT,307.24,6.13,D
-11.44156,131.33061,341.95,0.39,0.59,2026-09-17,0419,N,nominal,2.0NRT,308.25,7.37,D
-11.29208,132.47221,367,0.32,0.55,2026-09-17,0419,N,high,2.0NRT,307.58,8.89,D
-11.29246,132.46927,367,0.32,0.55,2026-09-17,0419,N,high,2.0NRT,306.29,6.13,D
-11.2917,132.47519,347.31,0.32,0.55,2026-09-17,0419,N,nominal,2.0NRT,304.63,8.89,D
-11.28623,132.47758,367,0.32,0.55,2026-09-17,0419,N,high,2.0NRT,309.53,7.07,D
-11.28585,132.48055,352.65,0.32,0.55,2026-09-17,0419,N,nominal,2.0NRT,305.83,7.07,D
-11.28661,132.47464,350.28,0.32,0.55,2026-09-17,0419,N,nominal,2.0NRT,306.15,8.21,D
-11.28001,132.48587,367,0.32,0.55,2026-09-17,0419,N,high,2.0NRT,306.49,7.45,D
-11.28039,132.48293,352.82,0.32,0.55,2026-09-17,0419,N,nominal,2.0NRT,305.75,7.45,D
-11.28076,132.47998,350.91,0.32,0.55,2026-09-17,0419,N,nominal,2.0NRT,306.53,7.07,D
-11.27456,132.48814,367,0.32,0.55,2026-09-17,0419,N,high,2.0NRT,307.41,8.83,D
-11.27494,132.4852,338.29,0.32,0.55,2026-09-17,0419,N,nominal,2.0NRT,304.71,7.96,D
-11.26949,132.48744,367,0.32,0.55,2026-09-17,0419,N,high,2.0NRT,306.05,8.83,D
-9.07166,147.09032,332.67,0.5,0.49,2026-09-17,0419,N,nominal,2.0NRT,294.99,3.43,D
-11.26443,132.48668,357.13,0.32,0.55,2026-09-17,0419,N,nominal,2.0NRT,304.04,4.03,D
-11.26481,132.48372,335.5,0.32,0.55,2026-09-17,0419,N,nominal,2.0NRT,303.48,2.24,D
-11.44578,130.97356,367,0.41,0.6,2026-09-17,0419,N,high,2.0NRT,306.11,7.09,D
-11.44532,130.97734,338.16,0.41,0.6,2026-09-17,0419,N,nominal,2.0NRT,305.37,7.09,D
-11.43881,130.98398,348.33,0.41,0.6,2026-09-17,0419,N,nominal,2.0NRT,305.49,6.09,D
-11.45486,130.80206,330.97,0.42,0.61,2026-09-17,0419,N,low,2.0NRT,304.96,4.15,D
-11.45533,130.79813,335.49,0.42,0.61,2026-09-17,0419,N,nominal,2.0NRT,307.33,5.89,D
-11.42664,130.99019,330.05,0.41,0.6,2026-09-17,0419,N,low,2.0NRT,303.61,2.61,D
-11.47607,130.52444,367,0.44,0.62,2026-09-17,0419,N,high,2.0NRT,314.99,17.03,D
-11.42102,130.98952,330.55,0.41,0.6,2026-09-17,0419,N,low,2.0NRT,303.3,2.61,D
-11.47655,130.52032,353.7,0.44,0.62,2026-09-17,0419,N,nominal,2.0NRT,311.38,17.03,D
-11.23656,132.4619,367,0.32,0.55,2026-09-17,0419,N,high,2.0NRT,306.68,6.34,D
-11.44006,130.78055,367,0.42,0.61,2026-09-17,0419,N,high,2.0NRT,307.13,10.81,D
-11.23693,132.45897,353.2,0.32,0.55,2026-09-17,0419,N,nominal,2.0NRT,306.8,6.34,D
-11.43869,130.79218,336.14,0.42,0.61,2026-09-17,0419,N,low,2.0NRT,306.41,3.48,D
-11.23221,132.45531,367,0.32,0.55,2026-09-17,0419,N,high,2.0NRT,308.28,6.82,D
-11.43435,130.77989,367,0.42,0.61,2026-09-17,0419,N,high,2.0NRT,303.94,10.81,D
-11.23185,132.45824,343.08,0.32,0.55,2026-09-17,0419,N,nominal,2.0NRT,301.42,6.34,D
-11.23258,132.45235,343.9,0.32,0.55,2026-09-17,0419,N,nominal,2.0NRT,306.86,6.82,D
-11.4339,130.78372,342.24,0.42,0.61,2026-09-17,0419,N,nominal,2.0NRT,303.76,18.4,D
-11.2275,132.45163,367,0.32,0.55,2026-09-17,0419,N,high,2.0NRT,305.46,5.41,D
-11.22787,132.44867,331.08,0.32,0.55,2026-09-17,0419,N,nominal,2.0NRT,303.03,3.4,D
-11.22823,132.44569,345.53,0.32,0.55,2026-09-17,0419,N,nominal,2.0NRT,307.32,3.4,D
-11.22352,132.44202,367,0.32,0.55,2026-09-17,0419,N,high,2.0NRT,307.85,7.63,D
-11.22388,132.43904,367,0.32,0.55,2026-09-17,0419,N,high,2.0NRT,308.88,7.63,D
-11.22315,132.44499,340.61,0.32,0.55,2026-09-17,0419,N,nominal,2.0NRT,301.88,3.4,D
-11.23415,132.45815,367,0.32,0.55,2026-09-17,0419,N,high,2.0NRT,305.55,9.05,D
-11.23453,132.45522,367,0.32,0.55,2026-09-17,0419,N,high,2.0NRT,309.69,9.04,D
-11.23376,132.46107,350.17,0.32,0.55,2026-09-17,0419,N,nominal,2.0NRT,300.68,9.05,D
-11.42358,130.99142,337.63,0.41,0.6,2026-09-17,0419,N,nominal,2.0NRT,301.87,3.06,D
-11.42404,130.98775,330.33,0.41,0.6,2026-09-17,0419,N,nominal,2.0NRT,303.97,3.06,D
-11.22984,132.45157,367,0.32,0.55,2026-09-17,0419,N,high,2.0NRT,308.63,9.04,D
-11.47676,130.52274,367,0.44,0.62,2026-09-17,0419,N,high,2.0NRT,317.83,39.19,D
-11.22945,132.45453,349.4,0.32,0.55,2026-09-17,0419,N,nominal,2.0NRT,301.41,9.04,D
-11.44268,130.79466,330.43,0.42,0.61,2026-09-17,0419,N,low,2.0NRT,304.63,1.5,D
-11.22554,132.44493,367,0.32,0.55,2026-09-17,0419,N,high,2.0NRT,305.1,11.68,D
-11.22593,132.44197,367,0.32,0.55,2026-09-17,0419,N,high,2.0NRT,309,8.55,D
-11.43844,130.78238,367,0.42,0.61,2026-09-17,0419,N,high,2.0NRT,308.48,12.27,D
-11.43893,130.77846,356.93,0.42,0.61,2026-09-17,0419,N,nominal,2.0NRT,304.48,12.27,D
-11.22123,132.43831,367,0.32,0.55,2026-09-17,0419,N,high,2.0NRT,306.47,8.55,D
-11.22162,132.4353,367,0.32,0.55,2026-09-17,0419,N,high,2.0NRT,307.64,8.78,D
-11.22084,132.44128,347.09,0.32,0.55,2026-09-17,0419,N,nominal,2.0NRT,302.37,8.55,D
-11.22202,132.43228,353.61,0.32,0.55,2026-09-17,0419,N,nominal,2.0NRT,307.41,8.78,D
-11.21693,132.43158,335.04,0.32,0.55,2026-09-17,0419,N,nominal,2.0NRT,300.54,3.95,D
-11.22396,132.37749,335.42,0.33,0.55,2026-09-17,0419,N,low,2.0NRT,305.63,2.25,D
-11.21923,132.37384,343.34,0.33,0.55,2026-09-17,0419,N,nominal,2.0NRT,306.61,4.24,D
-11.20353,132.3748,345.04,0.33,0.55,2026-09-17,0419,N,nominal,2.0NRT,304.5,4.58,D
-11.4437,130.35838,367,0.45,0.63,2026-09-17,0419,N,high,2.0NRT,308.84,32.78,D
-11.44421,130.35413,367,0.45,0.63,2026-09-17,0419,N,high,2.0NRT,308.24,22.43,D
-11.37438,130.9274,331.21,0.41,0.61,2026-09-17,0419,N,nominal,2.0NRT,300.15,7.16,D
-11.36873,130.92674,367,0.41,0.61,2026-09-17,0419,N,high,2.0NRT,304.52,7.16,D
-11.36921,130.92281,342.58,0.41,0.61,2026-09-17,0419,N,nominal,2.0NRT,302.9,6,D
-11.38428,130.79944,340.88,0.42,0.61,2026-09-17,0419,N,nominal,2.0NRT,304.26,3.53,D
-11.39585,130.7045,336.99,0.42,0.61,2026-09-17,0419,N,nominal,2.0NRT,303.49,3.91,D
-8.98584,146.80678,341.33,0.48,0.48,2026-09-17,0421,N,nominal,2.0NRT,295.13,6.39,D
-9.22682,142.74026,338.97,0.43,0.38,2026-09-17,0421,N,nominal,2.0NRT,302.51,5.6,D
-8.48416,146.45528,342.4,0.46,0.47,2026-09-17,0421,N,nominal,2.0NRT,294.81,6.28,D
-8.4798,146.45454,331.02,0.46,0.47,2026-09-17,0421,N,nominal,2.0NRT,294.85,6.28,D
-9.05334,143.05159,335.72,0.44,0.38,2026-09-17,0421,N,nominal,2.0NRT,300.18,7.51,D
-9.05435,143.0517,334.17,0.44,0.38,2026-09-17,0421,N,nominal,2.0NRT,299.92,7.8,D
-8.48425,146.45525,344.31,0.46,0.47,2026-09-17,0421,N,nominal,2.0NRT,294.82,12.65,D
-8.474,146.43616,335.24,0.46,0.47,2026-09-17,0421,N,nominal,2.0NRT,294.63,6.94,D
-8.47471,146.43196,334.47,0.46,0.47,2026-09-17,0421,N,nominal,2.0NRT,294.73,3,D
-9.13716,142.16907,335.4,0.41,0.37,2026-09-17,0421,N,nominal,2.0NRT,301.34,6.54,D
-9.13315,142.17223,338.81,0.41,0.37,2026-09-17,0421,N,nominal,2.0NRT,298.43,4.36,D
-9.13433,142.16479,346.77,0.41,0.37,2026-09-17,0421,N,nominal,2.0NRT,300.77,6.54,D
-8.43472,146.37759,332.35,0.46,0.47,2026-09-17,0421,N,nominal,2.0NRT,295.98,2.85,D
-9.10151,142.30505,331.83,0.41,0.37,2026-09-17,0421,N,nominal,2.0NRT,297.68,4,D
-9.09807,142.3045,340.61,0.41,0.37,2026-09-17,0421,N,nominal,2.0NRT,300.37,4,D
-9.14469,142.01103,344.12,0.4,0.37,2026-09-17,0421,N,nominal,2.0NRT,300.87,5.58,D
-9.09464,142.30394,337.86,0.41,0.37,2026-09-17,0421,N,nominal,2.0NRT,302.53,6.43,D
-9.1407,142.01418,344.34,0.4,0.37,2026-09-17,0421,N,nominal,2.0NRT,301.79,6.37,D
-9.1373,142.01364,343.13,0.4,0.37,2026-09-17,0421,N,nominal,2.0NRT,301.09,6.37,D
-9.08176,142.34044,336.18,0.41,0.37,2026-09-17,0421,N,nominal,2.0NRT,306.01,6.32,D
-9.08717,142.30661,346.26,0.41,0.37,2026-09-17,0421,N,nominal,2.0NRT,301.68,8.29,D
-9.13214,142.02414,346.77,0.4,0.37,2026-09-17,0421,N,nominal,2.0NRT,298.77,5.87,D
-8.4021,146.38521,341.99,0.46,0.47,2026-09-17,0421,N,nominal,2.0NRT,295.59,5.76,D
-8.40283,146.38103,340.47,0.46,0.47,2026-09-17,0421,N,nominal,2.0NRT,293.97,5.76,D
-9.07832,142.3399,348.05,0.41,0.37,2026-09-17,0421,N,nominal,2.0NRT,305.17,6.32,D
-9.07204,142.33502,335.95,0.41,0.37,2026-09-17,0421,N,nominal,2.0NRT,305.73,5.77,D
-9.068,142.33824,332.12,0.41,0.37,2026-09-17,0421,N,low,2.0NRT,304.18,2.47,D
-9.0686,142.33447,336.7,0.41,0.37,2026-09-17,0421,N,low,2.0NRT,306.9,2.89,D
-8.38982,146.3531,343.81,0.46,0.47,2026-09-17,0421,N,nominal,2.0NRT,297.37,19.74,D
-9.06456,142.33769,335.04,0.41,0.37,2026-09-17,0421,N,nominal,2.0NRT,301.71,2.47,D
-9.06516,142.33392,331.26,0.41,0.37,2026-09-17,0421,N,low,2.0NRT,304,2.89,D
-9.06172,142.33339,337.5,0.41,0.37,2026-09-17,0421,N,nominal,2.0NRT,301.47,1.37,D
-9.13626,141.84464,332.91,0.4,0.37,2026-09-17,0421,N,nominal,2.0NRT,298.41,2.53,D
-9.13494,141.8479,330.01,0.4,0.37,2026-09-17,0421,N,nominal,2.0NRT,299.93,2.86,D
-9.13551,141.84425,331.75,0.4,0.37,2026-09-17,0421,N,nominal,2.0NRT,298.01,3.48,D
-9.04207,142.41927,334.52,0.42,0.37,2026-09-17,0421,N,nominal,2.0NRT,300.18,1.83,D
-9.13098,141.85101,333.3,0.4,0.37,2026-09-17,0421,N,nominal,2.0NRT,299.48,2.86,D
-9.13155,141.84737,336.9,0.4,0.37,2026-09-17,0421,N,nominal,2.0NRT,301.59,2.86,D
-9.13326,141.83643,332.18,0.4,0.37,2026-09-17,0421,N,nominal,2.0NRT,298.2,2.08,D
-9.12816,141.84683,338.29,0.4,0.37,2026-09-17,0421,N,nominal,2.0NRT,300.87,5.25,D
-9.13044,141.83224,346.41,0.4,0.37,2026-09-17,0421,N,nominal,2.0NRT,299.75,6.82,D
-9.12477,141.84628,349.67,0.4,0.37,2026-09-17,0421,N,nominal,2.0NRT,300.89,5.25,D
-8.38863,146.35342,354,0.46,0.47,2026-09-17,0421,N,nominal,2.0NRT,296.16,22.13,D
-9.00605,142.468,340,0.42,0.38,2026-09-17,0421,N,nominal,2.0NRT,302.79,4.43,D
-9.00199,142.47127,342.22,0.42,0.38,2026-09-17,0421,N,nominal,2.0NRT,300.6,8.66,D
-9.12097,141.69318,333.22,0.4,0.37,2026-09-17,0421,N,nominal,2.0NRT,299.08,1.68,D
-8.35685,146.35655,352.41,0.46,0.47,2026-09-17,0421,N,nominal,2.0NRT,298.65,52.74,D
-9.1176,141.69264,340.42,0.4,0.37,2026-09-17,0421,N,nominal,2.0NRT,300.17,4.19,D
-9.11929,141.68179,331.72,0.4,0.37,2026-09-17,0421,N,nominal,2.0NRT,299.93,3.61,D
-9.11196,141.70654,334.2,0.4,0.37,2026-09-17,0421,N,nominal,2.0NRT,300.18,1.57,D
-9.11252,141.70294,330,0.4,0.37,2026-09-17,0421,N,nominal,2.0NRT,299.31,1.57,D
-9.11592,141.68126,338.07,0.4,0.37,2026-09-17,0421,N,nominal,2.0NRT,300.17,3.61,D
-9.11648,141.67764,347.73,0.4,0.37,2026-09-17,0421,N,nominal,2.0NRT,300.22,6.4,D
-9.11874,141.66321,346.49,0.4,0.37,2026-09-17,0421,N,nominal,2.0NRT,301.86,5.37,D
-9.11931,141.65959,332.54,0.4,0.37,2026-09-17,0421,N,nominal,2.0NRT,299.5,5.37,D
-9.10744,141.71327,342.66,0.4,0.37,2026-09-17,0421,N,nominal,2.0NRT,299.2,4.49,D
-9.11594,141.65907,346.51,0.4,0.37,2026-09-17,0421,N,nominal,2.0NRT,299.12,9.83,D
-9.17729,141.26578,341.06,0.39,0.36,2026-09-17,0421,N,nominal,2.0NRT,300.32,5.83,D
-9.17784,141.26224,337.6,0.39,0.36,2026-09-17,0421,N,nominal,2.0NRT,299.52,2.94,D
-9.17839,141.2587,330.92,0.39,0.36,2026-09-17,0421,N,nominal,2.0NRT,299.04,2.94,D
-8.34666,146.33766,331.19,0.46,0.47,2026-09-17,0421,N,nominal,2.0NRT,293.57,2.71,D
-8.99194,142.42291,331.69,0.42,0.37,2026-09-17,0421,N,nominal,2.0NRT,299.45,1.1,D
-9.10407,141.71274,341.71,0.4,0.37,2026-09-17,0421,N,nominal,2.0NRT,301.27,4.49,D
-9.10862,141.66161,340.1,0.4,0.37,2026-09-17,0421,N,nominal,2.0NRT,299.64,3.54,D
-8.98382,142.42938,331.27,0.42,0.37,2026-09-17,0421,N,nominal,2.0NRT,300.87,5.41,D
-9.10468,141.66467,330.05,0.4,0.37,2026-09-17,0421,N,nominal,2.0NRT,298.81,2.33,D
-9.10303,141.63115,339.46,0.4,0.37,2026-09-17,0421,N,nominal,2.0NRT,301.13,2.59,D
-9.15835,141.27734,334.38,0.39,0.36,2026-09-17,0421,N,nominal,2.0NRT,299.98,2.7,D
-9.09966,141.63062,332.18,0.4,0.37,2026-09-17,0421,N,nominal,2.0NRT,300.84,3.9,D
-9.10023,141.62701,337.56,0.4,0.37,2026-09-17,0421,N,nominal,2.0NRT,300.96,3.9,D
-9.09742,141.62288,341.5,0.4,0.37,2026-09-17,0421,N,nominal,2.0NRT,301.63,6.22,D
-9.08099,141.70537,342.23,0.4,0.37,2026-09-17,0421,N,nominal,2.0NRT,301.06,6.27,D
-9.07819,141.7012,333.51,0.4,0.37,2026-09-17,0421,N,nominal,2.0NRT,297.49,2.36,D
-9.15325,141.22205,331.59,0.39,0.36,2026-09-17,0421,N,nominal,2.0NRT,298.59,3.06,D
-9.15435,141.21495,331.07,0.39,0.36,2026-09-17,0421,N,nominal,2.0NRT,298.5,1.92,D
-9.09974,141.54219,344.42,0.39,0.37,2026-09-17,0421,N,nominal,2.0NRT,302.34,3.46,D
-9.1003,141.5386,332.18,0.39,0.37,2026-09-17,0421,N,nominal,2.0NRT,298.62,3.46,D
-9.10088,141.51299,341.87,0.39,0.36,2026-09-17,0421,N,nominal,2.0NRT,303.68,3.57,D
-9.09751,141.51247,353.24,0.39,0.36,2026-09-17,0421,N,nominal,2.0NRT,304.32,9.41,D
-9.09246,141.52267,333.6,0.39,0.36,2026-09-17,0421,N,nominal,2.0NRT,301.45,4.36,D
-9.0613,141.69853,337.24,0.4,0.37,2026-09-17,0421,N,nominal,2.0NRT,298.58,4.31,D
-9.0891,141.52214,339.75,0.39,0.36,2026-09-17,0421,N,nominal,2.0NRT,300.07,3.63,D
-9.05735,141.7016,332.83,0.4,0.37,2026-09-17,0421,N,nominal,2.0NRT,299.08,3.97,D
-9.08799,141.50728,331.64,0.39,0.36,2026-09-17,0421,N,nominal,2.0NRT,301.38,3.04,D
-9.08407,141.51033,337.17,0.39,0.36,2026-09-17,0421,N,nominal,2.0NRT,300.93,3.89,D
-9.08463,141.50676,335.13,0.39,0.36,2026-09-17,0421,N,nominal,2.0NRT,300.19,3.89,D
-9.08127,141.50623,345.62,0.39,0.36,2026-09-17,0421,N,nominal,2.0NRT,300.19,3.89,D
-9.01543,141.89941,338.3,0.4,0.37,2026-09-17,0421,N,nominal,2.0NRT,299.06,4.64,D
-9.04717,141.69562,337.88,0.4,0.37,2026-09-17,0421,N,nominal,2.0NRT,300.01,8.6,D
-9.04773,141.69202,338.17,0.4,0.37,2026-09-17,0421,N,nominal,2.0NRT,301.67,8.6,D
-9.04436,141.69147,351.64,0.4,0.37,2026-09-17,0421,N,nominal,2.0NRT,304.49,19.34,D
-8.92269,142.44655,344.46,0.42,0.38,2026-09-17,0421,N,nominal,2.0NRT,305.03,4.17,D
-9.04098,141.69092,336.27,0.4,0.37,2026-09-17,0421,N,nominal,2.0NRT,299.06,19.34,D
-9.04154,141.68732,335.2,0.4,0.37,2026-09-17,0421,N,nominal,2.0NRT,298.35,5.51,D
-9.10163,141.30037,339.9,0.39,0.36,2026-09-17,0421,N,nominal,2.0NRT,305.72,2.1,D
-8.89264,142.61461,345.94,0.42,0.38,2026-09-17,0421,N,nominal,2.0NRT,299.51,9.11,D
-8.91864,142.44978,335.24,0.42,0.38,2026-09-17,0421,N,nominal,2.0NRT,303.22,9.58,D
-8.91924,142.44598,342.58,0.42,0.38,2026-09-17,0421,N,nominal,2.0NRT,306.81,9.58,D
-9.03817,141.68678,336.13,0.4,0.37,2026-09-17,0421,N,nominal,2.0NRT,297.6,3.77,D
-9.1235,141.13687,337.13,0.39,0.36,2026-09-17,0421,N,nominal,2.0NRT,299.69,2.83,D
-8.91578,142.44542,349.99,0.42,0.38,2026-09-17,0421,N,nominal,2.0NRT,305.58,9.58,D
-8.91232,142.44487,346.6,0.42,0.38,2026-09-17,0421,N,nominal,2.0NRT,303.58,19.33,D
-8.9745,141.96057,333.13,0.4,0.37,2026-09-17,0421,N,nominal,2.0NRT,297.71,3.17,D
-8.93671,142.17845,346.93,0.41,0.37,2026-09-17,0421,N,nominal,2.0NRT,303.76,10.06,D
-9.09848,141.14381,346.49,0.39,0.36,2026-09-17,0421,N,nominal,2.0NRT,301.98,5.07,D
-9.08691,141.19635,335.22,0.39,0.36,2026-09-17,0421,N,nominal,2.0NRT,302.66,3.54,D
-9.08746,141.19279,355.57,0.39,0.36,2026-09-17,0421,N,nominal,2.0NRT,305.38,3.54,D
-9.08801,141.18925,332.3,0.39,0.36,2026-09-17,0421,N,nominal,2.0NRT,302.17,2.67,D
-9.09946,141.09332,367,0.39,0.36,2026-09-17,0421,N,high,2.0NRT,302.26,5.39,D
-9.08356,141.19582,333.2,0.39,0.36,2026-09-17,0421,N,low,2.0NRT,303.65,3.54,D
-9.08412,141.19228,330.21,0.39,0.36,2026-09-17,0421,N,low,2.0NRT,303.89,3.54,D
-9.09836,141.10039,337,0.39,0.36,2026-09-17,0421,N,nominal,2.0NRT,299.96,6.51,D
-9.09891,141.09685,331.36,0.39,0.36,2026-09-17,0421,N,nominal,2.0NRT,298.87,5.39,D
-8.92526,142.18427,333.7,0.41,0.37,2026-09-17,0421,N,low,2.0NRT,304.28,4.02,D
-9.08022,141.1953,349.98,0.39,0.36,2026-09-17,0421,N,nominal,2.0NRT,306.38,13.31,D
-9.09503,141.09987,346.81,0.39,0.36,2026-09-17,0421,N,nominal,2.0NRT,302.99,8.64,D
-9.09557,141.09633,343.43,0.39,0.36,2026-09-17,0421,N,nominal,2.0NRT,301.68,8.23,D
-9.07688,141.19476,350.08,0.39,0.36,2026-09-17,0421,N,nominal,2.0NRT,305.19,13.31,D
-9.07353,141.19424,346.16,0.39,0.36,2026-09-17,0421,N,nominal,2.0NRT,302.25,2.41,D
-9.08282,141.11241,353.1,0.39,0.36,2026-09-17,0421,N,nominal,2.0NRT,305.5,15.73,D
-9.07948,141.11189,338.57,0.39,0.36,2026-09-17,0421,N,nominal,2.0NRT,301.59,4.06,D
-9.08003,141.10835,333.85,0.39,0.36,2026-09-17,0421,N,nominal,2.0NRT,300.77,2.78,D
-9.09362,140.99864,341.37,0.39,0.36,2026-09-17,0421,N,nominal,2.0NRT,303.41,4.73,D
-9.09028,140.99811,343.81,0.39,0.36,2026-09-17,0421,N,nominal,2.0NRT,303.69,4.76,D
-9.07275,141.08913,334.79,0.39,0.36,2026-09-17,0421,N,nominal,2.0NRT,299.34,6.18,D
-9.08695,140.99759,340.81,0.39,0.36,2026-09-17,0421,N,nominal,2.0NRT,302.27,4.76,D
-9.08804,140.99055,334.74,0.39,0.36,2026-09-17,0421,N,nominal,2.0NRT,302,4.28,D
-9.08634,140.97948,337.13,0.39,0.36,2026-09-17,0421,N,nominal,2.0NRT,301.22,3.48,D
-8.85049,142.45444,339.44,0.42,0.38,2026-09-17,0421,N,nominal,2.0NRT,300.79,4.65,D
-9.06223,141.11281,337.86,0.39,0.36,2026-09-17,0421,N,nominal,2.0NRT,302.19,9.71,D
-9.06278,141.10927,354.42,0.39,0.36,2026-09-17,0421,N,nominal,2.0NRT,308.3,9.71,D
-8.89217,142.17134,332.67,0.41,0.37,2026-09-17,0421,N,nominal,2.0NRT,297.93,5.46,D
-9.05944,141.10875,347.79,0.39,0.36,2026-09-17,0421,N,nominal,2.0NRT,310.62,25.78,D
-9.05999,141.10521,339.45,0.39,0.36,2026-09-17,0421,N,nominal,2.0NRT,303.3,3.72,D
-9.0764,140.99954,332.33,0.39,0.36,2026-09-17,0421,N,nominal,2.0NRT,301.28,4.22,D
-9.07858,140.98547,334.35,0.39,0.36,2026-09-17,0421,N,nominal,2.0NRT,301.09,4.51,D
-9.07913,140.98195,347.9,0.39,0.36,2026-09-17,0421,N,nominal,2.0NRT,301.89,4.51,D
-8.92696,141.93045,332.18,0.4,0.37,2026-09-17,0421,N,nominal,2.0NRT,300.38,2.69,D
-9.04123,141.20369,336.03,0.39,0.36,2026-09-17,0421,N,nominal,2.0NRT,301.02,1.95,D
-9.0572,141.10117,333.68,0.39,0.36,2026-09-17,0421,N,nominal,2.0NRT,301.56,3.72,D
-9.07525,140.98494,339.41,0.39,0.36,2026-09-17,0421,N,nominal,2.0NRT,300.92,4.51,D
-8.84011,142.45277,332.12,0.42,0.38,2026-09-17,0421,N,nominal,2.0NRT,302.1,4.38,D
-9.01458,141.3304,343.9,0.39,0.36,2026-09-17,0421,N,nominal,2.0NRT,304.11,21.67,D
-9.04777,141.11777,342.54,0.39,0.36,2026-09-17,0421,N,nominal,2.0NRT,301.08,2.91,D
-9.04498,141.11371,334.89,0.39,0.36,2026-09-17,0421,N,nominal,2.0NRT,300.31,3.25,D
-9.06906,140.95876,343.71,0.39,0.36,2026-09-17,0421,N,nominal,2.0NRT,299.84,4.78,D
-9.04164,141.11319,332.81,0.39,0.36,2026-09-17,0421,N,nominal,2.0NRT,299.55,3.25,D
-9.04219,141.10965,336.59,0.39,0.36,2026-09-17,0421,N,nominal,2.0NRT,300.16,3.85,D
-9.04384,141.09906,336.1,0.39,0.36,2026-09-17,0421,N,nominal,2.0NRT,300.42,4.47,D
-8.95835,141.62234,330.16,0.4,0.37,2026-09-17,0421,N,low,2.0NRT,302.49,3.81,D
-9.0394,141.10561,333.41,0.39,0.36,2026-09-17,0421,N,nominal,2.0NRT,299.61,1.74,D
-8.82341,142.4462,343.37,0.42,0.38,2026-09-17,0421,N,nominal,2.0NRT,299.9,5.14,D
-8.88778,142.04503,335.69,0.41,0.37,2026-09-17,0421,N,nominal,2.0NRT,300.47,3.61,D
-8.91006,141.9052,347.33,0.4,0.37,2026-09-17,0421,N,nominal,2.0NRT,299.85,7.48,D
-9.03386,141.1192,330.86,0.39,0.36,2026-09-17,0421,N,nominal,2.0NRT,299.45,3.27,D
-9.05196,141.00293,330.79,0.39,0.36,2026-09-17,0421,N,nominal,2.0NRT,300.13,1.97,D
-8.88776,142.04538,334.73,0.41,0.37,2026-09-17,0421,N,nominal,2.0NRT,300.65,3.45,D
-8.90959,141.90543,339.44,0.4,0.37,2026-09-17,0421,N,nominal,2.0NRT,299.67,8.37,D
-9.0365,141.0871,331.06,0.39,0.36,2026-09-17,0421,N,nominal,2.0NRT,301.4,3.28,D
-9.03704,141.08357,347.55,0.39,0.36,2026-09-17,0421,N,nominal,2.0NRT,303.74,3.28,D
-9.04954,141.00256,331.94,0.39,0.36,2026-09-17,0421,N,nominal,2.0NRT,299.35,4.06,D
-9.0593,140.93922,331.28,0.39,0.36,2026-09-17,0421,N,nominal,2.0NRT,300.12,4.14,D
-9.06038,140.93219,347.15,0.39,0.36,2026-09-17,0421,N,nominal,2.0NRT,302.6,4.35,D
-8.82141,142.44647,336.21,0.42,0.38,2026-09-17,0421,N,nominal,2.0NRT,298.94,5.83,D
-8.88434,142.04483,338.73,0.41,0.37,2026-09-17,0421,N,nominal,2.0NRT,300.59,3.45,D
-8.90962,141.8829,332.97,0.4,0.37,2026-09-17,0421,N,nominal,2.0NRT,293.46,4.29,D
-8.91019,141.87924,353.46,0.4,0.37,2026-09-17,0421,N,nominal,2.0NRT,302.37,4.29,D
-8.99811,141.31332,356.14,0.39,0.36,2026-09-17,0421,N,nominal,2.0NRT,304.11,8.39,D
-9.03316,141.08658,333.86,0.39,0.36,2026-09-17,0421,N,nominal,2.0NRT,300.48,3.28,D
-9.0337,141.08305,345.6,0.39,0.36,2026-09-17,0421,N,nominal,2.0NRT,299.91,3.28,D
-9.05705,140.93167,337.66,0.39,0.36,2026-09-17,0421,N,nominal,2.0NRT,298.65,4.35,D
-8.90565,141.88602,345.82,0.4,0.37,2026-09-17,0421,N,nominal,2.0NRT,301.9,3.81,D
-8.90622,141.88235,338.12,0.4,0.37,2026-09-17,0421,N,nominal,2.0NRT,299.48,3.21,D
-8.9068,141.87869,333.95,0.4,0.37,2026-09-17,0421,N,nominal,2.0NRT,300.28,3.21,D
-8.97653,141.43045,335.92,0.39,0.36,2026-09-17,0421,N,nominal,2.0NRT,303.67,7.01,D
-8.88561,141.99203,343.18,0.41,0.37,2026-09-17,0421,N,nominal,2.0NRT,303.33,6.92,D
-8.88618,141.98836,352.35,0.41,0.37,2026-09-17,0421,N,nominal,2.0NRT,302.74,6.92,D
-8.88676,141.98468,337.39,0.41,0.37,2026-09-17,0421,N,nominal,2.0NRT,302.39,6.83,D
-8.89939,141.90379,340.21,0.4,0.37,2026-09-17,0421,N,nominal,2.0NRT,296.77,7.82,D
-8.90168,141.88913,336.57,0.4,0.37,2026-09-17,0421,N,nominal,2.0NRT,300.09,3.81,D
-8.9034,141.87816,330.8,0.4,0.37,2026-09-17,0421,N,nominal,2.0NRT,296.54,3.21,D
-8.90397,141.8745,342.52,0.4,0.37,2026-09-17,0421,N,nominal,2.0NRT,298.34,6.32,D
-8.94136,141.63463,333.25,0.4,0.37,2026-09-17,0421,N,nominal,2.0NRT,300.74,3.17,D
-8.97317,141.42992,342.34,0.39,0.36,2026-09-17,0421,N,nominal,2.0NRT,300.75,7.01,D
-8.97981,141.38705,333.98,0.39,0.36,2026-09-17,0421,N,nominal,2.0NRT,301.08,3.02,D
-8.88162,141.99518,337.23,0.41,0.37,2026-09-17,0421,N,nominal,2.0NRT,300.03,2.75,D
-8.89829,141.88858,342.08,0.4,0.37,2026-09-17,0421,N,nominal,2.0NRT,301.01,5.3,D
-8.93911,141.62688,345.48,0.4,0.37,2026-09-17,0421,N,nominal,2.0NRT,297.87,5.93,D
-8.96981,141.42938,338.78,0.39,0.36,2026-09-17,0421,N,nominal,2.0NRT,300.89,4.76,D
-8.97203,141.41508,336.61,0.39,0.36,2026-09-17,0421,N,nominal,2.0NRT,302.38,5.56,D
-8.97258,141.41151,337.4,0.39,0.36,2026-09-17,0421,N,nominal,2.0NRT,301.13,4.68,D
-9.03891,140.98286,333.81,0.39,0.36,2026-09-17,0421,N,nominal,2.0NRT,300.32,2.32,D
-9.05355,140.88795,333.47,0.39,0.36,2026-09-17,0421,N,nominal,2.0NRT,300.94,2.78,D
-8.87821,141.99463,333.32,0.41,0.37,2026-09-17,0421,N,nominal,2.0NRT,297.57,2.75,D
-8.89317,141.89905,336.34,0.4,0.37,2026-09-17,0421,N,nominal,2.0NRT,298.42,7.53,D
-8.89546,141.8844,340.42,0.4,0.37,2026-09-17,0421,N,nominal,2.0NRT,303.58,5.3,D
-8.89661,141.87709,337.54,0.4,0.37,2026-09-17,0421,N,nominal,2.0NRT,298.71,5.79,D
-9.03503,140.98587,334.84,0.39,0.36,2026-09-17,0421,N,nominal,2.0NRT,300.69,2.32,D
-8.8748,141.99409,345.17,0.41,0.37,2026-09-17,0421,N,nominal,2.0NRT,298.02,6.4,D
-8.89207,141.88385,354.88,0.4,0.37,2026-09-17,0421,N,nominal,2.0NRT,304.62,12.77,D
-8.89264,141.8802,337.6,0.4,0.37,2026-09-17,0421,N,nominal,2.0NRT,301.18,11.69,D
-8.96087,141.44261,338.31,0.39,0.36,2026-09-17,0421,N,nominal,2.0NRT,303.01,7.02,D
-8.96142,141.43904,353.65,0.39,0.36,2026-09-17,0421,N,nominal,2.0NRT,307.18,11.97,D
-8.96198,141.43547,354.42,0.39,0.36,2026-09-17,0421,N,nominal,2.0NRT,305.26,11.97,D
-9.02518,141.02753,330.33,0.39,0.36,2026-09-17,0421,N,nominal,2.0NRT,303.02,1.65,D
-9.03441,140.96776,335.46,0.39,0.36,2026-09-17,0421,N,nominal,2.0NRT,300.94,4.06,D
-8.88924,141.87965,348.01,0.4,0.37,2026-09-17,0421,N,nominal,2.0NRT,300.21,11.69,D
-8.88982,141.87599,350.35,0.4,0.37,2026-09-17,0421,N,nominal,2.0NRT,299.13,11.69,D
-9.01094,141.09755,345.06,0.39,0.36,2026-09-17,0421,N,nominal,2.0NRT,301.38,5.25,D
-8.81337,142.34009,332.34,0.42,0.37,2026-09-17,0421,N,nominal,2.0NRT,297.17,1.59,D
-9.00815,141.09351,339.58,0.39,0.36,2026-09-17,0421,N,nominal,2.0NRT,300.83,4.7,D
-9.02612,140.97726,340.49,0.39,0.36,2026-09-17,0421,N,nominal,2.0NRT,313.35,52.74,D
-9.02332,140.97322,367,0.39,0.36,2026-09-17,0421,N,high,2.0NRT,326.79,52.74,D
-8.97627,141.27711,333.32,0.39,0.36,2026-09-17,0421,N,nominal,2.0NRT,302.34,2.46,D
-8.97682,141.27356,334.58,0.39,0.36,2026-09-17,0421,N,nominal,2.0NRT,302.03,2.47,D
-9.02278,140.97675,346.76,0.39,0.36,2026-09-17,0421,N,nominal,2.0NRT,309.21,52.74,D
-8.97292,141.27658,347.33,0.39,0.36,2026-09-17,0421,N,nominal,2.0NRT,302.52,6.56,D
-8.97012,141.27251,336.14,0.39,0.36,2026-09-17,0421,N,nominal,2.0NRT,298.79,3.31,D
-8.17043,146.18201,349.58,0.45,0.47,2026-09-17,0421,N,nominal,2.0NRT,292.81,7.55,D
-8.8398,142.08331,339.51,0.41,0.37,2026-09-17,0421,N,nominal,2.0NRT,303.08,6.18,D
-8.91944,141.57576,334.71,0.4,0.37,2026-09-17,0421,N,nominal,2.0NRT,299.74,5.36,D
-8.83696,142.07906,335.82,0.41,0.37,2026-09-17,0421,N,nominal,2.0NRT,302.35,6.18,D
-8.91325,141.59323,340.05,0.4,0.37,2026-09-17,0421,N,nominal,2.0NRT,298.42,4.9,D
-8.95845,141.30342,330.57,0.39,0.36,2026-09-17,0421,N,nominal,2.0NRT,300.38,3.5,D
-8.959,141.29987,334.21,0.39,0.36,2026-09-17,0421,N,nominal,2.0NRT,300.96,2.55,D
-8.84928,141.9787,332.05,0.41,0.37,2026-09-17,0421,N,low,2.0NRT,302.34,5.52,D
-8.95455,141.30646,348.74,0.39,0.36,2026-09-17,0421,N,nominal,2.0NRT,301.33,4.98,D
-8.78623,142.35515,336.42,0.42,0.37,2026-09-17,0421,N,nominal,2.0NRT,301.73,3.83,D
-8.98313,141.10042,340.25,0.39,0.36,2026-09-17,0421,N,nominal,2.0NRT,300.94,3.54,D
-8.99623,141.01585,344.44,0.39,0.36,2026-09-17,0421,N,nominal,2.0NRT,300.79,5.24,D
-8.78278,142.3546,344.31,0.42,0.37,2026-09-17,0421,N,nominal,2.0NRT,300.74,7.69,D
-8.8604,141.86382,341.61,0.4,0.37,2026-09-17,0421,N,nominal,2.0NRT,299.9,6.39,D
-8.99289,141.01534,343.14,0.39,0.36,2026-09-17,0421,N,nominal,2.0NRT,300.39,6.57,D
-8.84964,141.86588,334.68,0.4,0.37,2026-09-17,0421,N,nominal,2.0NRT,301.48,4.06,D
-8.98288,141.01376,331.32,0.39,0.36,2026-09-17,0421,N,low,2.0NRT,302.1,3.57,D
-8.96807,141.08722,330.28,0.39,0.36,2026-09-17,0421,N,nominal,2.0NRT,299.69,1.88,D
-8.97955,141.01324,337.21,0.39,0.36,2026-09-17,0421,N,nominal,2.0NRT,302.51,3.26,D
-8.98009,141.00972,332.11,0.39,0.36,2026-09-17,0421,N,nominal,2.0NRT,301.18,3.26,D
-8.99752,140.89717,346.87,0.39,0.36,2026-09-17,0421,N,nominal,2.0NRT,303.65,7.94,D
-8.98058,140.98456,333.36,0.39,0.36,2026-09-17,0421,N,nominal,2.0NRT,301.6,2,D
-8.98112,140.98103,339.76,0.39,0.36,2026-09-17,0421,N,nominal,2.0NRT,301.59,2,D
-8.88913,141.54887,331.49,0.4,0.37,2026-09-17,0421,N,nominal,2.0NRT,300.36,3.13,D
-8.97342,141.00867,331.97,0.39,0.36,2026-09-17,0421,N,low,2.0NRT,302.22,2.42,D
-8.97779,140.98051,334.33,0.39,0.36,2026-09-17,0421,N,nominal,2.0NRT,301.04,2.99,D
-8.88632,141.54474,337.68,0.4,0.37,2026-09-17,0421,N,nominal,2.0NRT,299.79,6.98,D
-8.89083,141.51601,332.05,0.39,0.37,2026-09-17,0421,N,nominal,2.0NRT,291.71,1.27,D
-8.95695,141.09271,342.09,0.39,0.36,2026-09-17,0421,N,nominal,2.0NRT,299.27,5.77,D
-8.95197,141.10277,348.94,0.39,0.36,2026-09-17,0421,N,nominal,2.0NRT,300.05,4.43,D
-8.95361,141.09218,345.23,0.39,0.36,2026-09-17,0421,N,nominal,2.0NRT,299.73,4.04,D
-8.97275,140.96892,339.37,0.39,0.36,2026-09-17,0421,N,nominal,2.0NRT,303.35,3.81,D
-8.98528,140.88808,345.87,0.39,0.36,2026-09-17,0421,N,nominal,2.0NRT,301.02,5.15,D
-8.10731,146.18819,336.25,0.45,0.47,2026-09-17,0421,N,nominal,2.0NRT,293.43,4.89,D
-8.90151,141.38202,335.98,0.39,0.36,2026-09-17,0421,N,nominal,2.0NRT,300.79,4.11,D
-8.10299,146.18748,342.86,0.45,0.47,2026-09-17,0421,N,nominal,2.0NRT,292.89,4.89,D
-8.94524,141.08002,334.32,0.39,0.36,2026-09-17,0421,N,nominal,2.0NRT,299.85,1.35,D
-8.86948,141.54208,367,0.4,0.37,2026-09-17,0421,N,high,2.0NRT,300.99,6.39,D
-8.86891,141.54567,348.23,0.4,0.37,2026-09-17,0421,N,nominal,2.0NRT,300.76,3.81,D
-8.95068,141.02309,333.09,0.39,0.36,2026-09-17,0421,N,low,2.0NRT,304.05,1.99,D
-8.86328,141.55951,342.47,0.4,0.37,2026-09-17,0421,N,nominal,2.0NRT,299.51,4.22,D
-8.86498,141.54874,331.81,0.4,0.37,2026-09-17,0421,N,nominal,2.0NRT,298.46,3.81,D
-8.86555,141.54514,335.95,0.4,0.37,2026-09-17,0421,N,nominal,2.0NRT,296.85,3.81,D
-8.86611,141.54155,339.16,0.4,0.37,2026-09-17,0421,N,nominal,2.0NRT,296.19,6.39,D
-8.87571,141.48055,337.96,0.39,0.36,2026-09-17,0421,N,nominal,2.0NRT,299.94,3.57,D
-8.88134,141.44473,340.94,0.39,0.36,2026-09-17,0421,N,nominal,2.0NRT,298.05,3.31,D
-8.90093,141.31989,346.85,0.39,0.36,2026-09-17,0421,N,nominal,2.0NRT,301.11,6.46,D
-8.944,141.02205,337.9,0.39,0.36,2026-09-17,0421,N,nominal,2.0NRT,304.76,2.39,D
-8.85541,141.56564,330.97,0.4,0.37,2026-09-17,0421,N,nominal,2.0NRT,297.7,3.4,D
-8.85597,141.56206,331.05,0.4,0.37,2026-09-17,0421,N,nominal,2.0NRT,298.3,3.22,D
-8.89311,141.32594,336.36,0.39,0.36,2026-09-17,0421,N,nominal,2.0NRT,298.76,3,D
-8.93792,141.03914,338.27,0.39,0.36,2026-09-17,0421,N,nominal,2.0NRT,302.19,2.64,D
-8.94777,140.97581,336.63,0.39,0.36,2026-09-17,0421,N,nominal,2.0NRT,303.53,3.37,D
-8.85462,141.5648,334.67,0.4,0.37,2026-09-17,0421,N,nominal,2.0NRT,297.27,3.23,D
-8.8918,141.32494,331.86,0.39,0.36,2026-09-17,0421,N,nominal,2.0NRT,297.98,1.96,D
-8.93612,141.03804,341.7,0.39,0.36,2026-09-17,0421,N,nominal,2.0NRT,301.93,3.2,D
-8.93279,141.03751,331.95,0.39,0.36,2026-09-17,0421,N,low,2.0NRT,302.9,3.2,D
-8.9355,141.01988,334.68,0.39,0.36,2026-09-17,0421,N,nominal,2.0NRT,302.29,2.76,D
-8.10611,146.18777,352.39,0.45,0.47,2026-09-17,0421,N,nominal,2.0NRT,294.35,9.92,D
-8.84452,141.58536,345.43,0.4,0.37,2026-09-17,0421,N,nominal,2.0NRT,301.02,5.94,D
-8.92891,141.04051,335.34,0.39,0.36,2026-09-17,0421,N,nominal,2.0NRT,303.35,8.38,D
-8.92945,141.03699,346.56,0.39,0.36,2026-09-17,0421,N,nominal,2.0NRT,306.69,8.38,D
-8.93217,141.01936,344.23,0.39,0.36,2026-09-17,0421,N,nominal,2.0NRT,304.35,4.1,D
-8.92611,141.03647,351.67,0.39,0.36,2026-09-17,0421,N,nominal,2.0NRT,302.42,8.38,D
-8.92992,141.0118,348.98,0.39,0.36,2026-09-17,0421,N,nominal,2.0NRT,305.06,10.93,D
-8.92332,141.03241,345.37,0.39,0.36,2026-09-17,0421,N,nominal,2.0NRT,301.77,6.66,D
-8.63566,142.82607,331.39,0.43,0.38,2026-09-17,0421,N,nominal,2.0NRT,297.3,3.91,D
-8.8226,141.63736,333.61,0.4,0.37,2026-09-17,0421,N,nominal,2.0NRT,296.16,2.28,D
-8.85283,141.44313,333.39,0.39,0.36,2026-09-17,0421,N,nominal,2.0NRT,297.4,2.35,D
-8.82766,141.56055,332.52,0.4,0.37,2026-09-17,0421,N,nominal,2.0NRT,295.68,4,D
-8.89249,141.1433,343.63,0.39,0.36,2026-09-17,0421,N,nominal,2.0NRT,302.95,11.4,D
-8.91106,141.02327,345.08,0.39,0.36,2026-09-17,0421,N,nominal,2.0NRT,302.84,6.58,D
-8.82429,141.56001,340.1,0.4,0.37,2026-09-17,0421,N,nominal,2.0NRT,301.54,4,D
-8.82485,141.55641,350.12,0.4,0.37,2026-09-17,0421,N,nominal,2.0NRT,302.69,6.04,D
-8.82541,141.55281,346.45,0.4,0.37,2026-09-17,0421,N,nominal,2.0NRT,296.24,6.04,D
-8.88914,141.14279,343.57,0.39,0.36,2026-09-17,0421,N,nominal,2.0NRT,304.84,11.4,D
-8.88969,141.13925,330.17,0.39,0.36,2026-09-17,0421,N,low,2.0NRT,305,11.4,D
-8.73378,142.11542,347.67,0.41,0.37,2026-09-17,0421,N,nominal,2.0NRT,301.93,8.39,D
-8.82092,141.55948,346.77,0.4,0.37,2026-09-17,0421,N,nominal,2.0NRT,300.81,11.59,D
-8.88635,141.13872,336.46,0.39,0.36,2026-09-17,0421,N,nominal,2.0NRT,301.56,2.9,D
-8.90377,141.00409,345.26,0.39,0.36,2026-09-17,0421,N,nominal,2.0NRT,300.65,4.59,D
-8.93685,140.78981,341.01,0.39,0.36,2026-09-17,0421,N,nominal,2.0NRT,300.61,2.55,D
-8.88514,141.10233,344.23,0.39,0.36,2026-09-17,0421,N,nominal,2.0NRT,304.61,20.66,D
-8.89934,141.0106,344.44,0.39,0.36,2026-09-17,0421,N,nominal,2.0NRT,300.35,4.9,D
-8.87407,141.12955,346.49,0.39,0.36,2026-09-17,0421,N,nominal,2.0NRT,302.22,3.07,D
-8.87462,141.12601,336.58,0.39,0.36,2026-09-17,0421,N,nominal,2.0NRT,300.65,9.11,D
-8.06936,146.06442,340.83,0.44,0.46,2026-09-17,0421,N,nominal,2.0NRT,295.43,9.86,D
-8.86853,141.14316,339.67,0.39,0.36,2026-09-17,0421,N,nominal,2.0NRT,299.98,10.95,D
-8.87073,141.12901,333.46,0.39,0.36,2026-09-17,0421,N,nominal,2.0NRT,299.65,3.07,D
-8.87128,141.12547,350.1,0.39,0.36,2026-09-17,0421,N,nominal,2.0NRT,306.07,9.11,D
-8.87183,141.12193,342.53,0.39,0.36,2026-09-17,0421,N,nominal,2.0NRT,304.09,9.11,D
-8.87238,141.11841,341.72,0.39,0.36,2026-09-17,0421,N,nominal,2.0NRT,302.9,3.39,D
-8.87292,141.11488,345.66,0.39,0.36,2026-09-17,0421,N,nominal,2.0NRT,302.03,3.39,D
-8.88933,141.00903,344.88,0.39,0.36,2026-09-17,0421,N,nominal,2.0NRT,302.16,5.39,D
-8.86519,141.14264,344.32,0.39,0.36,2026-09-17,0421,N,nominal,2.0NRT,299.37,7.46,D
-8.86794,141.12494,340.1,0.39,0.36,2026-09-17,0421,N,nominal,2.0NRT,301.26,2.77,D
-8.86849,141.12141,338.28,0.39,0.36,2026-09-17,0421,N,nominal,2.0NRT,302.28,2.77,D
-8.86958,141.11435,342.69,0.39,0.36,2026-09-17,0421,N,nominal,2.0NRT,300.98,3.26,D
-8.88599,141.00851,342.91,0.39,0.36,2026-09-17,0421,N,nominal,2.0NRT,299.41,3.86,D
-8.92399,140.76268,332.43,0.39,0.36,2026-09-17,0421,N,low,2.0NRT,305.3,4.43,D
-8.86459,141.12442,341.43,0.39,0.36,2026-09-17,0421,N,nominal,2.0NRT,300.67,2.77,D
-8.85245,141.18051,341,0.39,0.36,2026-09-17,0421,N,nominal,2.0NRT,299.27,2.68,D
-8.86125,141.1239,330.7,0.39,0.36,2026-09-17,0421,N,nominal,2.0NRT,300.65,1.15,D
-8.84856,141.18353,330.26,0.39,0.36,2026-09-17,0421,N,nominal,2.0NRT,299.94,2.66,D
-8.8491,141.17999,331.01,0.39,0.36,2026-09-17,0421,N,nominal,2.0NRT,298.62,2.68,D
-8.8606,141.084,335.46,0.39,0.36,2026-09-17,0421,N,nominal,2.0NRT,300.83,4.48,D
-8.8721,141.00995,331.11,0.39,0.36,2026-09-17,0421,N,low,2.0NRT,305.34,3.3,D
-8.87265,141.00642,335.21,0.39,0.36,2026-09-17,0421,N,low,2.0NRT,305.99,3.3,D
-8.85067,141.12585,336.49,0.39,0.36,2026-09-17,0421,N,nominal,2.0NRT,299.79,2.33,D
-8.85122,141.12233,343.78,0.39,0.36,2026-09-17,0421,N,nominal,2.0NRT,300.52,8.48,D
-8.85177,141.1188,355.45,0.39,0.36,2026-09-17,0421,N,nominal,2.0NRT,305,8.48,D
-8.85726,141.08348,334.28,0.39,0.36,2026-09-17,0421,N,nominal,2.0NRT,300.28,4.48,D
-8.029,146.11996,339.69,0.45,0.47,2026-09-17,0421,N,nominal,2.0NRT,293.26,4.25,D
-8.84733,141.12534,336.08,0.39,0.36,2026-09-17,0421,N,nominal,2.0NRT,300.04,4.67,D
-8.84788,141.1218,332.13,0.39,0.36,2026-09-17,0421,N,nominal,2.0NRT,299.9,4.24,D
-8.84454,141.12128,349.68,0.39,0.36,2026-09-17,0421,N,nominal,2.0NRT,303.6,4.24,D
-8.87299,140.93806,332.34,0.39,0.36,2026-09-17,0421,N,nominal,2.0NRT,299.33,2.86,D
-8.87354,140.93454,337.35,0.39,0.36,2026-09-17,0421,N,nominal,2.0NRT,302.13,2.86,D
-8.82131,141.24829,332.64,0.39,0.36,2026-09-17,0421,N,low,2.0NRT,305.56,3.87,D
-8.8412,141.12076,344.93,0.39,0.36,2026-09-17,0421,N,nominal,2.0NRT,298.95,6.46,D
-8.81741,141.2513,346.58,0.39,0.36,2026-09-17,0421,N,nominal,2.0NRT,304.25,9.04,D
-8.81796,141.24777,347.2,0.39,0.36,2026-09-17,0421,N,nominal,2.0NRT,304.69,3.87,D
-8.81852,141.24423,340.17,0.39,0.36,2026-09-17,0421,N,nominal,2.0NRT,303.14,3.87,D
-8.83785,141.12024,342.27,0.39,0.36,2026-09-17,0421,N,nominal,2.0NRT,296.76,6.46,D
-8.81461,141.24725,330.51,0.39,0.36,2026-09-17,0421,N,nominal,2.0NRT,299.2,2.75,D
-8.81517,141.2437,338.89,0.39,0.36,2026-09-17,0421,N,nominal,2.0NRT,299.56,2.75,D
-8.81681,141.21124,344.28,0.39,0.36,2026-09-17,0421,N,nominal,2.0NRT,304.3,20.43,D
-8.85298,140.93494,340.51,0.39,0.36,2026-09-17,0421,N,nominal,2.0NRT,303.41,3.61,D
-8.80896,141.17371,331.82,0.39,0.36,2026-09-17,0421,N,nominal,2.0NRT,301.78,1.88,D
-8.80695,141.17281,345.18,0.39,0.36,2026-09-17,0421,N,nominal,2.0NRT,302.47,9.32,D
-8.8075,141.16927,339.77,0.39,0.36,2026-09-17,0421,N,nominal,2.0NRT,300.63,9.32,D
-8.80361,141.17227,346.67,0.39,0.36,2026-09-17,0421,N,nominal,2.0NRT,305.11,9.32,D
-8.86549,140.77087,350.49,0.39,0.36,2026-09-17,0421,N,nominal,2.0NRT,301.16,5.54,D
-8.82101,141.03743,343.3,0.39,0.36,2026-09-17,0421,N,nominal,2.0NRT,299.37,5.23,D
-8.86217,140.77036,336.04,0.39,0.36,2026-09-17,0421,N,nominal,2.0NRT,298.74,2.52,D
-8.79247,141.17778,338.27,0.39,0.36,2026-09-17,0421,N,nominal,2.0NRT,301.85,3.27,D
-8.77538,141.26601,330.25,0.39,0.36,2026-09-17,0421,N,low,2.0NRT,301.49,2.79,D
-8.77093,141.27258,334.74,0.39,0.36,2026-09-17,0421,N,nominal,2.0NRT,301.85,3.34,D
-8.77148,141.26903,334.91,0.39,0.36,2026-09-17,0421,N,nominal,2.0NRT,302.61,7.72,D
-8.77203,141.2655,349.45,0.39,0.36,2026-09-17,0421,N,nominal,2.0NRT,303.23,7.72,D
-8.78304,141.19447,330.99,0.39,0.36,2026-09-17,0421,N,nominal,2.0NRT,298.1,1.63,D
-8.80425,141.01314,339.59,0.39,0.36,2026-09-17,0421,N,nominal,2.0NRT,299.99,4.77,D
-8.77942,141.08516,337.14,0.39,0.36,2026-09-17,0421,N,nominal,2.0NRT,300.64,3.95,D
-8.80287,140.93367,353.18,0.39,0.36,2026-09-17,0421,N,nominal,2.0NRT,302.42,13.26,D
-8.80341,140.93015,343.52,0.39,0.36,2026-09-17,0421,N,nominal,2.0NRT,302.34,13.26,D
-8.69099,141.63095,336.72,0.4,0.37,2026-09-17,0421,N,nominal,2.0NRT,298.65,3.39,D
-8.79279,140.91049,337.18,0.39,0.36,2026-09-17,0421,N,nominal,2.0NRT,300.5,3.84,D
-8.78891,140.91348,337.23,0.39,0.36,2026-09-17,0421,N,nominal,2.0NRT,299.36,5.44,D
-8.80971,140.69046,347.23,0.39,0.36,2026-09-17,0421,N,nominal,2.0NRT,304.31,8.68,D
-8.81025,140.68695,343.12,0.39,0.36,2026-09-17,0421,N,nominal,2.0NRT,307.07,8.68,D
-8.80638,140.68994,342.29,0.39,0.36,2026-09-17,0421,N,nominal,2.0NRT,310.34,6.35,D
-8.80306,140.68942,335.56,0.39,0.36,2026-09-17,0421,N,nominal,2.0NRT,305.18,6.35,D
-8.81114,140.63695,330.98,0.38,0.36,2026-09-17,0421,N,nominal,2.0NRT,300.73,2.56,D
-8.79973,140.6889,335.87,0.39,0.36,2026-09-17,0421,N,nominal,2.0NRT,299.08,4.7,D
-8.80135,140.67841,332.62,0.39,0.36,2026-09-17,0421,N,low,2.0NRT,304.05,6.88,D
-8.80782,140.63643,331.73,0.38,0.36,2026-09-17,0421,N,nominal,2.0NRT,299.24,2.44,D
-8.79415,140.68088,343,0.39,0.36,2026-09-17,0421,N,nominal,2.0NRT,307.48,5.54,D
-8.79029,140.68385,339.05,0.39,0.36,2026-09-17,0421,N,nominal,2.0NRT,302.88,6.56,D
-8.79082,140.68036,349.59,0.39,0.36,2026-09-17,0421,N,nominal,2.0NRT,306.22,5.54,D
-8.72151,141.08333,332.12,0.39,0.36,2026-09-17,0421,N,nominal,2.0NRT,295.87,2.77,D
-8.76135,140.8049,337.1,0.39,0.36,2026-09-17,0421,N,nominal,2.0NRT,295.76,4.13,D
-8.76189,140.80139,337.79,0.39,0.36,2026-09-17,0421,N,nominal,2.0NRT,299.29,4.13,D
-8.77414,140.66264,342.18,0.39,0.36,2026-09-17,0421,N,nominal,2.0NRT,303.21,4.79,D
-8.78327,140.60318,330.75,0.38,0.36,2026-09-17,0421,N,nominal,2.0NRT,299.55,1.71,D
-8.70524,141.06557,337.32,0.39,0.36,2026-09-17,0421,N,nominal,2.0NRT,296.41,3.54,D
-8.71225,140.998,344.24,0.39,0.36,2026-09-17,0421,N,nominal,2.0NRT,299.36,4.72,D
-8.71533,140.77898,332.06,0.39,0.36,2026-09-17,0421,N,nominal,2.0NRT,298.07,2.38,D
-8.68313,140.63416,330.86,0.38,0.36,2026-09-17,0421,N,nominal,2.0NRT,299.28,2.78,D
-8.23016,143.4276,341.67,0.47,0.39,2026-09-17,0421,N,nominal,2.0NRT,292.45,5.43,D
-8.67045,140.6322,341.39,0.39,0.36,2026-09-17,0421,N,nominal,2.0NRT,298.91,5.15,D
-8.22977,143.42903,344.97,0.47,0.39,2026-09-17,0421,N,nominal,2.0NRT,293.72,5.98,D
-8.23354,143.38194,338.72,0.46,0.39,2026-09-17,0421,N,nominal,2.0NRT,294.72,6.03,D
-8.46623,141.66194,345.37,0.4,0.37,2026-09-17,0421,N,nominal,2.0NRT,300.05,9.85,D
-8.59029,140.8206,339.82,0.39,0.36,2026-09-17,0421,N,nominal,2.0NRT,293.96,5.08,D
-8.60137,140.5499,355,0.38,0.36,2026-09-17,0421,N,nominal,2.0NRT,304.04,4.93,D
-8.60191,140.5464,333.84,0.38,0.36,2026-09-17,0421,N,nominal,2.0NRT,300.16,4.93,D
-8.57369,140.68524,334.9,0.39,0.36,2026-09-17,0421,N,nominal,2.0NRT,299.25,3.66,D
-8.23996,142.72726,332.7,0.43,0.38,2026-09-17,0421,N,nominal,2.0NRT,294.41,3.41,D
-8.24016,142.72722,332.03,0.43,0.38,2026-09-17,0421,N,nominal,2.0NRT,294.55,3.44,D
-8.56442,140.48611,355.15,0.38,0.36,2026-09-17,0421,N,nominal,2.0NRT,305.64,20.35,D
-8.48381,140.81039,330.5,0.39,0.36,2026-09-17,0421,N,nominal,2.0NRT,293.82,2.01,D
-8.53031,140.42009,338,0.38,0.36,2026-09-17,0421,N,nominal,2.0NRT,300.74,3.73,D
-8.47125,140.71507,333.81,0.39,0.36,2026-09-17,0421,N,nominal,2.0NRT,293.07,2.79,D
-8.30461,141.75903,334.12,0.4,0.37,2026-09-17,0421,N,nominal,2.0NRT,293.38,3.73,D
-8.49492,140.42891,336.23,0.38,0.36,2026-09-17,0421,N,nominal,2.0NRT,300.54,3.2,D
-8.34706,141.35817,338.04,0.39,0.36,2026-09-17,0421,N,nominal,2.0NRT,300.74,6.61,D
-8.34555,141.35744,345.03,0.39,0.37,2026-09-17,0421,N,nominal,2.0NRT,301.79,8.01,D
-8.32103,141.49338,350.74,0.4,0.37,2026-09-17,0421,N,nominal,2.0NRT,294.04,11.87,D
-8.32159,141.48979,333.55,0.4,0.37,2026-09-17,0421,N,nominal,2.0NRT,290.09,5.45,D
-8.31765,141.49286,344.35,0.4,0.37,2026-09-17,0421,N,nominal,2.0NRT,291.29,7.85,D
-8.31821,141.48926,341.36,0.4,0.37,2026-09-17,0421,N,nominal,2.0NRT,290.93,3.32,D
-8.34049,141.34563,349.63,0.39,0.36,2026-09-17,0421,N,nominal,2.0NRT,292.94,7.88,D
-8.34105,141.34206,352.5,0.39,0.36,2026-09-17,0421,N,nominal,2.0NRT,300.39,7.88,D
-8.33602,141.35225,331.97,0.39,0.37,2026-09-17,0421,N,nominal,2.0NRT,293.17,2.15,D
-8.33657,141.34868,330.86,0.39,0.36,2026-09-17,0421,N,nominal,2.0NRT,293.05,2.15,D
-8.33713,141.34509,335.57,0.39,0.36,2026-09-17,0421,N,nominal,2.0NRT,298.78,7.88,D
-8.33768,141.34152,352.24,0.39,0.36,2026-09-17,0421,N,nominal,2.0NRT,302.88,7.88,D
-8.33824,141.33794,337.93,0.39,0.36,2026-09-17,0421,N,nominal,2.0NRT,289.73,3.63,D
-8.31146,141.48819,344.3,0.4,0.37,2026-09-17,0421,N,nominal,2.0NRT,291.11,6.27,D
-8.33266,141.35173,339.56,0.39,0.37,2026-09-17,0421,N,nominal,2.0NRT,289.49,3.49,D
-8.33321,141.34816,342.68,0.39,0.36,2026-09-17,0421,N,nominal,2.0NRT,295.66,3.49,D
-8.33432,141.341,333.6,0.39,0.36,2026-09-17,0421,N,nominal,2.0NRT,288.26,4.65,D
-8.32985,141.34763,337.08,0.39,0.36,2026-09-17,0421,N,nominal,2.0NRT,290.61,3.49,D
-8.33207,141.33331,349.56,0.39,0.36,2026-09-17,0421,N,nominal,2.0NRT,300.49,21.26,D
-8.33262,141.32973,343.68,0.39,0.36,2026-09-17,0421,N,nominal,2.0NRT,300.51,16.77,D
-8.30472,141.48714,330.65,0.4,0.37,2026-09-17,0421,N,nominal,2.0NRT,291.51,2.35,D
-8.30528,141.48352,330.83,0.4,0.37,2026-09-17,0421,N,nominal,2.0NRT,289.97,2.35,D
-8.32648,141.34709,336.14,0.39,0.36,2026-09-17,0421,N,nominal,2.0NRT,289.69,5.53,D
-8.32704,141.34351,335.42,0.39,0.36,2026-09-17,0421,N,nominal,2.0NRT,287.48,5.24,D
-8.3276,141.33994,350.45,0.39,0.36,2026-09-17,0421,N,nominal,2.0NRT,292.35,5.24,D
-8.32815,141.33635,346.81,0.39,0.36,2026-09-17,0421,N,nominal,2.0NRT,293.64,14.89,D
-8.32871,141.33279,356.5,0.39,0.36,2026-09-17,0421,N,nominal,2.0NRT,303.43,14.89,D
-8.32926,141.32921,341.59,0.39,0.36,2026-09-17,0421,N,nominal,2.0NRT,291.45,4.69,D
-8.32982,141.32562,333.14,0.39,0.36,2026-09-17,0421,N,nominal,2.0NRT,288.26,4.69,D
-8.32479,141.33583,367,0.39,0.36,2026-09-17,0421,N,high,2.0NRT,304.17,14.89,D
-8.32312,141.34656,350.74,0.39,0.36,2026-09-17,0421,N,nominal,2.0NRT,301.54,5.53,D
-8.32368,141.34297,350.65,0.39,0.36,2026-09-17,0421,N,nominal,2.0NRT,296.93,5.24,D
-8.32423,141.33942,355.99,0.39,0.36,2026-09-17,0421,N,nominal,2.0NRT,296.25,5.24,D
-8.32535,141.33226,354.1,0.39,0.36,2026-09-17,0421,N,nominal,2.0NRT,293.98,14.89,D
-8.32198,141.33173,367,0.39,0.36,2026-09-17,0421,N,high,2.0NRT,353.57,78.82,D
-8.31976,141.34604,346.87,0.39,0.36,2026-09-17,0421,N,nominal,2.0NRT,301.53,8.16,D
-8.32032,141.34245,340.16,0.39,0.36,2026-09-17,0421,N,nominal,2.0NRT,301.25,5.34,D
-8.32087,141.33888,353.56,0.39,0.36,2026-09-17,0421,N,nominal,2.0NRT,302.6,5.34,D
-8.32143,141.3353,352.46,0.39,0.36,2026-09-17,0421,N,nominal,2.0NRT,309.69,78.82,D
-8.31695,141.34193,341.27,0.39,0.36,2026-09-17,0421,N,nominal,2.0NRT,300.53,5.34,D
-8.31751,141.33835,342.48,0.39,0.36,2026-09-17,0421,N,nominal,2.0NRT,303.39,5.34,D
-8.31806,141.33476,351.38,0.39,0.36,2026-09-17,0421,N,nominal,2.0NRT,300.01,78.82,D
-8.31862,141.33119,353.43,0.39,0.36,2026-09-17,0421,N,nominal,2.0NRT,299.24,78.82,D
-8.35287,141.11057,345.82,0.39,0.36,2026-09-17,0421,N,nominal,2.0NRT,298.51,23.68,D
-8.31415,141.33781,347.31,0.39,0.36,2026-09-17,0421,N,nominal,2.0NRT,296.01,6.28,D
-8.3147,141.33424,342.32,0.39,0.36,2026-09-17,0421,N,nominal,2.0NRT,286.85,3.46,D
-8.31526,141.33067,342.85,0.39,0.36,2026-09-17,0421,N,nominal,2.0NRT,288.53,3.46,D
-8.36515,140.92078,334.61,0.39,0.36,2026-09-17,0421,N,nominal,2.0NRT,293.92,4.11,D
-8.3657,140.91725,344.75,0.39,0.36,2026-09-17,0421,N,nominal,2.0NRT,299.28,4.11,D
-8.42237,140.41701,336.83,0.38,0.36,2026-09-17,0421,N,nominal,2.0NRT,303.5,3.09,D
-8.42773,140.38214,336.74,0.38,0.36,2026-09-17,0421,N,nominal,2.0NRT,301.4,4.26,D
-8.28657,141.18378,367,0.39,0.36,2026-09-17,0421,N,high,2.0NRT,303.52,6.39,D
-8.28713,141.18022,336.34,0.39,0.36,2026-09-17,0421,N,nominal,2.0NRT,288.96,6.39,D
-8.28322,141.18324,350.5,0.39,0.36,2026-09-17,0421,N,nominal,2.0NRT,300.63,9.93,D
-8.28541,141.14722,338.53,0.39,0.36,2026-09-17,0421,N,nominal,2.0NRT,294.82,2.46,D
-8.28597,141.14368,342.04,0.39,0.36,2026-09-17,0421,N,nominal,2.0NRT,294.77,2.46,D
-8.38785,140.29311,337.1,0.38,0.36,2026-09-17,0421,N,nominal,2.0NRT,303.43,6.48,D
-8.38839,140.28961,331.06,0.38,0.36,2026-09-17,0421,N,low,2.0NRT,302.21,6.48,D
-8.38453,140.29259,343.47,0.38,0.36,2026-09-17,0421,N,nominal,2.0NRT,300.9,6.48,D
-8.38507,140.28911,347.65,0.38,0.36,2026-09-17,0421,N,nominal,2.0NRT,303.37,6.48,D
-8.37308,140.32294,337.95,0.38,0.36,2026-09-17,0421,N,nominal,2.0NRT,302.16,4.5,D
-8.35585,140.4131,335.21,0.38,0.36,2026-09-17,0421,N,nominal,2.0NRT,303.14,9.61,D
-8.36922,140.32591,339.25,0.38,0.36,2026-09-17,0421,N,nominal,2.0NRT,301.8,6.45,D
-8.35539,140.32735,347.33,0.38,0.36,2026-09-17,0421,N,nominal,2.0NRT,303.57,4.35,D
-8.35646,140.32037,339.47,0.38,0.36,2026-09-17,0421,N,nominal,2.0NRT,302.35,5.38,D
-8.3602,140.29596,332.8,0.38,0.36,2026-09-17,0421,N,nominal,2.0NRT,298.97,4.75,D
-8.35153,140.33032,332.41,0.38,0.36,2026-09-17,0421,N,nominal,2.0NRT,302.22,4.35,D
-8.35207,140.32684,348.53,0.38,0.36,2026-09-17,0421,N,nominal,2.0NRT,302.95,4.35,D
-8.34393,140.3577,331.06,0.38,0.36,2026-09-17,0421,N,nominal,2.0NRT,300.07,2.83,D
-8.33984,140.31781,336.49,0.38,0.36,2026-09-17,0421,N,nominal,2.0NRT,302.28,3.27,D
-8.34732,140.269,330.32,0.38,0.36,2026-09-17,0421,N,low,2.0NRT,301.58,2.97,D
-8.33385,140.33472,336.17,0.38,0.36,2026-09-17,0421,N,nominal,2.0NRT,304,4.39,D
-8.33652,140.31729,338.81,0.38,0.36,2026-09-17,0421,N,nominal,2.0NRT,304.6,5.71,D
-8.33706,140.31381,330.04,0.38,0.36,2026-09-17,0421,N,low,2.0NRT,303.46,4.39,D
-8.3288,140.32323,330.65,0.38,0.36,2026-09-17,0421,N,low,2.0NRT,300.98,3.49,D
-8.32275,140.22954,330.62,0.38,0.36,2026-09-17,0421,N,nominal,2.0NRT,299.88,1.47,D
-8.31664,140.22502,331.9,0.38,0.36,2026-09-17,0421,N,nominal,2.0NRT,299.37,3.03,D
-7.92643,142.58865,331.5,0.43,0.38,2026-09-17,0421,N,nominal,2.0NRT,297.53,3.65,D
-8.29877,140.18944,347.22,0.38,0.36,2026-09-17,0421,N,nominal,2.0NRT,302.29,5.79,D
-8.2993,140.18596,338.84,0.38,0.36,2026-09-17,0421,N,nominal,2.0NRT,302.81,4.15,D
-8.28638,140.24818,332.88,0.38,0.36,2026-09-17,0421,N,low,2.0NRT,303.22,2.89,D
-8.29544,140.18893,332.74,0.38,0.36,2026-09-17,0421,N,nominal,2.0NRT,298.73,2.76,D
-8.15192,141.09961,333.76,0.39,0.36,2026-09-17,0421,N,nominal,2.0NRT,296.93,6.8,D
-8.15246,141.09608,344.78,0.39,0.36,2026-09-17,0421,N,nominal,2.0NRT,296.57,9.27,D
-8.14857,141.09909,333.9,0.39,0.36,2026-09-17,0421,N,nominal,2.0NRT,295.77,3.59,D
-8.28429,140.17294,333.05,0.38,0.36,2026-09-17,0421,N,nominal,2.0NRT,298.29,2.07,D
-7.2381,146.45378,335.15,0.48,0.48,2026-09-17,0421,N,nominal,2.0NRT,292.85,3.72,D
-8.24933,140.15685,347.29,0.38,0.36,2026-09-17,0421,N,nominal,2.0NRT,302.62,4.41,D
-8.25626,140.11156,338.44,0.38,0.36,2026-09-17,0421,N,nominal,2.0NRT,304.65,3.2,D
-8.07991,141.09927,335.73,0.39,0.36,2026-09-17,0421,N,nominal,2.0NRT,290.84,3.21,D
-8.22927,140.13235,332.59,0.38,0.36,2026-09-17,0421,N,nominal,2.0NRT,297.3,2.71,D
-8.2057,140.11429,332.51,0.38,0.36,2026-09-17,0421,N,nominal,2.0NRT,299.87,2.53,D
-8.0644,140.92288,338.38,0.39,0.36,2026-09-17,0421,N,nominal,2.0NRT,294.12,5.84,D
-8.18193,140.02501,334.49,0.38,0.36,2026-09-17,0421,N,nominal,2.0NRT,298.82,1.38,D
-8.17182,140.00206,343.49,0.38,0.36,2026-09-17,0421,N,nominal,2.0NRT,303.67,4.45,D
-7.06401,146.54503,331.76,0.49,0.49,2026-09-17,0421,N,nominal,2.0NRT,294.09,1.69,D
-7.06632,146.54735,330.79,0.49,0.49,2026-09-17,0421,N,nominal,2.0NRT,295.25,3.46,D
-7.82855,141.76521,333.33,0.41,0.37,2026-09-17,0421,N,nominal,2.0NRT,297.93,22.42,D
-7.82457,141.76836,351.32,0.41,0.37,2026-09-17,0421,N,nominal,2.0NRT,305.56,22.42,D
-7.82515,141.76466,357.4,0.41,0.37,2026-09-17,0421,N,nominal,2.0NRT,301.44,22.42,D
-7.82572,141.76099,338.75,0.41,0.37,2026-09-17,0421,N,nominal,2.0NRT,294.16,8.37,D
-7.82058,141.77148,333.66,0.41,0.37,2026-09-17,0421,N,nominal,2.0NRT,295.3,5.8,D
-7.82116,141.76781,353.72,0.41,0.37,2026-09-17,0421,N,nominal,2.0NRT,304.06,120.02,D
-7.82289,141.75676,331.69,0.41,0.37,2026-09-17,0421,N,nominal,2.0NRT,287.76,42.92,D
-7.82174,141.76413,306.89,0.41,0.37,2026-09-17,0421,N,low,2.0NRT,313.9,120.02,D
-7.8189,141.7599,349.69,0.41,0.37,2026-09-17,0421,N,nominal,2.0NRT,289.97,42.92,D
-8.1574,139.54129,330.19,0.39,0.36,2026-09-17,0421,N,low,2.0NRT,301.66,1.98,D
-8.07986,139.8945,338.06,0.38,0.36,2026-09-17,0421,N,nominal,2.0NRT,300.54,3.02,D
-8.0748,139.88301,331.09,0.38,0.36,2026-09-17,0421,N,nominal,2.0NRT,296.05,2.74,D
-8.35038,138.04283,334.42,0.42,0.38,2026-09-17,0421,N,low,2.0NRT,305.16,6.9,D
-8.0805,139.8232,336.61,0.38,0.36,2026-09-17,0421,N,nominal,2.0NRT,297.79,4.42,D
-8.34748,138.0385,332.06,0.42,0.38,2026-09-17,0421,N,low,2.0NRT,305.66,6.14,D
-8.0809,139.79823,334.67,0.38,0.36,2026-09-17,0421,N,nominal,2.0NRT,299.39,2.88,D
-8.32332,138.17854,336.98,0.42,0.37,2026-09-17,0421,N,low,2.0NRT,306.17,6.83,D
-8.32388,138.17476,337.69,0.42,0.37,2026-09-17,0421,N,low,2.0NRT,307.11,7.75,D
-8.08075,139.77678,335.19,0.39,0.36,2026-09-17,0421,N,nominal,2.0NRT,302.47,8.54,D
-8.08128,139.77328,348.97,0.39,0.36,2026-09-17,0421,N,nominal,2.0NRT,303.04,5.18,D
-8.08181,139.76978,348.47,0.39,0.36,2026-09-17,0421,N,nominal,2.0NRT,302.7,5.18,D
-8.07371,139.8007,348.66,0.38,0.36,2026-09-17,0421,N,nominal,2.0NRT,306.93,9.04,D
-8.07424,139.79721,353.38,0.38,0.36,2026-09-17,0421,N,nominal,2.0NRT,306.08,9.04,D
-8.07742,139.77626,341.47,0.39,0.36,2026-09-17,0421,N,nominal,2.0NRT,302.62,8.54,D
-8.07796,139.77277,332.82,0.39,0.36,2026-09-17,0421,N,nominal,2.0NRT,300.87,5.18,D
-8.05644,139.86949,330.49,0.38,0.36,2026-09-17,0421,N,nominal,2.0NRT,298.92,1.52,D
-8.13045,139.26678,331.38,0.39,0.36,2026-09-17,0421,N,low,2.0NRT,305.37,0.98,D
-8.13098,139.26326,331.46,0.39,0.36,2026-09-17,0421,N,low,2.0NRT,303.44,1.76,D
-8.03897,139.8125,340.57,0.38,0.36,2026-09-17,0421,N,nominal,2.0NRT,301.18,5.33,D
-8.04575,139.74564,342.83,0.39,0.36,2026-09-17,0421,N,nominal,2.0NRT,300.99,3.18,D
-8.04243,139.74513,336.82,0.39,0.36,2026-09-17,0421,N,nominal,2.0NRT,303.18,3.18,D
-8.09735,139.38396,333.62,0.39,0.36,2026-09-17,0421,N,low,2.0NRT,304.61,1.09,D
-8.09174,139.3759,332.02,0.39,0.36,2026-09-17,0421,N,low,2.0NRT,304.53,2.69,D
-8.3211,137.82596,342.46,0.43,0.38,2026-09-17,0421,N,low,2.0NRT,304.85,4.36,D
-8.08185,139.39601,343.97,0.39,0.36,2026-09-17,0421,N,nominal,2.0NRT,303.44,4.15,D
-8.3176,137.82544,338.64,0.43,0.38,2026-09-17,0421,N,low,2.0NRT,304.57,4.36,D
-8.18036,138.7205,332.31,0.4,0.37,2026-09-17,0421,N,nominal,2.0NRT,300.25,2.97,D
-8.31468,137.82104,331.74,0.43,0.38,2026-09-17,0421,N,low,2.0NRT,301.6,3.91,D
-8.31526,137.81715,337.79,0.43,0.38,2026-09-17,0421,N,low,2.0NRT,303.13,3.91,D
-8.31061,137.8244,336.49,0.43,0.38,2026-09-17,0421,N,low,2.0NRT,303.76,6.8,D
-8.31118,137.82053,356.68,0.43,0.38,2026-09-17,0421,N,nominal,2.0NRT,303.71,3.91,D
-8.31291,137.80887,333,0.43,0.38,2026-09-17,0421,N,nominal,2.0NRT,301.75,2.38,D
-8.31811,137.77379,336.45,0.43,0.38,2026-09-17,0421,N,nominal,2.0NRT,304.26,3.51,D
-8.30999,137.80444,367,0.43,0.38,2026-09-17,0421,N,high,2.0NRT,303.99,7.78,D
-8.30423,137.84329,332.32,0.43,0.38,2026-09-17,0421,N,nominal,2.0NRT,301.48,2.2,D
-8.10296,139.12041,334.36,0.39,0.36,2026-09-17,0421,N,nominal,2.0NRT,301.36,3,D
-8.12809,138.93048,331.35,0.4,0.37,2026-09-17,0421,N,nominal,2.0NRT,299.89,3.1,D
-8.28739,137.86061,346.67,0.43,0.38,2026-09-17,0421,N,nominal,2.0NRT,303.58,11.05,D
-7.99824,139.76697,331.59,0.38,0.36,2026-09-17,0421,N,nominal,2.0NRT,297.62,1.66,D
-8.09785,139.10872,332.06,0.39,0.36,2026-09-17,0421,N,low,2.0NRT,303.02,3.02,D
-8.28447,137.85622,337.97,0.43,0.38,2026-09-17,0421,N,low,2.0NRT,303.89,3.94,D
-8.28619,137.84459,337.8,0.43,0.38,2026-09-17,0421,N,low,2.0NRT,303.88,4.3,D
-7.73501,141.42877,330.86,0.4,0.37,2026-09-17,0421,N,nominal,2.0NRT,285.14,1.57,D
-8.27977,137.83968,341.94,0.43,0.38,2026-09-17,0421,N,nominal,2.0NRT,305.23,3.77,D
-8.27164,137.84639,334.01,0.43,0.38,2026-09-17,0421,N,low,2.0NRT,306.04,5.4,D
-8.08107,139.10619,336.25,0.39,0.36,2026-09-17,0421,N,nominal,2.0NRT,301.71,2.09,D
-7.98412,139.72548,338.75,0.39,0.36,2026-09-17,0421,N,nominal,2.0NRT,299.47,3.87,D
-7.98465,139.722,341.85,0.39,0.36,2026-09-17,0421,N,nominal,2.0NRT,299.68,2.34,D
-7.98079,139.72498,338.61,0.39,0.36,2026-09-17,0421,N,nominal,2.0NRT,299.49,2.81,D
-8.08826,139.01239,337.45,0.39,0.36,2026-09-17,0421,N,nominal,2.0NRT,301.4,4.19,D
-8.12859,138.7424,336.47,0.4,0.37,2026-09-17,0421,N,nominal,2.0NRT,302.35,5.04,D
-7.98117,139.7,346.35,0.39,0.36,2026-09-17,0421,N,nominal,2.0NRT,301.87,4.68,D
-8.12521,138.7419,340.21,0.4,0.37,2026-09-17,0421,N,nominal,2.0NRT,299.91,5.04,D
-7.97784,139.69949,347.94,0.39,0.36,2026-09-17,0421,N,nominal,2.0NRT,304.28,9.75,D
-8.03781,139.3027,341.82,0.39,0.36,2026-09-17,0421,N,nominal,2.0NRT,302.07,4.9,D
-7.97452,139.69899,340.67,0.39,0.36,2026-09-17,0421,N,nominal,2.0NRT,298.29,9.75,D
-7.99732,139.54846,330.84,0.39,0.36,2026-09-17,0421,N,nominal,2.0NRT,300.58,2.8,D
-8.25521,137.81223,348.73,0.43,0.38,2026-09-17,0421,N,nominal,2.0NRT,309.13,9.81,D
-8.0581,139.09906,330.33,0.39,0.36,2026-09-17,0421,N,nominal,2.0NRT,299.2,2.4,D
-8.05863,139.0955,330.65,0.39,0.36,2026-09-17,0421,N,nominal,2.0NRT,299.63,2.4,D
-8.1052,138.78331,333.04,0.4,0.37,2026-09-17,0421,N,nominal,2.0NRT,300.5,3.25,D
-8.11274,138.73257,344.82,0.4,0.37,2026-09-17,0421,N,nominal,2.0NRT,302.69,4.14,D
-7.96915,139.64449,348.49,0.39,0.36,2026-09-17,0421,N,nominal,2.0NRT,304.94,4.97,D
-7.96968,139.64099,353.36,0.39,0.36,2026-09-17,0421,N,nominal,2.0NRT,306.35,5.34,D
-7.97021,139.6375,336.37,0.39,0.36,2026-09-17,0421,N,nominal,2.0NRT,303.46,5.34,D
-8.10704,138.7243,332.34,0.4,0.37,2026-09-17,0421,N,nominal,2.0NRT,301.31,3.72,D
-7.95363,139.7244,333.01,0.39,0.36,2026-09-17,0421,N,nominal,2.0NRT,299.22,3.51,D
-8.04005,139.15088,330.45,0.39,0.36,2026-09-17,0421,N,low,2.0NRT,300.79,1.35,D
-8.05495,139.05119,349,0.39,0.36,2026-09-17,0421,N,nominal,2.0NRT,303,8.54,D
-8.10312,138.72742,345.22,0.4,0.37,2026-09-17,0421,N,nominal,2.0NRT,304.93,5.56,D
-8.10419,138.72015,336.54,0.4,0.37,2026-09-17,0421,N,nominal,2.0NRT,304.39,14.16,D
-8.10473,138.71652,344.36,0.4,0.37,2026-09-17,0421,N,nominal,2.0NRT,303.93,23.61,D
-7.94977,139.72739,349.17,0.39,0.36,2026-09-17,0421,N,nominal,2.0NRT,302.92,16.7,D
-7.9503,139.72388,344.94,0.39,0.36,2026-09-17,0421,N,nominal,2.0NRT,301.12,3.51,D
-8.01546,139.29208,333.52,0.39,0.36,2026-09-17,0421,N,nominal,2.0NRT,302.98,3.04,D
-8.10026,138.72327,337.19,0.4,0.37,2026-09-17,0421,N,nominal,2.0NRT,303.05,14.16,D
-8.1008,138.71964,354.2,0.4,0.37,2026-09-17,0421,N,nominal,2.0NRT,307.09,14.16,D
-8.10134,138.716,342.55,0.4,0.37,2026-09-17,0421,N,nominal,2.0NRT,306.61,23.61,D
-7.94661,139.72981,353.49,0.39,0.36,2026-09-17,0421,N,nominal,2.0NRT,303.22,8.81,D
-7.94714,139.72632,344.85,0.39,0.36,2026-09-17,0421,N,nominal,2.0NRT,302.05,8.81,D
-8.0494,139.0535,331.28,0.39,0.36,2026-09-17,0421,N,nominal,2.0NRT,299.81,3.13,D
-8.05535,139.01424,331.61,0.39,0.36,2026-09-17,0421,N,nominal,2.0NRT,301.31,3.11,D
-8.09943,138.72276,337.86,0.4,0.37,2026-09-17,0421,N,nominal,2.0NRT,302.48,19.66,D
-8.09998,138.71915,352.64,0.4,0.37,2026-09-17,0421,N,nominal,2.0NRT,306.02,19.66,D
-8.10053,138.71552,336.24,0.4,0.37,2026-09-17,0421,N,nominal,2.0NRT,301.42,25.79,D
-7.94275,139.73279,337.05,0.39,0.36,2026-09-17,0421,N,nominal,2.0NRT,299.93,5.35,D
-7.94328,139.72931,339.87,0.39,0.36,2026-09-17,0421,N,nominal,2.0NRT,301.24,8.81,D
-8.03364,139.13483,336.38,0.39,0.36,2026-09-17,0421,N,nominal,2.0NRT,300.4,4.1,D
-8.06281,138.94218,330.86,0.39,0.37,2026-09-17,0421,N,nominal,2.0NRT,299.19,3.68,D
-8.06444,138.93141,332.87,0.4,0.37,2026-09-17,0421,N,nominal,2.0NRT,299.71,1.73,D
-7.93942,139.73228,336.65,0.39,0.36,2026-09-17,0421,N,nominal,2.0NRT,299.97,5.7,D
-7.93996,139.72879,334.64,0.39,0.36,2026-09-17,0421,N,nominal,2.0NRT,300.51,4.17,D
-7.91854,139.84691,332.22,0.38,0.36,2026-09-17,0421,N,nominal,2.0NRT,296.41,7.68,D
-7.96059,139.57089,331.31,0.39,0.36,2026-09-17,0421,N,nominal,2.0NRT,300.16,3.03,D
-8.02639,139.13737,341.9,0.39,0.36,2026-09-17,0421,N,nominal,2.0NRT,303.2,4.61,D
-8.02693,139.13382,334.56,0.39,0.36,2026-09-17,0421,N,nominal,2.0NRT,299.99,4.61,D
-8.2124,137.90088,330.16,0.42,0.38,2026-09-17,0421,N,low,2.0NRT,300.41,7.59,D
-8.21298,137.89702,353.59,0.42,0.38,2026-09-17,0421,N,nominal,2.0NRT,304.2,7.59,D
-8.21355,137.89317,349.1,0.42,0.38,2026-09-17,0421,N,nominal,2.0NRT,306.34,13.93,D
-7.93543,139.71381,330.01,0.39,0.36,2026-09-17,0421,N,nominal,2.0NRT,299.39,0.92,D
-7.99997,139.28915,335,0.39,0.36,2026-09-17,0421,N,nominal,2.0NRT,300.61,24.82,D
-8.00104,139.28207,334.01,0.39,0.36,2026-09-17,0421,N,nominal,2.0NRT,302.87,40.69,D
-8.20892,137.90036,333.32,0.42,0.38,2026-09-17,0421,N,nominal,2.0NRT,299.03,12.97,D
-8.20949,137.8965,356.88,0.42,0.38,2026-09-17,0421,N,nominal,2.0NRT,304.37,12.97,D
-8.21007,137.89265,355.55,0.42,0.38,2026-09-17,0421,N,nominal,2.0NRT,307.85,23.42,D
-7.92997,139.72726,353.32,0.39,0.36,2026-09-17,0421,N,nominal,2.0NRT,301.38,12.39,D
-7.95552,139.55939,338.06,0.39,0.36,2026-09-17,0421,N,nominal,2.0NRT,300.91,3.81,D
-8.20601,137.89598,346.92,0.42,0.38,2026-09-17,0421,N,nominal,2.0NRT,298.78,12.97,D
-8.20658,137.89214,338.3,0.42,0.38,2026-09-17,0421,N,nominal,2.0NRT,298.5,23.42,D
-8.21291,137.84967,337.92,0.43,0.38,2026-09-17,0421,N,low,2.0NRT,304.98,4.91,D
-7.95006,139.57288,330.81,0.39,0.36,2026-09-17,0421,N,low,2.0NRT,300.88,2.02,D
-7.95113,139.56587,338.68,0.39,0.36,2026-09-17,0421,N,nominal,2.0NRT,302.13,4.8,D
-7.95219,139.55887,332.11,0.39,0.36,2026-09-17,0421,N,nominal,2.0NRT,299.47,2.02,D
-7.99435,139.28107,336.2,0.39,0.36,2026-09-17,0421,N,nominal,2.0NRT,301.73,7.86,D
-7.99488,139.27753,332.28,0.39,0.36,2026-09-17,0421,N,low,2.0NRT,302.51,7.23,D
-8.03841,138.98975,337.11,0.39,0.36,2026-09-17,0421,N,nominal,2.0NRT,302.6,4.64,D
-8.04381,138.95396,346.6,0.39,0.37,2026-09-17,0421,N,nominal,2.0NRT,301.16,8,D
-8.20885,137.85303,331.34,0.43,0.38,2026-09-17,0421,N,low,2.0NRT,301.17,4.87,D
-8.20942,137.84915,339.97,0.43,0.38,2026-09-17,0421,N,low,2.0NRT,308.59,4.87,D
-7.92385,139.72275,337.3,0.39,0.36,2026-09-17,0421,N,nominal,2.0NRT,299.11,2.1,D
-7.94779,139.56537,336.06,0.39,0.36,2026-09-17,0421,N,nominal,2.0NRT,301.58,4.8,D
-8.04152,138.94629,334.29,0.39,0.37,2026-09-17,0421,N,nominal,2.0NRT,300.55,3.32,D
-7.61651,141.69328,342.22,0.41,0.37,2026-09-17,0421,N,nominal,2.0NRT,299.44,7.12,D
-8.03114,138.99231,336.02,0.39,0.36,2026-09-17,0421,N,nominal,2.0NRT,302.41,4.99,D
-8.03815,138.94579,339.35,0.39,0.37,2026-09-17,0421,N,nominal,2.0NRT,299.6,4.36,D
-8.05928,138.80554,348.42,0.4,0.37,2026-09-17,0421,N,nominal,2.0NRT,308.12,24.88,D
-8.05982,138.80193,347.89,0.4,0.37,2026-09-17,0421,N,nominal,2.0NRT,307.58,24.88,D
-8.0483,138.8555,339.11,0.4,0.37,2026-09-17,0421,N,nominal,2.0NRT,305.52,3.38,D
-8.0559,138.80502,352.1,0.4,0.37,2026-09-17,0421,N,nominal,2.0NRT,308.57,24.88,D
-8.05644,138.80142,352.38,0.4,0.37,2026-09-17,0421,N,nominal,2.0NRT,312.78,24.88,D
-7.90908,139.75266,331.03,0.38,0.36,2026-09-17,0421,N,nominal,2.0NRT,296.61,0.79,D
-7.99487,139.18704,343.79,0.39,0.36,2026-09-17,0421,N,nominal,2.0NRT,302.88,6.82,D
-7.99541,139.1835,336.9,0.39,0.36,2026-09-17,0421,N,nominal,2.0NRT,302.79,3.9,D
-8.04222,138.87297,332.3,0.4,0.37,2026-09-17,0421,N,low,2.0NRT,303.1,3.33,D
-7.60629,141.69167,335.48,0.41,0.37,2026-09-17,0421,N,nominal,2.0NRT,305.33,7.93,D
-7.60686,141.68799,333.39,0.41,0.37,2026-09-17,0421,N,low,2.0NRT,304.48,5.01,D
-7.99206,139.183,338.25,0.39,0.36,2026-09-17,0421,N,nominal,2.0NRT,302.92,3.9,D
-8.0421,138.85088,353.51,0.4,0.37,2026-09-17,0421,N,nominal,2.0NRT,304.03,9.56,D
-7.60005,141.6869,331.89,0.41,0.37,2026-09-17,0421,N,low,2.0NRT,306.69,7.99,D
-8.19301,137.79124,351.14,0.43,0.38,2026-09-17,0421,N,nominal,2.0NRT,312.59,36.58,D
-7.982,139.18147,336.85,0.39,0.36,2026-09-17,0421,N,nominal,2.0NRT,301.53,3.67,D
-8.01203,138.98212,330.85,0.39,0.36,2026-09-17,0421,N,low,2.0NRT,302.15,5.29,D
-8.18951,137.79073,340.33,0.43,0.38,2026-09-17,0421,N,low,2.0NRT,305.78,36.06,D
-8.19009,137.78683,367,0.43,0.38,2026-09-17,0421,N,low,2.0NRT,337.03,131.19,D
-7.94772,139.38582,339.82,0.39,0.36,2026-09-17,0421,N,nominal,2.0NRT,300.24,2.35,D
-8.18716,137.78242,333.36,0.43,0.38,2026-09-17,0421,N,low,2.0NRT,303.24,131.19,D
-7.94385,139.38882,333.59,0.39,0.36,2026-09-17,0421,N,nominal,2.0NRT,300.24,6.83,D
-7.94438,139.3853,339.11,0.39,0.36,2026-09-17,0421,N,nominal,2.0NRT,302.47,25.84,D
-8.00852,138.95961,333.84,0.39,0.37,2026-09-17,0421,N,nominal,2.0NRT,302.6,2.23,D
-8.00462,138.96269,335.74,0.39,0.37,2026-09-17,0421,N,nominal,2.0NRT,300.66,3.4,D
-8.00516,138.95911,332.22,0.39,0.37,2026-09-17,0421,N,nominal,2.0NRT,301.46,2.23,D
-8.0057,138.95552,335.94,0.39,0.37,2026-09-17,0421,N,nominal,2.0NRT,301.87,2.23,D
-7.70758,140.88699,339,0.39,0.36,2026-09-17,0421,N,nominal,2.0NRT,293.76,4.77,D
-7.95527,139.26791,336.49,0.39,0.36,2026-09-17,0421,N,nominal,2.0NRT,300.51,5.46,D
-8.00394,138.94427,330.25,0.39,0.37,2026-09-17,0421,N,low,2.0NRT,302.75,2.2,D
-7.95192,139.26741,349.21,0.39,0.36,2026-09-17,0421,N,nominal,2.0NRT,303.41,5.46,D
-8.00165,138.9366,344.94,0.39,0.37,2026-09-17,0421,N,nominal,2.0NRT,302.55,7.26,D
-7.9358,139.35156,330.71,0.39,0.36,2026-09-17,0421,N,low,2.0NRT,301.66,3.24,D
-7.95055,139.23103,332.29,0.39,0.36,2026-09-17,0421,N,nominal,2.0NRT,300.76,3.2,D
-7.95109,139.22749,330.35,0.39,0.36,2026-09-17,0421,N,nominal,2.0NRT,298.86,1.23,D
-7.93178,139.33292,330.07,0.39,0.36,2026-09-17,0421,N,low,2.0NRT,300.3,1.51,D
-7.95093,139.20575,333.11,0.39,0.36,2026-09-17,0421,N,nominal,2.0NRT,298.76,2.35,D
-7.94439,139.22649,339.9,0.39,0.36,2026-09-17,0421,N,nominal,2.0NRT,301.56,5.33,D
-7.99944,138.85915,338.51,0.4,0.37,2026-09-17,0421,N,nominal,2.0NRT,307.93,5.41,D
-7.95596,139.12669,352.51,0.39,0.36,2026-09-17,0421,N,nominal,2.0NRT,306.16,4.4,D
-7.95649,139.12314,340.69,0.39,0.36,2026-09-17,0421,N,nominal,2.0NRT,303.52,4.4,D
-7.95702,139.11958,337.25,0.39,0.36,2026-09-17,0421,N,nominal,2.0NRT,302.34,3.92,D
-7.97571,138.9949,341.88,0.39,0.36,2026-09-17,0421,N,nominal,2.0NRT,303.88,24.11,D
-7.99607,138.85864,332.68,0.4,0.37,2026-09-17,0421,N,low,2.0NRT,304.05,5.29,D
-7.95313,139.12262,331.1,0.39,0.36,2026-09-17,0421,N,low,2.0NRT,302.28,4.4,D
-7.95367,139.11908,347.41,0.39,0.36,2026-09-17,0421,N,nominal,2.0NRT,302.77,3.92,D
-7.97234,138.99437,345.61,0.39,0.36,2026-09-17,0421,N,nominal,2.0NRT,314.94,24.11,D
-7.97288,138.99081,343.03,0.39,0.36,2026-09-17,0421,N,nominal,2.0NRT,302.55,9.89,D
-7.97341,138.98723,336.24,0.39,0.36,2026-09-17,0421,N,nominal,2.0NRT,302.31,9.89,D
-7.98787,138.89049,344.23,0.4,0.37,2026-09-17,0421,N,nominal,2.0NRT,304.95,11.39,D
-7.99109,138.86893,336.63,0.4,0.37,2026-09-17,0421,N,nominal,2.0NRT,305.49,3.29,D
-7.99216,138.86174,336.18,0.4,0.37,2026-09-17,0421,N,nominal,2.0NRT,304.11,5.29,D
-7.9927,138.85814,345.85,0.4,0.37,2026-09-17,0421,N,nominal,2.0NRT,305.4,5.29,D
-7.96952,138.99031,343.85,0.39,0.36,2026-09-17,0421,N,nominal,2.0NRT,316.51,38.4,D
-7.97005,138.98672,334.36,0.39,0.36,2026-09-17,0421,N,nominal,2.0NRT,303.09,38.4,D
-7.98718,138.87199,341.53,0.4,0.37,2026-09-17,0421,N,nominal,2.0NRT,305.6,6.05,D
-7.98273,138.87869,336.4,0.4,0.37,2026-09-17,0421,N,nominal,2.0NRT,303.6,6.65,D
-7.96172,138.99643,338.45,0.39,0.36,2026-09-17,0421,N,nominal,2.0NRT,301.64,4.1,D
-7.96225,138.99286,342.87,0.39,0.36,2026-09-17,0421,N,nominal,2.0NRT,304.54,4.1,D
-7.94663,139.07437,337.57,0.39,0.36,2026-09-17,0421,N,nominal,2.0NRT,301.23,4.29,D
-7.96369,138.96016,336.97,0.39,0.37,2026-09-17,0421,N,nominal,2.0NRT,300.79,3.12,D
-7.95483,138.97345,333.06,0.39,0.36,2026-09-17,0421,N,nominal,2.0NRT,300.04,5.44,D
-7.95459,138.94426,334.54,0.39,0.37,2026-09-17,0421,N,nominal,2.0NRT,304.02,7.81,D
-7.95513,138.94067,347.46,0.39,0.37,2026-09-17,0421,N,nominal,2.0NRT,305.68,7.81,D
-7.96587,138.84689,337.9,0.4,0.37,2026-09-17,0421,N,nominal,2.0NRT,305.15,4.13,D
-7.93368,139.01419,334.55,0.39,0.36,2026-09-17,0421,N,nominal,2.0NRT,300.26,3.43,D
-7.93908,138.97849,341.05,0.39,0.36,2026-09-17,0421,N,nominal,2.0NRT,302.43,5.75,D
-7.92816,139.02795,340.96,0.39,0.36,2026-09-17,0421,N,nominal,2.0NRT,301.26,5.61,D
-7.93572,138.97798,343.88,0.39,0.36,2026-09-17,0421,N,nominal,2.0NRT,301.68,5.75,D
-7.92696,139.01317,333.92,0.39,0.36,2026-09-17,0421,N,nominal,2.0NRT,301.83,2.8,D
-7.9275,139.00961,331.61,0.39,0.36,2026-09-17,0421,N,low,2.0NRT,301.62,2.8,D
-7.93235,138.97748,332.69,0.39,0.36,2026-09-17,0421,N,nominal,2.0NRT,299.46,2.65,D
-7.93372,138.92281,330.63,0.39,0.37,2026-09-17,0421,N,low,2.0NRT,300.74,2.98,D
-7.94391,138.74033,341.26,0.4,0.37,2026-09-17,0421,N,nominal,2.0NRT,301.34,10.62,D
-7.9119,138.93048,333.34,0.39,0.37,2026-09-17,0421,N,nominal,2.0NRT,302.85,2.64,D
-7.53111,141.39272,343.57,0.4,0.37,2026-09-17,0421,N,nominal,2.0NRT,300.4,23.1,D
-7.9127,138.8793,330.08,0.4,0.37,2026-09-17,0421,N,low,2.0NRT,300.91,3.06,D
-6.66478,146.46298,343.78,0.49,0.49,2026-09-17,0421,N,nominal,2.0NRT,294.73,6.69,D
-7.84566,139.14272,350.28,0.39,0.36,2026-09-17,0421,N,nominal,2.0NRT,307.74,11.34,D
-7.84779,139.12854,335.28,0.39,0.36,2026-09-17,0421,N,nominal,2.0NRT,299.21,1.8,D
-6.66028,146.46222,348.92,0.49,0.49,2026-09-17,0421,N,nominal,2.0NRT,294.25,6.69,D
-7.84284,139.13867,334.67,0.39,0.36,2026-09-17,0421,N,nominal,2.0NRT,300.11,3.28,D
-7.83188,139.166,331.66,0.39,0.36,2026-09-17,0421,N,nominal,2.0NRT,300,1.92,D
-7.83241,139.16246,338.17,0.39,0.36,2026-09-17,0421,N,nominal,2.0NRT,297.79,1.92,D
-7.828,139.16904,337.75,0.39,0.36,2026-09-17,0421,N,nominal,2.0NRT,300.76,6.65,D
-7.82853,139.16548,343.56,0.39,0.36,2026-09-17,0421,N,nominal,2.0NRT,302.49,7.46,D
-7.81987,139.20038,330.06,0.39,0.36,2026-09-17,0421,N,low,2.0NRT,304.62,2.7,D
-7.82359,139.1756,351.19,0.39,0.36,2026-09-17,0421,N,nominal,2.0NRT,299.98,10.81,D
-7.82465,139.16853,346.84,0.39,0.36,2026-09-17,0421,N,nominal,2.0NRT,299.85,6.65,D
-7.82731,139.15082,332.34,0.39,0.36,2026-09-17,0421,N,nominal,2.0NRT,300.13,2.67,D
-7.47926,141.392,344.15,0.4,0.37,2026-09-17,0421,N,nominal,2.0NRT,293.5,4.87,D
-7.85639,138.78581,333.26,0.4,0.37,2026-09-17,0421,N,nominal,2.0NRT,300.01,1.24,D
-7.45576,141.38048,347.72,0.4,0.37,2026-09-17,0421,N,nominal,2.0NRT,300.43,3.81,D
-7.79424,139.17424,338.6,0.39,0.36,2026-09-17,0421,N,nominal,2.0NRT,301.16,4.19,D
-7.85247,138.78891,333.14,0.4,0.37,2026-09-17,0421,N,nominal,2.0NRT,300.14,5.47,D
-7.45238,141.37994,334.65,0.4,0.37,2026-09-17,0421,N,nominal,2.0NRT,300.12,3.81,D
-7.79089,139.17374,336.98,0.39,0.36,2026-09-17,0421,N,nominal,2.0NRT,300.85,4.19,D
-7.78902,139.14085,339.9,0.39,0.36,2026-09-17,0421,N,nominal,2.0NRT,298.57,3.87,D
-7.78955,139.13731,332.85,0.39,0.36,2026-09-17,0421,N,nominal,2.0NRT,297.84,2.78,D
-7.84235,138.78737,345.14,0.4,0.37,2026-09-17,0421,N,nominal,2.0NRT,303.84,11.73,D
-7.84451,138.77296,348.14,0.4,0.37,2026-09-17,0421,N,nominal,2.0NRT,301.1,28.57,D
-7.84506,138.76936,351.86,0.4,0.37,2026-09-17,0421,N,nominal,2.0NRT,305.2,28.57,D
-7.8456,138.76576,353.22,0.4,0.37,2026-09-17,0421,N,nominal,2.0NRT,304.03,26.75,D
-7.78566,139.14035,336.3,0.39,0.36,2026-09-17,0421,N,nominal,2.0NRT,299.24,2.7,D
-7.7862,139.1368,340.28,0.39,0.36,2026-09-17,0421,N,nominal,2.0NRT,298.41,6.03,D
-7.78674,139.13326,346.66,0.39,0.36,2026-09-17,0421,N,nominal,2.0NRT,299.24,6.03,D
-7.82167,138.90178,346.61,0.39,0.37,2026-09-17,0421,N,nominal,2.0NRT,299.99,4.37,D
-7.83897,138.78687,335.6,0.4,0.37,2026-09-17,0421,N,nominal,2.0NRT,303.61,12.58,D
-7.83951,138.78326,335.17,0.4,0.37,2026-09-17,0421,N,nominal,2.0NRT,304.44,12.58,D
-7.84222,138.76526,341.14,0.4,0.37,2026-09-17,0421,N,nominal,2.0NRT,299.44,24.23,D
-7.84276,138.76164,353.08,0.4,0.37,2026-09-17,0421,N,nominal,2.0NRT,302.96,24.23,D
-7.78392,139.12921,335.06,0.39,0.36,2026-09-17,0421,N,nominal,2.0NRT,297.77,2.36,D
-7.83613,138.78276,349.87,0.4,0.37,2026-09-17,0421,N,nominal,2.0NRT,305.27,12.58,D
-7.83993,138.75752,351.6,0.4,0.37,2026-09-17,0421,N,nominal,2.0NRT,304.12,24.19,D
-7.84047,138.75391,333.92,0.4,0.37,2026-09-17,0421,N,nominal,2.0NRT,300.59,24.19,D
-7.78057,139.12869,340.59,0.39,0.36,2026-09-17,0421,N,nominal,2.0NRT,297.52,2.57,D
-7.81062,138.92938,331.53,0.39,0.36,2026-09-17,0421,N,nominal,2.0NRT,300.27,1.68,D
-7.83276,138.78224,345.1,0.4,0.37,2026-09-17,0421,N,nominal,2.0NRT,301.97,6.69,D
-7.83709,138.7534,350.51,0.4,0.37,2026-09-17,0421,N,nominal,2.0NRT,303.72,16.67,D
-7.82992,138.77814,348.66,0.4,0.37,2026-09-17,0421,N,nominal,2.0NRT,304.54,13.35,D
-7.83317,138.75652,332.72,0.4,0.37,2026-09-17,0421,N,nominal,2.0NRT,298.31,16.67,D
-7.83371,138.7529,333.96,0.4,0.37,2026-09-17,0421,N,nominal,2.0NRT,298.76,16.67,D
-7.83425,138.7493,337.16,0.4,0.37,2026-09-17,0421,N,nominal,2.0NRT,302.39,31.37,D
-7.76532,139.18433,346.26,0.39,0.36,2026-09-17,0421,N,nominal,2.0NRT,300.47,4.32,D
-7.82654,138.77763,335.87,0.4,0.37,2026-09-17,0421,N,nominal,2.0NRT,301.28,9.28,D
-7.82709,138.77402,335.8,0.4,0.37,2026-09-17,0421,N,nominal,2.0NRT,303.16,9.28,D
-7.83087,138.74879,340.44,0.4,0.37,2026-09-17,0421,N,nominal,2.0NRT,299.57,5.38,D
-7.82371,138.77351,350.71,0.4,0.37,2026-09-17,0421,N,nominal,2.0NRT,302.15,9.28,D
-7.82425,138.76991,348.6,0.4,0.37,2026-09-17,0421,N,nominal,2.0NRT,303.65,9.95,D
-7.82695,138.75188,354.86,0.4,0.37,2026-09-17,0421,N,nominal,2.0NRT,300.16,13.87,D
-7.82749,138.74828,333.05,0.4,0.37,2026-09-17,0421,N,nominal,2.0NRT,297.86,5.38,D
-7.82033,138.77301,335.24,0.4,0.37,2026-09-17,0421,N,nominal,2.0NRT,300.77,8.53,D
-7.82087,138.76941,335.22,0.4,0.37,2026-09-17,0421,N,nominal,2.0NRT,300.7,8.92,D
-7.3643,141.67607,341.21,0.41,0.37,2026-09-17,0421,N,nominal,2.0NRT,303.01,5.4,D
-7.88065,138.22774,336.69,0.41,0.37,2026-09-17,0421,N,nominal,2.0NRT,299.98,13.19,D
-7.87722,138.22722,356.19,0.41,0.37,2026-09-17,0421,N,nominal,2.0NRT,301.37,13.19,D
-6.54856,146.50975,356.82,0.5,0.49,2026-09-17,0421,N,nominal,2.0NRT,294.13,9.83,D
-7.87379,138.2267,334.12,0.41,0.37,2026-09-17,0421,N,nominal,2.0NRT,298.52,6.36,D
-7.87434,138.22298,335.52,0.41,0.37,2026-09-17,0421,N,nominal,2.0NRT,298.74,3.74,D
-7.87145,138.21872,335.88,0.41,0.37,2026-09-17,0421,N,nominal,2.0NRT,294.96,3.74,D
-7.75764,138.96156,341.86,0.39,0.36,2026-09-17,0421,N,nominal,2.0NRT,299.72,4.79,D
-7.72179,139.17772,334.89,0.39,0.36,2026-09-17,0421,N,nominal,2.0NRT,300.47,2.86,D
-7.72233,139.17418,336.71,0.39,0.36,2026-09-17,0421,N,nominal,2.0NRT,298.77,2.86,D
-6.51251,146.58344,344.47,0.51,0.49,2026-09-17,0421,N,nominal,2.0NRT,295.57,13.46,D
-7.71008,139.15346,348.97,0.39,0.36,2026-09-17,0421,N,nominal,2.0NRT,301.79,6.43,D
-7.71061,139.14992,337.24,0.39,0.36,2026-09-17,0421,N,nominal,2.0NRT,301.52,6.43,D
-7.70727,139.14943,354.4,0.39,0.36,2026-09-17,0421,N,nominal,2.0NRT,303.2,6.43,D
-7.7078,139.14587,347.34,0.39,0.36,2026-09-17,0421,N,nominal,2.0NRT,302.66,8.42,D
-7.70392,139.14891,337.92,0.39,0.36,2026-09-17,0421,N,nominal,2.0NRT,301.51,7.81,D
-7.70445,139.14539,347.04,0.39,0.36,2026-09-17,0421,N,nominal,2.0NRT,306.02,16.33,D
-6.63862,145.90039,335.58,0.46,0.47,2026-09-17,0421,N,nominal,2.0NRT,294.49,4.01,D
-7.70164,139.14134,338.81,0.39,0.36,2026-09-17,0421,N,nominal,2.0NRT,300.11,16.33,D
-7.69829,139.14082,346.3,0.39,0.36,2026-09-17,0421,N,nominal,2.0NRT,300.52,8.91,D
-7.87256,137.96053,354.97,0.42,0.38,2026-09-17,0421,N,low,2.0NRT,302.81,12.63,D
-6.51242,146.58405,344.72,0.51,0.49,2026-09-17,0421,N,nominal,2.0NRT,294.04,7.39,D
-7.8691,137.96001,356.95,0.42,0.38,2026-09-17,0421,N,low,2.0NRT,304.56,12.12,D
-7.86563,137.9595,337.13,0.42,0.38,2026-09-17,0421,N,low,2.0NRT,301,12.12,D
-7.60762,139.64778,333.61,0.39,0.36,2026-09-17,0421,N,nominal,2.0NRT,296.37,2.05,D
-7.68008,139.17062,344.52,0.39,0.36,2026-09-17,0421,N,nominal,2.0NRT,294.5,6.5,D
-7.6983,138.95917,333.66,0.39,0.36,2026-09-17,0421,N,nominal,2.0NRT,298.37,2.96,D
-7.65276,139.17009,338.23,0.39,0.36,2026-09-17,0421,N,nominal,2.0NRT,295.01,6,D
-6.55599,145.96817,330.38,0.46,0.47,2026-09-17,0421,N,nominal,2.0NRT,292.84,3.12,D
-7.40026,140.7547,340.98,0.39,0.36,2026-09-17,0421,N,nominal,2.0NRT,294.07,4.15,D
-6.41452,146.63622,333,0.51,0.5,2026-09-17,0421,N,nominal,2.0NRT,290.58,4.51,D
-7.63267,138.83559,331.61,0.4,0.37,2026-09-17,0421,N,nominal,2.0NRT,300.74,4.96,D
-7.62702,138.82739,367,0.4,0.37,2026-09-17,0421,N,high,2.0NRT,303.65,12.48,D
-7.62311,138.83046,337.29,0.4,0.37,2026-09-17,0421,N,nominal,2.0NRT,300.39,4.19,D
-7.32186,140.78165,340.3,0.39,0.36,2026-09-17,0421,N,nominal,2.0NRT,295.07,3.36,D
-7.31852,140.78113,341.33,0.39,0.36,2026-09-17,0421,N,nominal,2.0NRT,294,5.06,D
-7.60492,138.88261,334.82,0.39,0.36,2026-09-17,0421,N,nominal,2.0NRT,300.65,6.73,D
-5.72264,150.21953,329.43,0.46,0.64,2026-09-17,0421,N,nominal,2.0NRT,291.71,4.26,D
-5.82695,149.4975,333.55,0.41,0.61,2026-09-17,0421,N,nominal,2.0NRT,292.41,4.19,D
-7.64663,138.12013,340.54,0.41,0.37,2026-09-17,0421,N,nominal,2.0NRT,307.71,5.4,D
-7.64719,138.11639,333.27,0.41,0.37,2026-09-17,0421,N,low,2.0NRT,307.2,5.4,D
-7.64319,138.11961,337.26,0.41,0.37,2026-09-17,0421,N,nominal,2.0NRT,302.61,5.38,D
-7.64376,138.11588,350.93,0.41,0.37,2026-09-17,0421,N,nominal,2.0NRT,305.92,5.38,D
-5.70286,150.17209,327.71,0.46,0.63,2026-09-17,0421,N,nominal,2.0NRT,291.52,2.5,D
-6.4623,145.55148,331.67,0.44,0.46,2026-09-17,0421,N,nominal,2.0NRT,294.66,2.64,D
-6.37454,145.89598,334.21,0.46,0.47,2026-09-17,0421,N,nominal,2.0NRT,295.35,1.91,D
-7.42586,139.21797,338.95,0.39,0.36,2026-09-17,0421,N,nominal,2.0NRT,299.3,6.31,D
-6.3627,145.86012,342.72,0.46,0.47,2026-09-17,0421,N,nominal,2.0NRT,298.28,5.07,D
-6.30466,146.17787,342.08,0.48,0.48,2026-09-17,0421,N,nominal,2.0NRT,298.24,3.91,D
-5.73503,149.3801,332.91,0.4,0.6,2026-09-17,0421,N,nominal,2.0NRT,291.82,3.11,D
-5.52921,150.46533,342.13,0.48,0.65,2026-09-17,0421,N,nominal,2.0NRT,292.12,6.98,D
-5.68294,149.57544,327.19,0.42,0.61,2026-09-17,0421,N,nominal,2.0NRT,294.44,4.85,D
-5.51238,150.49011,326.93,0.48,0.65,2026-09-17,0421,N,nominal,2.0NRT,291.71,4.71,D
-5.77017,149.0545,333.63,0.38,0.59,2026-09-17,0421,N,nominal,2.0NRT,291.01,4.94,D
-6.34145,145.72374,340.74,0.45,0.47,2026-09-17,0421,N,nominal,2.0NRT,291.69,5.18,D
-5.53296,150.4664,346.81,0.48,0.65,2026-09-17,0421,N,nominal,2.0NRT,292.43,9.39,D
-7.30464,139.55006,336.43,0.39,0.36,2026-09-17,0421,N,nominal,2.0NRT,295.92,4.03,D
-5.76938,149.05322,353.09,0.38,0.59,2026-09-17,0421,N,nominal,2.0NRT,291.06,6.09,D
-7.00756,141.45753,334.26,0.4,0.37,2026-09-17,0421,N,nominal,2.0NRT,295.81,3.26,D
-7.28325,139.66805,344.43,0.38,0.36,2026-09-17,0421,N,nominal,2.0NRT,301.71,6.91,D
-6.23273,146.26299,341.02,0.49,0.48,2026-09-17,0421,N,nominal,2.0NRT,297.83,11.44,D
-7.27992,139.66754,333.2,0.38,0.36,2026-09-17,0421,N,nominal,2.0NRT,299.4,3.82,D
-6.22825,146.2623,342.15,0.49,0.48,2026-09-17,0421,N,nominal,2.0NRT,294.85,11.44,D
-5.48912,150.47008,329.94,0.48,0.65,2026-09-17,0421,N,nominal,2.0NRT,291.6,3.88,D
-5.57068,149.96973,339.17,0.44,0.63,2026-09-17,0421,N,nominal,2.0NRT,292.81,3.39,D
-6.13004,146.71077,338.62,0.53,0.5,2026-09-17,0421,N,nominal,2.0NRT,296.17,6.48,D
-7.3534,139.02588,337.12,0.39,0.36,2026-09-17,0421,N,nominal,2.0NRT,298.98,4.99,D
-5.55039,149.98314,330.68,0.45,0.63,2026-09-17,0421,N,nominal,2.0NRT,290.97,3.12,D
-5.6111,149.63774,348.13,0.42,0.61,2026-09-17,0421,N,nominal,2.0NRT,289.64,6.23,D
-7.22869,139.62408,333.71,0.38,0.36,2026-09-17,0421,N,nominal,2.0NRT,295.49,2.6,D
-5.48831,150.02885,346.62,0.45,0.63,2026-09-17,0421,N,nominal,2.0NRT,292.04,6.86,D
-6.1764,146.08215,343.04,0.48,0.48,2026-09-17,0421,N,nominal,2.0NRT,302.29,5.12,D
-7.26952,139.28714,337.21,0.39,0.36,2026-09-17,0421,N,nominal,2.0NRT,299.03,5.03,D
-7.21644,139.61508,333.62,0.38,0.36,2026-09-17,0421,N,nominal,2.0NRT,299.61,2.38,D
-7.21697,139.61159,331.13,0.38,0.36,2026-09-17,0421,N,nominal,2.0NRT,296.72,2.38,D
-6.17773,146.08215,334.27,0.48,0.48,2026-09-17,0421,N,nominal,2.0NRT,301.7,1.7,D
-6.17313,146.08252,347.34,0.48,0.48,2026-09-17,0421,N,nominal,2.0NRT,302.86,8.84,D
-7.18867,139.60283,335.04,0.38,0.36,2026-09-17,0421,N,nominal,2.0NRT,301.26,3.03,D
-6.86387,141.68674,349.25,0.41,0.37,2026-09-17,0421,N,nominal,2.0NRT,303.89,16.68,D
-6.86445,141.68304,335.78,0.41,0.37,2026-09-17,0421,N,nominal,2.0NRT,302.49,14.94,D
-6.9017,141.444,332.78,0.4,0.37,2026-09-17,0421,N,nominal,2.0NRT,299.76,2.71,D
-5.48981,150.02806,340.97,0.45,0.63,2026-09-17,0421,N,nominal,2.0NRT,292.09,7.53,D
-5.76671,148.40668,344.45,0.35,0.56,2026-09-17,0421,N,nominal,2.0NRT,291.16,4.02,D
-6.31746,145.06462,344.39,0.41,0.45,2026-09-17,0421,N,nominal,2.0NRT,292.28,4.76,D
-7.10526,139.97079,343.9,0.38,0.36,2026-09-17,0421,N,nominal,2.0NRT,300.63,7.41,D
-5.53362,149.53645,355.05,0.42,0.61,2026-09-17,0421,N,nominal,2.0NRT,291.66,5.82,D
-5.52797,149.53554,367,0.42,0.61,2026-09-17,0421,N,high,2.0NRT,292.95,9.2,D
-7.25144,138.84988,338.17,0.39,0.36,2026-09-17,0421,N,nominal,2.0NRT,298.42,5.14,D
-5.54901,149.15463,332.14,0.39,0.59,2026-09-17,0421,N,nominal,2.0NRT,293.04,2.62,D
-7.05595,139.95967,335.23,0.38,0.36,2026-09-17,0421,N,nominal,2.0NRT,298.71,35.39,D
-7.05316,139.9557,342.58,0.38,0.36,2026-09-17,0421,N,nominal,2.0NRT,300.01,26.4,D
-7.10841,139.41866,337.29,0.39,0.36,2026-09-17,0421,N,nominal,2.0NRT,300.3,4.98,D
-5.56936,148.7738,339.4,0.37,0.58,2026-09-17,0421,N,nominal,2.0NRT,294.24,3.82,D
-6.77003,141.30389,346.46,0.4,0.37,2026-09-17,0421,N,nominal,2.0NRT,303.71,11.85,D
-6.77059,141.30028,336.65,0.4,0.37,2026-09-17,0421,N,nominal,2.0NRT,305.73,16.53,D
-7.13885,138.90152,348.86,0.39,0.36,2026-09-17,0421,N,nominal,2.0NRT,301.86,7.83,D
-7.13939,138.89798,331.37,0.39,0.36,2026-09-17,0421,N,nominal,2.0NRT,298.52,2.28,D
-6.76607,141.30698,334.17,0.4,0.37,2026-09-17,0421,N,nominal,2.0NRT,296.52,11.85,D
-7.13176,138.92586,331.36,0.39,0.36,2026-09-17,0421,N,nominal,2.0NRT,299.42,3.31,D
-6.76382,141.29921,344.21,0.4,0.37,2026-09-17,0421,N,nominal,2.0NRT,304.8,68.96,D
-6.76438,141.29561,350.71,0.4,0.37,2026-09-17,0421,N,nominal,2.0NRT,307.96,68.96,D
-6.76495,141.29198,352.07,0.4,0.37,2026-09-17,0421,N,nominal,2.0NRT,302.75,66.05,D
-6.76552,141.28835,339.04,0.4,0.37,2026-09-17,0421,N,nominal,2.0NRT,307.14,66.05,D
-5.58913,148.34543,345.29,0.34,0.56,2026-09-17,0421,N,nominal,2.0NRT,293.53,6.82,D
-6.76043,141.29869,344.36,0.4,0.37,2026-09-17,0421,N,nominal,2.0NRT,313.84,68.96,D
-6.76157,141.29144,367,0.4,0.37,2026-09-17,0421,N,low,2.0NRT,328.14,66.05,D
-5.9876,146.0032,343.31,0.47,0.48,2026-09-17,0421,N,nominal,2.0NRT,298.31,7.08,D
-7.13274,138.82787,342.61,0.39,0.36,2026-09-17,0421,N,nominal,2.0NRT,301.42,8.29,D
-6.67253,141.76706,334.13,0.41,0.37,2026-09-17,0421,N,nominal,2.0NRT,292.83,5.79,D
-7.12762,138.81615,338.08,0.39,0.36,2026-09-17,0421,N,nominal,2.0NRT,298.74,3.38,D
-7.12815,138.81259,335.97,0.39,0.36,2026-09-17,0421,N,nominal,2.0NRT,298.03,3.38,D
-7.01774,139.45483,332.89,0.39,0.36,2026-09-17,0421,N,low,2.0NRT,307.42,4.68,D
-7.01501,139.45718,334.81,0.39,0.36,2026-09-17,0421,N,low,2.0NRT,306.89,7.28,D
-7.01555,139.45369,339.74,0.39,0.36,2026-09-17,0421,N,nominal,2.0NRT,308.07,10.09,D
-6.72787,141.28186,333.45,0.4,0.37,2026-09-17,0421,N,nominal,2.0NRT,297.13,1.94,D
-5.95494,145.93262,345.53,0.47,0.48,2026-09-17,0421,N,nominal,2.0NRT,298.91,5.84,D
-6.10089,145.04245,340.21,0.41,0.45,2026-09-17,0421,N,nominal,2.0NRT,296.76,3.65,D
-8.1758,131.06291,327.94,0.36,0.58,2026-09-17,0421,N,low,2.0NRT,298.75,2.67,D
-6.07538,145.01758,331.49,0.41,0.45,2026-09-17,0421,N,nominal,2.0NRT,297.92,2.84,D
-5.1819,150.05687,327.5,0.46,0.63,2026-09-17,0421,N,nominal,2.0NRT,291.48,3.02,D
-5.54902,147.8766,332.6,0.32,0.55,2026-09-17,0421,N,nominal,2.0NRT,292.82,2.71,D
-6.97745,138.62857,336.99,0.4,0.37,2026-09-17,0421,N,nominal,2.0NRT,298.45,4.24,D
-6.97407,138.62807,337.36,0.4,0.37,2026-09-17,0421,N,nominal,2.0NRT,297.83,4.24,D
-8.66704,126.12209,331.9,0.79,0.78,2026-09-17,0421,N,nominal,2.0NRT,292.82,8.12,D
-5.06587,150.09721,327.67,0.46,0.64,2026-09-17,0421,N,nominal,2.0NRT,293.55,7.02,D
-5.05876,150.10309,340.68,0.46,0.64,2026-09-17,0421,N,nominal,2.0NRT,291.97,12.54,D
-5.0594,150.09947,350.72,0.46,0.64,2026-09-17,0421,N,nominal,2.0NRT,292.59,7.23,D
-5.06004,150.09589,339.16,0.46,0.64,2026-09-17,0421,N,nominal,2.0NRT,293.23,7.23,D
-5.05361,150.09789,333.84,0.46,0.64,2026-09-17,0421,N,nominal,2.0NRT,291.03,7.23,D
-5.05427,150.09419,348.37,0.46,0.64,2026-09-17,0421,N,nominal,2.0NRT,291.44,7.23,D
-5.05488,150.09074,332.93,0.46,0.64,2026-09-17,0421,N,nominal,2.0NRT,290.55,8.76,D
-7.97431,131.24779,336.44,0.35,0.57,2026-09-17,0421,N,nominal,2.0NRT,296.25,2.37,D
-8.66716,126.12043,331.68,0.79,0.78,2026-09-17,0421,N,nominal,2.0NRT,292.58,11.21,D
-5.06146,150.10312,336.68,0.46,0.64,2026-09-17,0421,N,nominal,2.0NRT,291.97,8.01,D
-5.06207,150.0995,337.55,0.46,0.64,2026-09-17,0421,N,nominal,2.0NRT,293.38,7.63,D
-5.06269,150.09589,337.16,0.46,0.64,2026-09-17,0421,N,nominal,2.0NRT,294.48,7.63,D
-7.97511,131.24942,336.22,0.35,0.57,2026-09-17,0421,N,nominal,2.0NRT,298.06,3.16,D
-5.05692,150.09418,367,0.46,0.64,2026-09-17,0421,N,high,2.0NRT,292.28,7.63,D
-5.05568,150.10139,334.85,0.46,0.64,2026-09-17,0421,N,nominal,2.0NRT,290.71,8.01,D
-5.0563,150.09775,347.12,0.46,0.64,2026-09-17,0421,N,nominal,2.0NRT,291.47,7.63,D
-7.96286,131.14243,345.02,0.36,0.57,2026-09-17,0421,N,nominal,2.0NRT,298.2,4.79,D
-7.96331,131.13913,327.39,0.36,0.57,2026-09-17,0421,N,low,2.0NRT,299.76,4.98,D
-7.95846,131.13512,346.47,0.36,0.57,2026-09-17,0421,N,nominal,2.0NRT,301.71,5.43,D
-6.53841,140.84091,340.83,0.39,0.36,2026-09-17,0421,N,nominal,2.0NRT,295.63,8.4,D
-6.53506,140.84039,350.87,0.39,0.36,2026-09-17,0421,N,nominal,2.0NRT,298.4,8.4,D
-6.53726,140.82619,334.33,0.39,0.36,2026-09-17,0421,N,nominal,2.0NRT,290.25,4.35,D
-6.49877,140.87477,356.16,0.39,0.36,2026-09-17,0421,N,nominal,2.0NRT,297.94,6.73,D
-7.85777,131.28668,341.34,0.35,0.57,2026-09-17,0421,N,nominal,2.0NRT,293.9,4.64,D
-7.8578,131.28517,352.95,0.35,0.56,2026-09-17,0421,N,nominal,2.0NRT,293.74,4.59,D
-6.64056,139.60498,342.7,0.38,0.36,2026-09-17,0421,N,nominal,2.0NRT,300.98,11.97,D
-7.77526,131.18231,335.7,0.35,0.57,2026-09-17,0421,N,nominal,2.0NRT,299.73,3.73,D
-6.63325,139.07857,338.91,0.39,0.36,2026-09-17,0421,N,nominal,2.0NRT,299.83,4.51,D
-6.62992,139.07806,339.81,0.39,0.36,2026-09-17,0421,N,nominal,2.0NRT,302.13,4.51,D
-7.77663,131.18103,333.35,0.35,0.57,2026-09-17,0421,N,nominal,2.0NRT,298.11,3.19,D
-7.7393,131.17915,367,0.35,0.57,2026-09-17,0421,N,high,2.0NRT,301.04,8.56,D
-7.93691,129.6216,336.88,0.45,0.63,2026-09-17,0421,N,nominal,2.0NRT,298.55,7.09,D
-7.72069,130.9964,327.14,0.36,0.57,2026-09-17,0421,N,low,2.0NRT,299.58,3.26,D
-6.50051,139.45839,336.08,0.38,0.36,2026-09-17,0421,N,nominal,2.0NRT,295.06,6.73,D
-7.68188,131.08524,332.4,0.36,0.57,2026-09-17,0421,N,nominal,2.0NRT,300.34,3.6,D
-7.68231,131.08192,347.42,0.36,0.57,2026-09-17,0421,N,nominal,2.0NRT,301.61,3.6,D
-7.68275,131.07861,327.8,0.36,0.57,2026-09-17,0421,N,low,2.0NRT,300.73,2.34,D
-7.68318,131.07533,330.58,0.36,0.57,2026-09-17,0421,N,nominal,2.0NRT,299.32,2.34,D
-6.48593,139.50952,343.78,0.38,0.36,2026-09-17,0421,N,nominal,2.0NRT,296.18,5.8,D
-6.49439,139.4539,348.52,0.38,0.36,2026-09-17,0421,N,nominal,2.0NRT,295.28,8.73,D
-6.49492,139.45041,350.31,0.38,0.36,2026-09-17,0421,N,nominal,2.0NRT,298.36,11.3,D
-7.6783,131.07133,355.84,0.36,0.57,2026-09-17,0421,N,nominal,2.0NRT,301.9,9.9,D
-7.86255,129.64378,331.74,0.45,0.63,2026-09-17,0421,N,nominal,2.0NRT,298.9,1.33,D
-7.67342,131.06732,367,0.36,0.57,2026-09-17,0421,N,high,2.0NRT,303.97,9.9,D
-7.67299,131.07062,352.16,0.36,0.57,2026-09-17,0421,N,nominal,2.0NRT,300.95,9.9,D
-7.67385,131.06406,346.58,0.36,0.57,2026-09-17,0421,N,nominal,2.0NRT,299.65,7.82,D
-6.50427,139.19154,332.78,0.39,0.36,2026-09-17,0421,N,nominal,2.0NRT,294.01,3.74,D
-7.68287,131.08588,327.97,0.36,0.57,2026-09-17,0421,N,low,2.0NRT,299.51,2.31,D
-7.68333,131.08258,349.81,0.36,0.57,2026-09-17,0421,N,nominal,2.0NRT,301.17,2.31,D
-7.68425,131.076,328.22,0.36,0.57,2026-09-17,0421,N,low,2.0NRT,299.53,2.44,D
-7.67894,131.07532,338.08,0.36,0.57,2026-09-17,0421,N,nominal,2.0NRT,300.44,7.7,D
-7.67939,131.07202,336.32,0.36,0.57,2026-09-17,0421,N,nominal,2.0NRT,300.38,9.01,D
-7.67454,131.06804,367,0.36,0.57,2026-09-17,0421,N,high,2.0NRT,304.61,9.01,D
-7.675,131.06476,367,0.36,0.57,2026-09-17,0421,N,high,2.0NRT,300.48,8.7,D
-7.67409,131.07133,352.81,0.36,0.57,2026-09-17,0421,N,nominal,2.0NRT,301.46,9.01,D
-7.86348,129.64218,334.69,0.45,0.63,2026-09-17,0421,N,nominal,2.0NRT,299.04,2.61,D
-7.65241,131.07184,338.26,0.36,0.57,2026-09-17,0421,N,nominal,2.0NRT,300.36,3.29,D
-5.51304,145.17809,341.89,0.43,0.46,2026-09-17,0421,N,nominal,2.0NRT,294.87,3.5,D
-7.53441,131.23541,341.9,0.35,0.56,2026-09-17,0421,N,nominal,2.0NRT,299.63,4.53,D
-6.34725,139.08824,338.14,0.39,0.36,2026-09-17,0421,N,nominal,2.0NRT,295.5,4.71,D
-6.34391,139.08774,338.2,0.39,0.36,2026-09-17,0421,N,nominal,2.0NRT,296.44,4.71,D
-7.36188,131.44273,333.2,0.33,0.56,2026-09-17,0421,N,nominal,2.0NRT,298.36,4.03,D
-7.36481,131.42128,327.28,0.33,0.56,2026-09-17,0421,N,low,2.0NRT,299.08,2.54,D
-7.35468,131.45709,331.34,0.33,0.55,2026-09-17,0421,N,nominal,2.0NRT,298.18,2.62,D
-7.3551,131.45399,343.62,0.33,0.55,2026-09-17,0421,N,nominal,2.0NRT,299,2.62,D
-7.36009,131.41734,331.39,0.33,0.56,2026-09-17,0421,N,nominal,2.0NRT,299.19,2.54,D
-7.36051,131.41422,331.59,0.33,0.56,2026-09-17,0421,N,nominal,2.0NRT,298.56,2.05,D
-7.34783,131.46898,335.69,0.33,0.55,2026-09-17,0421,N,nominal,2.0NRT,299.02,3.57,D
-7.34827,131.46577,338.74,0.33,0.55,2026-09-17,0421,N,nominal,2.0NRT,301.66,3.57,D
-7.3487,131.46257,328.64,0.33,0.55,2026-09-17,0421,N,low,2.0NRT,301.82,4.14,D
-7.34955,131.45628,327.3,0.33,0.55,2026-09-17,0421,N,low,2.0NRT,301.33,2.38,D
-7.34998,131.45317,328.08,0.33,0.55,2026-09-17,0421,N,nominal,2.0NRT,300.93,2.38,D
-7.35039,131.45013,347.58,0.33,0.55,2026-09-17,0421,N,nominal,2.0NRT,299.12,3.52,D
-7.35536,131.41347,340.02,0.33,0.56,2026-09-17,0421,N,nominal,2.0NRT,301.43,3.13,D
-7.34184,131.47455,333.19,0.33,0.55,2026-09-17,0421,N,nominal,2.0NRT,299.49,2.3,D
-7.34227,131.47142,329.85,0.33,0.55,2026-09-17,0421,N,nominal,2.0NRT,299.84,2.3,D
-7.29177,131.48396,339.41,0.33,0.55,2026-09-17,0421,N,nominal,2.0NRT,298.49,3.83,D
-7.12347,131.81094,327.61,0.62,0.54,2026-09-17,0421,N,nominal,2.0NRT,297.32,5.63,D
-7.12223,131.74638,328.7,0.63,0.54,2026-09-17,0421,N,low,2.0NRT,301.63,4.28,D
-5.10782,144.61163,349.36,0.4,0.44,2026-09-17,0421,N,nominal,2.0NRT,295.15,6,D
-5.07455,144.06602,347.05,0.55,0.43,2026-09-17,0421,N,nominal,2.0NRT,296.74,8.88,D
-7.59033,126.54719,355.95,0.72,0.75,2026-09-17,0421,N,nominal,2.0NRT,293.64,16.03,D
-5.74342,139.52371,330.64,0.38,0.36,2026-09-17,0421,N,nominal,2.0NRT,294.77,3.26,D
-4.85135,144.78654,335.19,0.41,0.45,2026-09-17,0421,N,nominal,2.0NRT,295.93,3.87,D
-4.82584,144.63141,335.83,0.4,0.44,2026-09-17,0421,N,nominal,2.0NRT,296.21,103.43,D
-4.64345,145.52036,331,0.46,0.47,2026-09-17,0421,N,nominal,2.0NRT,293.74,3.16,D
-4.64275,145.52094,334.55,0.46,0.47,2026-09-17,0421,N,nominal,2.0NRT,293.78,3.43,D
-4.77317,144.67899,342.22,0.41,0.45,2026-09-17,0421,N,nominal,2.0NRT,299.22,6.51,D
-4.78494,144.34622,334.61,0.39,0.44,2026-09-17,0421,N,nominal,2.0NRT,295.43,4.68,D
-4.56078,145.36855,341.36,0.45,0.47,2026-09-17,0421,N,nominal,2.0NRT,295.69,7.29,D
-4.5596,145.36917,348.81,0.45,0.47,2026-09-17,0421,N,nominal,2.0NRT,296,9.01,D
-4.52268,145.40523,343.25,0.46,0.47,2026-09-17,0421,N,nominal,2.0NRT,296.63,8.22,D
-4.6265,144.63313,345.26,0.41,0.45,2026-09-17,0421,N,nominal,2.0NRT,296.45,16.53,D
-4.5965,144.63591,348.66,0.41,0.45,2026-09-17,0421,N,nominal,2.0NRT,300.19,10.45,D
-6.18859,134.132,330.44,0.42,0.45,2026-09-17,0421,N,nominal,2.0NRT,297.78,2.58,D
-4.55518,144.64023,343.19,0.41,0.45,2026-09-17,0421,N,nominal,2.0NRT,297.05,16.39,D
-4.55107,144.63957,343.46,0.41,0.45,2026-09-17,0421,N,nominal,2.0NRT,295.92,16.39,D
-6.08131,134.27972,337.6,0.41,0.45,2026-09-17,0421,N,nominal,2.0NRT,296.04,4.44,D
-5.21439,140.01886,331.98,0.39,0.36,2026-09-17,0421,N,nominal,2.0NRT,298.96,3.56,D
-4.46716,143.88788,346.77,0.55,0.43,2026-09-17,0421,N,nominal,2.0NRT,296.29,15.31,D
-4.46323,143.88725,347.7,0.55,0.43,2026-09-17,0421,N,nominal,2.0NRT,295.29,15.31,D
-4.52349,143.30896,333.34,0.51,0.41,2026-09-17,0421,N,nominal,2.0NRT,293.26,7.32,D
-4.49183,143.36079,337.09,0.51,0.41,2026-09-17,0421,N,nominal,2.0NRT,291.36,7.26,D
-4.36398,143.80826,332.53,0.55,0.42,2026-09-17,0421,N,nominal,2.0NRT,296.74,4.42,D
-4.32825,144.00809,334,0.56,0.43,2026-09-17,0421,N,nominal,2.0NRT,300.03,6.41,D
-5.79479,134.20833,334.54,0.41,0.45,2026-09-17,0421,N,nominal,2.0NRT,298.71,2.95,D
-5.76516,134.20782,367,0.41,0.45,2026-09-17,0421,N,high,2.0NRT,299.89,9.6,D
-5.76569,134.20407,330.79,0.41,0.45,2026-09-17,0421,N,nominal,2.0NRT,298.73,2.41,D
-5.761,134.2072,329.14,0.41,0.45,2026-09-17,0421,N,nominal,2.0NRT,296.7,2.14,D
-4.23839,144.10939,338.44,0.57,0.43,2026-09-17,0421,N,nominal,2.0NRT,296.08,4.08,D
-4.23639,144.11172,334.12,0.57,0.43,2026-09-17,0421,N,nominal,2.0NRT,295.65,6.21,D
-4.74308,140.84648,332.29,0.4,0.37,2026-09-17,0421,N,nominal,2.0NRT,298.41,3.31,D
-4.17064,144.4241,334.63,0.4,0.44,2026-09-17,0421,N,low,2.0NRT,304.87,6.13,D
-4.17121,144.42052,335.86,0.4,0.44,2026-09-17,0421,N,nominal,2.0NRT,305.37,6.13,D
-4.17178,144.41689,334.66,0.4,0.44,2026-09-17,0421,N,low,2.0NRT,305.18,3.71,D
-4.17236,144.41325,330.58,0.4,0.44,2026-09-17,0421,N,low,2.0NRT,301.28,3.71,D
-4.16656,144.42346,334.52,0.4,0.44,2026-09-17,0421,N,low,2.0NRT,304.87,6.68,D
-4.16713,144.41985,336.01,0.4,0.44,2026-09-17,0421,N,nominal,2.0NRT,305.46,6.68,D
-4.1677,144.41623,335.92,0.4,0.44,2026-09-17,0421,N,nominal,2.0NRT,304.96,7.88,D
-4.18076,144.33379,341.21,0.39,0.44,2026-09-17,0421,N,nominal,2.0NRT,298.46,5.77,D
-4.08694,144.70985,340.13,0.42,0.45,2026-09-17,0421,N,nominal,2.0NRT,296.12,4.72,D
-4.29033,143.34229,343.74,0.52,0.41,2026-09-17,0421,N,nominal,2.0NRT,288.45,7.41,D
-4.30012,143.16025,335.92,0.5,0.41,2026-09-17,0421,N,nominal,2.0NRT,296.17,5.12,D
-4.16193,143.98958,330.07,0.56,0.43,2026-09-17,0421,N,nominal,2.0NRT,299.05,3.5,D
-4.29122,143.19148,336.13,0.51,0.41,2026-09-17,0421,N,nominal,2.0NRT,297.62,6.41,D
-4.15796,143.98895,332.16,0.56,0.43,2026-09-17,0421,N,nominal,2.0NRT,298.81,3.5,D
-4.09135,144.37094,333.48,0.4,0.44,2026-09-17,0421,N,low,2.0NRT,304.07,10.64,D
-4.20586,143.6701,339.81,0.54,0.42,2026-09-17,0421,N,nominal,2.0NRT,293.81,4.62,D
-4.27235,143.18848,330.25,0.51,0.41,2026-09-17,0421,N,nominal,2.0NRT,296.33,7.06,D
-4.27259,143.18956,334.62,0.51,0.41,2026-09-17,0421,N,nominal,2.0NRT,296.96,7.17,D
-4.09997,144.11105,333.84,0.38,0.43,2026-09-17,0421,N,low,2.0NRT,308.44,95.52,D
-4.10395,144.00867,335.86,0.57,0.43,2026-09-17,0421,N,nominal,2.0NRT,300.9,8.44,D
-4.10477,144.00356,347.18,0.57,0.43,2026-09-17,0421,N,nominal,2.0NRT,299.85,8.44,D
-5.80114,132.79878,339.17,0.51,0.49,2026-09-17,0421,N,nominal,2.0NRT,298.72,8.1,D
-5.80182,132.79411,340.15,0.51,0.5,2026-09-17,0421,N,nominal,2.0NRT,300.36,8.1,D
-5.80248,132.78946,345.86,0.51,0.5,2026-09-17,0421,N,nominal,2.0NRT,304.02,22.1,D
-5.79657,132.79805,328.05,0.51,0.49,2026-09-17,0421,N,low,2.0NRT,298.26,8.1,D
-4.21035,143.2645,338.42,0.51,0.41,2026-09-17,0421,N,nominal,2.0NRT,297.86,8.42,D
-4.20655,143.26392,346.59,0.51,0.41,2026-09-17,0421,N,nominal,2.0NRT,295.13,8.42,D
-4.13613,143.6308,330.49,0.54,0.42,2026-09-17,0421,N,nominal,2.0NRT,295.36,2.28,D
-4.15158,143.53442,335.4,0.53,0.42,2026-09-17,0421,N,nominal,2.0NRT,295.14,10.6,D
-4.13224,143.63019,331,0.54,0.42,2026-09-17,0421,N,nominal,2.0NRT,293.19,2.28,D
-5.78574,132.6767,340.43,0.52,0.5,2026-09-17,0421,N,nominal,2.0NRT,299.18,7.68,D
-5.77048,132.71814,341.71,0.52,0.5,2026-09-17,0421,N,nominal,2.0NRT,298.3,5.14,D
-4.12137,143.6235,339.54,0.54,0.42,2026-09-17,0421,N,nominal,2.0NRT,291.4,10.67,D
-4.12215,143.61867,331.79,0.54,0.42,2026-09-17,0421,N,nominal,2.0NRT,292.46,10.67,D
-4.10567,143.69594,334.12,0.54,0.42,2026-09-17,0421,N,nominal,2.0NRT,291.9,11.9,D
-5.73365,132.71291,334.16,0.52,0.5,2026-09-17,0421,N,nominal,2.0NRT,297.96,5.72,D
-4.16811,143.11739,332.43,0.5,0.41,2026-09-17,0421,N,nominal,2.0NRT,298.52,4,D
-5.73385,132.71463,329.63,0.52,0.5,2026-09-17,0421,N,nominal,2.0NRT,298.2,5.02,D
-3.96715,144.21429,335.01,0.39,0.44,2026-09-17,0421,N,nominal,2.0NRT,296.62,2.44,D
-5.71135,132.74028,351.63,0.51,0.5,2026-09-17,0421,N,nominal,2.0NRT,299.33,9.43,D
-5.71201,132.73572,346.58,0.52,0.5,2026-09-17,0421,N,nominal,2.0NRT,297.35,9.43,D
-5.70612,132.74406,347.44,0.51,0.5,2026-09-17,0421,N,nominal,2.0NRT,300.13,11.59,D
-4.08075,143.39859,335.38,0.52,0.42,2026-09-17,0421,N,nominal,2.0NRT,292.48,6.33,D
-5.69637,132.71411,335.98,0.52,0.5,2026-09-17,0421,N,nominal,2.0NRT,299.7,8.38,D
-5.69705,132.70941,328.35,0.52,0.5,2026-09-17,0421,N,low,2.0NRT,300.58,11.97,D
-5.69838,132.70009,353.72,0.52,0.5,2026-09-17,0421,N,nominal,2.0NRT,301.99,27.85,D
-5.70451,132.65739,334.86,0.52,0.5,2026-09-17,0421,N,nominal,2.0NRT,301.99,9.21,D
-4.15233,142.92326,335.85,0.49,0.4,2026-09-17,0421,N,nominal,2.0NRT,296.17,4.37,D
-5.6891,132.73213,331.74,0.52,0.5,2026-09-17,0421,N,nominal,2.0NRT,298.96,4.13,D
-5.68977,132.72746,331.65,0.52,0.5,2026-09-17,0421,N,nominal,2.0NRT,301.56,4.39,D
-5.69244,132.70876,356.42,0.52,0.5,2026-09-17,0421,N,nominal,2.0NRT,301.38,11.97,D
-5.69311,132.7041,342.24,0.52,0.5,2026-09-17,0421,N,nominal,2.0NRT,299.57,11.97,D
-5.69189,132.67978,346.79,0.52,0.5,2026-09-17,0421,N,nominal,2.0NRT,300.26,6.03,D
-5.69391,132.66562,334.52,0.52,0.5,2026-09-17,0421,N,nominal,2.0NRT,299.61,12.79,D
-5.69459,132.66089,337.11,0.52,0.5,2026-09-17,0421,N,nominal,2.0NRT,301.41,9.12,D
-5.68795,132.67441,330.46,0.52,0.5,2026-09-17,0421,N,nominal,2.0NRT,298.87,6.03,D
-5.68998,132.66019,353.58,0.52,0.5,2026-09-17,0421,N,nominal,2.0NRT,300.56,9.12,D
-4.04027,143.52853,347.55,0.53,0.42,2026-09-17,0421,N,nominal,2.0NRT,294.61,13.95,D
-4.10277,143.08983,333.17,0.5,0.41,2026-09-17,0421,N,nominal,2.0NRT,295.78,3.37,D
-5.65437,132.64549,337.12,0.52,0.5,2026-09-17,0421,N,nominal,2.0NRT,297.72,5.64,D
-5.65632,132.64247,332.92,0.52,0.5,2026-09-17,0421,N,nominal,2.0NRT,298.3,5.83,D
-4.00873,143.32135,332.73,0.52,0.41,2026-09-17,0421,N,nominal,2.0NRT,293.61,4.87,D
-5.58646,132.79988,339.74,0.51,0.49,2026-09-17,0421,N,nominal,2.0NRT,300.92,4.9,D
-5.58189,132.79927,331.07,0.51,0.49,2026-09-17,0421,N,nominal,2.0NRT,299.35,4.9,D
-5.54802,132.77548,328.7,0.51,0.49,2026-09-17,0421,N,nominal,2.0NRT,296.85,2.07,D
-3.88902,143.46962,334.66,0.53,0.42,2026-09-17,0421,N,nominal,2.0NRT,295.53,4.56,D
-3.93914,143.09978,348.92,0.51,0.41,2026-09-17,0421,N,nominal,2.0NRT,298.61,17.57,D
-3.93537,143.09917,337.2,0.51,0.41,2026-09-17,0421,N,nominal,2.0NRT,294.44,4.69,D
-3.91774,143.16202,345.63,0.51,0.41,2026-09-17,0421,N,nominal,2.0NRT,296.42,14.39,D
-4.31434,140.39574,338.21,0.39,0.36,2026-09-17,0421,N,nominal,2.0NRT,299.74,11.28,D
-3.87812,142.97444,344.92,0.5,0.41,2026-09-17,0421,N,nominal,2.0NRT,299.71,14.01,D
-3.83305,143.22914,337.48,0.51,0.41,2026-09-17,0421,N,nominal,2.0NRT,296.27,6.59,D
-3.8338,143.22449,337,0.51,0.41,2026-09-17,0421,N,nominal,2.0NRT,296.21,8.15,D
-3.83455,143.21986,341.91,0.51,0.41,2026-09-17,0421,N,nominal,2.0NRT,300.68,8.15,D
-3.83074,143.21925,340.71,0.51,0.41,2026-09-17,0421,N,nominal,2.0NRT,303.76,73.84,D
-3.82694,143.21867,341.02,0.51,0.41,2026-09-17,0421,N,nominal,2.0NRT,303.3,73.84,D
-3.82769,143.21402,338.05,0.51,0.41,2026-09-17,0421,N,nominal,2.0NRT,296.41,32.8,D
-3.87769,142.97543,347.31,0.5,0.41,2026-09-17,0421,N,nominal,2.0NRT,299.67,12.55,D
-3.83496,143.22598,337.6,0.52,0.41,2026-09-17,0421,N,nominal,2.0NRT,297.6,9.07,D
-3.83187,143.22075,348.46,0.51,0.41,2026-09-17,0421,N,nominal,2.0NRT,302.65,101.37,D
-3.8326,143.21611,336.07,0.51,0.41,2026-09-17,0421,N,nominal,2.0NRT,299.69,62.23,D
-3.84457,143.11418,335.09,0.51,0.41,2026-09-17,0421,N,nominal,2.0NRT,297.57,2.4,D
-3.85144,143.04523,335.27,0.5,0.41,2026-09-17,0421,N,nominal,2.0NRT,297.74,4.76,D
-3.82046,143.21893,342.31,0.51,0.41,2026-09-17,0421,N,nominal,2.0NRT,295.26,41.26,D
-3.75603,143.08609,336.34,0.51,0.41,2026-09-17,0421,N,nominal,2.0NRT,298.4,6.39,D
-3.71424,143.15622,332.38,0.51,0.41,2026-09-17,0421,N,nominal,2.0NRT,295.14,2.63,D
-4.25564,139.06502,330.59,0.38,0.36,2026-09-17,0421,N,nominal,2.0NRT,295.99,8.46,D
-3.6578,142.90147,336.05,0.5,0.41,2026-09-17,0421,N,nominal,2.0NRT,295.35,8.97,D
-3.66394,142.78841,333.34,0.49,0.4,2026-09-17,0421,N,nominal,2.0NRT,293.89,4.93,D
-4.28393,138.72391,339.61,0.39,0.36,2026-09-17,0421,N,nominal,2.0NRT,306.88,8.13,D
-4.27782,138.71951,334.18,0.39,0.36,2026-09-17,0421,N,low,2.0NRT,304.83,30.82,D
-4.27834,138.71609,341.94,0.39,0.36,2026-09-17,0421,N,low,2.0NRT,313.72,30.82,D
-3.76339,141.98552,342.2,0.45,0.39,2026-09-17,0421,N,nominal,2.0NRT,295.56,9.68,D
-4.19847,139.01749,333.17,0.38,0.36,2026-09-17,0421,N,low,2.0NRT,304.63,3.73,D
-4.19463,139.02045,332.91,0.38,0.36,2026-09-17,0421,N,nominal,2.0NRT,300.45,4.34,D
-4.19568,139.01355,338.04,0.38,0.36,2026-09-17,0421,N,nominal,2.0NRT,306.1,4.81,D
-4.19184,139.01651,337.62,0.38,0.36,2026-09-17,0421,N,nominal,2.0NRT,302.96,4.81,D
-3.63579,142.39478,332.66,0.47,0.4,2026-09-17,0421,N,nominal,2.0NRT,287.73,2.54,D
-3.63546,142.39612,331.44,0.47,0.4,2026-09-17,0421,N,nominal,2.0NRT,285.97,2.98,D
-4.15042,138.8443,332.74,0.39,0.36,2026-09-17,0421,N,nominal,2.0NRT,300.99,4.94,D
-4.10829,138.96486,341.52,0.38,0.36,2026-09-17,0421,N,nominal,2.0NRT,303.37,9.62,D
-4.10497,138.96436,357.2,0.38,0.36,2026-09-17,0421,N,nominal,2.0NRT,309.07,9.62,D
-4.10113,138.9673,335.03,0.38,0.36,2026-09-17,0421,N,nominal,2.0NRT,302.54,28.29,D
-4.09616,138.82195,342.3,0.39,0.36,2026-09-17,0421,N,nominal,2.0NRT,304.23,6.57,D
-4.04653,139.03955,334.21,0.38,0.36,2026-09-17,0421,N,low,2.0NRT,304.97,4.07,D
-4.04706,139.0361,340.44,0.38,0.36,2026-09-17,0421,N,nominal,2.0NRT,309.82,6.33,D
-4.035,139.04843,332.09,0.38,0.36,2026-09-17,0421,N,nominal,2.0NRT,301.14,15.33,D
-4.03553,139.04497,356.68,0.38,0.36,2026-09-17,0421,N,nominal,2.0NRT,303.11,15.33,D
-4.03607,139.0415,340.9,0.38,0.36,2026-09-17,0421,N,nominal,2.0NRT,305.48,5.85,D
-4.0366,139.03804,334.58,0.38,0.36,2026-09-17,0421,N,nominal,2.0NRT,301.64,5.85,D
-4.03328,139.03757,346.2,0.38,0.36,2026-09-17,0421,N,nominal,2.0NRT,303.54,5.85,D
-4.04327,138.88354,336.52,0.38,0.36,2026-09-17,0421,N,nominal,2.0NRT,304.42,3.26,D
-4.01562,138.95355,337.85,0.38,0.36,2026-09-17,0421,N,low,2.0NRT,308.88,7.47,D
-4.00755,138.98422,339.45,0.38,0.36,2026-09-17,0421,N,nominal,2.0NRT,301.5,3.17,D
-4.00688,138.96638,342.98,0.38,0.36,2026-09-17,0421,N,nominal,2.0NRT,307.28,6.38,D
-3.98721,138.91747,337.57,0.38,0.36,2026-09-17,0421,N,nominal,2.0NRT,309.6,7.1,D
-3.98774,138.91402,334.84,0.38,0.36,2026-09-17,0421,N,low,2.0NRT,308.08,5.31,D
-3.97779,138.91251,346,0.38,0.36,2026-09-17,0421,N,nominal,2.0NRT,306.94,7.57,D
-3.9694,138.85747,337.06,0.38,0.36,2026-09-17,0421,N,nominal,2.0NRT,304.85,5.98,D
-3.99857,138.53284,334.12,0.39,0.36,2026-09-17,0421,N,nominal,2.0NRT,302.59,4.26,D
-3.95935,138.76767,348.16,0.39,0.36,2026-09-17,0421,N,nominal,2.0NRT,299.62,9.42,D
-3.99526,138.5323,335.03,0.39,0.36,2026-09-17,0421,N,nominal,2.0NRT,299.33,4.26,D
-3.94445,138.84311,334.49,0.39,0.36,2026-09-17,0421,N,low,2.0NRT,308.09,8.79,D
-3.94497,138.83965,354.27,0.39,0.36,2026-09-17,0421,N,nominal,2.0NRT,310.02,8.79,D
-3.93268,138.89792,347.11,0.38,0.36,2026-09-17,0421,N,nominal,2.0NRT,305.27,10.44,D
-3.96665,138.63078,330.81,0.39,0.36,2026-09-17,0421,N,nominal,2.0NRT,299.39,2.76,D
-3.93645,138.80655,345.89,0.39,0.36,2026-09-17,0421,N,nominal,2.0NRT,303.03,79.95,D
-3.92547,138.74504,335.84,0.39,0.36,2026-09-17,0421,N,nominal,2.0NRT,302.3,9.98,D
-3.92599,138.74159,338.78,0.39,0.36,2026-09-17,0421,N,nominal,2.0NRT,301.58,12.44,D
-3.92704,138.73473,334.52,0.39,0.36,2026-09-17,0421,N,low,2.0NRT,304.77,8.91,D
-4.06933,137.77388,367,0.4,0.37,2026-09-17,0421,N,high,2.0NRT,301.25,39.52,D
-3.92215,138.74454,336.45,0.39,0.36,2026-09-17,0421,N,nominal,2.0NRT,302.23,9.98,D
-3.92268,138.7411,346.07,0.39,0.36,2026-09-17,0421,N,nominal,2.0NRT,302.14,12.44,D
-3.92477,138.72736,337.66,0.39,0.36,2026-09-17,0421,N,nominal,2.0NRT,306.21,3.9,D
-3.9253,138.72391,330.96,0.39,0.36,2026-09-17,0421,N,nominal,2.0NRT,297.23,3.9,D
-4.06129,137.7356,367,0.4,0.37,2026-09-17,0421,N,high,2.0NRT,295.01,32.78,D
-3.81822,139.24736,330.98,0.38,0.36,2026-09-17,0421,N,nominal,2.0NRT,294.6,3.23,D
-3.87584,138.82579,347.87,0.39,0.36,2026-09-17,0421,N,nominal,2.0NRT,304.65,7.66,D
-3.87148,138.83229,336.65,0.39,0.36,2026-09-17,0421,N,nominal,2.0NRT,298.48,3.76,D
-3.87253,138.8253,345.8,0.39,0.36,2026-09-17,0421,N,nominal,2.0NRT,305.91,9.94,D
-3.86816,138.83179,336.42,0.39,0.36,2026-09-17,0421,N,nominal,2.0NRT,300.22,3.76,D
-3.8701,138.75674,334.52,0.39,0.36,2026-09-17,0421,N,low,2.0NRT,305.39,8.55,D
-3.86625,138.75975,345.29,0.39,0.36,2026-09-17,0421,N,nominal,2.0NRT,307.7,8.55,D
-4.00505,137.75952,367,0.4,0.37,2026-09-17,0421,N,high,2.0NRT,295.12,15.26,D
-3.83852,138.67445,331.28,0.39,0.36,2026-09-17,0421,N,nominal,2.0NRT,295.95,2.25,D
-3.98248,137.6577,329.72,0.4,0.37,2026-09-17,0421,N,nominal,2.0NRT,302.34,5.31,D
-3.90607,138.14047,333.26,0.39,0.36,2026-09-17,0421,N,nominal,2.0NRT,296.35,19.44,D
-3.9066,138.13696,334.38,0.39,0.36,2026-09-17,0421,N,nominal,2.0NRT,290.89,19.44,D
-3.79852,138.7142,335.43,0.39,0.36,2026-09-17,0421,N,nominal,2.0NRT,302.59,6.52,D
-3.41846,141.08411,331.56,0.42,0.37,2026-09-17,0421,N,nominal,2.0NRT,294.22,3.1,D
-3.41501,141.08357,336.01,0.42,0.37,2026-09-17,0421,N,nominal,2.0NRT,292.44,4.7,D
-3.78242,138.66528,330.6,0.39,0.36,2026-09-17,0421,N,nominal,2.0NRT,294.84,3.14,D
-3.69111,138.93004,346.1,0.38,0.36,2026-09-17,0421,N,nominal,2.0NRT,306.11,15.42,D
-3.68079,138.95317,353.05,0.38,0.36,2026-09-17,0421,N,nominal,2.0NRT,304.56,8.58,D
-3.33467,141.1749,332.25,0.42,0.38,2026-09-17,0421,N,nominal,2.0NRT,296.4,3.51,D
-3.64742,139.14928,332.55,0.38,0.36,2026-09-17,0421,N,nominal,2.0NRT,297.81,2.03,D
-3.65187,139.07587,334.24,0.38,0.36,2026-09-17,0421,N,nominal,2.0NRT,303.28,18.24,D
-3.13851,142.28424,333.73,0.47,0.4,2026-09-17,0421,N,nominal,2.0NRT,291.51,4,D
-4.01938,136.14281,334.79,0.46,0.39,2026-09-17,0421,N,nominal,2.0NRT,290.57,5.35,D
-3.95902,136.51933,333.12,0.44,0.38,2026-09-17,0421,N,nominal,2.0NRT,284.73,7.39,D
-3.71871,138.08417,335.31,0.39,0.36,2026-09-17,0421,N,nominal,2.0NRT,298.86,3.43,D
-3.81885,137.42395,342.19,0.41,0.37,2026-09-17,0421,N,nominal,2.0NRT,296.58,9.38,D
-3.81939,137.42038,338.28,0.41,0.37,2026-09-17,0421,N,nominal,2.0NRT,295.74,6.28,D
-3.95073,136.52634,340.31,0.44,0.38,2026-09-17,0421,N,nominal,2.0NRT,290.65,23.75,D
-3.95133,136.52234,345.41,0.44,0.38,2026-09-17,0421,N,nominal,2.0NRT,293.96,29.8,D
-3.99089,136.03671,343.88,0.46,0.39,2026-09-17,0421,N,low,2.0NRT,300.71,24.1,D
-3.98663,136.04047,329.46,0.46,0.39,2026-09-17,0421,N,low,2.0NRT,293.92,6.13,D
-3.69737,137.8849,327.64,0.4,0.37,2026-09-17,0421,N,nominal,2.0NRT,294.97,3.73,D
-3.68788,137.8793,335.56,0.4,0.37,2026-09-17,0421,N,nominal,2.0NRT,306.99,38.55,D
-3.6863,137.87842,330.36,0.4,0.37,2026-09-17,0421,N,nominal,2.0NRT,302.67,41.15,D
-3.65654,137.98317,329.78,0.39,0.37,2026-09-17,0421,N,nominal,2.0NRT,300.44,1.56,D
-3.66796,137.90839,346.33,0.4,0.37,2026-09-17,0421,N,nominal,2.0NRT,302.15,12.04,D
-3.67282,137.87654,330.7,0.4,0.37,2026-09-17,0421,N,nominal,2.0NRT,296.1,1.48,D
-3.6619,137.92561,339.42,0.4,0.37,2026-09-17,0421,N,nominal,2.0NRT,299.85,9.89,D
-3.64696,137.97844,332.75,0.39,0.37,2026-09-17,0421,N,nominal,2.0NRT,297.7,3.05,D
-3.55238,138.39771,330.77,0.39,0.36,2026-09-17,0421,N,nominal,2.0NRT,297.32,3.06,D
-2.20204,146.95424,341.17,0.63,0.54,2026-09-17,0421,N,nominal,2.0NRT,293.79,10.29,D
-3.84794,136.41728,348.41,0.44,0.39,2026-09-17,0421,N,nominal,2.0NRT,287.55,10.5,D
-3.73759,136.86823,329.67,0.43,0.38,2026-09-17,0421,N,nominal,2.0NRT,293.12,4.77,D
-3.71278,136.76611,336.14,0.43,0.38,2026-09-17,0421,N,nominal,2.0NRT,296.18,3.61,D
-3.71331,136.76259,326.64,0.43,0.38,2026-09-17,0421,N,nominal,2.0NRT,294.43,3.61,D
-2.15331,146.56215,335,0.59,0.53,2026-09-17,0421,N,nominal,2.0NRT,292.14,4.2,D
-3.65265,136.69043,329.75,0.43,0.38,2026-09-17,0421,N,low,2.0NRT,298.99,5.5,D
-3.66244,136.62437,329.18,0.43,0.38,2026-09-17,0421,N,nominal,2.0NRT,296.33,2.6,D
-3.6658,136.48274,327.33,0.44,0.38,2026-09-17,0421,N,nominal,2.0NRT,286.43,3.16,D
-3.62011,136.59401,335,0.44,0.38,2026-09-17,0421,N,nominal,2.0NRT,293.06,4.3,D
-3.6865,136.07996,332.16,0.46,0.39,2026-09-17,0421,N,low,2.0NRT,298.6,10.02,D
-3.5405,136.62077,331.5,0.43,0.38,2026-09-17,0421,N,nominal,2.0NRT,290.32,8.56,D
-3.54107,136.61703,329.43,0.43,0.38,2026-09-17,0421,N,nominal,2.0NRT,292.31,8.56,D
-3.6191,135.98346,340.38,0.46,0.39,2026-09-17,0421,N,low,2.0NRT,300.67,7.27,D
-3.64583,135.40141,329.9,0.5,0.41,2026-09-17,0421,N,low,2.0NRT,300.13,3.35,D
-2.70945,141.29813,336.02,0.43,0.38,2026-09-17,0421,N,nominal,2.0NRT,295.25,2.99,D
-2.79784,140.70044,331.08,0.41,0.37,2026-09-17,0421,N,nominal,2.0NRT,297.38,2.4,D
-2.72421,140.83647,333,0.41,0.37,2026-09-17,0421,N,nominal,2.0NRT,294.28,4.21,D
-3.0468,138.14597,332.52,0.39,0.36,2026-09-17,0421,N,low,2.0NRT,304.82,3.46,D
-3.04734,138.14247,332.87,0.39,0.36,2026-09-17,0421,N,nominal,2.0NRT,305.8,3.46,D
-2.99814,138.11302,334.72,0.39,0.36,2026-09-17,0421,N,low,2.0NRT,305.1,6.15,D
-2.97594,138.21344,333.97,0.39,0.36,2026-09-17,0421,N,low,2.0NRT,307.14,6.24,D
-2.92177,138.41176,332.34,0.39,0.36,2026-09-17,0421,N,low,2.0NRT,305.2,3.79,D
-2.89619,138.40082,338.7,0.39,0.36,2026-09-17,0421,N,nominal,2.0NRT,308.09,9.27,D
-2.90095,138.36955,331.22,0.39,0.36,2026-09-17,0421,N,low,2.0NRT,302.94,3.99,D
-3.66416,133.03079,331.66,0.46,0.47,2026-09-17,0421,N,nominal,2.0NRT,298.39,2.36,D
-2.86148,138.42751,332.66,0.39,0.36,2026-09-17,0421,N,nominal,2.0NRT,301.62,6.31,D
-3.6638,133.03142,331.47,0.46,0.47,2026-09-17,0421,N,nominal,2.0NRT,298.26,3.37,D
-3.63514,133.10329,333.62,0.45,0.47,2026-09-17,0421,N,nominal,2.0NRT,297.75,6.34,D
-3.61639,132.96074,334.19,0.46,0.47,2026-09-17,0421,N,nominal,2.0NRT,295.02,6.14,D
-3.61202,132.96004,340.4,0.46,0.47,2026-09-17,0421,N,nominal,2.0NRT,298.45,5.41,D
-3.60703,132.96353,331.41,0.46,0.47,2026-09-17,0421,N,nominal,2.0NRT,297.84,5.41,D
-3.60765,132.95937,334.59,0.46,0.47,2026-09-17,0421,N,nominal,2.0NRT,297.56,5.41,D
-3.60511,132.9462,342.96,0.47,0.47,2026-09-17,0421,N,nominal,2.0NRT,298.84,3.92,D
-3.60573,132.94202,330.72,0.47,0.47,2026-09-17,0421,N,nominal,2.0NRT,297.89,3.92,D
-3.58238,133.0705,334.81,0.46,0.47,2026-09-17,0421,N,nominal,2.0NRT,294.89,4.6,D
-3.59828,132.96225,329.57,0.46,0.47,2026-09-17,0421,N,nominal,2.0NRT,297.75,5.91,D
-3.47102,133.71161,335.91,0.41,0.45,2026-09-17,0421,N,nominal,2.0NRT,293.73,3.14,D
-3.54185,132.9472,329.38,0.46,0.47,2026-09-17,0421,N,nominal,2.0NRT,294.7,5.49,D
-3.53747,132.94658,341.39,0.46,0.47,2026-09-17,0421,N,nominal,2.0NRT,296.83,5.49,D
-3.30788,134.39003,332.67,0.56,0.43,2026-09-17,0421,N,nominal,2.0NRT,301.8,40.78,D
-3.49948,133.05182,345.96,0.46,0.47,2026-09-17,0421,N,nominal,2.0NRT,295.05,7.02,D
-3.51932,132.91829,333.8,0.47,0.47,2026-09-17,0421,N,nominal,2.0NRT,296.92,4.92,D
-3.51993,132.91417,331.43,0.47,0.47,2026-09-17,0421,N,nominal,2.0NRT,297.21,4.92,D
-3.51555,132.91351,348.47,0.47,0.47,2026-09-17,0421,N,nominal,2.0NRT,298.52,4.92,D
-3.51116,132.91287,332.32,0.47,0.47,2026-09-17,0421,N,nominal,2.0NRT,297.25,4.86,D
-3.49364,132.94069,332.92,0.46,0.47,2026-09-17,0421,N,nominal,2.0NRT,298.1,3.29,D
-3.49426,132.93643,333.27,0.46,0.47,2026-09-17,0421,N,nominal,2.0NRT,297.92,3.29,D
-3.49674,132.91959,335.97,0.47,0.47,2026-09-17,0421,N,nominal,2.0NRT,297.69,4.86,D
-3.39869,132.97887,329.58,0.46,0.47,2026-09-17,0421,N,nominal,2.0NRT,295.72,3.31,D
-3.39372,132.98235,329.99,0.46,0.47,2026-09-17,0421,N,nominal,2.0NRT,297.18,3.65,D
-3.13641,134.46799,332.77,0.55,0.43,2026-09-17,0423,N,nominal,2.0NRT,301.26,3.04,D
-3.11287,134.46408,331.32,0.55,0.43,2026-09-17,0423,N,nominal,2.0NRT,300.27,4.44,D
-3.11369,134.4615,331.01,0.55,0.43,2026-09-17,0423,N,nominal,2.0NRT,300.39,2.32,D
-3.53005,130.19438,331.81,0.36,0.57,2026-09-17,0423,N,nominal,2.0NRT,295.91,2.25,D
-3.5256,130.19418,339.32,0.36,0.57,2026-09-17,0423,N,nominal,2.0NRT,295.15,5.3,D
-3.5261,130.19086,328.47,0.36,0.57,2026-09-17,0423,N,nominal,2.0NRT,294.79,3.36,D
-2.98798,133.18719,330.09,0.44,0.46,2026-09-17,0423,N,nominal,2.0NRT,298.77,3.46,D
-2.95605,133.15013,328.22,0.44,0.46,2026-09-17,0423,N,low,2.0NRT,298.92,2.39,D
-2.95177,133.14948,336.56,0.44,0.46,2026-09-17,0423,N,nominal,2.0NRT,298.83,2.39,D
-2.9475,133.14882,335.03,0.44,0.46,2026-09-17,0423,N,nominal,2.0NRT,298.34,4.28,D
-2.9467,133.09558,346.8,0.45,0.47,2026-09-17,0423,N,nominal,2.0NRT,300.98,31.75,D
-2.94241,133.09492,343.73,0.45,0.47,2026-09-17,0423,N,nominal,2.0NRT,304.21,31.75,D
-2.91315,133.11497,350.08,0.44,0.46,2026-09-17,0423,N,nominal,2.0NRT,308.82,48.76,D
-2.91374,133.11093,342.83,0.44,0.46,2026-09-17,0423,N,nominal,2.0NRT,300.97,8.43,D
-2.90828,133.11833,329.73,0.44,0.46,2026-09-17,0423,N,low,2.0NRT,299.83,136.48,D
-2.90946,133.11031,347.09,0.44,0.46,2026-09-17,0423,N,nominal,2.0NRT,302.27,14.35,D
-2.84634,133.2196,333.68,0.44,0.46,2026-09-17,0423,N,nominal,2.0NRT,300.05,9.64,D
-2.8415,133.22289,340.25,0.44,0.46,2026-09-17,0423,N,nominal,2.0NRT,300.67,9.64,D
-2.84209,133.21895,355.75,0.44,0.46,2026-09-17,0423,N,nominal,2.0NRT,302.18,9.64,D
-2.84269,133.215,345.57,0.44,0.46,2026-09-17,0423,N,nominal,2.0NRT,302.32,12.68,D
-2.84448,133.20316,331.4,0.44,0.46,2026-09-17,0423,N,nominal,2.0NRT,296.07,4.19,D
-2.87907,132.9738,335.57,0.45,0.47,2026-09-17,0423,N,nominal,2.0NRT,301.91,3.66,D
-2.88215,132.95343,335.76,0.45,0.47,2026-09-17,0423,N,nominal,2.0NRT,298.72,5.19,D
-2.83962,133.2065,351.18,0.44,0.46,2026-09-17,0423,N,nominal,2.0NRT,300.8,8.19,D
-2.84022,133.20256,339.02,0.44,0.46,2026-09-17,0423,N,nominal,2.0NRT,296.81,8.19,D
-2.80674,132.95493,355.28,0.45,0.47,2026-09-17,0423,N,nominal,2.0NRT,312.28,175.07,D
-2.80619,132.95088,336.03,0.45,0.47,2026-09-17,0423,N,nominal,2.0NRT,299.46,98.63,D
-2.80123,132.95439,333.39,0.45,0.47,2026-09-17,0423,N,nominal,2.0NRT,302.22,98.63,D
-3.21855,130.21286,327.73,0.35,0.57,2026-09-17,0423,N,nominal,2.0NRT,295.57,1.99,D
-2.69925,133.33998,333.52,0.43,0.46,2026-09-17,0423,N,nominal,2.0NRT,299.52,5.21,D
-2.69983,133.33614,338.65,0.43,0.46,2026-09-17,0423,N,nominal,2.0NRT,301.74,7.22,D
-2.79667,132.6292,329.62,0.48,0.48,2026-09-17,0423,N,nominal,2.0NRT,290.99,4.69,D
-3.14312,130.14061,333.5,0.36,0.57,2026-09-17,0423,N,nominal,2.0NRT,296.57,2.58,D
-3.14867,129.91376,335.82,0.37,0.58,2026-09-17,0423,N,nominal,2.0NRT,296.19,4.95,D
-3.15093,129.91524,327.88,0.37,0.58,2026-09-17,0423,N,nominal,2.0NRT,295.49,4.33,D
-3.07648,130.26614,330.37,0.35,0.57,2026-09-17,0423,N,nominal,2.0NRT,294.16,4.38,D
-3.06839,130.24876,355.86,0.35,0.57,2026-09-17,0423,N,nominal,2.0NRT,293.7,6.88,D
-3.08939,130.10783,331.31,0.36,0.57,2026-09-17,0423,N,nominal,2.0NRT,297.13,3,D
-3.07399,130.06572,335.51,0.36,0.57,2026-09-17,0423,N,nominal,2.0NRT,296.77,5.56,D
-3.04907,130.12497,327.68,0.36,0.57,2026-09-17,0423,N,low,2.0NRT,297.81,1.52,D
-3.04362,130.05107,328.4,0.36,0.57,2026-09-17,0423,N,nominal,2.0NRT,298.12,6.48,D
-3.03832,130.05025,367,0.36,0.57,2026-09-17,0423,N,high,2.0NRT,303.45,6.48,D
-3.46911,127.04214,367,0.58,0.7,2026-09-17,0423,N,high,2.0NRT,292.88,13.78,D
-3.0388,130.04694,328.36,0.36,0.57,2026-09-17,0423,N,nominal,2.0NRT,299.39,6.48,D
-3.44845,127.14158,339.29,0.58,0.69,2026-09-17,0423,N,nominal,2.0NRT,292.76,12.61,D
-3.44931,127.13553,339.12,0.58,0.69,2026-09-17,0423,N,nominal,2.0NRT,292.92,9.69,D
-3.46264,127.04111,339.34,0.58,0.7,2026-09-17,0423,N,nominal,2.0NRT,289.15,7.97,D
-2.54242,133.23904,353.5,0.43,0.46,2026-09-17,0423,N,nominal,2.0NRT,298.56,19.03,D
-3.46947,127.04473,336.22,0.58,0.7,2026-09-17,0423,N,nominal,2.0NRT,291.92,7.94,D
-3.47036,127.0388,330.9,0.58,0.7,2026-09-17,0423,N,nominal,2.0NRT,289.07,5.43,D
-3.44907,127.13765,367,0.57,0.69,2026-09-17,0423,N,high,2.0NRT,294.03,12.51,D
-3.46303,127.04351,346.7,0.58,0.7,2026-09-17,0423,N,nominal,2.0NRT,287.53,10.08,D
-3.46386,127.03793,328.51,0.58,0.7,2026-09-17,0423,N,nominal,2.0NRT,290.67,6.28,D
-3.5169,126.25652,336.1,0.66,0.73,2026-09-17,0423,N,nominal,2.0NRT,294.56,7.04,D
-3.52376,126.20876,335.83,0.67,0.73,2026-09-17,0423,N,nominal,2.0NRT,294.13,13.54,D
-2.97203,129.81221,339.99,0.37,0.58,2026-09-17,0423,N,nominal,2.0NRT,298.19,3.68,D
-3.38027,126.83309,347.95,0.6,0.71,2026-09-17,0423,N,nominal,2.0NRT,291.11,18.19,D
-2.94082,129.83807,337.07,0.37,0.58,2026-09-17,0423,N,nominal,2.0NRT,300.98,3.65,D
-2.9413,129.8347,344.67,0.37,0.58,2026-09-17,0423,N,nominal,2.0NRT,302.61,3.65,D
-2.94421,129.81445,335.2,0.37,0.58,2026-09-17,0423,N,nominal,2.0NRT,298.25,3.21,D
-2.93827,129.8367,344.68,0.37,0.58,2026-09-17,0423,N,nominal,2.0NRT,301.35,3.58,D
-2.93878,129.83333,338.43,0.37,0.58,2026-09-17,0423,N,nominal,2.0NRT,300.01,3.58,D
-2.94183,129.81311,331.96,0.37,0.58,2026-09-17,0423,N,nominal,2.0NRT,298.57,5.89,D
-3.38101,126.83566,367,0.6,0.71,2026-09-17,0423,N,high,2.0NRT,290.15,14.17,D
-2.93797,129.80222,328.58,0.37,0.58,2026-09-17,0423,N,nominal,2.0NRT,299.18,1.85,D
-3.34951,126.77603,326.72,0.61,0.71,2026-09-17,0423,N,nominal,2.0NRT,294.98,6.51,D
-3.34441,126.76482,327.98,0.61,0.71,2026-09-17,0423,N,nominal,2.0NRT,292.56,8.81,D
-3.34635,126.75151,332.93,0.61,0.71,2026-09-17,0423,N,nominal,2.0NRT,292.23,4.33,D
-3.31141,126.90038,367,0.59,0.7,2026-09-17,0423,N,high,2.0NRT,295.62,11.01,D
-3.32203,126.78029,367,0.61,0.71,2026-09-17,0423,N,high,2.0NRT,293.86,15.81,D
-3.30504,126.89835,337.98,0.59,0.7,2026-09-17,0423,N,nominal,2.0NRT,292.43,11.01,D
-3.31658,126.77151,367,0.61,0.71,2026-09-17,0423,N,high,2.0NRT,294.18,9.77,D
-3.31529,126.78048,340.71,0.61,0.71,2026-09-17,0423,N,nominal,2.0NRT,291.42,10.77,D
-3.31595,126.77591,334,0.61,0.71,2026-09-17,0423,N,nominal,2.0NRT,289.63,10.77,D
-3.31736,126.76604,337.29,0.61,0.71,2026-09-17,0423,N,nominal,2.0NRT,290.68,9.77,D
-3.30974,126.77239,341.37,0.61,0.71,2026-09-17,0423,N,nominal,2.0NRT,287.58,9.77,D
-3.31041,126.76774,341.34,0.61,0.71,2026-09-17,0423,N,nominal,2.0NRT,284.95,9.77,D
-3.3171,126.78217,336.34,0.6,0.71,2026-09-17,0423,N,nominal,2.0NRT,292.75,11.84,D
-3.31783,126.77737,351.66,0.61,0.71,2026-09-17,0423,N,nominal,2.0NRT,290.36,11.84,D
-3.3185,126.77286,343.32,0.61,0.71,2026-09-17,0423,N,nominal,2.0NRT,291.53,14.46,D
-3.31232,126.76929,367,0.61,0.71,2026-09-17,0423,N,high,2.0NRT,291.75,14.46,D
-3.31165,126.77376,329.41,0.61,0.71,2026-09-17,0423,N,nominal,2.0NRT,288.02,14.46,D
-2.85553,129.64212,332.24,0.38,0.59,2026-09-17,0423,N,nominal,2.0NRT,298.54,6.1,D
-2.93984,129.00485,332.11,0.42,0.61,2026-09-17,0423,N,nominal,2.0NRT,292.71,2.2,D
-3.20782,127.06998,327.54,0.58,0.69,2026-09-17,0423,N,nominal,2.0NRT,295.43,7.9,D
-2.92525,128.86731,338,0.43,0.62,2026-09-17,0423,N,nominal,2.0NRT,295.64,6.95,D
-2.9361,128.79353,332.62,0.44,0.62,2026-09-17,0423,N,nominal,2.0NRT,296.33,6.27,D
-2.93657,128.7903,339.08,0.44,0.62,2026-09-17,0423,N,nominal,2.0NRT,296.13,6.27,D
-2.93708,128.78682,339.85,0.44,0.62,2026-09-17,0423,N,nominal,2.0NRT,295.31,7.13,D
-2.91329,128.869,327.36,0.43,0.62,2026-09-17,0423,N,nominal,2.0NRT,293.31,8.3,D
-2.9143,128.86212,340.07,0.43,0.62,2026-09-17,0423,N,nominal,2.0NRT,293.88,3.79,D
-2.92814,128.76749,336.84,0.44,0.62,2026-09-17,0423,N,nominal,2.0NRT,294.5,4.24,D
-2.92178,128.77066,327.92,0.44,0.62,2026-09-17,0423,N,nominal,2.0NRT,293.71,7.39,D
-2.91506,128.77635,352.42,0.44,0.62,2026-09-17,0423,N,nominal,2.0NRT,294.12,8.83,D
-3.16941,127.01643,333.41,0.58,0.7,2026-09-17,0423,N,nominal,2.0NRT,295.67,7.13,D
-3.17012,127.01154,329.67,0.58,0.7,2026-09-17,0423,N,nominal,2.0NRT,296.09,4.06,D
-2.96695,128.16504,333.76,0.48,0.65,2026-09-17,0423,N,nominal,2.0NRT,292.26,3.65,D
-2.96825,128.15588,331.22,0.48,0.65,2026-09-17,0423,N,nominal,2.0NRT,294.42,5.13,D
-2.96429,128.1662,333.4,0.48,0.65,2026-09-17,0423,N,nominal,2.0NRT,291.18,2.78,D
-2.96567,128.15695,331.38,0.48,0.65,2026-09-17,0423,N,nominal,2.0NRT,294.48,4.25,D
-2.81832,129.06288,328.45,0.42,0.61,2026-09-17,0423,N,nominal,2.0NRT,293.46,2.07,D
-3.15513,126.75009,328.74,0.6,0.71,2026-09-17,0423,N,nominal,2.0NRT,291.97,8.96,D
-3.15579,126.74558,350.49,0.61,0.71,2026-09-17,0423,N,nominal,2.0NRT,291.13,8.96,D
-3.14997,126.73949,336.64,0.61,0.71,2026-09-17,0423,N,nominal,2.0NRT,292.64,6.91,D
-3.13629,126.74118,367,0.61,0.71,2026-09-17,0423,N,high,2.0NRT,293.73,28.15,D
-2.1835,132.71272,334.26,0.46,0.47,2026-09-17,0423,N,nominal,2.0NRT,299.64,5.04,D
-2.17851,132.71623,342.43,0.46,0.47,2026-09-17,0423,N,nominal,2.0NRT,300.5,15.63,D
-2.17915,132.71208,354.01,0.46,0.47,2026-09-17,0423,N,nominal,2.0NRT,306.42,15.63,D
-2.17416,132.71559,341.61,0.46,0.47,2026-09-17,0423,N,nominal,2.0NRT,298.94,15.63,D
-2.17479,132.71144,332.74,0.46,0.47,2026-09-17,0423,N,nominal,2.0NRT,297.64,15.63,D
-2.17044,132.71082,329.19,0.46,0.47,2026-09-17,0423,N,nominal,2.0NRT,297.85,8.9,D
-2.21545,132.35547,335.23,0.49,0.48,2026-09-17,0423,N,nominal,2.0NRT,297.76,4.03,D
-2.19312,132.35219,332.5,0.49,0.48,2026-09-17,0423,N,nominal,2.0NRT,298.32,5.76,D
-2.18865,132.35155,336.11,0.49,0.48,2026-09-17,0423,N,nominal,2.0NRT,298.53,6.33,D
-2.1893,132.34717,329.6,0.49,0.48,2026-09-17,0423,N,nominal,2.0NRT,297.53,6.33,D
-2.13568,132.37059,337.92,0.48,0.48,2026-09-17,0423,N,nominal,2.0NRT,296.63,6.54,D
-2.13693,132.37204,333.78,0.48,0.48,2026-09-17,0423,N,nominal,2.0NRT,296.96,10.08,D
-2.10586,132.45612,333.83,0.48,0.48,2026-09-17,0423,N,nominal,2.0NRT,299.12,2.67,D
-2.10916,132.43451,343.51,0.48,0.48,2026-09-17,0423,N,nominal,2.0NRT,301.67,9.62,D
-2.1118,132.41725,339.33,0.48,0.48,2026-09-17,0423,N,nominal,2.0NRT,297.45,8.05,D
-2.11246,132.41293,331.11,0.48,0.48,2026-09-17,0423,N,nominal,2.0NRT,297.93,4.67,D
-2.10802,132.41228,367,0.48,0.48,2026-09-17,0423,N,high,2.0NRT,302.27,16.84,D
-2.1067,132.42093,333.35,0.48,0.48,2026-09-17,0423,N,nominal,2.0NRT,293.97,14.72,D
-2.10736,132.4166,340.66,0.48,0.48,2026-09-17,0423,N,nominal,2.0NRT,297.52,14.72,D
-2.10868,132.40794,333.8,0.48,0.48,2026-09-17,0423,N,nominal,2.0NRT,295.96,16.84,D
-2.10226,132.42029,343.02,0.48,0.48,2026-09-17,0423,N,nominal,2.0NRT,297.44,14.72,D
-2.10292,132.41595,355.54,0.48,0.48,2026-09-17,0423,N,nominal,2.0NRT,300.85,14.72,D
-2.10358,132.41162,351.36,0.48,0.48,2026-09-17,0423,N,nominal,2.0NRT,298.38,16.84,D
-2.09913,132.41101,367,0.48,0.48,2026-09-17,0423,N,high,2.0NRT,297.81,15.78,D
-2.09848,132.41534,332.47,0.48,0.48,2026-09-17,0423,N,nominal,2.0NRT,295.68,6.82,D
-2.05767,132.50594,341.93,0.47,0.48,2026-09-17,0423,N,nominal,2.0NRT,299.51,7.57,D
-1.77385,134.20613,349.18,0.55,0.43,2026-09-17,0423,N,nominal,2.0NRT,303.53,11.87,D
-1.76994,134.20549,335.12,0.55,0.43,2026-09-17,0423,N,nominal,2.0NRT,301.27,11.02,D
-1.90879,133.12694,340.59,0.43,0.46,2026-09-17,0423,N,nominal,2.0NRT,302.53,5.87,D
-1.90939,133.12306,342.4,0.43,0.46,2026-09-17,0423,N,nominal,2.0NRT,301.45,5.87,D
-1.90516,133.1225,330.08,0.43,0.46,2026-09-17,0423,N,nominal,2.0NRT,299.5,5.87,D
-1.84876,132.52457,341.44,0.47,0.48,2026-09-17,0423,N,nominal,2.0NRT,300.48,66.3,D
-1.84501,132.51967,342.25,0.47,0.48,2026-09-17,0423,N,nominal,2.0NRT,302.53,66.3,D
-1.82558,132.49954,356.33,0.47,0.48,2026-09-17,0423,N,nominal,2.0NRT,301.39,13.11,D
-1.56827,134.09256,329.1,0.55,0.43,2026-09-17,0423,N,nominal,2.0NRT,298.49,5.02,D
-1.53327,134.1628,332.99,0.55,0.42,2026-09-17,0423,N,nominal,2.0NRT,301.74,4.26,D
-1.74442,132.23349,329.14,0.49,0.48,2026-09-17,0423,N,nominal,2.0NRT,292.9,3.74,D
-1.7417,132.23412,342.92,0.49,0.48,2026-09-17,0423,N,nominal,2.0NRT,292.16,6.12,D
-1.12876,136.08365,332.23,0.43,0.38,2026-09-17,0423,N,nominal,2.0NRT,300.15,3.06,D
-1.61397,132.18945,337.9,0.49,0.48,2026-09-17,0423,N,nominal,2.0NRT,297.66,4.79,D
-1.5771,132.25127,342.32,0.48,0.48,2026-09-17,0423,N,nominal,2.0NRT,300.03,10.93,D
-1.3173,133.92863,334.11,0.56,0.43,2026-09-17,0423,N,nominal,2.0NRT,300.42,10.39,D
-1.48824,132.21681,339.76,0.48,0.48,2026-09-17,0423,N,nominal,2.0NRT,296.53,6.52,D
-1.76397,129.99854,329.05,0.35,0.56,2026-09-17,0423,N,nominal,2.0NRT,297.71,2.46,D
-1.75868,129.99911,327.79,0.35,0.56,2026-09-17,0423,N,nominal,2.0NRT,297.68,4.2,D
-1.14861,132.85674,339.8,0.44,0.46,2026-09-17,0423,N,nominal,2.0NRT,299.55,4.61,D
-1.00205,133.71243,328.24,0.57,0.43,2026-09-17,0423,N,nominal,2.0NRT,298.1,5.21,D
-1.30098,131.40244,344.33,0.55,0.51,2026-09-17,0423,N,nominal,2.0NRT,298.19,8.75,D
-1.29703,131.3968,335.06,0.55,0.51,2026-09-17,0423,N,nominal,2.0NRT,299.44,7.49,D
24.80955,121.04024,338.95,0.44,0.62,2026-09-17,0432,N,nominal,2.0NRT,293.37,3.33,D
28.67632,118.98998,340.1,0.48,0.65,2026-09-17,0432,N,nominal,2.0NRT,290.16,9.31,D
28.67507,118.98499,334.39,0.48,0.65,2026-09-17,0432,N,nominal,2.0NRT,289.17,6.19,D
28.96591,120.12734,355.91,0.4,0.6,2026-09-17,0432,N,nominal,2.0NRT,294.81,4.92,D
28.67802,118.98521,352.78,0.48,0.65,2026-09-17,0432,N,nominal,2.0NRT,289.68,7.28,D
29.33766,116.90443,355.84,0.6,0.71,2026-09-17,0432,N,nominal,2.0NRT,286.32,8.8,D
29.33673,116.90227,343.51,0.6,0.71,2026-09-17,0434,N,nominal,2.0NRT,285.7,11.64,D
-8.59838,118.45628,342.36,0.48,0.4,2026-09-17,0601,N,nominal,2.0NRT,305.83,5.76,D
2.56526,117.51368,344.36,0.4,0.44,2026-09-17,0605,N,nominal,2.0NRT,291.2,7.62,D
2.60052,117.69212,342.12,0.41,0.45,2026-09-17,0605,N,nominal,2.0NRT,293.44,6.69,D
-3.87964,116.17257,338.42,0.43,0.38,2026-09-17,0603,N,nominal,2.0NRT,293.94,6.83,D
2.59996,117.68841,341,0.41,0.45,2026-09-17,0605,N,nominal,2.0NRT,293.19,5.57,D
2.6744,117.6058,341.06,0.41,0.45,2026-09-17,0605,N,nominal,2.0NRT,292.25,9.92,D
1.05328,104.28339,346.23,0.33,0.55,2026-09-17,0605,N,nominal,2.0NRT,286.41,5.56,D
3.8622,116.90089,338.32,0.57,0.43,2026-09-17,0605,N,nominal,2.0NRT,288.79,4.75,D
4.10655,117.09702,333.71,0.4,0.44,2026-09-17,0605,N,nominal,2.0NRT,290.79,5.6,D
3.76422,112.06481,333.89,0.38,0.36,2026-09-17,0605,N,nominal,2.0NRT,283.01,3.8,D
4.50256,116.39861,332.87,0.54,0.42,2026-09-17,0605,N,nominal,2.0NRT,293.84,4.83,D
4.502,116.3963,330.49,0.55,0.42,2026-09-17,0605,N,nominal,2.0NRT,293.95,4.21,D
4.71773,116.42157,330.86,0.55,0.43,2026-09-17,0605,N,nominal,2.0NRT,293.22,2.21,D
4.71734,116.42354,331.77,0.55,0.43,2026-09-17,0605,N,nominal,2.0NRT,293.36,3.2,D
5.08754,116.25106,334.36,0.54,0.42,2026-09-17,0605,N,nominal,2.0NRT,295.12,3.9,D
11.03627,106.37417,332.88,0.51,0.41,2026-09-17,0608,N,nominal,2.0NRT,290.97,3.36,D
12.85393,108.98965,334.34,0.39,0.36,2026-09-17,0610,N,nominal,2.0NRT,295.31,6.94,D
12.85337,108.98605,334.05,0.39,0.36,2026-09-17,0610,N,nominal,2.0NRT,294.91,6.37,D
12.89458,109.00874,336.13,0.39,0.36,2026-09-17,0610,N,nominal,2.0NRT,294.83,4.35,D
12.9152,109.07516,329.51,0.39,0.36,2026-09-17,0610,N,low,2.0NRT,301.79,4.61,D
12.91787,109.0784,336.62,0.39,0.36,2026-09-17,0610,N,nominal,2.0NRT,299.89,6.75,D
12.91731,109.07484,335.34,0.39,0.36,2026-09-17,0610,N,nominal,2.0NRT,299.74,6.75,D
12.93732,109.07165,331.15,0.39,0.36,2026-09-17,0610,N,nominal,2.0NRT,296.76,5.45,D
12.9362,109.06452,329.93,0.39,0.36,2026-09-17,0610,N,nominal,2.0NRT,296.5,1.85,D
12.94289,109.08535,335.95,0.39,0.36,2026-09-17,0610,N,nominal,2.0NRT,296.29,23.29,D
12.94233,109.08177,342.6,0.39,0.36,2026-09-17,0610,N,nominal,2.0NRT,303.43,30.86,D
12.94065,109.07108,343.61,0.39,0.36,2026-09-17,0610,N,nominal,2.0NRT,297.21,5.45,D
12.94622,109.08479,345.51,0.39,0.36,2026-09-17,0610,N,nominal,2.0NRT,297.26,23.17,D
12.94566,109.08125,329.6,0.39,0.36,2026-09-17,0610,N,nominal,2.0NRT,294.9,17.56,D
12.95232,109.08013,339.44,0.39,0.36,2026-09-17,0610,N,nominal,2.0NRT,297.74,6.42,D
13.15139,109.26678,332.77,0.39,0.36,2026-09-17,0610,N,nominal,2.0NRT,296.65,2.64,D
13.1431,109.21342,335.48,0.39,0.36,2026-09-17,0610,N,nominal,2.0NRT,295.43,4.75,D
13.18033,109.21786,336.42,0.39,0.36,2026-09-17,0610,N,nominal,2.0NRT,297.89,3.26,D
13.20471,109.24311,347.06,0.39,0.36,2026-09-17,0610,N,nominal,2.0NRT,304.34,47.73,D
13.20803,109.24256,356.26,0.39,0.36,2026-09-17,0610,N,nominal,2.0NRT,298.91,13.86,D
13.21135,109.242,346.95,0.39,0.36,2026-09-17,0610,N,nominal,2.0NRT,294.96,13.86,D
13.20082,109.17445,338.08,0.39,0.36,2026-09-17,0610,N,nominal,2.0NRT,295.57,4.64,D
13.22518,109.28709,335.96,0.39,0.36,2026-09-17,0610,N,nominal,2.0NRT,297.28,3.05,D
13.21634,109.20846,333.3,0.39,0.36,2026-09-17,0610,N,nominal,2.0NRT,296.95,7.33,D
13.22795,109.15163,348.33,0.39,0.36,2026-09-17,0610,N,nominal,2.0NRT,297.4,14.72,D
13.2274,109.1481,329.34,0.39,0.36,2026-09-17,0610,N,nominal,2.0NRT,294.21,14.72,D
13.23459,109.1505,333.45,0.39,0.36,2026-09-17,0610,N,nominal,2.0NRT,295.77,5.76,D
13.24569,109.20002,345.06,0.39,0.36,2026-09-17,0610,N,nominal,2.0NRT,296.65,5.71,D
13.23847,109.1316,345.55,0.39,0.36,2026-09-17,0610,N,nominal,2.0NRT,295.25,7.5,D
13.25123,109.19172,333.09,0.39,0.36,2026-09-17,0610,N,nominal,2.0NRT,297.71,2.91,D
13.25954,109.20138,336.35,0.39,0.36,2026-09-17,0610,N,nominal,2.0NRT,296.29,2.43,D
13.25843,109.19418,335.86,0.39,0.36,2026-09-17,0610,N,nominal,2.0NRT,296.9,2.83,D
13.26331,109.16354,340.69,0.39,0.36,2026-09-17,0610,N,nominal,2.0NRT,294.99,3.89,D
13.2722,109.17673,350.88,0.39,0.36,2026-09-17,0610,N,nominal,2.0NRT,297.74,8.78,D
13.27552,109.17619,332.76,0.39,0.36,2026-09-17,0610,N,nominal,2.0NRT,294.89,8.78,D
13.28276,109.20067,338.88,0.39,0.36,2026-09-17,0610,N,nominal,2.0NRT,296.16,7.01,D
13.30264,109.13155,343.37,0.39,0.36,2026-09-17,0610,N,nominal,2.0NRT,301.86,49.16,D
13.39471,109.16001,334.23,0.39,0.36,2026-09-17,0610,N,nominal,2.0NRT,292.44,3.24,D
13.39859,109.16306,348.77,0.39,0.36,2026-09-17,0610,N,nominal,2.0NRT,297.48,41.99,D
13.38826,108.94442,341.45,0.39,0.36,2026-09-17,0610,N,nominal,2.0NRT,292.48,6.01,D
13.5001,109.20514,347.29,0.39,0.36,2026-09-17,0610,N,nominal,2.0NRT,296.82,10.38,D
13.50342,109.20461,354.05,0.39,0.36,2026-09-17,0610,N,nominal,2.0NRT,297.23,10.38,D
13.50674,109.20409,350.56,0.39,0.36,2026-09-17,0610,N,nominal,2.0NRT,297.19,7.14,D
13.50053,109.09894,336.5,0.39,0.36,2026-09-17,0610,N,nominal,2.0NRT,296.08,4.13,D
13.50386,109.09841,343.56,0.39,0.36,2026-09-17,0610,N,nominal,2.0NRT,297.1,5.71,D
13.52998,109.22216,342.78,0.39,0.36,2026-09-17,0610,N,nominal,2.0NRT,299.99,34.72,D
13.52664,109.20072,329.89,0.39,0.36,2026-09-17,0610,N,nominal,2.0NRT,294.43,2.3,D
13.52717,109.18231,347.58,0.39,0.36,2026-09-17,0610,N,nominal,2.0NRT,297.16,26.31,D
13.51216,109.08607,339.64,0.39,0.36,2026-09-17,0610,N,nominal,2.0NRT,296.21,6.42,D
13.53439,109.20676,330.26,0.39,0.36,2026-09-17,0610,N,nominal,2.0NRT,293.97,3.15,D
13.51549,109.08552,349,0.39,0.36,2026-09-17,0610,N,nominal,2.0NRT,296.63,23.71,D
13.53826,109.20976,334.85,0.39,0.36,2026-09-17,0610,N,nominal,2.0NRT,294.76,3.15,D
13.54656,109.24125,336.22,0.39,0.36,2026-09-17,0610,N,nominal,2.0NRT,295.75,2.34,D
13.54103,109.20567,328.93,0.39,0.36,2026-09-17,0610,N,nominal,2.0NRT,294.52,1.95,D
13.52548,109.10587,335.18,0.39,0.36,2026-09-17,0610,N,nominal,2.0NRT,294.67,3.07,D
13.51038,108.98732,349.21,0.39,0.36,2026-09-17,0610,N,nominal,2.0NRT,293.01,13,D
13.55431,109.18159,337.05,0.39,0.36,2026-09-17,0610,N,nominal,2.0NRT,298.61,27.1,D
13.5608,108.9894,346.74,0.39,0.36,2026-09-17,0610,N,nominal,2.0NRT,295.05,16.68,D
13.59825,109.14115,330.19,0.39,0.36,2026-09-17,0610,N,nominal,2.0NRT,296.31,2.93,D
13.59769,109.13762,334.28,0.39,0.36,2026-09-17,0610,N,nominal,2.0NRT,294.69,2.93,D
13.5993,109.10434,334.35,0.39,0.36,2026-09-17,0610,N,nominal,2.0NRT,294.86,4.78,D
13.57851,108.97173,341.74,0.39,0.36,2026-09-17,0610,N,nominal,2.0NRT,290.49,4.48,D
13.60594,109.10321,343.01,0.39,0.36,2026-09-17,0610,N,nominal,2.0NRT,297.16,19.87,D
13.60926,109.10267,334.93,0.39,0.36,2026-09-17,0610,N,nominal,2.0NRT,293.06,19.87,D
13.60813,109.09547,337.13,0.39,0.36,2026-09-17,0610,N,nominal,2.0NRT,297.99,19.47,D
13.59131,108.98804,336.71,0.39,0.36,2026-09-17,0610,N,nominal,2.0NRT,292.76,4.06,D
13.61866,109.09744,336.62,0.39,0.36,2026-09-17,0610,N,nominal,2.0NRT,296.07,3.55,D
13.62855,109.02969,340.69,0.39,0.36,2026-09-17,0610,N,nominal,2.0NRT,298.47,35.02,D
13.62799,109.02615,345.51,0.39,0.36,2026-09-17,0610,N,nominal,2.0NRT,299.87,14.23,D
13.63132,109.02559,348.21,0.39,0.36,2026-09-17,0610,N,nominal,2.0NRT,298.04,14.23,D
13.63076,109.02206,347.33,0.39,0.36,2026-09-17,0610,N,nominal,2.0NRT,296.21,14.23,D
13.66019,109.07963,334.4,0.39,0.36,2026-09-17,0610,N,nominal,2.0NRT,295.76,4.56,D
13.68844,109.19583,332.27,0.39,0.36,2026-09-17,0610,N,nominal,2.0NRT,296.32,2.63,D
13.69176,109.19529,330.25,0.39,0.36,2026-09-17,0610,N,nominal,2.0NRT,296.27,2.63,D
13.67681,109.0988,332.87,0.39,0.36,2026-09-17,0610,N,nominal,2.0NRT,295.05,2.31,D
13.67238,109.07033,331.38,0.39,0.36,2026-09-17,0610,N,nominal,2.0NRT,296.12,5.04,D
13.67512,109.06942,333.5,0.39,0.36,2026-09-17,0610,N,nominal,2.0NRT,295.71,14.53,D
13.67844,109.06885,355.46,0.39,0.36,2026-09-17,0610,N,nominal,2.0NRT,299.55,14.53,D
13.73609,109.15438,332.43,0.39,0.36,2026-09-17,0610,N,nominal,2.0NRT,298.74,4.57,D
13.72831,109.10446,341.11,0.39,0.36,2026-09-17,0610,N,nominal,2.0NRT,298.04,3.27,D
13.71605,109.02596,354.34,0.39,0.36,2026-09-17,0610,N,nominal,2.0NRT,296.48,9.43,D
13.71769,109.01466,341.13,0.39,0.36,2026-09-17,0610,N,nominal,2.0NRT,294.09,3.1,D
13.72102,109.01414,329,0.39,0.36,2026-09-17,0610,N,nominal,2.0NRT,293.57,2.13,D
13.72435,109.0136,328.85,0.39,0.36,2026-09-17,0610,N,nominal,2.0NRT,292.88,2.13,D
13.7238,109.01006,338.72,0.39,0.36,2026-09-17,0610,N,nominal,2.0NRT,291.94,2.44,D
13.72768,109.01308,343.6,0.39,0.36,2026-09-17,0610,N,nominal,2.0NRT,296.42,9.15,D
13.72713,109.00957,346.57,0.39,0.36,2026-09-17,0610,N,nominal,2.0NRT,295.33,9.62,D
13.73768,109.0116,339.47,0.39,0.36,2026-09-17,0610,N,nominal,2.0NRT,297.01,4.26,D
13.75544,109.08178,333.36,0.39,0.36,2026-09-17,0610,N,nominal,2.0NRT,295.07,2.57,D
13.85073,108.99952,346.19,0.39,0.36,2026-09-17,0610,N,nominal,2.0NRT,295.84,7.81,D
13.96603,109.02116,338.06,0.39,0.36,2026-09-17,0610,N,nominal,2.0NRT,296.96,4.92,D
13.96547,109.01759,337.58,0.39,0.36,2026-09-17,0610,N,nominal,2.0NRT,297.27,4.92,D
13.9688,109.01704,341.62,0.39,0.36,2026-09-17,0610,N,nominal,2.0NRT,297.01,4.92,D
14.07804,109.1121,337.56,0.39,0.36,2026-09-17,0610,N,nominal,2.0NRT,295.2,2.68,D
14.12231,109.00554,334.68,0.39,0.36,2026-09-17,0610,N,nominal,2.0NRT,296.21,3.4,D
14.1273,109.01569,338.33,0.39,0.36,2026-09-17,0610,N,nominal,2.0NRT,295.07,3.39,D
14.22278,109.08721,338.7,0.39,0.36,2026-09-17,0610,N,nominal,2.0NRT,296.63,4.16,D
14.2261,109.08667,330.2,0.39,0.36,2026-09-17,0610,N,nominal,2.0NRT,296.28,2.79,D
14.20578,108.8699,342.84,0.39,0.36,2026-09-17,0610,N,nominal,2.0NRT,293.46,15.51,D
14.25208,109.07874,343.53,0.39,0.36,2026-09-17,0610,N,nominal,2.0NRT,295.69,4.09,D
14.25153,109.07519,334.33,0.39,0.36,2026-09-17,0610,N,nominal,2.0NRT,297.73,2.31,D
14.25098,109.07165,329.85,0.39,0.36,2026-09-17,0610,N,nominal,2.0NRT,297.3,2.31,D
14.25485,109.07466,328.53,0.39,0.36,2026-09-17,0610,N,nominal,2.0NRT,296.04,2.31,D
14.25817,109.0741,336.49,0.39,0.36,2026-09-17,0610,N,nominal,2.0NRT,295.71,3.99,D
14.25706,109.06699,335.51,0.39,0.36,2026-09-17,0610,N,nominal,2.0NRT,297.89,6.74,D
14.25651,109.06345,335.5,0.39,0.36,2026-09-17,0610,N,nominal,2.0NRT,297.34,6.74,D
14.23581,108.9091,338.01,0.39,0.36,2026-09-17,0610,N,nominal,2.0NRT,292.51,5.19,D
14.24026,108.91577,332.72,0.39,0.36,2026-09-17,0610,N,nominal,2.0NRT,293.66,15.29,D
14.27918,109.05603,330.88,0.39,0.36,2026-09-17,0610,N,nominal,2.0NRT,293.82,1.27,D
14.26973,108.99534,338.44,0.39,0.36,2026-09-17,0610,N,nominal,2.0NRT,293.65,3.57,D
14.28249,109.05548,331.41,0.39,0.36,2026-09-17,0610,N,nominal,2.0NRT,294.24,2.97,D
14.28687,108.97421,331.41,0.39,0.36,2026-09-17,0610,N,nominal,2.0NRT,293.88,1.38,D
14.32232,108.96419,335.42,0.39,0.36,2026-09-17,0610,N,nominal,2.0NRT,295.9,13.82,D
14.32565,108.96365,351,0.39,0.36,2026-09-17,0610,N,nominal,2.0NRT,297.15,13.82,D
14.32833,108.9155,330.57,0.39,0.36,2026-09-17,0610,N,nominal,2.0NRT,293.77,1.93,D
14.33104,108.86745,341.48,0.39,0.36,2026-09-17,0610,N,nominal,2.0NRT,292.52,10.02,D
14.35661,108.92191,329.4,0.39,0.36,2026-09-17,0610,N,nominal,2.0NRT,293.57,2.02,D
14.38607,109.04539,330.34,0.39,0.36,2026-09-17,0610,N,nominal,2.0NRT,294.66,1.31,D
14.4134,108.92017,334.88,0.39,0.36,2026-09-17,0610,N,nominal,2.0NRT,293.19,4.52,D
14.41284,108.91663,330.95,0.39,0.36,2026-09-17,0610,N,nominal,2.0NRT,293.61,2.73,D
14.41617,108.91607,336.47,0.39,0.36,2026-09-17,0610,N,nominal,2.0NRT,295.21,3.49,D
14.46994,108.95494,332.48,0.39,0.36,2026-09-17,0610,N,nominal,2.0NRT,290.36,3.79,D
14.4727,108.95084,331.52,0.39,0.36,2026-09-17,0610,N,nominal,2.0NRT,290.76,5.35,D
14.4849,108.96356,328.53,0.39,0.36,2026-09-17,0610,N,nominal,2.0NRT,287.96,4.99,D
14.51145,108.95915,328.6,0.39,0.36,2026-09-17,0610,N,nominal,2.0NRT,288.77,14.75,D
14.60902,108.95389,345.74,0.39,0.36,2026-09-17,0610,N,nominal,2.0NRT,292.63,9.39,D
14.61234,108.95335,346.1,0.39,0.36,2026-09-17,0610,N,nominal,2.0NRT,293.88,10.82,D
14.6685,109.05664,334.64,0.39,0.36,2026-09-17,0610,N,nominal,2.0NRT,294.03,6.21,D
14.66795,109.05309,331.85,0.39,0.36,2026-09-17,0610,N,nominal,2.0NRT,291.64,6.21,D
14.67181,109.05608,333.37,0.39,0.36,2026-09-17,0610,N,nominal,2.0NRT,292.08,6.21,D
14.67126,109.05254,335.45,0.39,0.36,2026-09-17,0610,N,nominal,2.0NRT,292.92,6.21,D
14.66793,109.0093,329.77,0.39,0.36,2026-09-17,0610,N,nominal,2.0NRT,293.49,3.06,D
14.66625,108.99856,343.73,0.39,0.36,2026-09-17,0610,N,nominal,2.0NRT,296.78,5.89,D
14.66513,108.99139,328.29,0.39,0.36,2026-09-17,0610,N,nominal,2.0NRT,291.28,6.04,D
14.66457,108.98781,349.61,0.39,0.36,2026-09-17,0610,N,nominal,2.0NRT,294.89,6.04,D
14.66958,108.99806,330.37,0.39,0.36,2026-09-17,0610,N,nominal,2.0NRT,293.46,5.89,D
14.67512,109.0118,339.7,0.39,0.36,2026-09-17,0610,N,nominal,2.0NRT,296.22,11.46,D
14.67456,109.00822,330.6,0.39,0.36,2026-09-17,0610,N,nominal,2.0NRT,294.79,11.46,D
14.6773,108.98213,331.73,0.39,0.36,2026-09-17,0610,N,nominal,2.0NRT,294.94,1.86,D
14.68061,108.98157,330.77,0.39,0.36,2026-09-17,0610,N,nominal,2.0NRT,291.51,1.86,D
14.6899,108.88825,334.03,0.39,0.36,2026-09-17,0610,N,nominal,2.0NRT,293.56,4.18,D
14.71103,109.00216,341.53,0.39,0.36,2026-09-17,0610,N,nominal,2.0NRT,294.06,4.15,D
14.71045,108.97652,332.55,0.39,0.36,2026-09-17,0610,N,nominal,2.0NRT,293.3,4.17,D
14.72042,108.99688,330.19,0.39,0.36,2026-09-17,0610,N,nominal,2.0NRT,291.85,0.74,D
14.72816,109.00291,346.62,0.39,0.36,2026-09-17,0610,N,nominal,2.0NRT,294.97,7.2,D
14.73274,108.70776,327.67,0.39,0.36,2026-09-17,0610,N,nominal,2.0NRT,291.12,3.67,D
14.73938,108.70654,330.1,0.39,0.36,2026-09-17,0610,N,nominal,2.0NRT,290.98,1.89,D
14.77852,108.84753,345.05,0.39,0.36,2026-09-17,0610,N,nominal,2.0NRT,290.58,11.71,D
14.79517,108.88877,333.54,0.39,0.36,2026-09-17,0610,N,nominal,2.0NRT,291.89,3.84,D
14.79403,108.8596,332.49,0.39,0.36,2026-09-17,0610,N,nominal,2.0NRT,293.62,5.13,D
14.80839,108.84249,338.93,0.39,0.36,2026-09-17,0610,N,nominal,2.0NRT,291.14,6.48,D
14.88288,108.86703,328.17,0.39,0.36,2026-09-17,0610,N,nominal,2.0NRT,286.78,2.92,D
14.88454,108.85589,350.73,0.39,0.36,2026-09-17,0610,N,nominal,2.0NRT,286.37,11.52,D
15.00292,108.80978,333.42,0.39,0.36,2026-09-17,0610,N,nominal,2.0NRT,286.43,1.97,D
15.38522,108.78919,334.7,0.39,0.36,2026-09-17,0610,N,nominal,2.0NRT,289.88,2.01,D
15.34711,108.35126,331.26,0.39,0.36,2026-09-17,0610,N,nominal,2.0NRT,294.57,2.56,D
15.34698,108.32877,330.16,0.39,0.36,2026-09-17,0610,N,nominal,2.0NRT,294.21,7.69,D
15.35031,108.32814,341.73,0.39,0.36,2026-09-17,0610,N,nominal,2.0NRT,295.95,7.69,D
15.35249,108.32022,339.03,0.39,0.36,2026-09-17,0610,N,nominal,2.0NRT,293.9,15.49,D
15.35583,108.31966,339.23,0.39,0.36,2026-09-17,0610,N,nominal,2.0NRT,296.68,15.49,D
15.39854,108.56939,334.16,0.39,0.36,2026-09-17,0610,N,nominal,2.0NRT,278.48,2.53,D
15.36977,108.32106,331.31,0.39,0.36,2026-09-17,0610,N,nominal,2.0NRT,292.48,2.15,D
15.39669,108.36147,331.74,0.39,0.36,2026-09-17,0610,N,nominal,2.0NRT,292.77,8.49,D
15.39097,108.32498,335.08,0.39,0.36,2026-09-17,0610,N,nominal,2.0NRT,295.42,3.87,D
15.45613,108.57367,346.36,0.39,0.36,2026-09-17,0610,N,nominal,2.0NRT,292.65,9.15,D
15.4407,108.34587,334.01,0.39,0.36,2026-09-17,0610,N,nominal,2.0NRT,292.52,2.8,D
15.50568,108.45412,329.35,0.39,0.36,2026-09-17,0610,N,nominal,2.0NRT,290.59,1.85,D
15.46509,108.10919,331.86,0.4,0.37,2026-09-17,0610,N,nominal,2.0NRT,287.65,4.61,D
15.51799,108.32139,343.97,0.39,0.36,2026-09-17,0610,N,nominal,2.0NRT,293.15,4.53,D
15.52164,108.27956,336.76,0.39,0.36,2026-09-17,0610,N,nominal,2.0NRT,293.21,7.81,D
15.72077,108.1031,331.39,0.4,0.37,2026-09-17,0610,N,nominal,2.0NRT,284.77,3.12,D
15.7275,108.10213,341.2,0.4,0.37,2026-09-17,0610,N,nominal,2.0NRT,287.24,6.43,D
15.7156,108.00587,344.67,0.4,0.37,2026-09-17,0610,N,nominal,2.0NRT,290.68,22.15,D
15.75645,108.00266,343.19,0.4,0.37,2026-09-17,0610,N,nominal,2.0NRT,290.45,4.78,D
15.79401,107.99202,340.7,0.4,0.37,2026-09-17,0610,N,nominal,2.0NRT,290.69,24.06,D
15.90592,108.30747,326.54,0.39,0.36,2026-09-17,0610,N,nominal,2.0NRT,294.89,1.28,D
16.07175,108.04996,326.51,0.39,0.37,2026-09-17,0610,N,nominal,2.0NRT,289.34,2.16,D
16.08843,108.13359,335.21,0.39,0.36,2026-09-17,0610,N,nominal,2.0NRT,292.11,3.24,D
14.95029,100.13246,333.58,0.36,0.58,2026-09-17,0610,N,nominal,2.0NRT,287.1,2.69,D
15.12282,100.2106,340.57,0.36,0.57,2026-09-17,0610,N,nominal,2.0NRT,280.48,4.28,D
16.04752,99.93202,326.85,0.36,0.57,2026-09-17,0610,N,nominal,2.0NRT,278.11,2.12,D
16.0731,99.79508,328.03,0.37,0.58,2026-09-17,0610,N,nominal,2.0NRT,284.63,1.77,D
19.70378,112.38947,331.97,0.5,0.41,2026-09-17,0610,N,nominal,2.0NRT,293.3,6.8,D
22.45998,113.9854,341.26,0.44,0.46,2026-09-17,0612,N,nominal,2.0NRT,294.54,5.28,D
22.80629,112.68076,330.18,0.56,0.43,2026-09-17,0612,N,low,2.0NRT,304.39,7.05,D
23.24267,111.57536,336.65,0.5,0.41,2026-09-17,0612,N,nominal,2.0NRT,301.03,7.19,D
22.87875,108.56056,337.22,0.39,0.36,2026-09-17,0612,N,nominal,2.0NRT,296.31,3.18,D
-10.28801,123.67264,334.34,0.32,0.55,2026-09-17,0601,N,nominal,2.0NRT,301.42,4.17,D
-10.1475,124.34016,334.4,0.36,0.57,2026-09-17,0601,N,nominal,2.0NRT,299.14,2.84,D
-10.05156,124.36597,336.29,0.36,0.57,2026-09-17,0601,N,nominal,2.0NRT,299.33,4.79,D
-10.11061,124.02059,367,0.34,0.56,2026-09-17,0601,N,high,2.0NRT,299.88,12.44,D
-10.03556,124.31196,332.5,0.36,0.57,2026-09-17,0601,N,nominal,2.0NRT,298.77,1.92,D
-9.75597,124.73338,335.35,0.38,0.59,2026-09-17,0601,N,nominal,2.0NRT,293.77,1.77,D
-9.86687,123.9936,335.42,0.34,0.56,2026-09-17,0601,N,nominal,2.0NRT,301.27,2.3,D
-9.89513,123.80724,347.78,0.33,0.55,2026-09-17,0601,N,nominal,2.0NRT,298.52,5.56,D
-9.87907,123.77926,367,0.33,0.55,2026-09-17,0601,N,high,2.0NRT,298.04,10.28,D
-9.87962,123.77624,348.02,0.33,0.55,2026-09-17,0601,N,nominal,2.0NRT,297.4,6.99,D
-9.73536,124.32667,337.99,0.36,0.57,2026-09-17,0601,N,nominal,2.0NRT,295.19,3.52,D
-9.52412,124.66688,344.22,0.38,0.59,2026-09-17,0601,N,nominal,2.0NRT,295.13,3.95,D
-9.64708,123.78263,351.47,0.33,0.56,2026-09-17,0601,N,nominal,2.0NRT,295.39,4.77,D
-9.43435,124.50946,340.57,0.38,0.58,2026-09-17,0601,N,nominal,2.0NRT,296.38,2.74,D
-9.35327,124.85883,333.94,0.4,0.6,2026-09-17,0601,N,nominal,2.0NRT,297.51,2.11,D
-9.45117,124.32632,331.78,0.37,0.58,2026-09-17,0601,N,nominal,2.0NRT,298.76,2.72,D
-10.08215,120.69138,330.07,0.41,0.45,2026-09-17,0601,N,low,2.0NRT,300.81,2.94,D
-10.08494,120.43088,343.52,0.4,0.44,2026-09-17,0601,N,nominal,2.0NRT,294.94,10.81,D
-10.11595,120.15691,333.13,0.57,0.43,2026-09-17,0601,N,nominal,2.0NRT,297.41,3,D
-10.11495,120.15421,339.38,0.57,0.43,2026-09-17,0601,N,nominal,2.0NRT,297.81,8.31,D
-9.3664,124.3511,351.1,0.37,0.58,2026-09-17,0601,N,nominal,2.0NRT,301.38,6.64,D
-9.3671,124.34724,335.96,0.37,0.58,2026-09-17,0601,N,nominal,2.0NRT,299.74,4.5,D
-9.12632,125.17773,338.16,0.42,0.61,2026-09-17,0601,N,nominal,2.0NRT,298.66,6.26,D
-9.99098,120.12733,355.54,0.57,0.43,2026-09-17,0601,N,nominal,2.0NRT,307.63,38.28,D
-9.99179,120.12248,339.41,0.57,0.43,2026-09-17,0601,N,nominal,2.0NRT,302.58,12.77,D
-9.97948,120.14674,351.37,0.38,0.43,2026-09-17,0601,N,nominal,2.0NRT,303.24,11.76,D
-9.9807,120.13953,341.83,0.38,0.43,2026-09-17,0601,N,nominal,2.0NRT,302.7,4.3,D
-9.96059,120.23414,341.78,0.39,0.44,2026-09-17,0601,N,nominal,2.0NRT,305.7,3.67,D
-9.96121,120.23049,337.39,0.39,0.44,2026-09-17,0601,N,nominal,2.0NRT,307.38,2.84,D
-9.97488,120.14958,338.64,0.38,0.43,2026-09-17,0601,N,nominal,2.0NRT,299.83,6.93,D
-9.89204,120.34309,338.73,0.39,0.44,2026-09-17,0601,N,nominal,2.0NRT,302.76,2.92,D
-8.81311,126.1672,335.69,0.5,0.66,2026-09-17,0601,N,nominal,2.0NRT,295.34,8.43,D
-8.81388,126.16322,351.2,0.5,0.66,2026-09-17,0601,N,nominal,2.0NRT,295.37,7.49,D
-9.91942,119.98048,330.57,0.56,0.43,2026-09-17,0601,N,nominal,2.0NRT,299.37,5.03,D
-8.81295,126.16373,367,0.5,0.66,2026-09-17,0601,N,high,2.0NRT,296.16,7.47,D
-9.82954,120.44231,332.34,0.4,0.44,2026-09-17,0601,N,low,2.0NRT,305.47,3.83,D
-9.82508,120.24694,340.71,0.39,0.44,2026-09-17,0601,N,nominal,2.0NRT,304.74,5.53,D
-9.81596,120.27592,335.9,0.39,0.44,2026-09-17,0601,N,nominal,2.0NRT,303.57,1.23,D
-9.88826,119.80386,333.67,0.55,0.43,2026-09-17,0601,N,nominal,2.0NRT,302.39,1.59,D
-9.78554,120.21095,331.67,0.39,0.44,2026-09-17,0601,N,low,2.0NRT,302.35,2.62,D
-9.80243,120.08453,332.96,0.57,0.43,2026-09-17,0601,N,nominal,2.0NRT,304.12,1.74,D
-9.81643,119.82943,342.13,0.55,0.43,2026-09-17,0601,N,nominal,2.0NRT,303.41,4.62,D
-9.81255,119.82841,331.11,0.55,0.43,2026-09-17,0601,N,low,2.0NRT,303.86,4.62,D
-8.67759,126.14861,335.27,0.5,0.66,2026-09-17,0601,N,nominal,2.0NRT,295.56,4.91,D
-9.71739,120.31892,340.79,0.4,0.44,2026-09-17,0601,N,nominal,2.0NRT,307.69,4.9,D
-9.78909,119.87148,347.85,0.56,0.43,2026-09-17,0601,N,nominal,2.0NRT,304.04,13.25,D
-9.69871,120.3793,338.26,0.4,0.44,2026-09-17,0601,N,nominal,2.0NRT,305.97,2.74,D
-9.78517,119.87065,354.65,0.56,0.43,2026-09-17,0601,N,nominal,2.0NRT,303.25,15.66,D
-9.74333,120.09326,332.07,0.38,0.43,2026-09-17,0601,N,low,2.0NRT,304.4,1.46,D
-9.77731,119.86909,330.18,0.56,0.43,2026-09-17,0601,N,low,2.0NRT,303.08,5.17,D
-9.77335,119.86852,339.53,0.56,0.43,2026-09-17,0601,N,nominal,2.0NRT,306.26,5.17,D
-9.72349,119.15724,338.82,0.51,0.41,2026-09-17,0601,N,nominal,2.0NRT,300.73,4.65,D
-9.60007,119.78131,334.37,0.55,0.43,2026-09-17,0601,N,nominal,2.0NRT,302.04,6.82,D
-9.69319,119.17563,349.27,0.51,0.41,2026-09-17,0601,N,nominal,2.0NRT,302.66,19.36,D
-9.68941,119.1749,353.96,0.51,0.41,2026-09-17,0601,N,nominal,2.0NRT,301.81,19.36,D
-9.69016,119.17038,340.68,0.51,0.41,2026-09-17,0601,N,nominal,2.0NRT,301.05,8.12,D
-9.51541,119.96803,331.82,0.57,0.43,2026-09-17,0601,N,low,2.0NRT,304.77,2.22,D
-9.52822,119.86959,346.59,0.56,0.43,2026-09-17,0601,N,nominal,2.0NRT,303.26,7.13,D
-9.5142,119.96492,332.04,0.57,0.43,2026-09-17,0601,N,low,2.0NRT,305.98,2.04,D
-9.44305,119.68635,330.82,0.55,0.43,2026-09-17,0601,N,low,2.0NRT,304.91,3.39,D
-8.3302,125.03661,340.47,0.43,0.62,2026-09-17,0601,N,nominal,2.0NRT,294.46,3.04,D
-8.30867,124.9629,341.13,0.42,0.61,2026-09-17,0601,N,nominal,2.0NRT,295.31,3.71,D
-8.31154,124.77605,331.78,0.41,0.61,2026-09-17,0601,N,nominal,2.0NRT,294.03,5.94,D
-8.53979,123.44244,367,0.33,0.55,2026-09-17,0601,N,high,2.0NRT,298.49,7,D
-8.24914,124.95882,331.18,0.42,0.61,2026-09-17,0601,N,nominal,2.0NRT,295.63,2.86,D
-8.92472,120.95518,339.19,0.45,0.47,2026-09-17,0601,N,nominal,2.0NRT,300.34,6.39,D
-8.92541,120.95127,336.11,0.45,0.47,2026-09-17,0601,N,nominal,2.0NRT,299.34,3.88,D
-8.18426,124.88525,331.1,0.42,0.61,2026-09-17,0601,N,nominal,2.0NRT,295.55,3.57,D
-8.60019,121.7882,332.26,0.51,0.49,2026-09-17,0601,N,nominal,2.0NRT,293.16,11.44,D
-8.27416,123.5162,367,0.34,0.56,2026-09-17,0601,N,high,2.0NRT,304.19,7.05,D
-8.2751,123.51096,336.49,0.34,0.56,2026-09-17,0601,N,nominal,2.0NRT,301.3,7.05,D
-8.66532,121.2029,338.18,0.47,0.48,2026-09-17,0601,N,nominal,2.0NRT,299.64,3.05,D
-8.66608,121.19855,334.03,0.47,0.48,2026-09-17,0601,N,nominal,2.0NRT,300.91,4.7,D
-8.48254,122.00784,344.81,0.53,0.5,2026-09-17,0601,N,nominal,2.0NRT,302.42,8.64,D
-8.46782,122.0099,333.49,0.53,0.5,2026-09-17,0601,N,nominal,2.0NRT,300.44,8.17,D
-8.46875,122.00459,343.78,0.53,0.5,2026-09-17,0601,N,nominal,2.0NRT,304.81,8.17,D
-8.67568,119.86398,331.44,0.38,0.44,2026-09-17,0601,N,nominal,2.0NRT,292.4,2.41,D
-8.43735,120.82562,342.58,0.45,0.47,2026-09-17,0601,N,nominal,2.0NRT,299.35,6.09,D
-8.81136,118.59296,350.1,0.49,0.4,2026-09-17,0601,N,nominal,2.0NRT,309.78,23.61,D
-8.81208,118.58855,342.91,0.49,0.4,2026-09-17,0601,N,nominal,2.0NRT,306.56,7.25,D
-8.81343,118.58032,336.81,0.49,0.4,2026-09-17,0601,N,nominal,2.0NRT,306.06,4.51,D
-8.81772,118.55416,334.72,0.49,0.4,2026-09-17,0601,N,nominal,2.0NRT,302.52,4.42,D
-8.80763,118.59241,345.83,0.49,0.4,2026-09-17,0601,N,nominal,2.0NRT,314.92,31.89,D
-8.80906,118.58375,335.44,0.49,0.4,2026-09-17,0601,N,low,2.0NRT,306.11,34.87,D
-8.80974,118.57957,334.88,0.49,0.4,2026-09-17,0601,N,nominal,2.0NRT,303.38,8.89,D
-9.06932,116.97395,336.36,0.41,0.37,2026-09-17,0601,N,low,2.0NRT,309.28,4.99,D
-8.80391,118.59187,351.22,0.49,0.4,2026-09-17,0601,N,nominal,2.0NRT,308,31.89,D
-8.80463,118.58746,345.57,0.49,0.4,2026-09-17,0601,N,nominal,2.0NRT,305,34.87,D
-9.06363,116.96536,337.23,0.41,0.37,2026-09-17,0601,N,nominal,2.0NRT,308.35,5.23,D
-9.0602,116.96476,337.32,0.41,0.37,2026-09-17,0601,N,nominal,2.0NRT,306.84,5.23,D
-8.73148,118.95962,334.69,0.51,0.41,2026-09-17,0601,N,nominal,2.0NRT,304.39,5.1,D
-8.90848,117.77186,337.45,0.45,0.39,2026-09-17,0601,N,low,2.0NRT,310.52,7.66,D
-8.99246,117.25439,337.64,0.42,0.38,2026-09-17,0601,N,nominal,2.0NRT,306.52,2.86,D
-8.86935,117.98835,333.57,0.46,0.39,2026-09-17,0601,N,nominal,2.0NRT,301.89,7.79,D
-8.95547,117.18909,334.67,0.42,0.38,2026-09-17,0601,N,low,2.0NRT,306.51,2.58,D
-8.38697,120.61658,351.2,0.43,0.46,2026-09-17,0601,N,nominal,2.0NRT,296.89,8.02,D
-8.78529,118.2059,338.18,0.47,0.4,2026-09-17,0601,N,nominal,2.0NRT,301.71,5.66,D
-8.43864,120.13327,335.94,0.4,0.44,2026-09-17,0601,N,nominal,2.0NRT,295.4,3.1,D
-8.43929,120.12943,334.58,0.4,0.44,2026-09-17,0601,N,nominal,2.0NRT,296.07,3.15,D
-8.64275,118.79706,344.51,0.5,0.41,2026-09-17,0601,N,nominal,2.0NRT,308.26,6.82,D
-8.80457,117.81364,334.94,0.45,0.39,2026-09-17,0601,N,low,2.0NRT,307.13,1.84,D
-8.78274,117.90237,339.72,0.45,0.39,2026-09-17,0601,N,low,2.0NRT,311.66,5.08,D
-8.61403,118.87626,336.39,0.51,0.41,2026-09-17,0601,N,nominal,2.0NRT,306.08,13.23,D
-8.61663,118.81451,331.3,0.5,0.41,2026-09-17,0601,N,low,2.0NRT,305.37,2.61,D
-8.59307,118.93143,335.97,0.51,0.41,2026-09-17,0601,N,nominal,2.0NRT,303.65,4.67,D
-8.61425,118.87769,336.04,0.51,0.41,2026-09-17,0601,N,low,2.0NRT,306.23,3.87,D
-8.61041,118.87741,337.58,0.51,0.41,2026-09-17,0601,N,nominal,2.0NRT,306.81,3.87,D
-8.88413,117.15752,333.01,0.42,0.38,2026-09-17,0601,N,nominal,2.0NRT,299.93,2.7,D
-8.59443,118.92831,343.17,0.51,0.41,2026-09-17,0601,N,nominal,2.0NRT,301.75,3.55,D
-8.7508,117.8849,341.82,0.45,0.39,2026-09-17,0601,N,nominal,2.0NRT,309.06,3.83,D
-8.57869,118.81002,342.07,0.5,0.41,2026-09-17,0601,N,nominal,2.0NRT,310.84,8.64,D
-8.65339,118.30482,337.79,0.47,0.4,2026-09-17,0601,N,low,2.0NRT,308.52,4.68,D
-8.88702,116.84773,332.26,0.41,0.37,2026-09-17,0601,N,nominal,2.0NRT,301.42,4.21,D
-8.88761,116.84399,344.12,0.41,0.37,2026-09-17,0601,N,nominal,2.0NRT,301.45,4.35,D
-8.58312,118.61855,339.82,0.49,0.4,2026-09-17,0601,N,nominal,2.0NRT,308.58,7.4,D
-8.87608,116.76157,332.21,0.41,0.37,2026-09-17,0601,N,low,2.0NRT,304.17,3.55,D
-8.72122,117.70443,338.26,0.44,0.39,2026-09-17,0601,N,low,2.0NRT,310.43,5.09,D
-8.7219,117.70025,345.02,0.44,0.39,2026-09-17,0601,N,nominal,2.0NRT,309.77,5.19,D
-8.55771,118.63306,336.91,0.49,0.41,2026-09-17,0601,N,nominal,2.0NRT,306.46,3.48,D
-8.5194,118.79369,333.16,0.5,0.41,2026-09-17,0601,N,low,2.0NRT,304.01,4,D
-8.75801,117.34333,333.47,0.43,0.38,2026-09-17,0601,N,low,2.0NRT,305.39,4.15,D
-8.83839,116.84369,333.83,0.41,0.37,2026-09-17,0601,N,nominal,2.0NRT,301.07,1.43,D
-8.49866,118.82924,340.64,0.51,0.41,2026-09-17,0601,N,nominal,2.0NRT,308.07,4.88,D
-8.871,116.48524,330.69,0.4,0.37,2026-09-17,0601,N,low,2.0NRT,305.29,1.7,D
-8.57408,118.33741,341.32,0.48,0.4,2026-09-17,0601,N,nominal,2.0NRT,310.76,16.99,D
-8.85733,116.52814,333.62,0.4,0.37,2026-09-17,0601,N,low,2.0NRT,306.16,1.94,D
-8.71862,117.34071,344.7,0.43,0.38,2026-09-17,0601,N,nominal,2.0NRT,312.6,6.12,D
-8.73371,117.20065,332.45,0.42,0.38,2026-09-17,0601,N,nominal,2.0NRT,297.11,2.56,D
-8.75872,116.93134,333.89,0.42,0.37,2026-09-17,0601,N,nominal,2.0NRT,300.46,4.63,D
-8.67977,117.40396,337.37,0.43,0.38,2026-09-17,0601,N,nominal,2.0NRT,305.61,3.97,D
-8.45907,118.66933,340.73,0.5,0.41,2026-09-17,0601,N,nominal,2.0NRT,309.04,11.91,D
-8.83932,116.17896,337.89,0.4,0.37,2026-09-17,0601,N,nominal,2.0NRT,307.08,1.79,D
-8.40282,118.68007,336.7,0.5,0.41,2026-09-17,0601,N,low,2.0NRT,307.41,5.51,D
-8.38345,118.7281,341.21,0.5,0.41,2026-09-17,0601,N,nominal,2.0NRT,302.73,9.49,D
-8.45172,118.26038,340.74,0.47,0.4,2026-09-17,0601,N,nominal,2.0NRT,303.72,9.17,D
-8.34739,118.80644,342.38,0.51,0.41,2026-09-17,0601,N,nominal,2.0NRT,308.12,11.2,D
-8.34879,118.77427,341.76,0.51,0.41,2026-09-17,0601,N,nominal,2.0NRT,307.7,8.25,D
-8.72412,116.39777,337.42,0.4,0.37,2026-09-17,0601,N,low,2.0NRT,307.8,2.45,D
-8.78633,116.00109,335.17,0.39,0.36,2026-09-17,0601,N,low,2.0NRT,309.19,2.95,D
-8.58326,116.91788,346.5,0.42,0.37,2026-09-17,0601,N,nominal,2.0NRT,303.11,6.37,D
-8.5727,116.94012,331.38,0.42,0.37,2026-09-17,0601,N,low,2.0NRT,302.42,3.33,D
-8.449,117.5835,351.04,0.44,0.38,2026-09-17,0601,N,nominal,2.0NRT,313.78,10.46,D
-8.44964,117.57949,352.7,0.44,0.38,2026-09-17,0601,N,nominal,2.0NRT,310.23,10.46,D
-8.46173,117.25675,338.66,0.43,0.38,2026-09-17,0601,N,nominal,2.0NRT,301.14,3.83,D
-8.73318,115.53857,332.8,0.39,0.36,2026-09-17,0601,N,nominal,2.0NRT,305.83,1.87,D
-8.40119,117.13635,334.25,0.42,0.38,2026-09-17,0601,N,nominal,2.0NRT,303.18,2.52,D
-8.39771,117.1358,336,0.42,0.38,2026-09-17,0601,N,nominal,2.0NRT,301.68,2.52,D
-8.25331,117.75202,331.88,0.45,0.39,2026-09-17,0601,N,nominal,2.0NRT,298.22,5.82,D
-8.23954,117.60818,331.82,0.45,0.39,2026-09-17,0601,N,low,2.0NRT,304.78,3.91,D
-8.55231,115.44104,332.47,0.39,0.36,2026-09-17,0601,N,nominal,2.0NRT,300.45,1.79,D
-8.18184,117.64863,336.13,0.45,0.39,2026-09-17,0601,N,low,2.0NRT,308.4,7.3,D
-8.15823,117.57545,338.8,0.44,0.39,2026-09-17,0601,N,nominal,2.0NRT,304.99,5.62,D
-8.2919,116.61507,339.27,0.41,0.37,2026-09-17,0601,N,nominal,2.0NRT,308.78,5.25,D
-8.63,114.17828,332.11,0.39,0.36,2026-09-17,0601,N,low,2.0NRT,305.57,2.51,D
-8.62066,114.19494,339.44,0.39,0.36,2026-09-17,0601,N,nominal,2.0NRT,306.21,4.73,D
-8.58956,114.35561,335.93,0.39,0.36,2026-09-17,0601,N,low,2.0NRT,306.81,3.27,D
-7.35895,121.76927,340.19,0.53,0.5,2026-09-17,0601,N,nominal,2.0NRT,300.62,19.19,D
-7.35426,121.76864,346.2,0.53,0.5,2026-09-17,0601,N,nominal,2.0NRT,302.17,19.19,D
-8.58099,114.19536,331.72,0.39,0.36,2026-09-17,0601,N,low,2.0NRT,306.25,1.71,D
-8.58153,114.19184,340.02,0.39,0.36,2026-09-17,0601,N,nominal,2.0NRT,307.23,1.71,D
-8.23248,116.43861,340.11,0.4,0.37,2026-09-17,0601,N,nominal,2.0NRT,306.01,1.94,D
-7.35662,121.77016,341.54,0.54,0.5,2026-09-17,0601,N,nominal,2.0NRT,302.59,20.97,D
-7.35739,121.76559,335.01,0.54,0.5,2026-09-17,0601,N,nominal,2.0NRT,297.86,20.97,D
-8.52858,114.08994,336.21,0.39,0.36,2026-09-17,0601,N,nominal,2.0NRT,302.51,2.48,D
-8.22857,115.52235,340.83,0.39,0.36,2026-09-17,0601,N,nominal,2.0NRT,310.75,2.35,D
-8.22911,115.51882,336.9,0.39,0.36,2026-09-17,0601,N,low,2.0NRT,310.88,2.35,D
-8.4283,113.66236,339.95,0.39,0.37,2026-09-17,0601,N,nominal,2.0NRT,302.93,4.26,D
-8.39872,113.51449,339.01,0.4,0.37,2026-09-17,0603,N,nominal,2.0NRT,301.04,3.33,D
-8.36637,113.708,344.87,0.39,0.36,2026-09-17,0603,N,nominal,2.0NRT,302.81,5.78,D
-8.37385,113.49577,330.08,0.4,0.37,2026-09-17,0603,N,low,2.0NRT,304.49,1.86,D
-8.24244,114.33257,332.89,0.39,0.36,2026-09-17,0603,N,nominal,2.0NRT,305.18,1.73,D
-8.26169,114.04847,337.56,0.39,0.36,2026-09-17,0603,N,nominal,2.0NRT,304.07,4.95,D
-8.26102,114.03035,333.94,0.39,0.36,2026-09-17,0603,N,nominal,2.0NRT,305.41,5.87,D
-8.25768,114.02986,344.63,0.39,0.36,2026-09-17,0603,N,nominal,2.0NRT,303.43,5.87,D
-8.26788,113.61988,341.76,0.39,0.37,2026-09-17,0603,N,nominal,2.0NRT,308.63,6.68,D
-8.26451,113.61938,349.56,0.39,0.37,2026-09-17,0603,N,nominal,2.0NRT,305.71,6.68,D
-8.37181,112.45264,335.06,0.43,0.38,2026-09-17,0603,N,low,2.0NRT,304.91,23.09,D
-8.30593,112.58569,337.62,0.42,0.38,2026-09-17,0603,N,nominal,2.0NRT,306.14,3.13,D
-8.32122,112.30561,330.43,0.43,0.38,2026-09-17,0603,N,low,2.0NRT,302.22,3.28,D
-8.05422,114.01279,334.45,0.39,0.36,2026-09-17,0603,N,nominal,2.0NRT,301.31,4.18,D
-8.30597,112.2385,331.83,0.44,0.38,2026-09-17,0603,N,low,2.0NRT,304.98,3.45,D
-8.09583,113.39406,336.24,0.4,0.37,2026-09-17,0603,N,nominal,2.0NRT,303.85,3.25,D
-8.00501,113.76155,345.59,0.39,0.36,2026-09-17,0603,N,nominal,2.0NRT,304.02,5.91,D
-8.21987,112.26295,338.6,0.43,0.38,2026-09-17,0603,N,low,2.0NRT,308.94,2.72,D
-8.21281,112.23782,334.62,0.43,0.38,2026-09-17,0603,N,low,2.0NRT,307.45,4.09,D
-7.83116,114.10292,330.48,0.39,0.36,2026-09-17,0603,N,low,2.0NRT,303.98,0.8,D
-8.06036,112.5349,333.28,0.42,0.38,2026-09-17,0603,N,nominal,2.0NRT,302.97,3.93,D
-8.13584,111.92867,330.61,0.45,0.39,2026-09-17,0603,N,low,2.0NRT,302.67,2.48,D
-8.20439,111.30712,332.03,0.48,0.4,2026-09-17,0603,N,nominal,2.0NRT,299.39,3.71,D
-7.74844,114.17619,332.6,0.39,0.36,2026-09-17,0603,N,low,2.0NRT,302.61,3.02,D
-7.74511,114.17568,335.23,0.39,0.36,2026-09-17,0603,N,nominal,2.0NRT,301.83,2.99,D
-7.94704,112.61945,332.87,0.42,0.38,2026-09-17,0603,N,low,2.0NRT,305.83,3.34,D
-7.75456,113.62459,330.47,0.39,0.36,2026-09-17,0603,N,nominal,2.0NRT,298.48,1.61,D
-7.88883,112.63039,337.44,0.42,0.38,2026-09-17,0603,N,nominal,2.0NRT,307.36,4.56,D
-7.73283,113.63204,341.58,0.39,0.36,2026-09-17,0603,N,nominal,2.0NRT,301.47,4.26,D
-7.92688,111.93159,330.1,0.45,0.39,2026-09-17,0603,N,low,2.0NRT,304.46,2.41,D
-8.0056,111.08621,332.63,0.49,0.4,2026-09-17,0603,N,low,2.0NRT,296.24,4.47,D
-7.88099,111.53825,335.4,0.46,0.39,2026-09-17,0603,N,low,2.0NRT,309.84,5.68,D
-7.82338,111.57753,334.83,0.46,0.39,2026-09-17,0603,N,nominal,2.0NRT,303.98,2.68,D
-7.83519,111.36657,332.73,0.47,0.4,2026-09-17,0603,N,low,2.0NRT,304.72,4.01,D
-7.16889,115.76659,333.3,0.4,0.37,2026-09-17,0603,N,low,2.0NRT,306.14,5.13,D
-7.88099,110.96562,339.6,0.5,0.41,2026-09-17,0603,N,nominal,2.0NRT,304.5,5.75,D
-7.87916,110.95152,344.56,0.5,0.41,2026-09-17,0603,N,nominal,2.0NRT,303.27,7.74,D
-7.87992,110.96689,340.3,0.49,0.41,2026-09-17,0603,N,nominal,2.0NRT,303.49,7.47,D
-7.87817,110.95283,341.45,0.5,0.41,2026-09-17,0603,N,nominal,2.0NRT,302.74,6.87,D
-7.7792,111.39429,338.08,0.47,0.4,2026-09-17,0603,N,low,2.0NRT,307.77,4.65,D
-7.60233,112.37546,331.78,0.42,0.38,2026-09-17,0603,N,low,2.0NRT,304.32,6.22,D
-7.65305,111.83026,334.12,0.45,0.39,2026-09-17,0603,N,low,2.0NRT,308.54,6.52,D
-7.67178,111.64941,336.4,0.46,0.39,2026-09-17,0603,N,low,2.0NRT,304.2,4.84,D
-7.6714,111.64622,335.86,0.46,0.39,2026-09-17,0603,N,low,2.0NRT,303.7,5.09,D
-6.25195,120.50012,340.21,0.46,0.47,2026-09-17,0603,N,nominal,2.0NRT,296.45,3.88,D
-7.72414,110.9044,330.62,0.5,0.41,2026-09-17,0603,N,low,2.0NRT,304.89,6.27,D
-7.53456,112.05486,336.06,0.44,0.38,2026-09-17,0603,N,nominal,2.0NRT,305.37,3.82,D
-7.52159,112.04488,330.82,0.44,0.38,2026-09-17,0603,N,low,2.0NRT,305.42,3.05,D
-7.50814,111.99091,333.05,0.44,0.38,2026-09-17,0603,N,low,2.0NRT,307.75,5.23,D
-7.65036,110.93226,338,0.49,0.41,2026-09-17,0603,N,nominal,2.0NRT,306.74,4.43,D
-7.47806,112.04732,334.21,0.44,0.38,2026-09-17,0603,N,low,2.0NRT,304.6,3.34,D
-7.4453,112.14684,337.44,0.43,0.38,2026-09-17,0603,N,nominal,2.0NRT,305.96,5.43,D
-7.45454,112.06003,339.16,0.44,0.38,2026-09-17,0603,N,nominal,2.0NRT,304.9,4.7,D
-7.47034,111.95302,342.64,0.44,0.38,2026-09-17,0603,N,nominal,2.0NRT,307.74,5.95,D
-6.91283,115.50311,332.22,0.39,0.36,2026-09-17,0603,N,nominal,2.0NRT,301.1,3.13,D
-7.42293,112.10358,332.83,0.43,0.38,2026-09-17,0603,N,nominal,2.0NRT,301.4,1.23,D
-7.18761,113.42661,332.8,0.39,0.36,2026-09-17,0603,N,low,2.0NRT,304.01,0.62,D
-7.18586,113.4154,332.09,0.39,0.36,2026-09-17,0603,N,low,2.0NRT,303.56,1.12,D
-7.38085,112.0975,332.9,0.43,0.38,2026-09-17,0603,N,low,2.0NRT,305.61,2.8,D
-7.43357,111.67086,337.67,0.45,0.39,2026-09-17,0603,N,low,2.0NRT,306.14,4.55,D
-7.36957,111.80737,335.54,0.45,0.39,2026-09-17,0603,N,low,2.0NRT,308.15,5.79,D
-5.61421,122.67806,335.31,0.33,0.55,2026-09-17,0603,N,nominal,2.0NRT,294.99,2.91,D
-5.6147,122.67525,338.67,0.33,0.55,2026-09-17,0603,N,nominal,2.0NRT,296.56,2.91,D
-7.3617,111.63554,331.94,0.45,0.39,2026-09-17,0603,N,low,2.0NRT,305.62,4.71,D
-7.13252,113.15015,337.09,0.4,0.37,2026-09-17,0603,N,nominal,2.0NRT,307.88,2.82,D
-7.35335,111.64246,336,0.45,0.39,2026-09-17,0603,N,low,2.0NRT,303.94,7.25,D
-7.36942,111.47952,332.87,0.46,0.39,2026-09-17,0603,N,low,2.0NRT,305.49,2.86,D
-7.13198,113.10155,338.87,0.4,0.37,2026-09-17,0603,N,nominal,2.0NRT,307.64,3.19,D
-7.55013,110.11836,334.39,0.55,0.42,2026-09-17,0603,N,nominal,2.0NRT,297.68,3.11,D
-7.35897,111.29337,335.73,0.47,0.4,2026-09-17,0603,N,low,2.0NRT,306.87,4.6,D
-7.76948,108.37773,333.07,0.47,0.48,2026-09-17,0603,N,nominal,2.0NRT,294.97,2.62,D
-7.06323,113.21323,331.46,0.4,0.37,2026-09-17,0603,N,low,2.0NRT,302.52,1.38,D
-7.3471,111.19522,333.84,0.48,0.4,2026-09-17,0603,N,low,2.0NRT,302.19,5.53,D
-7.34772,111.1909,331.93,0.48,0.4,2026-09-17,0603,N,low,2.0NRT,303.67,3.44,D
-7.34356,111.14175,336.28,0.48,0.4,2026-09-17,0603,N,low,2.0NRT,308.77,6.57,D
-7.3256,111.21417,338.41,0.47,0.4,2026-09-17,0603,N,low,2.0NRT,305.37,3.47,D
-7.36224,110.90639,335.64,0.49,0.4,2026-09-17,0603,N,nominal,2.0NRT,301.84,4.16,D
-7.06372,112.93139,342.83,0.4,0.37,2026-09-17,0603,N,nominal,2.0NRT,307.66,6.29,D
-7.2743,111.3649,333.3,0.47,0.39,2026-09-17,0603,N,low,2.0NRT,301.93,3.7,D
-7.26006,111.28501,346.43,0.47,0.4,2026-09-17,0603,N,nominal,2.0NRT,301.38,6,D
-7.28202,110.66158,335.3,0.51,0.41,2026-09-17,0603,N,low,2.0NRT,300.85,4.07,D
-7.28258,110.65857,340.48,0.51,0.41,2026-09-17,0603,N,nominal,2.0NRT,300.49,5.17,D
-6.92429,112.3891,336.76,0.42,0.38,2026-09-17,0603,N,low,2.0NRT,302.02,2.62,D
-7.39878,108.69433,334.19,0.44,0.46,2026-09-17,0603,N,nominal,2.0NRT,296.66,1.51,D
-6.93313,111.71597,335.24,0.45,0.39,2026-09-17,0603,N,nominal,2.0NRT,302.03,3.71,D
-7.26954,108.93731,346.99,0.43,0.46,2026-09-17,0603,N,nominal,2.0NRT,297.89,6.33,D
-5.15937,122.40613,329.05,0.32,0.55,2026-09-17,0603,N,nominal,2.0NRT,293.5,1.51,D
-6.90261,110.85955,332.64,0.49,0.4,2026-09-17,0603,N,low,2.0NRT,301.41,3.98,D
-7.12655,109.03827,340.66,0.42,0.45,2026-09-17,0603,N,nominal,2.0NRT,301.44,3.15,D
-6.86038,110.86245,335.14,0.49,0.4,2026-09-17,0603,N,low,2.0NRT,301.81,5.36,D
-6.66406,111.06393,330.65,0.47,0.4,2026-09-17,0603,N,low,2.0NRT,302.36,6.93,D
-6.32042,113.00731,332.44,0.4,0.37,2026-09-17,0603,N,nominal,2.0NRT,294.79,2.04,D
-7.03513,107.93634,340.38,0.49,0.49,2026-09-17,0603,N,nominal,2.0NRT,297.71,4.85,D
-5.25731,119.51646,336.33,0.41,0.45,2026-09-17,0603,N,nominal,2.0NRT,302.68,3.4,D
-7.01966,107.80645,332.57,0.5,0.49,2026-09-17,0603,N,nominal,2.0NRT,298.55,6.18,D
-5.08567,120.26705,334.08,0.46,0.47,2026-09-17,0603,N,nominal,2.0NRT,299.37,4.66,D
-5.18928,119.60917,337.67,0.42,0.45,2026-09-17,0603,N,nominal,2.0NRT,305.39,1.81,D
-6.98208,107.50674,333.99,0.53,0.5,2026-09-17,0603,N,nominal,2.0NRT,296.18,4.06,D
-6.98431,107.50384,333.1,0.53,0.5,2026-09-17,0603,N,nominal,2.0NRT,296.59,2.77,D
-4.97179,120.19619,337.47,0.46,0.47,2026-09-17,0603,N,nominal,2.0NRT,299.5,6.51,D
-4.67297,121.60738,353.34,0.58,0.52,2026-09-17,0603,N,nominal,2.0NRT,297,30.17,D
-4.91527,119.93734,330.5,0.44,0.46,2026-09-17,0603,N,nominal,2.0NRT,298.24,3.09,D
-4.5611,121.97681,338.87,0.61,0.54,2026-09-17,0603,N,nominal,2.0NRT,296.4,7.8,D
-4.82967,120.26582,331.2,0.47,0.48,2026-09-17,0603,N,nominal,2.0NRT,298.56,2.98,D
-4.56382,121.72366,330.05,0.59,0.53,2026-09-17,0603,N,nominal,2.0NRT,296.34,3.39,D
-4.56614,121.72606,335.85,0.59,0.53,2026-09-17,0603,N,nominal,2.0NRT,296.86,5.34,D
-4.53778,121.77673,345.87,0.6,0.53,2026-09-17,0603,N,nominal,2.0NRT,298.47,12.3,D
-4.53291,121.77586,352.85,0.6,0.53,2026-09-17,0603,N,nominal,2.0NRT,298.72,12.3,D
-4.44043,122.24025,330.25,0.32,0.55,2026-09-17,0603,N,nominal,2.0NRT,297.27,3.75,D
-4.42308,122.31288,330.04,0.33,0.55,2026-09-17,0603,N,nominal,2.0NRT,297.6,1.12,D
-4.45932,122.09634,342.49,0.63,0.54,2026-09-17,0603,N,nominal,2.0NRT,295.77,5.54,D
-4.53292,121.65515,338.29,0.59,0.52,2026-09-17,0603,N,nominal,2.0NRT,301.01,4.88,D
-4.5338,121.64988,335.73,0.58,0.52,2026-09-17,0603,N,nominal,2.0NRT,300.58,4.88,D
-4.44561,122.14745,331.48,0.63,0.54,2026-09-17,0603,N,nominal,2.0NRT,296.59,2.94,D
-4.52806,121.6544,345.64,0.59,0.52,2026-09-17,0603,N,nominal,2.0NRT,299.5,6.47,D
-4.52894,121.64912,331.65,0.58,0.52,2026-09-17,0603,N,nominal,2.0NRT,300.17,6.47,D
-4.51797,121.68501,338.74,0.59,0.53,2026-09-17,0603,N,nominal,2.0NRT,298.92,2.18,D
-3.70035,126.38903,329.25,0.63,0.72,2026-09-17,0603,N,nominal,2.0NRT,294.47,6.56,D
-6.7005,107.42707,331.02,0.53,0.5,2026-09-17,0603,N,nominal,2.0NRT,295.36,4.29,D
-4.71431,120.36628,345.22,0.48,0.48,2026-09-17,0603,N,nominal,2.0NRT,300.17,5.3,D
-4.32253,122.65688,341.82,0.34,0.56,2026-09-17,0603,N,nominal,2.0NRT,298.86,3.19,D
-4.4813,121.69509,341.05,0.59,0.53,2026-09-17,0603,N,nominal,2.0NRT,297.98,7.51,D
-4.36371,122.29351,333.35,0.32,0.55,2026-09-17,0603,N,nominal,2.0NRT,298.34,2.13,D
-4.48297,121.69814,339.47,0.59,0.53,2026-09-17,0603,N,nominal,2.0NRT,296.29,4.31,D
-4.33764,122.52869,330.44,0.34,0.56,2026-09-17,0603,N,nominal,2.0NRT,297.73,3.83,D
-6.54914,108.09357,334.46,0.47,0.48,2026-09-17,0603,N,nominal,2.0NRT,300.97,3.97,D
-6.50631,108.10938,354.53,0.47,0.48,2026-09-17,0603,N,nominal,2.0NRT,301.35,8.18,D
-6.50643,108.01243,333.74,0.48,0.48,2026-09-17,0603,N,nominal,2.0NRT,298.07,2.03,D
-3.46467,127.04453,333.39,0.7,0.75,2026-09-17,0603,N,nominal,2.0NRT,294.05,7.41,D
-3.57185,126.28011,336.88,0.62,0.72,2026-09-17,0603,N,nominal,2.0NRT,295.42,9.01,D
-3.57284,126.27451,331.06,0.62,0.72,2026-09-17,0603,N,nominal,2.0NRT,295.21,6.73,D
-4.5983,120.25103,341.94,0.47,0.48,2026-09-17,0603,N,nominal,2.0NRT,301.54,7.08,D
-4.59902,120.24678,336.02,0.47,0.48,2026-09-17,0603,N,nominal,2.0NRT,301.31,5.9,D
-4.65075,119.9557,331.59,0.45,0.47,2026-09-17,0603,N,nominal,2.0NRT,300.21,3.57,D
-4.59904,120.25121,341.48,0.47,0.48,2026-09-17,0603,N,nominal,2.0NRT,301.03,6.63,D
-4.59973,120.24694,342.59,0.47,0.48,2026-09-17,0603,N,nominal,2.0NRT,302.24,6.57,D
-3.60173,126.24501,331.69,0.62,0.71,2026-09-17,0603,N,nominal,2.0NRT,294.17,3.44,D
-3.57598,126.27618,335.96,0.62,0.72,2026-09-17,0603,N,nominal,2.0NRT,294.89,4.16,D
-4.36734,121.53597,340.97,0.58,0.52,2026-09-17,0603,N,nominal,2.0NRT,290.63,7.98,D
-3.57019,126.27012,333.85,0.62,0.72,2026-09-17,0603,N,nominal,2.0NRT,295.92,7.75,D
-3.53233,126.33136,328.84,0.63,0.72,2026-09-17,0603,N,nominal,2.0NRT,291.01,6.11,D
-3.53124,126.219,353.63,0.62,0.71,2026-09-17,0603,N,nominal,2.0NRT,296.27,10,D
-3.52748,126.16228,329.12,0.61,0.71,2026-09-17,0603,N,nominal,2.0NRT,294.81,4.52,D
-3.52092,126.161,337.9,0.61,0.71,2026-09-17,0603,N,nominal,2.0NRT,294.07,6.04,D
-4.21764,122.01083,335.64,0.63,0.54,2026-09-17,0603,N,nominal,2.0NRT,294.84,3.49,D
-6.69199,105.70814,331.73,0.35,0.56,2026-09-17,0603,N,nominal,2.0NRT,297.13,3.83,D
-4.5899,119.63205,333.51,0.43,0.46,2026-09-17,0603,N,nominal,2.0NRT,299.13,1.63,D
-4.21804,122.00838,334.44,0.63,0.54,2026-09-17,0603,N,nominal,2.0NRT,294.51,5.63,D
-3.51314,126.2197,330.85,0.62,0.71,2026-09-17,0603,N,nominal,2.0NRT,295.41,6.56,D
-3.52334,126.1588,339.46,0.61,0.71,2026-09-17,0603,N,nominal,2.0NRT,294.19,11.38,D
-4.58994,119.6319,334.26,0.43,0.46,2026-09-17,0603,N,nominal,2.0NRT,299.38,2.29,D
-3.38564,126.89497,328.56,0.69,0.74,2026-09-17,0603,N,nominal,2.0NRT,293.62,3.79,D
-4.46536,120.35489,331.8,0.48,0.48,2026-09-17,0603,N,nominal,2.0NRT,300.08,3.22,D
-4.48214,120.16658,345.1,0.47,0.47,2026-09-17,0603,N,nominal,2.0NRT,302.61,5.54,D
-6.63493,105.84684,335.2,0.34,0.56,2026-09-17,0603,N,nominal,2.0NRT,294.28,1.01,D
-3.32089,126.94079,337.23,0.69,0.75,2026-09-17,0603,N,nominal,2.0NRT,292.77,7.7,D
-3.33747,126.84464,336.8,0.68,0.74,2026-09-17,0603,N,nominal,2.0NRT,292.64,8.11,D
-6.53013,106.52209,337.51,0.6,0.53,2026-09-17,0603,N,nominal,2.0NRT,292.89,7.2,D
-4.12937,122.14033,331.18,0.32,0.55,2026-09-17,0603,N,nominal,2.0NRT,294.3,3.18,D
-4.12986,122.13739,340.57,0.32,0.55,2026-09-17,0603,N,nominal,2.0NRT,296.23,2.37,D
-4.12481,122.13661,367,0.32,0.55,2026-09-17,0603,N,high,2.0NRT,296.03,11.45,D
-4.12432,122.13953,333.96,0.32,0.55,2026-09-17,0603,N,nominal,2.0NRT,294.71,10.43,D
-3.32173,126.77213,330.04,0.68,0.74,2026-09-17,0603,N,nominal,2.0NRT,291.79,3.91,D
-3.31538,126.76807,334.4,0.68,0.74,2026-09-17,0603,N,nominal,2.0NRT,290.77,3.91,D
-4.40941,120.25257,330.22,0.47,0.48,2026-09-17,0603,N,low,2.0NRT,301.37,1.99,D
-4.39121,120.30739,332.12,0.48,0.48,2026-09-17,0603,N,nominal,2.0NRT,301.88,2.23,D
-4.49006,119.63358,331.06,0.43,0.46,2026-09-17,0603,N,nominal,2.0NRT,299.2,1.04,D
-4.4252,119.99614,333.7,0.45,0.47,2026-09-17,0603,N,nominal,2.0NRT,301.61,3.22,D
-4.48584,119.63287,348.63,0.43,0.46,2026-09-17,0603,N,nominal,2.0NRT,301.95,7.56,D
-4.48644,119.63355,354.15,0.43,0.46,2026-09-17,0603,N,nominal,2.0NRT,301.62,7.95,D
-3.31559,126.76802,334.19,0.68,0.74,2026-09-17,0603,N,nominal,2.0NRT,291.14,7.47,D
-4.42418,119.99709,336.73,0.46,0.47,2026-09-17,0603,N,nominal,2.0NRT,302.11,2.84,D
-4.41277,119.95738,337.09,0.45,0.47,2026-09-17,0603,N,nominal,2.0NRT,300.95,1.86,D
-4.36896,120.09052,336.88,0.46,0.47,2026-09-17,0603,N,nominal,2.0NRT,302.15,3.26,D
-4.31807,120.10005,344.2,0.46,0.47,2026-09-17,0603,N,nominal,2.0NRT,303.32,4.42,D
-3.91863,122.41223,337.45,0.34,0.56,2026-09-17,0603,N,nominal,2.0NRT,292.25,3.81,D
-3.91685,122.41333,337.19,0.34,0.56,2026-09-17,0603,N,nominal,2.0NRT,292.64,2.82,D
-3.90501,122.42091,330.63,0.34,0.56,2026-09-17,0603,N,nominal,2.0NRT,297.57,4.8,D
-4.28329,120.0911,334.02,0.46,0.47,2026-09-17,0603,N,nominal,2.0NRT,302.49,4.22,D
-3.98268,121.7907,332.45,0.61,0.53,2026-09-17,0603,N,low,2.0NRT,302.75,8.67,D
-4.29945,119.82601,335.2,0.45,0.47,2026-09-17,0603,N,nominal,2.0NRT,294.92,2.91,D
-3.86987,122.40896,331.23,0.34,0.56,2026-09-17,0603,N,nominal,2.0NRT,298.13,5.04,D
-3.8714,122.39975,332.2,0.34,0.56,2026-09-17,0603,N,nominal,2.0NRT,298.3,6.61,D
-4.20186,120.36941,340.43,0.49,0.48,2026-09-17,0603,N,nominal,2.0NRT,299.39,6.56,D
-4.23441,119.84599,332.49,0.45,0.47,2026-09-17,0603,N,nominal,2.0NRT,300.03,3.28,D
-4.23715,119.84611,335.4,0.45,0.47,2026-09-17,0603,N,nominal,2.0NRT,300.1,3.87,D
-3.81466,122.06535,334.87,0.32,0.55,2026-09-17,0603,N,nominal,2.0NRT,301.79,5.02,D
-3.81058,122.05872,334.29,0.32,0.55,2026-09-17,0603,N,nominal,2.0NRT,298.54,4.75,D
-3.80505,122.06082,367,0.32,0.55,2026-09-17,0603,N,high,2.0NRT,304.4,14.1,D
-3.80553,122.05791,367,0.32,0.55,2026-09-17,0603,N,high,2.0NRT,304.92,14.1,D
-3.80456,122.06372,343.81,0.32,0.55,2026-09-17,0603,N,nominal,2.0NRT,299.21,11.35,D
-3.78942,122.06129,367,0.32,0.55,2026-09-17,0603,N,high,2.0NRT,299.25,11.78,D
-3.78991,122.05838,336.78,0.32,0.55,2026-09-17,0603,N,nominal,2.0NRT,298.08,6.44,D
-4.14265,119.67838,334.5,0.44,0.46,2026-09-17,0603,N,nominal,2.0NRT,301.02,4.05,D
-4.11535,119.82198,333.55,0.45,0.47,2026-09-17,0603,N,nominal,2.0NRT,297.57,3.39,D
-4.04145,120.2552,340.6,0.48,0.48,2026-09-17,0603,N,nominal,2.0NRT,303.21,4.17,D
-4.04773,120.21611,336.42,0.48,0.48,2026-09-17,0603,N,nominal,2.0NRT,301.39,2.54,D
-4.09709,119.79829,330.46,0.45,0.47,2026-09-17,0603,N,nominal,2.0NRT,297.35,2.25,D
-4.08345,119.8008,346,0.45,0.47,2026-09-17,0603,N,nominal,2.0NRT,303.13,7.03,D
-4.00436,120.03891,346.37,0.46,0.47,2026-09-17,0603,N,nominal,2.0NRT,300.9,7.12,D
-3.95642,120.27305,338.55,0.48,0.48,2026-09-17,0603,N,nominal,2.0NRT,302.91,5.09,D
-4.01727,119.76231,338.24,0.45,0.47,2026-09-17,0603,N,nominal,2.0NRT,302.83,3.84,D
-4.00972,119.72704,333.08,0.44,0.46,2026-09-17,0603,N,nominal,2.0NRT,299.58,3.06,D
-4.01342,119.70396,333.75,0.44,0.46,2026-09-17,0603,N,nominal,2.0NRT,301.87,2.15,D
-4.00284,119.74249,339.44,0.44,0.46,2026-09-17,0603,N,nominal,2.0NRT,301.56,2.85,D
-3.99938,119.7094,350.52,0.44,0.46,2026-09-17,0603,N,nominal,2.0NRT,303.29,7.85,D
-3.93222,120.0416,341.95,0.47,0.47,2026-09-17,0603,N,nominal,2.0NRT,301.37,9.54,D
-3.92098,120.08289,338.95,0.47,0.48,2026-09-17,0603,N,nominal,2.0NRT,301.67,2.41,D
-3.95532,119.71033,343.12,0.44,0.46,2026-09-17,0603,N,nominal,2.0NRT,306.02,8.95,D
-3.95594,119.70651,340.37,0.44,0.46,2026-09-17,0603,N,nominal,2.0NRT,302.9,5.1,D
-3.96004,119.65495,350.32,0.44,0.46,2026-09-17,0603,N,nominal,2.0NRT,308.11,8.98,D
-3.91353,119.90993,344.76,0.46,0.47,2026-09-17,0603,N,nominal,2.0NRT,303.62,5.53,D
-3.95577,119.65431,343.12,0.44,0.46,2026-09-17,0603,N,nominal,2.0NRT,305.32,8.98,D
-3.94249,119.70821,331.91,0.44,0.46,2026-09-17,0603,N,low,2.0NRT,304.56,2.53,D
-3.94706,119.6805,344.69,0.44,0.46,2026-09-17,0603,N,nominal,2.0NRT,306.56,3.38,D
-3.94279,119.67982,338.45,0.44,0.46,2026-09-17,0603,N,nominal,2.0NRT,305.17,3.38,D
-6.00476,105.98132,337.52,0.32,0.55,2026-09-17,0603,N,nominal,2.0NRT,296.39,3.32,D
-3.9443,119.68013,352.49,0.44,0.46,2026-09-17,0603,N,nominal,2.0NRT,306.65,7.6,D
-3.51124,122.17203,340.14,0.33,0.55,2026-09-17,0603,N,nominal,2.0NRT,294.03,2.59,D
-3.9015,119.72836,334.45,0.45,0.47,2026-09-17,0603,N,nominal,2.0NRT,302.67,1.92,D
-3.48752,122.2207,334.76,0.33,0.55,2026-09-17,0603,N,nominal,2.0NRT,295,3.51,D
-3.90006,119.68255,348.64,0.44,0.46,2026-09-17,0603,N,nominal,2.0NRT,306.62,13.92,D
-3.9007,119.67859,344.47,0.44,0.46,2026-09-17,0603,N,nominal,2.0NRT,306,13.92,D
-3.48239,122.21987,329.9,0.33,0.55,2026-09-17,0603,N,nominal,2.0NRT,294.76,3.51,D
-3.89363,119.6409,336.58,0.44,0.46,2026-09-17,0603,N,nominal,2.0NRT,304.86,4.81,D
-3.34377,122.25066,367,0.34,0.56,2026-09-17,0603,N,high,2.0NRT,299.44,12.78,D
-3.34428,122.24757,334.96,0.34,0.56,2026-09-17,0603,N,nominal,2.0NRT,298.58,4.86,D
-3.33913,122.24674,344.38,0.34,0.56,2026-09-17,0603,N,nominal,2.0NRT,298.18,4.86,D
-3.33965,122.24361,349.27,0.34,0.56,2026-09-17,0603,N,nominal,2.0NRT,299.19,4.86,D
-3.34017,122.24051,335.99,0.34,0.56,2026-09-17,0603,N,nominal,2.0NRT,298.51,4.62,D
-3.33501,122.23973,333.54,0.34,0.56,2026-09-17,0603,N,nominal,2.0NRT,296.16,1.79,D
-3.7417,119.66995,341.47,0.44,0.46,2026-09-17,0603,N,nominal,2.0NRT,299.47,7.11,D
-3.31574,122.13501,336.39,0.33,0.55,2026-09-17,0603,N,nominal,2.0NRT,297.38,5.43,D
-3.31625,122.13202,345.22,0.33,0.55,2026-09-17,0603,N,nominal,2.0NRT,296.76,4.49,D
-3.31353,122.13232,367,0.33,0.55,2026-09-17,0603,N,high,2.0NRT,306.76,70.01,D
-3.31402,122.12932,347.71,0.33,0.55,2026-09-17,0603,N,nominal,2.0NRT,296.42,24.25,D
-3.29728,122.20019,344.06,0.33,0.56,2026-09-17,0603,N,nominal,2.0NRT,298.12,3.29,D
-3.61678,119.74507,343.03,0.45,0.47,2026-09-17,0603,N,nominal,2.0NRT,297.68,7.51,D
-3.64016,119.60307,332.03,0.44,0.46,2026-09-17,0603,N,nominal,2.0NRT,298.12,2.47,D
-3.64077,119.59936,334.61,0.44,0.46,2026-09-17,0603,N,nominal,2.0NRT,298.47,2.82,D
-3.64139,119.59555,336.15,0.44,0.46,2026-09-17,0603,N,nominal,2.0NRT,298.87,2.82,D
-3.61318,119.74004,336.44,0.45,0.47,2026-09-17,0603,N,nominal,2.0NRT,297,4.24,D
-3.63595,119.60202,347.4,0.44,0.46,2026-09-17,0603,N,nominal,2.0NRT,303.36,12.3,D
-3.63655,119.59836,355,0.44,0.46,2026-09-17,0603,N,nominal,2.0NRT,306.92,14.9,D
-3.63717,119.59462,343.12,0.44,0.46,2026-09-17,0603,N,nominal,2.0NRT,299.94,14.9,D
-3.6317,119.60122,332.83,0.44,0.46,2026-09-17,0603,N,nominal,2.0NRT,298.72,12.3,D
-3.6323,119.59757,345.95,0.44,0.46,2026-09-17,0603,N,nominal,2.0NRT,297.28,14.9,D
-3.63412,119.59853,367,0.44,0.46,2026-09-17,0603,N,high,2.0NRT,305.41,13.01,D
-3.63471,119.5948,339.42,0.44,0.46,2026-09-17,0603,N,nominal,2.0NRT,297.91,13.01,D
-5.79637,105.17783,334.77,0.36,0.58,2026-09-17,0603,N,nominal,2.0NRT,292.76,1.45,D
-3.17231,121.742,341.5,0.62,0.54,2026-09-17,0603,N,nominal,2.0NRT,295.61,8.37,D
-3.1683,121.73542,331.01,0.62,0.54,2026-09-17,0603,N,nominal,2.0NRT,292.05,8.37,D
-3.17163,121.74531,344.39,0.63,0.54,2026-09-17,0603,N,nominal,2.0NRT,295.08,9.74,D
-3.17253,121.73969,335.18,0.62,0.54,2026-09-17,0603,N,nominal,2.0NRT,292.52,9.74,D
-3.16758,121.73862,338,0.62,0.54,2026-09-17,0603,N,nominal,2.0NRT,294.19,7.23,D
-3.51596,119.55212,331.41,0.44,0.46,2026-09-17,0603,N,nominal,2.0NRT,297.3,3.53,D
-3.5022,119.55607,331.94,0.44,0.46,2026-09-17,0603,N,nominal,2.0NRT,297.42,3.79,D
-3.49794,119.55532,367,0.44,0.46,2026-09-17,0603,N,high,2.0NRT,300.2,11.59,D
-3.49846,119.55209,335.75,0.44,0.46,2026-09-17,0603,N,nominal,2.0NRT,298.19,6.68,D
-3.49371,119.55441,345.16,0.44,0.46,2026-09-17,0603,N,nominal,2.0NRT,295.81,11.59,D
-3.49421,119.55128,347.33,0.44,0.46,2026-09-17,0603,N,nominal,2.0NRT,297.69,6.68,D
-3.45295,119.78153,343.98,0.46,0.47,2026-09-17,0603,N,nominal,2.0NRT,295.8,4.16,D
-3.48949,119.55343,334.92,0.44,0.46,2026-09-17,0603,N,nominal,2.0NRT,295.37,12.63,D
-3.48997,119.55045,346.18,0.44,0.46,2026-09-17,0603,N,nominal,2.0NRT,300.43,19.3,D
-3.47778,119.49043,333.21,0.44,0.46,2026-09-17,0603,N,nominal,2.0NRT,298.47,6.87,D
-3.47842,119.48648,341.87,0.44,0.46,2026-09-17,0603,N,nominal,2.0NRT,298.57,4.74,D
-3.47416,119.48582,338.36,0.44,0.46,2026-09-17,0603,N,nominal,2.0NRT,297.43,2.47,D
-3.06353,121.93391,332.93,0.32,0.55,2026-09-17,0603,N,nominal,2.0NRT,296.06,5.94,D
-3.05847,121.93308,367,0.32,0.55,2026-09-17,0603,N,high,2.0NRT,295.89,5.94,D
-3.51637,118.97453,344.75,0.4,0.45,2026-09-17,0603,N,nominal,2.0NRT,301.52,3.93,D
-3.91796,116.2022,333.84,0.43,0.38,2026-09-17,0603,N,nominal,2.0NRT,298.98,5.14,D
-3.91856,116.19833,346.15,0.43,0.38,2026-09-17,0603,N,nominal,2.0NRT,297.94,5.14,D
-3.45526,119.12063,333.74,0.41,0.45,2026-09-17,0603,N,nominal,2.0NRT,297.71,2.31,D
-4.15123,114.6485,331.62,0.39,0.36,2026-09-17,0603,N,low,2.0NRT,302.97,2.73,D
-3.91047,116.18128,331.67,0.43,0.38,2026-09-17,0603,N,nominal,2.0NRT,296.77,3.27,D
-3.91107,116.17744,337.87,0.43,0.38,2026-09-17,0603,N,nominal,2.0NRT,295.04,2.72,D
-4.1257,114.65892,332.48,0.39,0.36,2026-09-17,0603,N,low,2.0NRT,305.38,2.09,D
-4.12236,114.65841,338.41,0.39,0.36,2026-09-17,0603,N,nominal,2.0NRT,304.85,3.59,D
-4.1229,114.65491,336.16,0.39,0.36,2026-09-17,0603,N,nominal,2.0NRT,302.59,3.59,D
-4.11361,114.6929,346.54,0.39,0.36,2026-09-17,0603,N,nominal,2.0NRT,304.2,4.99,D
-4.11027,114.6924,354.72,0.39,0.36,2026-09-17,0603,N,nominal,2.0NRT,307.03,23.63,D
-3.87614,116.17203,343.95,0.43,0.38,2026-09-17,0603,N,nominal,2.0NRT,295.35,6.83,D
-4.11017,114.67088,339.24,0.39,0.36,2026-09-17,0603,N,nominal,2.0NRT,304.86,3.25,D
-4.10683,114.67038,344.89,0.39,0.36,2026-09-17,0603,N,nominal,2.0NRT,304.37,4.4,D
-4.08115,114.79212,333.52,0.39,0.36,2026-09-17,0603,N,nominal,2.0NRT,300.23,2.77,D
-3.82486,116.21945,335.16,0.43,0.38,2026-09-17,0603,N,nominal,2.0NRT,298.32,5.67,D
-4.06611,114.65269,336.36,0.39,0.36,2026-09-17,0603,N,nominal,2.0NRT,299.52,4,D
-3.82136,116.21892,340.2,0.43,0.38,2026-09-17,0603,N,nominal,2.0NRT,296.48,6.11,D
-2.95178,121.46275,333.94,0.6,0.53,2026-09-17,0603,N,nominal,2.0NRT,292.78,5.3,D
-2.93469,121.50555,332.97,0.61,0.53,2026-09-17,0603,N,nominal,2.0NRT,294.42,21.11,D
-2.93554,121.50037,343.19,0.61,0.53,2026-09-17,0603,N,nominal,2.0NRT,296.75,21.11,D
-3.35021,118.94284,347.38,0.4,0.45,2026-09-17,0603,N,nominal,2.0NRT,289.5,10.65,D
-3.77826,116.1964,332.62,0.43,0.38,2026-09-17,0603,N,nominal,2.0NRT,297.38,2.2,D
-3.77476,116.19583,349.21,0.43,0.38,2026-09-17,0603,N,nominal,2.0NRT,299.01,9,D
-3.77719,116.18038,333.2,0.43,0.38,2026-09-17,0603,N,nominal,2.0NRT,297.28,1.86,D
-3.77369,116.17982,330.38,0.43,0.38,2026-09-17,0603,N,nominal,2.0NRT,296.61,1.86,D
-3.25191,119.41903,349.91,0.44,0.46,2026-09-17,0603,N,nominal,2.0NRT,294.89,15.86,D
-3.94824,114.69485,340.49,0.39,0.36,2026-09-17,0603,N,nominal,2.0NRT,299.35,4.53,D
-2.78212,121.68877,367,0.63,0.54,2026-09-17,0603,N,high,2.0NRT,303.39,29.88,D
-2.78117,121.69452,334.32,0.63,0.54,2026-09-17,0603,N,nominal,2.0NRT,290.71,20.45,D
-2.77614,121.69389,343.59,0.63,0.54,2026-09-17,0603,N,nominal,2.0NRT,295.38,20.45,D
-2.77711,121.68803,354.28,0.63,0.54,2026-09-17,0603,N,nominal,2.0NRT,304.04,29.88,D
-2.77808,121.68213,335.92,0.63,0.54,2026-09-17,0603,N,nominal,2.0NRT,297.18,29.88,D
-2.84675,121.08637,342.96,0.57,0.52,2026-09-17,0603,N,nominal,2.0NRT,293.53,6.67,D
-2.73911,121.70033,336.17,0.63,0.54,2026-09-17,0603,N,nominal,2.0NRT,295.63,11.66,D
-2.8474,121.08501,342.63,0.57,0.52,2026-09-17,0603,N,nominal,2.0NRT,293.74,4.69,D
-2.73873,121.70454,332.06,0.63,0.54,2026-09-17,0603,N,nominal,2.0NRT,298.51,9.61,D
-2.82096,121.09657,335.99,0.57,0.52,2026-09-17,0603,N,nominal,2.0NRT,293.71,6.51,D
-2.71109,121.71652,344.6,0.63,0.54,2026-09-17,0603,N,nominal,2.0NRT,293.21,14,D
-5.14396,105.74218,337.57,0.33,0.55,2026-09-17,0603,N,nominal,2.0NRT,292.95,3.09,D
-2.69518,121.71944,337.43,0.63,0.54,2026-09-17,0603,N,nominal,2.0NRT,293.92,8.76,D
-3.79778,114.67899,341.6,0.39,0.36,2026-09-17,0603,N,nominal,2.0NRT,294.98,3.44,D
-3.79443,114.67848,347.85,0.39,0.36,2026-09-17,0603,N,nominal,2.0NRT,297.3,26.23,D
-2.76296,121.11988,355.31,0.57,0.52,2026-09-17,0603,N,nominal,2.0NRT,295.34,23.53,D
-3.05189,119.34877,339.38,0.43,0.46,2026-09-17,0603,N,nominal,2.0NRT,294.34,7.87,D
-3.77093,114.65334,336.12,0.39,0.36,2026-09-17,0603,N,nominal,2.0NRT,297.12,6.99,D
-3.77147,114.64983,346.44,0.39,0.36,2026-09-17,0603,N,nominal,2.0NRT,300.92,6.99,D
-3.76759,114.65284,337.42,0.39,0.36,2026-09-17,0603,N,nominal,2.0NRT,296.78,6.99,D
-3.76813,114.64933,338.24,0.39,0.36,2026-09-17,0603,N,nominal,2.0NRT,303.52,6.99,D
-3.76867,114.64583,334.43,0.39,0.36,2026-09-17,0603,N,nominal,2.0NRT,300.57,4.41,D
-3.56225,115.91242,346.72,0.42,0.38,2026-09-17,0603,N,nominal,2.0NRT,299.72,8.41,D
-3.75421,114.66075,338.57,0.39,0.36,2026-09-17,0603,N,nominal,2.0NRT,298.32,3.73,D
-3.65206,115.30462,334.96,0.4,0.37,2026-09-17,0603,N,nominal,2.0NRT,300.24,9.94,D
-3.75087,114.66023,344.05,0.39,0.36,2026-09-17,0603,N,nominal,2.0NRT,305.02,10.88,D
-3.00716,119.33546,343.38,0.43,0.46,2026-09-17,0603,N,nominal,2.0NRT,299.34,37.02,D
-3.00925,119.24002,339.08,0.43,0.46,2026-09-17,0603,N,nominal,2.0NRT,294.66,4.16,D
-2.62143,121.60818,332.49,0.62,0.54,2026-09-17,0603,N,nominal,2.0NRT,294.49,10.95,D
-3.53008,115.82241,338.66,0.42,0.38,2026-09-17,0603,N,nominal,2.0NRT,301.79,4.75,D
-2.95982,119.35979,338.76,0.44,0.46,2026-09-17,0603,N,nominal,2.0NRT,295.7,3.77,D
-3.48973,115.96743,335.78,0.42,0.38,2026-09-17,0603,N,nominal,2.0NRT,298.78,3.69,D
-3.49033,115.96362,331.3,0.42,0.38,2026-09-17,0603,N,nominal,2.0NRT,298.47,3.21,D
-3.50337,115.88013,356.74,0.42,0.38,2026-09-17,0603,N,nominal,2.0NRT,300.22,15.4,D
-3.49932,115.88338,348.35,0.42,0.38,2026-09-17,0603,N,nominal,2.0NRT,300.04,7.79,D
-3.49991,115.87959,338.95,0.42,0.38,2026-09-17,0603,N,nominal,2.0NRT,298.59,7.94,D
-3.50698,115.8343,330.38,0.42,0.38,2026-09-17,0603,N,low,2.0NRT,302.68,5.57,D
-3.49762,115.87151,345.36,0.42,0.38,2026-09-17,0603,N,nominal,2.0NRT,301.56,7.35,D
-3.68668,114.6325,345.19,0.39,0.36,2026-09-17,0603,N,nominal,2.0NRT,301.19,4.55,D
-3.6149,115.07406,332.07,0.4,0.37,2026-09-17,0603,N,nominal,2.0NRT,295.42,2.51,D
-3.68333,114.632,340.9,0.39,0.36,2026-09-17,0603,N,nominal,2.0NRT,300.18,4.55,D
-3.49256,115.83595,342.09,0.42,0.38,2026-09-17,0603,N,nominal,2.0NRT,301.87,13.44,D
-3.49374,115.82841,339.84,0.42,0.38,2026-09-17,0603,N,nominal,2.0NRT,302.1,6.95,D
-3.67999,114.63148,346.09,0.39,0.36,2026-09-17,0603,N,nominal,2.0NRT,301.85,7,D
-3.48791,115.84296,337.35,0.42,0.38,2026-09-17,0603,N,nominal,2.0NRT,298.67,3.38,D
-3.48445,115.84241,354.77,0.42,0.38,2026-09-17,0603,N,nominal,2.0NRT,302.04,22.78,D
-3.45724,115.97028,335.52,0.42,0.38,2026-09-17,0603,N,nominal,2.0NRT,296.29,5.02,D
-3.471,115.8829,335.87,0.42,0.38,2026-09-17,0603,N,nominal,2.0NRT,296.56,21.77,D
-3.47159,115.87914,346.05,0.42,0.38,2026-09-17,0603,N,nominal,2.0NRT,305.13,21.77,D
-3.60416,115.03207,344.72,0.4,0.37,2026-09-17,0603,N,nominal,2.0NRT,300.22,8.62,D
-2.54136,121.56659,344.11,0.62,0.54,2026-09-17,0603,N,nominal,2.0NRT,294.55,27.84,D
-2.5423,121.56097,351.62,0.62,0.54,2026-09-17,0603,N,nominal,2.0NRT,297.54,27.84,D
-3.46239,115.86996,333.72,0.42,0.38,2026-09-17,0603,N,nominal,2.0NRT,297.35,6.07,D
-3.46298,115.86618,332.48,0.42,0.38,2026-09-17,0603,N,nominal,2.0NRT,298.05,3.72,D
-3.46398,115.87012,333.52,0.42,0.38,2026-09-17,0603,N,nominal,2.0NRT,297.52,6.79,D
-3.46456,115.86633,331.44,0.42,0.38,2026-09-17,0603,N,nominal,2.0NRT,297.2,4.11,D
-3.45242,115.87608,330.95,0.42,0.38,2026-09-17,0603,N,nominal,2.0NRT,296.74,3.9,D
-3.57651,115.04578,349.5,0.4,0.37,2026-09-17,0603,N,nominal,2.0NRT,296.21,5.69,D
-3.57313,115.04525,338.89,0.4,0.37,2026-09-17,0603,N,nominal,2.0NRT,290.36,5.69,D
-3.44086,115.88206,331.01,0.42,0.38,2026-09-17,0603,N,nominal,2.0NRT,297.92,2.84,D
-2.82545,119.80339,336.08,0.47,0.48,2026-09-17,0603,N,nominal,2.0NRT,294.65,4.77,D
-2.54137,121.56405,367,0.62,0.54,2026-09-17,0603,N,high,2.0NRT,297.87,19.09,D
-2.53553,121.56863,340.33,0.62,0.54,2026-09-17,0603,N,nominal,2.0NRT,294.98,19.09,D
-2.53649,121.56264,333.94,0.62,0.54,2026-09-17,0603,N,nominal,2.0NRT,295.98,19.09,D
-2.60598,121.12768,330.09,0.58,0.52,2026-09-17,0603,N,nominal,2.0NRT,293.9,2.7,D
-2.53063,121.56737,367,0.62,0.54,2026-09-17,0603,N,high,2.0NRT,296.02,44.58,D
-2.52964,121.57352,336.74,0.62,0.54,2026-09-17,0603,N,nominal,2.0NRT,293.31,12.53,D
-3.52254,115.26147,332.69,0.4,0.37,2026-09-17,0603,N,nominal,2.0NRT,297.42,2.62,D
-3.61075,114.68859,335.19,0.39,0.36,2026-09-17,0603,N,nominal,2.0NRT,301.56,4.36,D
-3.61129,114.68507,336.34,0.39,0.36,2026-09-17,0603,N,nominal,2.0NRT,300.46,2.63,D
-3.58878,114.76449,347.6,0.39,0.36,2026-09-17,0603,N,nominal,2.0NRT,307.65,6.8,D
-3.58933,114.76096,353.69,0.39,0.36,2026-09-17,0603,N,nominal,2.0NRT,306.38,9.96,D
-3.61258,114.60983,335.9,0.39,0.36,2026-09-17,0603,N,nominal,2.0NRT,297.86,2.94,D
-3.58597,114.76045,341.2,0.39,0.36,2026-09-17,0603,N,nominal,2.0NRT,305.16,4.66,D
-3.42674,115.72186,337.5,0.42,0.37,2026-09-17,0603,N,nominal,2.0NRT,295.41,6.55,D
-3.42733,115.71812,343.34,0.42,0.37,2026-09-17,0603,N,nominal,2.0NRT,299.75,6.55,D
-3.56261,114.6453,332.41,0.39,0.36,2026-09-17,0603,N,low,2.0NRT,304.07,2.3,D
-3.46927,115.20203,332.89,0.4,0.37,2026-09-17,0603,N,nominal,2.0NRT,297.16,5.39,D
-3.55474,114.62972,342.45,0.39,0.36,2026-09-17,0603,N,nominal,2.0NRT,300.65,2.76,D
-3.52952,114.74823,340.91,0.39,0.36,2026-09-17,0603,N,nominal,2.0NRT,306.74,7.56,D
-3.52807,114.74725,338.37,0.39,0.36,2026-09-17,0603,N,nominal,2.0NRT,305.83,9.29,D
-3.37027,115.45792,330.7,0.41,0.37,2026-09-17,0603,N,nominal,2.0NRT,295.07,3.15,D
-3.42125,115.0835,334.93,0.4,0.37,2026-09-17,0603,N,nominal,2.0NRT,286.88,2.71,D
-3.47006,114.63399,330.99,0.39,0.36,2026-09-17,0603,N,nominal,2.0NRT,297.12,2.47,D
-3.24803,115.99258,343.3,0.43,0.38,2026-09-17,0603,N,nominal,2.0NRT,296.52,3.62,D
-3.36165,115.24413,346.17,0.4,0.37,2026-09-17,0603,N,nominal,2.0NRT,297.64,8.02,D
-3.35372,115.2504,330.88,0.4,0.37,2026-09-17,0603,N,nominal,2.0NRT,294.58,0.77,D
-3.34862,115.23849,330.79,0.4,0.37,2026-09-17,0603,N,nominal,2.0NRT,295.21,2.74,D
-3.34919,115.23486,335.39,0.4,0.37,2026-09-17,0603,N,nominal,2.0NRT,298.04,4.51,D
-3.41357,114.69724,335.55,0.39,0.36,2026-09-17,0603,N,nominal,2.0NRT,294.25,5.07,D
-3.39886,114.77081,349.42,0.39,0.36,2026-09-17,0603,N,nominal,2.0NRT,297.5,5.39,D
-3.41076,114.69319,337.14,0.39,0.36,2026-09-17,0603,N,nominal,2.0NRT,296.73,5.07,D
-3.3955,114.77029,334.8,0.39,0.36,2026-09-17,0603,N,nominal,2.0NRT,295.17,2.21,D
-2.60727,119.62265,340.02,0.46,0.47,2026-09-17,0603,N,nominal,2.0NRT,295.05,6.03,D
-3.36863,114.6328,345.7,0.39,0.36,2026-09-17,0603,N,nominal,2.0NRT,309.37,22.1,D
-3.36917,114.62929,355.02,0.39,0.36,2026-09-17,0603,N,nominal,2.0NRT,301.73,22.1,D
-3.36528,114.63229,333.79,0.39,0.36,2026-09-17,0603,N,nominal,2.0NRT,294.22,22.1,D
-4.64579,105.76784,367,0.32,0.55,2026-09-17,0603,N,high,2.0NRT,298.81,16.74,D
-3.29408,114.77213,339.93,0.39,0.36,2026-09-17,0603,N,nominal,2.0NRT,299.35,5.99,D
-3.29517,114.76505,337.48,0.39,0.36,2026-09-17,0603,N,nominal,2.0NRT,294.27,3.58,D
-3.44285,113.80064,335.02,0.38,0.36,2026-09-17,0603,N,nominal,2.0NRT,300.1,3.28,D
-3.44587,113.75872,337.75,0.38,0.36,2026-09-17,0603,N,nominal,2.0NRT,303.74,2.74,D
-4.64181,105.77094,367,0.32,0.54,2026-09-17,0603,N,high,2.0NRT,295.83,14.02,D
-4.64224,105.76804,367,0.32,0.54,2026-09-17,0603,N,high,2.0NRT,294.93,19.22,D
-3.43712,113.77152,338.49,0.38,0.36,2026-09-17,0603,N,nominal,2.0NRT,303.53,2.85,D
-3.20911,115.23533,335.42,0.4,0.37,2026-09-17,0603,N,nominal,2.0NRT,298.12,4.03,D
-3.27956,114.77715,334.91,0.39,0.36,2026-09-17,0603,N,nominal,2.0NRT,294.45,3.3,D
-3.27566,114.78018,332.26,0.39,0.36,2026-09-17,0603,N,nominal,2.0NRT,289.06,3.61,D
-3.2762,114.77664,344.88,0.39,0.36,2026-09-17,0603,N,nominal,2.0NRT,291.12,3.3,D
-3.41765,113.83214,338.97,0.38,0.36,2026-09-17,0603,N,nominal,2.0NRT,301.73,10.11,D
-3.42768,113.76656,331.72,0.38,0.36,2026-09-17,0603,N,low,2.0NRT,303.56,2.44,D
-3.41433,113.83164,352,0.38,0.36,2026-09-17,0603,N,nominal,2.0NRT,301.1,10.11,D
-3.41101,113.83113,336.57,0.38,0.36,2026-09-17,0603,N,nominal,2.0NRT,298.11,3.77,D
-3.41176,113.7818,334.12,0.38,0.36,2026-09-17,0603,N,nominal,2.0NRT,298.81,4.09,D
-3.41229,113.77835,338.83,0.38,0.36,2026-09-17,0603,N,nominal,2.0NRT,298.34,2.46,D
-3.41055,113.76749,338.16,0.38,0.36,2026-09-17,0603,N,nominal,2.0NRT,298.19,2.22,D
-3.41462,113.71867,343.3,0.38,0.36,2026-09-17,0603,N,nominal,2.0NRT,299.67,5.14,D
-3.39757,113.80791,349.01,0.38,0.36,2026-09-17,0603,N,nominal,2.0NRT,308.43,25.05,D
-3.39425,113.8074,346.98,0.38,0.36,2026-09-17,0603,N,nominal,2.0NRT,301.02,8.54,D
-3.28869,114.47277,351.3,0.39,0.36,2026-09-17,0603,N,nominal,2.0NRT,298.94,7.24,D
-3.38141,113.86906,330.45,0.38,0.36,2026-09-17,0603,N,low,2.0NRT,301.41,2.23,D
-3.38512,113.84488,335.04,0.38,0.36,2026-09-17,0603,N,nominal,2.0NRT,300.24,2.89,D
-3.4073,113.69991,340.26,0.38,0.36,2026-09-17,0603,N,nominal,2.0NRT,298.44,6.5,D
-3.38708,113.80984,349.26,0.38,0.36,2026-09-17,0603,N,nominal,2.0NRT,312.38,25.25,D
-3.40293,113.70631,334.77,0.38,0.36,2026-09-17,0603,N,nominal,2.0NRT,295.29,6.36,D
-3.38376,113.80935,351.33,0.38,0.36,2026-09-17,0603,N,nominal,2.0NRT,297.3,25.25,D
-3.38904,113.77483,333.6,0.38,0.36,2026-09-17,0603,N,nominal,2.0NRT,296.51,2.29,D
-3.39802,113.71616,330.08,0.38,0.36,2026-09-17,0603,N,nominal,2.0NRT,295.4,9.3,D
-3.39855,113.71271,346.42,0.38,0.36,2026-09-17,0603,N,nominal,2.0NRT,294.45,68.42,D
-3.39961,113.7058,351.08,0.38,0.36,2026-09-17,0603,N,nominal,2.0NRT,300.58,6.36,D
-3.3688,113.8848,342.81,0.38,0.36,2026-09-17,0603,N,nominal,2.0NRT,298.02,7.16,D
-3.39576,113.70875,330.06,0.38,0.36,2026-09-17,0603,N,nominal,2.0NRT,295.47,5.22,D
-3.39628,113.7053,336.2,0.38,0.36,2026-09-17,0603,N,nominal,2.0NRT,297.92,3.46,D
-3.36548,113.88431,341.01,0.38,0.36,2026-09-17,0603,N,nominal,2.0NRT,298.75,7.16,D
-3.39085,113.7186,330.29,0.38,0.36,2026-09-17,0603,N,nominal,2.0NRT,296.28,1.42,D
-2.50451,119.31723,340.3,0.44,0.46,2026-09-17,0603,N,nominal,2.0NRT,294.23,6.88,D
-3.38489,113.73535,335.93,0.38,0.36,2026-09-17,0603,N,nominal,2.0NRT,300.93,2.61,D
-3.05097,115.8687,332.72,0.42,0.38,2026-09-17,0603,N,nominal,2.0NRT,299.24,2.65,D
-3.38157,113.73486,339.23,0.38,0.36,2026-09-17,0603,N,nominal,2.0NRT,300.87,2.61,D
-3.23868,114.61937,332.28,0.39,0.36,2026-09-17,0603,N,nominal,2.0NRT,291.21,1.33,D
-3.37953,113.68157,367,0.38,0.36,2026-09-17,0603,N,high,2.0NRT,298.71,18.32,D
-3.379,113.68502,330.79,0.38,0.36,2026-09-17,0603,N,nominal,2.0NRT,295.98,5.66,D
-3.38006,113.67812,335.52,0.38,0.36,2026-09-17,0603,N,nominal,2.0NRT,293.13,18.32,D
-3.37568,113.68452,340.54,0.38,0.36,2026-09-17,0603,N,nominal,2.0NRT,296.5,5.66,D
-3.37621,113.68107,355.98,0.38,0.36,2026-09-17,0603,N,nominal,2.0NRT,303.01,18.32,D
-3.37674,113.67762,339.25,0.38,0.36,2026-09-17,0603,N,nominal,2.0NRT,302.63,18.32,D
-3.37726,113.67417,331.32,0.38,0.36,2026-09-17,0603,N,nominal,2.0NRT,298.1,3.99,D
-3.37289,113.68057,343.81,0.38,0.36,2026-09-17,0603,N,nominal,2.0NRT,292.92,22.16,D
-3.37342,113.67712,345.78,0.38,0.36,2026-09-17,0603,N,nominal,2.0NRT,300.84,22.16,D
-3.37447,113.67021,337.65,0.38,0.36,2026-09-17,0603,N,nominal,2.0NRT,297.46,3.7,D
-3.375,113.66676,332.48,0.38,0.36,2026-09-17,0603,N,nominal,2.0NRT,298.25,3.6,D
-3.37711,113.65295,333.68,0.38,0.36,2026-09-17,0603,N,nominal,2.0NRT,298.63,3.9,D
-3.37115,113.66971,332.23,0.38,0.36,2026-09-17,0603,N,nominal,2.0NRT,296.18,3.7,D
-3.36821,113.66868,338.59,0.38,0.36,2026-09-17,0603,N,nominal,2.0NRT,297.68,9.87,D
-3.19395,114.78539,345.05,0.39,0.36,2026-09-17,0603,N,nominal,2.0NRT,296.9,5.1,D
-3.31524,113.99276,336.14,0.38,0.36,2026-09-17,0603,N,nominal,2.0NRT,296.41,4.84,D
-3.36594,113.66127,338.07,0.38,0.36,2026-09-17,0603,N,nominal,2.0NRT,298.1,8.86,D
-3.16733,114.71255,343.04,0.39,0.36,2026-09-17,0603,N,nominal,2.0NRT,299.16,40.97,D
-3.20405,114.47369,331.39,0.39,0.36,2026-09-17,0603,N,low,2.0NRT,302.55,6.1,D
-4.65121,104.78879,336.88,0.37,0.58,2026-09-17,0603,N,nominal,2.0NRT,290.21,2.89,D
-3.16451,114.7085,354.57,0.39,0.36,2026-09-17,0603,N,nominal,2.0NRT,303.5,28.01,D
-3.19856,114.48718,333.37,0.39,0.36,2026-09-17,0603,N,nominal,2.0NRT,294.89,1.27,D
-2.99219,115.80127,334.18,0.42,0.38,2026-09-17,0603,N,nominal,2.0NRT,297.63,2.53,D
-4.71358,104.27667,336.69,0.4,0.6,2026-09-17,0603,N,nominal,2.0NRT,292.52,3.19,D
-3.26712,113.99608,336.55,0.38,0.36,2026-09-17,0603,N,nominal,2.0NRT,290.06,2.96,D
-2.90356,116.32475,339.44,0.44,0.39,2026-09-17,0603,N,nominal,2.0NRT,293.75,5.57,D
-3.21376,114.3216,347.06,0.39,0.36,2026-09-17,0603,N,nominal,2.0NRT,297.68,6.31,D
-3.21042,114.3211,334.93,0.39,0.36,2026-09-17,0603,N,nominal,2.0NRT,295.31,6.31,D
-3.17159,114.5512,336.51,0.39,0.36,2026-09-17,0603,N,nominal,2.0NRT,296.61,1.47,D
-3.2038,114.23113,331.87,0.39,0.36,2026-09-17,0603,N,nominal,2.0NRT,300.21,1.78,D
-3.1903,114.29667,338.97,0.39,0.36,2026-09-17,0603,N,nominal,2.0NRT,301.26,9.27,D
-3.13786,114.48152,336.08,0.39,0.36,2026-09-17,0603,N,nominal,2.0NRT,299.58,6.03,D
-3.13613,114.48031,350.2,0.39,0.36,2026-09-17,0603,N,nominal,2.0NRT,299.83,7.33,D
-3.13667,114.47681,331.06,0.39,0.36,2026-09-17,0603,N,nominal,2.0NRT,300.2,7.33,D
-3.13279,114.4798,353.15,0.39,0.36,2026-09-17,0603,N,nominal,2.0NRT,299.58,7.33,D
-3.13332,114.4763,338.64,0.39,0.36,2026-09-17,0603,N,nominal,2.0NRT,297.99,7.33,D
-3.17791,114.07361,354.12,0.39,0.36,2026-09-17,0603,N,nominal,2.0NRT,292.67,9.59,D
-4.58828,104.64269,330.19,0.38,0.59,2026-09-17,0603,N,nominal,2.0NRT,289.96,2.22,D
-3.04337,114.79423,346.34,0.39,0.37,2026-09-17,0603,N,nominal,2.0NRT,303.83,24.42,D
-3.03946,114.79727,335.64,0.39,0.37,2026-09-17,0603,N,nominal,2.0NRT,299.03,3.99,D
-3.04001,114.79372,342.79,0.39,0.37,2026-09-17,0603,N,nominal,2.0NRT,301.44,3.99,D
-3.04055,114.79017,333.13,0.39,0.37,2026-09-17,0603,N,nominal,2.0NRT,300.46,3.63,D
-3.0411,114.78663,335.18,0.39,0.37,2026-09-17,0603,N,nominal,2.0NRT,299.43,3.63,D
-3.0361,114.79675,331.58,0.39,0.37,2026-09-17,0603,N,nominal,2.0NRT,296.87,3.99,D
-3.03663,114.79328,332.34,0.39,0.37,2026-09-17,0603,N,nominal,2.0NRT,301.2,3.99,D
-3.03718,114.78974,342.32,0.39,0.37,2026-09-17,0603,N,nominal,2.0NRT,303.98,3.63,D
-3.03772,114.78619,335,0.39,0.37,2026-09-17,0603,N,nominal,2.0NRT,298.57,3.63,D
-3.03381,114.78922,356.34,0.39,0.37,2026-09-17,0603,N,nominal,2.0NRT,301.1,6.91,D
-3.03436,114.78569,339.92,0.39,0.37,2026-09-17,0603,N,nominal,2.0NRT,301.29,6.91,D
-4.45688,105.24908,344.6,0.34,0.56,2026-09-17,0603,N,nominal,2.0NRT,293.9,4.15,D
-4.54778,104.49751,354.29,0.39,0.59,2026-09-17,0603,N,nominal,2.0NRT,289.48,5.66,D
-3.23622,113.33673,334.88,0.38,0.36,2026-09-17,0603,N,nominal,2.0NRT,296.51,2.22,D
-4.4372,105.16254,336.7,0.35,0.57,2026-09-17,0603,N,nominal,2.0NRT,296.19,6.24,D
-4.56123,104.24124,335.15,0.41,0.6,2026-09-17,0603,N,nominal,2.0NRT,294.43,4.88,D
-3.2185,113.40833,330.92,0.38,0.36,2026-09-17,0603,N,nominal,2.0NRT,296.88,1.5,D
-3.43409,111.96129,367,0.41,0.37,2026-09-17,0603,N,high,2.0NRT,302.93,12.31,D
-3.43188,111.97598,348.92,0.41,0.37,2026-09-17,0603,N,nominal,2.0NRT,302.2,10.69,D
-3.43243,111.97231,330.62,0.41,0.37,2026-09-17,0603,N,low,2.0NRT,299.42,3.42,D
-3.43298,111.96863,342.6,0.41,0.37,2026-09-17,0603,N,nominal,2.0NRT,299.65,3.42,D
-3.43354,111.96496,341,0.41,0.37,2026-09-17,0603,N,nominal,2.0NRT,300.68,12.31,D
-3.42957,111.96812,340.57,0.41,0.37,2026-09-17,0603,N,low,2.0NRT,303.71,9.87,D
-3.43012,111.96444,331.9,0.41,0.37,2026-09-17,0603,N,nominal,2.0NRT,303.42,4.75,D
-3.43067,111.96078,347.48,0.41,0.37,2026-09-17,0603,N,low,2.0NRT,303.57,4.75,D
-3.11126,114.04224,356.82,0.39,0.36,2026-09-17,0603,N,nominal,2.0NRT,307.36,5.72,D
-3.11179,114.03879,343.14,0.39,0.36,2026-09-17,0603,N,nominal,2.0NRT,301.16,5.72,D
-3.21697,113.35151,338.46,0.38,0.36,2026-09-17,0603,N,nominal,2.0NRT,299.86,2.1,D
-3.42725,111.96027,334.17,0.41,0.37,2026-09-17,0603,N,low,2.0NRT,303.79,4.75,D
-3.4278,111.95659,352.81,0.41,0.37,2026-09-17,0603,N,low,2.0NRT,305.4,63.63,D
-3.4289,111.94924,336.18,0.41,0.37,2026-09-17,0603,N,low,2.0NRT,298.43,5.81,D
-3.10847,114.03828,367,0.39,0.36,2026-09-17,0603,N,high,2.0NRT,303.83,15.37,D
-3.10794,114.04173,353.25,0.39,0.36,2026-09-17,0603,N,nominal,2.0NRT,303.81,15.37,D
-3.109,114.03481,350.47,0.39,0.36,2026-09-17,0603,N,nominal,2.0NRT,299.83,8.78,D
-3.42493,111.95239,339.41,0.41,0.37,2026-09-17,0603,N,low,2.0NRT,300.58,7.33,D
-3.10514,114.03777,367,0.39,0.36,2026-09-17,0603,N,high,2.0NRT,311.62,15.37,D
-3.10568,114.03431,367,0.39,0.36,2026-09-17,0603,N,high,2.0NRT,306.98,8.78,D
-3.10461,114.04124,355.39,0.39,0.36,2026-09-17,0603,N,nominal,2.0NRT,310.21,15.37,D
-3.10621,114.03085,339.14,0.39,0.36,2026-09-17,0603,N,nominal,2.0NRT,299.73,8.78,D
-3.10727,114.02393,340.32,0.39,0.36,2026-09-17,0603,N,nominal,2.0NRT,296.59,7.46,D
-3.40561,112.05807,335.86,0.41,0.37,2026-09-17,0603,N,nominal,2.0NRT,298.64,3.69,D
-3.10129,114.04073,343.38,0.39,0.36,2026-09-17,0603,N,nominal,2.0NRT,302.41,7.02,D
-3.10182,114.03727,345.61,0.39,0.36,2026-09-17,0603,N,nominal,2.0NRT,303.7,7.02,D
-3.10235,114.03381,343.54,0.39,0.36,2026-09-17,0603,N,nominal,2.0NRT,302.13,4.95,D
-3.10288,114.03035,339.54,0.39,0.36,2026-09-17,0603,N,nominal,2.0NRT,299.67,4.95,D
-3.40275,112.05392,340.08,0.41,0.37,2026-09-17,0603,N,nominal,2.0NRT,300.78,4.9,D
-3.40384,112.04662,352.82,0.41,0.37,2026-09-17,0603,N,nominal,2.0NRT,302.16,25.39,D
-3.39989,112.04976,367,0.41,0.37,2026-09-17,0603,N,high,2.0NRT,306.49,25.39,D
-3.39934,112.05341,338.03,0.41,0.37,2026-09-17,0603,N,nominal,2.0NRT,299.76,4.9,D
-3.40043,112.0461,344.78,0.41,0.37,2026-09-17,0603,N,nominal,2.0NRT,308.46,25.39,D
-3.39907,112.05313,336.94,0.41,0.37,2026-09-17,0603,N,nominal,2.0NRT,298.97,5.05,D
-3.39962,112.04948,356.62,0.41,0.37,2026-09-17,0603,N,nominal,2.0NRT,308.72,31.95,D
-3.40018,112.04583,342.3,0.41,0.37,2026-09-17,0603,N,nominal,2.0NRT,308.67,31.95,D
-3.40074,112.04219,330.83,0.41,0.37,2026-09-17,0603,N,nominal,2.0NRT,301.75,10.96,D
-3.11952,113.88009,356.69,0.38,0.36,2026-09-17,0603,N,low,2.0NRT,286.38,68.63,D
-3.11567,113.88303,354.46,0.38,0.36,2026-09-17,0603,N,nominal,2.0NRT,290.27,31.39,D
-3.39622,112.04897,344.78,0.41,0.37,2026-09-17,0603,N,nominal,2.0NRT,300.16,31.95,D
-3.39678,112.04532,349.53,0.41,0.37,2026-09-17,0603,N,nominal,2.0NRT,304.31,31.95,D
-3.11341,113.87563,356.11,0.38,0.36,2026-09-17,0603,N,nominal,2.0NRT,286.42,17.22,D
-3.11235,113.88254,356.52,0.38,0.36,2026-09-17,0603,N,low,2.0NRT,292.13,39.89,D
-3.11288,113.87908,356.49,0.38,0.36,2026-09-17,0603,N,low,2.0NRT,283.19,17.22,D
-3.19722,113.3054,339.4,0.38,0.36,2026-09-17,0603,N,nominal,2.0NRT,299.02,3.47,D
-3.09936,113.92299,344.96,0.38,0.36,2026-09-17,0603,N,nominal,2.0NRT,293.26,9.33,D
-3.09989,113.91953,340.68,0.38,0.36,2026-09-17,0603,N,nominal,2.0NRT,291.43,6.27,D
-3.0934,113.93976,340.29,0.38,0.36,2026-09-17,0603,N,nominal,2.0NRT,291.69,3.17,D
-4.55716,104.24025,335.99,0.4,0.6,2026-09-17,0603,N,nominal,2.0NRT,292.78,6.31,D
-3.03431,114.30344,342.31,0.39,0.36,2026-09-17,0603,N,nominal,2.0NRT,297.13,5.63,D
-3.09007,113.93926,343.03,0.38,0.36,2026-09-17,0603,N,nominal,2.0NRT,295.02,7.95,D
-3.09272,113.92197,351.68,0.38,0.36,2026-09-17,0603,N,nominal,2.0NRT,299.56,13.41,D
-3.08675,113.93876,347.2,0.38,0.36,2026-09-17,0603,N,nominal,2.0NRT,297.82,7.95,D
-4.37214,105.34984,367,0.34,0.56,2026-09-17,0603,N,high,2.0NRT,294.07,14.16,D
-3.06315,114.04846,331.43,0.39,0.36,2026-09-17,0603,N,low,2.0NRT,301.71,7.21,D
-3.0801,113.93774,346.68,0.38,0.36,2026-09-17,0603,N,nominal,2.0NRT,290.59,13.22,D
-4.37259,105.34678,352.88,0.34,0.56,2026-09-17,0603,N,nominal,2.0NRT,292.51,8.73,D
-3.05929,114.05142,339.77,0.39,0.36,2026-09-17,0603,N,nominal,2.0NRT,299.75,4.66,D
-3.0789,113.92342,347.89,0.38,0.36,2026-09-17,0603,N,nominal,2.0NRT,296.29,4.66,D
-3.07399,113.93328,335.64,0.38,0.36,2026-09-17,0603,N,nominal,2.0NRT,290.16,5.32,D
-3.07558,113.92291,338.47,0.38,0.36,2026-09-17,0603,N,nominal,2.0NRT,290.68,4.66,D
-3.07066,113.93278,350.38,0.38,0.36,2026-09-17,0603,N,nominal,2.0NRT,300.5,14.16,D
-3.07119,113.92932,340.51,0.38,0.36,2026-09-17,0603,N,nominal,2.0NRT,295.3,14.07,D
-3.06734,113.93227,339.27,0.38,0.36,2026-09-17,0603,N,nominal,2.0NRT,294.99,14.16,D
-3.06787,113.92882,350.98,0.38,0.36,2026-09-17,0603,N,nominal,2.0NRT,302.1,14.07,D
-3.30927,112.34631,341.77,0.4,0.37,2026-09-17,0603,N,nominal,2.0NRT,301.14,9.55,D
-3.30981,112.34273,344,0.4,0.37,2026-09-17,0603,N,nominal,2.0NRT,299.72,9.55,D
-3.06455,113.92831,353.15,0.38,0.36,2026-09-17,0603,N,nominal,2.0NRT,307.42,19.45,D
-3.30643,112.34222,338.48,0.4,0.37,2026-09-17,0603,N,nominal,2.0NRT,297.08,7.29,D
-3.0485,114.01082,367,0.39,0.36,2026-09-17,0603,N,high,2.0NRT,301.48,12.26,D
-3.04266,114.0489,339.67,0.39,0.36,2026-09-17,0603,N,nominal,2.0NRT,297.55,4.97,D
-3.04744,114.01774,339.73,0.39,0.36,2026-09-17,0603,N,nominal,2.0NRT,290.78,6.74,D
-3.04797,114.01427,354.85,0.39,0.36,2026-09-17,0603,N,nominal,2.0NRT,297.22,6.74,D
-3.06175,113.92435,336.4,0.38,0.36,2026-09-17,0603,N,nominal,2.0NRT,295.14,19.45,D
-3.14783,113.36163,337.86,0.38,0.36,2026-09-17,0603,N,nominal,2.0NRT,297.69,2.99,D
-3.14836,113.35816,334.47,0.38,0.36,2026-09-17,0603,N,nominal,2.0NRT,299.18,2.99,D
-3.29979,112.36322,332.01,0.4,0.37,2026-09-17,0603,N,nominal,2.0NRT,301.32,5.92,D
-3.06122,113.92781,356.6,0.38,0.36,2026-09-17,0603,N,low,2.0NRT,300.64,19.45,D
-3.03827,114.05532,335.41,0.39,0.36,2026-09-17,0603,N,nominal,2.0NRT,300.45,4.27,D
-3.04518,114.01031,350.52,0.39,0.36,2026-09-17,0603,N,nominal,2.0NRT,288.23,16.51,D
-3.04571,114.00684,355.24,0.39,0.36,2026-09-17,0603,N,nominal,2.0NRT,308.54,16.51,D
-3.04624,114.00339,350.48,0.39,0.36,2026-09-17,0603,N,nominal,2.0NRT,302.43,14.59,D
-3.05843,113.92384,340.21,0.38,0.36,2026-09-17,0603,N,nominal,2.0NRT,292.09,6.91,D
-3.04238,114.00635,338.36,0.39,0.36,2026-09-17,0603,N,nominal,2.0NRT,287.27,16.51,D
-3.04291,114.00288,354.91,0.39,0.36,2026-09-17,0603,N,nominal,2.0NRT,297.62,14.59,D
-3.04344,113.99942,349.17,0.39,0.36,2026-09-17,0603,N,nominal,2.0NRT,301.7,14.59,D
-3.03268,114.04739,367,0.39,0.36,2026-09-17,0603,N,high,2.0NRT,313.03,16.58,D
-3.03215,114.05085,348.84,0.39,0.36,2026-09-17,0603,N,nominal,2.0NRT,306.7,16.58,D
-3.03959,114.00238,341.96,0.39,0.36,2026-09-17,0603,N,nominal,2.0NRT,289.67,17.03,D
-3.04012,113.99892,352.4,0.39,0.36,2026-09-17,0603,N,nominal,2.0NRT,310.4,17.03,D
-3.04065,113.99546,339.93,0.39,0.36,2026-09-17,0603,N,nominal,2.0NRT,307.87,27.01,D
-3.03679,113.99842,367,0.39,0.36,2026-09-17,0603,N,high,2.0NRT,296.44,17.03,D
-3.02829,114.0538,334.13,0.39,0.36,2026-09-17,0603,N,nominal,2.0NRT,299.23,7.55,D
-3.02883,114.05034,356.4,0.39,0.36,2026-09-17,0603,N,nominal,2.0NRT,315.46,16.58,D
-3.02936,114.04688,349.63,0.39,0.36,2026-09-17,0603,N,nominal,2.0NRT,302.37,16.58,D
-3.02989,114.04342,339.84,0.39,0.36,2026-09-17,0603,N,nominal,2.0NRT,302.1,5.3,D
-3.03573,114.00534,346.61,0.39,0.36,2026-09-17,0603,N,nominal,2.0NRT,288.63,6.73,D
-3.03626,114.00188,350.02,0.39,0.36,2026-09-17,0603,N,nominal,2.0NRT,288.31,17.03,D
-3.03733,113.99496,341.52,0.39,0.36,2026-09-17,0603,N,nominal,2.0NRT,308.76,27.01,D
-3.29823,112.2823,340.28,0.4,0.37,2026-09-17,0603,N,nominal,2.0NRT,301.34,4.67,D
-3.29986,112.27151,341.22,0.4,0.37,2026-09-17,0603,N,low,2.0NRT,299.53,3.91,D
-3.02497,114.0533,338.19,0.39,0.36,2026-09-17,0603,N,nominal,2.0NRT,305.33,10.19,D
-3.0255,114.04984,340.43,0.39,0.36,2026-09-17,0603,N,nominal,2.0NRT,302.46,15.42,D
-3.03347,113.99791,344.11,0.39,0.36,2026-09-17,0603,N,nominal,2.0NRT,285.23,9.36,D
-3.034,113.99445,347.79,0.39,0.36,2026-09-17,0603,N,nominal,2.0NRT,297.8,23.21,D
-3.26942,112.44986,340.06,0.4,0.37,2026-09-17,0603,N,nominal,2.0NRT,296.1,64.92,D
-3.29485,112.28179,345.22,0.4,0.37,2026-09-17,0603,N,low,2.0NRT,301.66,14.99,D
-3.29593,112.2746,349.96,0.4,0.37,2026-09-17,0603,N,low,2.0NRT,305.15,17.75,D
-3.02164,114.0528,336.83,0.39,0.36,2026-09-17,0603,N,nominal,2.0NRT,301.44,10.19,D
-3.29146,112.28128,344.86,0.4,0.37,2026-09-17,0603,N,low,2.0NRT,306.82,14.99,D
-3.29309,112.2705,331.77,0.4,0.37,2026-09-17,0603,N,low,2.0NRT,299.08,7.45,D
-4.25465,105.72964,341.61,0.63,0.54,2026-09-17,0603,N,nominal,2.0NRT,295.17,5.61,D
-3.01991,114.04191,346.57,0.39,0.36,2026-09-17,0603,N,nominal,2.0NRT,298.52,3.37,D
-3.07182,113.70332,341.1,0.38,0.36,2026-09-17,0603,N,nominal,2.0NRT,297.09,5.36,D
-3.09451,113.55495,330.51,0.38,0.36,2026-09-17,0603,N,low,2.0NRT,301.8,6.41,D
-3.28808,112.28078,338.25,0.4,0.37,2026-09-17,0603,N,low,2.0NRT,303.8,11.95,D
-3.01659,114.0414,333.94,0.39,0.36,2026-09-17,0603,N,nominal,2.0NRT,297.04,3.37,D
-3.06586,113.72009,331.63,0.38,0.36,2026-09-17,0603,N,nominal,2.0NRT,295.4,1.65,D
-3.0685,113.70283,340.65,0.38,0.36,2026-09-17,0603,N,nominal,2.0NRT,297.75,5.36,D
-3.28361,112.28745,331.45,0.4,0.37,2026-09-17,0603,N,low,2.0NRT,300.82,3.55,D
-3.28415,112.28386,330.34,0.4,0.37,2026-09-17,0603,N,low,2.0NRT,302.59,11.95,D
-3.01326,114.04089,331.46,0.39,0.36,2026-09-17,0603,N,nominal,2.0NRT,295.13,2.86,D
-3.08892,113.54704,345.23,0.38,0.36,2026-09-17,0603,N,nominal,2.0NRT,301.56,8.67,D
-3.28023,112.28694,335.98,0.4,0.37,2026-09-17,0603,N,low,2.0NRT,302.37,5.29,D
-3.0094,114.04385,338.49,0.39,0.36,2026-09-17,0603,N,nominal,2.0NRT,296.3,4.87,D
-3.00993,114.04039,342.02,0.39,0.36,2026-09-17,0603,N,nominal,2.0NRT,296.76,2.86,D
-3.01153,114.03001,334.56,0.39,0.36,2026-09-17,0603,N,nominal,2.0NRT,300.24,3.51,D
-3.00608,114.04335,337.97,0.39,0.36,2026-09-17,0603,N,nominal,2.0NRT,297.52,11.4,D
-3.00661,114.03989,353.12,0.39,0.36,2026-09-17,0603,N,nominal,2.0NRT,307.71,17.49,D
-3.01299,113.99834,331.58,0.39,0.36,2026-09-17,0603,N,nominal,2.0NRT,296.55,1.65,D
-3.05537,113.72202,334.4,0.38,0.36,2026-09-17,0603,N,nominal,2.0NRT,297.38,4.07,D
-3.00275,114.04284,333.61,0.39,0.36,2026-09-17,0603,N,nominal,2.0NRT,293.83,11.4,D
-3.00328,114.03938,352.15,0.39,0.36,2026-09-17,0603,N,nominal,2.0NRT,303.35,17.49,D
-3.00435,114.03246,334.69,0.39,0.36,2026-09-17,0603,N,nominal,2.0NRT,295.98,7.61,D
-3.00967,113.99785,330.61,0.39,0.36,2026-09-17,0603,N,nominal,2.0NRT,296.11,1.65,D
-3.00102,114.03195,332.04,0.39,0.36,2026-09-17,0603,N,nominal,2.0NRT,297.81,5.91,D
-3.11042,113.31705,335.62,0.38,0.36,2026-09-17,0603,N,nominal,2.0NRT,297.97,5.13,D
-2.99716,114.03491,332,0.39,0.36,2026-09-17,0603,N,nominal,2.0NRT,296.88,5.66,D
-3.04276,113.73776,332.01,0.38,0.36,2026-09-17,0603,N,nominal,2.0NRT,294.24,2.46,D
-3.04329,113.73431,335.17,0.38,0.36,2026-09-17,0603,N,nominal,2.0NRT,296.37,3.96,D
-2.9933,114.03787,345.42,0.39,0.36,2026-09-17,0603,N,nominal,2.0NRT,298.25,5.03,D
-3.03997,113.73381,352.52,0.38,0.36,2026-09-17,0603,N,nominal,2.0NRT,299.36,12.37,D
-2.9953,114.00275,338.71,0.39,0.36,2026-09-17,0603,N,nominal,2.0NRT,295.28,3.11,D
-3.03242,113.76092,332.62,0.38,0.36,2026-09-17,0603,N,nominal,2.0NRT,295.32,3.55,D
-3.03665,113.73331,345.2,0.38,0.36,2026-09-17,0603,N,nominal,2.0NRT,295.49,12.37,D
-2.99294,114.00204,334.85,0.39,0.36,2026-09-17,0603,N,nominal,2.0NRT,294.12,1.65,D
-3.02993,113.76019,332.87,0.38,0.36,2026-09-17,0603,N,nominal,2.0NRT,293.08,4.3,D
-3.26088,112.25098,345.25,0.4,0.37,2026-09-17,0603,N,nominal,2.0NRT,299.92,7.66,D
-3.25694,112.25407,333.96,0.4,0.37,2026-09-17,0603,N,nominal,2.0NRT,301.62,6.23,D
-3.25749,112.25048,342.57,0.4,0.37,2026-09-17,0603,N,nominal,2.0NRT,305.5,7.66,D
-3.03226,113.70052,337.26,0.38,0.36,2026-09-17,0603,N,nominal,2.0NRT,286.58,1.94,D
-3.25356,112.25356,346.1,0.4,0.37,2026-09-17,0603,N,nominal,2.0NRT,305.26,13.22,D
-2.9835,113.99707,334.37,0.39,0.36,2026-09-17,0603,N,nominal,2.0NRT,292.98,6.19,D
-3.24523,112.28539,336.2,0.4,0.37,2026-09-17,0603,N,nominal,2.0NRT,299.95,5.24,D
-3.25017,112.25307,346.36,0.4,0.37,2026-09-17,0603,N,nominal,2.0NRT,302.92,13.22,D
-3.25072,112.24946,334.41,0.4,0.37,2026-09-17,0603,N,nominal,2.0NRT,302.24,8.87,D
-2.97964,114.00003,332.18,0.39,0.36,2026-09-17,0603,N,nominal,2.0NRT,296.16,6.14,D
-2.98017,113.99657,334.74,0.39,0.36,2026-09-17,0603,N,nominal,2.0NRT,296.13,6.14,D
-3.24185,112.28487,351.01,0.4,0.37,2026-09-17,0603,N,nominal,2.0NRT,301.81,15.34,D
-2.97579,114.00299,330.86,0.39,0.36,2026-09-17,0603,N,nominal,2.0NRT,298.07,4.5,D
-2.97632,113.99953,345.85,0.39,0.36,2026-09-17,0603,N,nominal,2.0NRT,301.01,6.14,D
-2.97738,113.99261,353.83,0.39,0.36,2026-09-17,0603,N,nominal,2.0NRT,300.87,12.28,D
-2.97685,113.99606,356.36,0.39,0.36,2026-09-17,0603,N,low,2.0NRT,304.7,6.14,D
-2.97246,114.00248,331.37,0.39,0.36,2026-09-17,0603,N,nominal,2.0NRT,298.05,4.77,D
-2.97299,113.99902,352.88,0.39,0.36,2026-09-17,0603,N,nominal,2.0NRT,307.6,18.46,D
-2.97405,113.9921,356.29,0.39,0.36,2026-09-17,0603,N,nominal,2.0NRT,304.9,23.77,D
-3.20623,112.47302,336.92,0.4,0.37,2026-09-17,0603,N,nominal,2.0NRT,303.68,3.59,D
-2.97352,113.99557,357.08,0.39,0.36,2026-09-17,0603,N,low,2.0NRT,304.75,18.46,D
-2.97073,113.99159,367,0.39,0.36,2026-09-17,0603,N,high,2.0NRT,301.26,23.77,D
-2.96967,113.99851,352.82,0.39,0.36,2026-09-17,0603,N,nominal,2.0NRT,299.79,18.46,D
-3.20232,112.47607,334.98,0.4,0.37,2026-09-17,0603,N,nominal,2.0NRT,300.18,3.59,D
-3.20286,112.47251,332.42,0.4,0.37,2026-09-17,0603,N,nominal,2.0NRT,302.18,3.59,D
-2.9702,113.99506,357.75,0.39,0.36,2026-09-17,0603,N,low,2.0NRT,302.51,18.46,D
-3.1995,112.47201,330.62,0.4,0.37,2026-09-17,0603,N,nominal,2.0NRT,299.66,4.33,D
-4.27976,105.28947,331.06,0.34,0.56,2026-09-17,0603,N,nominal,2.0NRT,295.73,3.2,D
-2.95931,114.02174,340.09,0.39,0.36,2026-09-17,0603,N,nominal,2.0NRT,295.31,6.17,D
-2.96037,114.01481,339.8,0.39,0.36,2026-09-17,0603,N,nominal,2.0NRT,299.4,10.03,D
-2.9609,114.01134,334.07,0.39,0.36,2026-09-17,0603,N,nominal,2.0NRT,296.83,5.06,D
-3.19559,112.47505,345.87,0.4,0.37,2026-09-17,0603,N,nominal,2.0NRT,299.45,4.33,D
-3.19721,112.4644,335.1,0.4,0.37,2026-09-17,0603,N,nominal,2.0NRT,300.36,4.17,D
-3.18844,112.4994,339.89,0.39,0.37,2026-09-17,0603,N,nominal,2.0NRT,301.34,6.14,D
-3.19222,112.47455,333,0.4,0.37,2026-09-17,0603,N,nominal,2.0NRT,298.7,5.9,D
-3.19276,112.471,339.59,0.4,0.37,2026-09-17,0603,N,nominal,2.0NRT,301.1,5.9,D
-3.18454,112.50243,336.71,0.39,0.37,2026-09-17,0603,N,nominal,2.0NRT,303.72,6.14,D
-4.41622,104.2441,335.03,0.4,0.6,2026-09-17,0603,N,nominal,2.0NRT,294.26,4.41,D
-3.18657,112.46643,342.27,0.4,0.37,2026-09-17,0603,N,nominal,2.0NRT,298.8,9.29,D
-3.18013,112.41817,348.88,0.4,0.37,2026-09-17,0603,N,nominal,2.0NRT,302.38,4.61,D
-3.11248,112.84079,337.51,0.39,0.36,2026-09-17,0603,N,nominal,2.0NRT,300.11,5.17,D
-3.11302,112.83729,333.56,0.39,0.36,2026-09-17,0603,N,nominal,2.0NRT,297.75,2.98,D
-3.17676,112.41766,332.73,0.4,0.37,2026-09-17,0603,N,low,2.0NRT,305.22,4.61,D
-3.1773,112.41409,346.3,0.4,0.37,2026-09-17,0603,N,nominal,2.0NRT,304.74,9.97,D
-4.38175,104.24647,353.82,0.4,0.6,2026-09-17,0603,N,nominal,2.0NRT,295.3,5.21,D
-3.14703,112.5909,333.79,0.39,0.36,2026-09-17,0603,N,nominal,2.0NRT,300.58,6.09,D
-4.30827,104.72152,333.85,0.37,0.58,2026-09-17,0603,N,nominal,2.0NRT,294.19,2.93,D
-3.14314,112.59393,341.66,0.39,0.36,2026-09-17,0603,N,nominal,2.0NRT,299.13,37.24,D
-3.14368,112.5904,339.4,0.39,0.36,2026-09-17,0603,N,nominal,2.0NRT,300.14,6.09,D
-3.13979,112.59343,337.85,0.39,0.36,2026-09-17,0603,N,nominal,2.0NRT,301.5,19.64,D
-3.16827,112.40546,333.3,0.4,0.37,2026-09-17,0603,N,nominal,2.0NRT,298.92,3.96,D
-4.36596,104.23752,331.04,0.4,0.6,2026-09-17,0603,N,nominal,2.0NRT,292.45,3.42,D
-3.13643,112.59293,332.53,0.39,0.36,2026-09-17,0603,N,nominal,2.0NRT,296.68,19.64,D
-3.13696,112.58939,346.83,0.39,0.36,2026-09-17,0603,N,nominal,2.0NRT,301.6,30.64,D
-4.35985,104.24046,332.25,0.4,0.6,2026-09-17,0603,N,nominal,2.0NRT,292.27,4.34,D
-4.36037,104.23682,330.07,0.4,0.6,2026-09-17,0603,N,nominal,2.0NRT,292.21,3.42,D
-3.13361,112.58888,346.58,0.39,0.36,2026-09-17,0603,N,nominal,2.0NRT,301.46,24.14,D
-4.35428,104.23965,346.81,0.4,0.6,2026-09-17,0603,N,nominal,2.0NRT,293.83,6.26,D
-3.23765,111.83025,356.11,0.41,0.37,2026-09-17,0603,N,low,2.0NRT,301.48,15.35,D
-3.23145,111.84818,367,0.41,0.37,2026-09-17,0603,N,high,2.0NRT,301.04,18.99,D
-4.18682,105.27328,367,0.34,0.56,2026-09-17,0603,N,high,2.0NRT,295.01,6.06,D
-3.12499,112.55506,339.13,0.39,0.36,2026-09-17,0603,N,nominal,2.0NRT,299.84,20.06,D
-4.18639,105.27637,335.6,0.34,0.56,2026-09-17,0603,N,nominal,2.0NRT,294.79,6.06,D
-4.18163,105.27259,367,0.34,0.56,2026-09-17,0603,N,high,2.0NRT,294.29,6.06,D
-4.18206,105.2695,367,0.34,0.56,2026-09-17,0603,N,high,2.0NRT,294.78,11.4,D
-3.12163,112.55456,343.48,0.39,0.36,2026-09-17,0603,N,nominal,2.0NRT,304.3,20.06,D
-3.22803,111.84766,346.24,0.41,0.37,2026-09-17,0603,N,low,2.0NRT,293.96,18.99,D
-4.18076,105.27879,330,0.34,0.56,2026-09-17,0603,N,nominal,2.0NRT,295.2,5.29,D
-4.18119,105.2757,350.42,0.34,0.56,2026-09-17,0603,N,nominal,2.0NRT,294.73,6.06,D
-4.18423,105.25405,337.11,0.34,0.56,2026-09-17,0603,N,nominal,2.0NRT,293.33,2.64,D
-4.18466,105.25095,333.3,0.34,0.56,2026-09-17,0603,N,nominal,2.0NRT,289.97,1.67,D
-3.12148,112.53281,347.47,0.39,0.36,2026-09-17,0603,N,nominal,2.0NRT,295.97,6.77,D
-3.12202,112.52928,352.8,0.39,0.36,2026-09-17,0603,N,nominal,2.0NRT,295.65,8.63,D
-3.10805,112.54118,337.33,0.39,0.36,2026-09-17,0603,N,nominal,2.0NRT,299.05,5.12,D
-3.09173,112.62539,335.33,0.39,0.36,2026-09-17,0603,N,nominal,2.0NRT,296.05,4.64,D
-3.09227,112.62187,348.22,0.39,0.36,2026-09-17,0603,N,nominal,2.0NRT,299.34,4.64,D
-3.10469,112.54069,345.22,0.39,0.36,2026-09-17,0603,N,nominal,2.0NRT,297.8,5.12,D
-3.10524,112.53715,335.8,0.39,0.36,2026-09-17,0603,N,nominal,2.0NRT,297.96,5.12,D
-3.10134,112.54018,342.09,0.39,0.36,2026-09-17,0603,N,nominal,2.0NRT,294.64,7.64,D
-3.10188,112.53664,346.39,0.39,0.36,2026-09-17,0603,N,nominal,2.0NRT,297.24,7.64,D
-3.18581,111.96513,367,0.41,0.37,2026-09-17,0603,N,high,2.0NRT,295.68,33.16,D
-3.09689,112.54675,339.51,0.39,0.36,2026-09-17,0603,N,nominal,2.0NRT,296.54,5.86,D
-3.18352,111.95731,367,0.41,0.37,2026-09-17,0603,N,high,2.0NRT,298.62,59.68,D
-2.75382,114.76715,333.52,0.4,0.37,2026-09-17,0603,N,nominal,2.0NRT,294.07,1.62,D
-3.1049,112.47189,335.17,0.39,0.37,2026-09-17,0603,N,nominal,2.0NRT,293.37,5.31,D
-3.10544,112.46834,338.26,0.39,0.37,2026-09-17,0603,N,nominal,2.0NRT,297.12,24.57,D
-3.17732,111.97507,367,0.41,0.37,2026-09-17,0603,N,high,2.0NRT,292.3,20.11,D
-3.20312,111.80602,367,0.41,0.37,2026-09-17,0603,N,high,2.0NRT,302.69,42.18,D
-3.07725,112.63042,335.74,0.39,0.36,2026-09-17,0603,N,nominal,2.0NRT,293.74,3.13,D
-4.1852,105.27483,367,0.34,0.56,2026-09-17,0603,N,high,2.0NRT,295.19,6.47,D
-4.18566,105.27174,367,0.34,0.56,2026-09-17,0603,N,high,2.0NRT,294.53,6.47,D
-1.8174,120.77177,343.62,0.56,0.52,2026-09-17,0603,N,nominal,2.0NRT,297.08,12.12,D
-4.18474,105.27792,332.91,0.34,0.56,2026-09-17,0603,N,nominal,2.0NRT,294.05,8.55,D
-2.96734,113.30512,332.62,0.38,0.36,2026-09-17,0603,N,nominal,2.0NRT,302.57,11.98,D
-3.06141,112.68921,351.24,0.39,0.36,2026-09-17,0603,N,nominal,2.0NRT,299.66,5.76,D
-4.17819,105.28646,337.75,0.34,0.56,2026-09-17,0603,N,nominal,2.0NRT,294.76,2.18,D
-4.17864,105.28341,332.65,0.34,0.56,2026-09-17,0603,N,nominal,2.0NRT,296.23,2.18,D
-4.18001,105.27415,343.66,0.34,0.56,2026-09-17,0603,N,nominal,2.0NRT,294.03,6.47,D
-4.18047,105.27107,355,0.34,0.56,2026-09-17,0603,N,nominal,2.0NRT,293.72,6.47,D
-4.18092,105.26797,354.7,0.34,0.56,2026-09-17,0603,N,nominal,2.0NRT,294.13,7.33,D
-4.18321,105.25255,339.01,0.34,0.56,2026-09-17,0603,N,nominal,2.0NRT,292.67,3.31,D
-2.96402,113.30462,351.23,0.38,0.36,2026-09-17,0603,N,nominal,2.0NRT,309.47,5.47,D
-2.96454,113.30116,330.89,0.38,0.36,2026-09-17,0603,N,low,2.0NRT,302.79,5.47,D
-3.05806,112.68871,350.67,0.39,0.36,2026-09-17,0603,N,nominal,2.0NRT,300.57,10.11,D
-3.0586,112.68519,332.81,0.39,0.36,2026-09-17,0603,N,nominal,2.0NRT,296.89,3.9,D
-4.17301,105.28572,346.04,0.34,0.56,2026-09-17,0603,N,nominal,2.0NRT,295.86,5.91,D
-4.17146,105.26031,367,0.34,0.56,2026-09-17,0603,N,high,2.0NRT,299.76,22.54,D
-2.01377,119.42843,340.09,0.46,0.47,2026-09-17,0603,N,nominal,2.0NRT,294.17,5.73,D
-2.01437,119.42463,331.89,0.45,0.47,2026-09-17,0603,N,nominal,2.0NRT,294.17,4.26,D
-2.96017,113.30757,337.67,0.38,0.36,2026-09-17,0603,N,nominal,2.0NRT,304.55,11.22,D
-2.96069,113.30412,353.44,0.38,0.36,2026-09-17,0603,N,nominal,2.0NRT,308.24,5.47,D
-2.96122,113.30066,344.55,0.38,0.36,2026-09-17,0603,N,nominal,2.0NRT,306.96,5.47,D
-4.17101,105.2634,346.32,0.34,0.56,2026-09-17,0603,N,nominal,2.0NRT,294.64,19.96,D
-4.17192,105.25719,352.07,0.34,0.56,2026-09-17,0603,N,nominal,2.0NRT,294.29,22.54,D
-2.95631,113.31052,339.35,0.38,0.36,2026-09-17,0603,N,nominal,2.0NRT,305.13,3.24,D
-2.95684,113.30707,333.91,0.38,0.36,2026-09-17,0603,N,low,2.0NRT,304.45,3.24,D
-2.95737,113.30362,341.02,0.38,0.36,2026-09-17,0603,N,nominal,2.0NRT,305.42,4.01,D
-2.9579,113.30016,348.81,0.38,0.36,2026-09-17,0603,N,nominal,2.0NRT,308.43,4.01,D
-4.16583,105.26263,346.23,0.34,0.56,2026-09-17,0603,N,nominal,2.0NRT,295.24,19.76,D
-4.16628,105.25954,355.73,0.34,0.56,2026-09-17,0603,N,nominal,2.0NRT,296.42,15.38,D
-4.16674,105.25643,346.03,0.34,0.56,2026-09-17,0603,N,nominal,2.0NRT,292.78,15.38,D
-2.95299,113.31003,346.14,0.38,0.36,2026-09-17,0603,N,nominal,2.0NRT,305.84,3.24,D
-2.95352,113.30657,330.2,0.38,0.36,2026-09-17,0603,N,low,2.0NRT,303.21,3.24,D
-2.95405,113.30312,330.36,0.38,0.36,2026-09-17,0603,N,low,2.0NRT,304.45,4.01,D
-2.95458,113.29966,332.66,0.38,0.36,2026-09-17,0603,N,low,2.0NRT,304.57,4.01,D
-3.04534,112.70476,346.66,0.39,0.36,2026-09-17,0603,N,nominal,2.0NRT,299.2,4.92,D
-3.04588,112.70124,345.72,0.39,0.36,2026-09-17,0603,N,nominal,2.0NRT,299.36,4.92,D
-3.04909,112.68017,334.56,0.39,0.36,2026-09-17,0603,N,nominal,2.0NRT,296.62,5.83,D
-2.94967,113.30952,345.89,0.38,0.36,2026-09-17,0603,N,nominal,2.0NRT,306.75,6.13,D
-3.01161,112.9036,338.35,0.39,0.36,2026-09-17,0603,N,nominal,2.0NRT,303.35,5.72,D
-3.01215,112.90012,337.56,0.39,0.36,2026-09-17,0603,N,nominal,2.0NRT,301.23,5.18,D
-3.0164,112.8722,337.57,0.39,0.36,2026-09-17,0603,N,nominal,2.0NRT,298.84,2.79,D
-3.0404,112.71473,335.52,0.39,0.36,2026-09-17,0603,N,nominal,2.0NRT,302.17,6.72,D
-3.04093,112.71127,334.56,0.39,0.36,2026-09-17,0603,N,nominal,2.0NRT,299.29,5.23,D
-3.04307,112.69724,341.13,0.39,0.36,2026-09-17,0603,N,nominal,2.0NRT,299.19,3.57,D
-2.94635,113.30902,340.5,0.38,0.36,2026-09-17,0603,N,nominal,2.0NRT,305.06,6.13,D
-2.94144,113.31889,344.28,0.38,0.36,2026-09-17,0603,N,nominal,2.0NRT,300.1,10.81,D
-2.94197,113.31543,334.07,0.38,0.36,2026-09-17,0603,N,nominal,2.0NRT,302.13,9.09,D
-2.94302,113.30852,331.44,0.38,0.36,2026-09-17,0603,N,low,2.0NRT,302.27,3.94,D
-3.03371,112.71371,333.19,0.39,0.36,2026-09-17,0603,N,nominal,2.0NRT,300.75,4.79,D
-2.9397,113.30801,339.59,0.38,0.36,2026-09-17,0603,N,nominal,2.0NRT,302.36,3.94,D
-3.0032,112.89162,337.17,0.39,0.36,2026-09-17,0603,N,nominal,2.0NRT,302.62,4.02,D
-3.03036,112.71322,338.55,0.39,0.36,2026-09-17,0603,N,nominal,2.0NRT,298.68,4.79,D
-3.03089,112.70977,337.51,0.39,0.36,2026-09-17,0603,N,nominal,2.0NRT,299.13,8.11,D
-2.9369,113.30406,335.81,0.38,0.36,2026-09-17,0603,N,nominal,2.0NRT,299.76,9.05,D
-3.00305,112.87019,348.63,0.39,0.36,2026-09-17,0603,N,nominal,2.0NRT,302.46,10,D
-4.27619,104.27645,345.33,0.4,0.6,2026-09-17,0603,N,nominal,2.0NRT,295.11,5.39,D
-4.27672,104.27276,343.83,0.4,0.6,2026-09-17,0603,N,nominal,2.0NRT,294.14,5.39,D
-2.96035,113.10573,367,0.39,0.36,2026-09-17,0603,N,high,2.0NRT,309.45,15.42,D
-2.9292,113.30996,337.64,0.38,0.36,2026-09-17,0603,N,nominal,2.0NRT,300.05,7.96,D
-2.92973,113.3065,332.84,0.38,0.36,2026-09-17,0603,N,low,2.0NRT,304.86,7.28,D
-2.9593,113.11266,333.31,0.39,0.36,2026-09-17,0603,N,nominal,2.0NRT,300.54,4.5,D
-2.95983,113.10919,336.35,0.39,0.36,2026-09-17,0603,N,nominal,2.0NRT,298.9,4.5,D
-3.12582,112.01579,346.49,0.4,0.37,2026-09-17,0603,N,nominal,2.0NRT,298.71,6.99,D
-1.61745,121.61694,367,0.32,0.55,2026-09-17,0603,N,high,2.0NRT,295.82,32.93,D
-2.95703,113.10522,367,0.39,0.36,2026-09-17,0603,N,high,2.0NRT,307.13,15.42,D
-1.61785,121.61443,347.37,0.32,0.55,2026-09-17,0603,N,nominal,2.0NRT,287.06,32.93,D
-2.95597,113.11215,338.38,0.39,0.36,2026-09-17,0603,N,nominal,2.0NRT,302.02,4.5,D
-2.9565,113.10869,350.63,0.39,0.36,2026-09-17,0603,N,nominal,2.0NRT,302.76,4.5,D
-2.99197,112.87566,348.86,0.39,0.36,2026-09-17,0603,N,nominal,2.0NRT,305.55,6.96,D
-3.12242,112.01529,339.9,0.4,0.37,2026-09-17,0603,N,nominal,2.0NRT,297.18,6.99,D
-1.61247,121.61558,367,0.32,0.55,2026-09-17,0603,N,high,2.0NRT,293.44,19.86,D
-1.61288,121.61304,355.32,0.32,0.55,2026-09-17,0603,N,nominal,2.0NRT,289.63,19.86,D
-1.95188,119.50986,349.65,0.46,0.47,2026-09-17,0603,N,nominal,2.0NRT,294.49,16.1,D
-2.92256,113.30896,331.49,0.38,0.36,2026-09-17,0603,N,nominal,2.0NRT,300.07,7.98,D
-1.94695,119.51274,341.14,0.46,0.47,2026-09-17,0603,N,nominal,2.0NRT,295.73,16.1,D
-1.94749,119.50938,335.77,0.46,0.47,2026-09-17,0603,N,nominal,2.0NRT,295.11,16.1,D
-2.94562,113.13541,334.57,0.39,0.36,2026-09-17,0603,N,nominal,2.0NRT,301.77,3.66,D
-2.95037,113.10422,332.48,0.39,0.36,2026-09-17,0603,N,nominal,2.0NRT,297.54,24.54,D
-1.94423,119.50181,332.53,0.46,0.47,2026-09-17,0603,N,nominal,2.0NRT,294.07,7.03,D
-1.94482,119.49809,339.18,0.46,0.47,2026-09-17,0603,N,nominal,2.0NRT,293.41,4.56,D
-2.94229,113.13491,336.86,0.39,0.36,2026-09-17,0603,N,nominal,2.0NRT,301.73,18.34,D
-2.94282,113.13145,340.76,0.39,0.36,2026-09-17,0603,N,nominal,2.0NRT,308.61,16.31,D
-2.94334,113.12798,342.19,0.39,0.36,2026-09-17,0603,N,nominal,2.0NRT,303.65,16.31,D
-2.97984,112.88811,339.87,0.39,0.36,2026-09-17,0603,N,nominal,2.0NRT,304.17,4.3,D
-4.07795,105.43351,330.78,0.33,0.55,2026-09-17,0603,N,nominal,2.0NRT,292.5,3.93,D
-2.93949,113.13094,344.17,0.39,0.36,2026-09-17,0603,N,nominal,2.0NRT,303.21,16.31,D
-2.94002,113.12748,350.94,0.39,0.36,2026-09-17,0603,N,nominal,2.0NRT,303.38,16.31,D
-2.97491,112.89807,341.15,0.39,0.36,2026-09-17,0603,N,nominal,2.0NRT,304.66,4.51,D
-2.97544,112.89458,338.82,0.39,0.36,2026-09-17,0603,N,nominal,2.0NRT,304.71,3.55,D
-2.97597,112.8911,333.99,0.39,0.36,2026-09-17,0603,N,low,2.0NRT,304.71,3.55,D
-3.0089,112.67412,336.92,0.39,0.36,2026-09-17,0603,N,nominal,2.0NRT,296.76,4.27,D
-4.25497,104.14537,332.41,0.41,0.6,2026-09-17,0603,N,nominal,2.0NRT,292.59,2.67,D
-4.23281,104.26261,367,0.4,0.6,2026-09-17,0603,N,high,2.0NRT,296.27,7.27,D
-2.9721,112.89408,338.65,0.39,0.36,2026-09-17,0603,N,nominal,2.0NRT,303.67,3.71,D
-2.97316,112.88711,343.3,0.39,0.36,2026-09-17,0603,N,nominal,2.0NRT,303.35,3.22,D
-3.01462,112.61379,334.85,0.39,0.36,2026-09-17,0603,N,nominal,2.0NRT,298.65,2.78,D
-4.23333,104.25893,355.74,0.4,0.6,2026-09-17,0603,N,nominal,2.0NRT,294.85,7.27,D
-2.93969,113.08487,348.49,0.39,0.36,2026-09-17,0603,N,nominal,2.0NRT,307.07,7.22,D
-2.94022,113.0814,340.28,0.39,0.36,2026-09-17,0603,N,nominal,2.0NRT,303.09,4.48,D
-2.94075,113.07793,342.41,0.39,0.36,2026-09-17,0603,N,nominal,2.0NRT,301.2,4.48,D
-2.94128,113.07446,340.76,0.39,0.36,2026-09-17,0603,N,nominal,2.0NRT,299.47,6.57,D
-2.96983,112.8866,340.08,0.39,0.36,2026-09-17,0603,N,nominal,2.0NRT,302.53,3.22,D
-4.22777,104.25816,343.32,0.4,0.6,2026-09-17,0603,N,nominal,2.0NRT,290.6,7.27,D
-2.93425,113.09824,332.91,0.39,0.36,2026-09-17,0603,N,nominal,2.0NRT,297.54,1.61,D
-2.93689,113.0809,343.75,0.39,0.36,2026-09-17,0603,N,nominal,2.0NRT,307.29,9.83,D
-2.93953,113.06355,346.9,0.39,0.36,2026-09-17,0603,N,nominal,2.0NRT,299.2,6.76,D
-2.9649,112.89656,342.86,0.39,0.36,2026-09-17,0603,N,nominal,2.0NRT,306.64,4.86,D
-2.9702,112.86167,339.03,0.39,0.36,2026-09-17,0603,N,nominal,2.0NRT,304.32,5.33,D
-2.97232,112.8477,347.3,0.39,0.36,2026-09-17,0603,N,nominal,2.0NRT,306.55,8.86,D
-2.97285,112.84422,346.31,0.39,0.36,2026-09-17,0603,N,nominal,2.0NRT,304.66,6.39,D
-2.96156,112.89606,339.38,0.39,0.36,2026-09-17,0603,N,nominal,2.0NRT,304.37,4.86,D
-2.92971,113.08337,336.64,0.39,0.36,2026-09-17,0603,N,nominal,2.0NRT,301.66,4.59,D
-2.93023,113.0799,331.11,0.39,0.36,2026-09-17,0603,N,low,2.0NRT,303.92,3.4,D
-2.92638,113.08286,331.55,0.39,0.36,2026-09-17,0603,N,nominal,2.0NRT,299.91,4.59,D
-2.9269,113.07939,331.04,0.39,0.36,2026-09-17,0603,N,nominal,2.0NRT,301.01,3.4,D
-2.92743,113.07592,344.87,0.39,0.36,2026-09-17,0603,N,nominal,2.0NRT,303.89,3.4,D
-2.92463,113.07195,345.6,0.39,0.36,2026-09-17,0603,N,nominal,2.0NRT,304.83,9.49,D
-2.95261,112.88757,340.07,0.39,0.36,2026-09-17,0603,N,nominal,2.0NRT,304.69,2.47,D
-2.9498,112.88358,340.1,0.39,0.36,2026-09-17,0603,N,nominal,2.0NRT,303.93,4.65,D
-2.91748,113.0807,334.73,0.39,0.36,2026-09-17,0603,N,nominal,2.0NRT,298.91,6.09,D
-2.94341,112.88897,355.17,0.39,0.36,2026-09-17,0603,N,nominal,2.0NRT,306.45,6.78,D
-2.94394,112.88548,347.77,0.39,0.36,2026-09-17,0603,N,nominal,2.0NRT,306.77,6.78,D
-2.94447,112.882,347.2,0.39,0.36,2026-09-17,0603,N,nominal,2.0NRT,304.22,5.99,D
-2.95035,112.84362,344.36,0.39,0.36,2026-09-17,0603,N,nominal,2.0NRT,303.51,5.69,D
-2.94007,112.88847,340.15,0.39,0.36,2026-09-17,0603,N,nominal,2.0NRT,301.95,3.68,D
-2.94114,112.88149,340.06,0.39,0.36,2026-09-17,0603,N,nominal,2.0NRT,303.25,2.83,D
-3.03288,112.28186,330.75,0.4,0.37,2026-09-17,0603,N,nominal,2.0NRT,298.14,3.67,D
-2.98604,112.56551,330.9,0.39,0.36,2026-09-17,0603,N,low,2.0NRT,300.97,5.6,D
-2.9366,112.86654,347.63,0.39,0.36,2026-09-17,0603,N,nominal,2.0NRT,305.35,10.91,D
-4.23438,104.26194,367,0.4,0.6,2026-09-17,0603,N,high,2.0NRT,295.32,9.41,D
-2.923,112.91084,343.75,0.39,0.36,2026-09-17,0603,N,nominal,2.0NRT,304.22,13.83,D
-2.92353,112.90736,342.08,0.39,0.36,2026-09-17,0603,N,nominal,2.0NRT,302.11,8,D
-2.99489,112.44017,340.1,0.39,0.37,2026-09-17,0603,N,nominal,2.0NRT,299.27,9.47,D
-4.22882,104.26121,331.02,0.4,0.6,2026-09-17,0603,N,nominal,2.0NRT,293.88,3.88,D
-4.22937,104.2575,346.37,0.4,0.6,2026-09-17,0603,N,nominal,2.0NRT,291.54,3.88,D
-2.92605,112.86852,347.57,0.39,0.36,2026-09-17,0603,N,nominal,2.0NRT,303.85,5.1,D
-2.92818,112.85457,341.7,0.39,0.36,2026-09-17,0603,N,nominal,2.0NRT,299.44,5.44,D
-4.03205,105.55224,330.14,0.32,0.55,2026-09-17,0603,N,nominal,2.0NRT,293.49,1.03,D
-2.9158,112.91332,345.05,0.39,0.36,2026-09-17,0603,N,nominal,2.0NRT,302.77,10.09,D
-2.91792,112.89938,344.49,0.39,0.36,2026-09-17,0603,N,nominal,2.0NRT,306.26,8.71,D
-2.91846,112.8959,347.24,0.39,0.36,2026-09-17,0603,N,nominal,2.0NRT,304.51,8.71,D
-2.92271,112.86802,347.33,0.39,0.36,2026-09-17,0603,N,nominal,2.0NRT,302.68,6.07,D
-2.92485,112.85406,353.49,0.39,0.36,2026-09-17,0603,N,nominal,2.0NRT,300.38,8.3,D
-2.91353,112.90585,340.63,0.39,0.36,2026-09-17,0603,N,nominal,2.0NRT,304.21,14.89,D
-2.91406,112.90237,348.74,0.39,0.36,2026-09-17,0603,N,nominal,2.0NRT,304.4,14.89,D
-2.91459,112.89889,342.13,0.39,0.36,2026-09-17,0603,N,nominal,2.0NRT,304.48,8.71,D
-2.92151,112.85355,344.74,0.39,0.36,2026-09-17,0603,N,nominal,2.0NRT,302.21,8.3,D
-2.91125,112.89838,346.51,0.39,0.36,2026-09-17,0603,N,nominal,2.0NRT,304.7,12.86,D
-2.91178,112.8949,347.43,0.39,0.36,2026-09-17,0603,N,nominal,2.0NRT,306.21,12.86,D
-2.6865,114.34528,330.2,0.39,0.36,2026-09-17,0603,N,nominal,2.0NRT,298.59,3.02,D
-2.90739,112.90137,349.81,0.39,0.36,2026-09-17,0603,N,nominal,2.0NRT,309.98,23.15,D
-2.90792,112.89788,353.51,0.39,0.36,2026-09-17,0603,N,nominal,2.0NRT,315.58,12.86,D
-2.90845,112.8944,348.86,0.39,0.36,2026-09-17,0603,N,nominal,2.0NRT,305.31,12.86,D
-2.9127,112.86651,346.8,0.39,0.36,2026-09-17,0603,N,nominal,2.0NRT,301.55,7.92,D
-2.90405,112.90086,350.43,0.39,0.36,2026-09-17,0603,N,nominal,2.0NRT,308.72,26.51,D
-2.90458,112.89738,347.75,0.39,0.36,2026-09-17,0603,N,nominal,2.0NRT,304.03,19.86,D
-2.68035,114.34077,341.74,0.39,0.36,2026-09-17,0603,N,nominal,2.0NRT,299.52,9.95,D
-2.89579,112.9103,341.55,0.39,0.36,2026-09-17,0603,N,nominal,2.0NRT,303.13,5.53,D
-4.19077,104.21072,346.78,0.4,0.6,2026-09-17,0603,N,nominal,2.0NRT,296.44,8.31,D
-2.89245,112.90981,367,0.39,0.36,2026-09-17,0603,N,high,2.0NRT,304.66,5.53,D
-4.18624,104.20271,341.78,0.4,0.6,2026-09-17,0603,N,nominal,2.0NRT,296.79,4.93,D
-4.18889,104.18431,330.8,0.4,0.6,2026-09-17,0603,N,nominal,2.0NRT,297.12,4.21,D
-2.88912,112.90929,340.12,0.39,0.36,2026-09-17,0603,N,nominal,2.0NRT,304.34,5.22,D
-2.85846,113.0434,335.67,0.39,0.36,2026-09-17,0603,N,nominal,2.0NRT,301.68,4.2,D
-2.97208,112.27275,351.87,0.4,0.37,2026-09-17,0603,N,nominal,2.0NRT,298.53,19.69,D
-2.31028,116.52199,330.21,0.46,0.39,2026-09-17,0603,N,nominal,2.0NRT,294.66,29.17,D
-2.9373,112.4569,344,0.39,0.37,2026-09-17,0603,N,nominal,2.0NRT,300.8,4.57,D
-2.93784,112.45335,333.81,0.39,0.37,2026-09-17,0603,N,nominal,2.0NRT,298.18,4.57,D
-2.29887,116.57106,344.78,0.46,0.39,2026-09-17,0603,N,nominal,2.0NRT,300.14,14.8,D
-2.30602,116.52558,337.62,0.46,0.39,2026-09-17,0603,N,nominal,2.0NRT,297.12,24.82,D
-2.32916,116.37835,334.92,0.45,0.39,2026-09-17,0603,N,nominal,2.0NRT,297.02,3.31,D
-2.86577,112.90578,342.86,0.39,0.36,2026-09-17,0603,N,nominal,2.0NRT,304,5.28,D
-2.86243,112.90527,343.31,0.39,0.36,2026-09-17,0603,N,nominal,2.0NRT,304.12,4.2,D
-2.86296,112.90179,339.68,0.39,0.36,2026-09-17,0603,N,nominal,2.0NRT,303.77,4.2,D
-2.95857,112.27071,335.69,0.4,0.37,2026-09-17,0603,N,nominal,2.0NRT,297.58,5.33,D
-2.86069,112.89433,341.71,0.39,0.36,2026-09-17,0603,N,nominal,2.0NRT,305.25,5.16,D
-2.9552,112.2702,347.22,0.4,0.37,2026-09-17,0603,N,nominal,2.0NRT,299.3,5.33,D
-3.94652,105.46161,332.8,0.33,0.55,2026-09-17,0603,N,nominal,2.0NRT,289.53,3.67,D
-3.94694,105.45866,348.51,0.33,0.55,2026-09-17,0603,N,nominal,2.0NRT,290.4,3.67,D
-3.94142,105.46088,330.4,0.33,0.55,2026-09-17,0603,N,nominal,2.0NRT,291.64,3.67,D
-2.82744,113.04582,330.42,0.39,0.36,2026-09-17,0603,N,low,2.0NRT,301.62,3.49,D
-2.27979,116.55118,331.2,0.46,0.39,2026-09-17,0603,N,nominal,2.0NRT,295.96,3.44,D
-2.82411,113.04531,337.07,0.39,0.36,2026-09-17,0603,N,nominal,2.0NRT,302.13,3.49,D
-2.82131,113.04134,336.86,0.39,0.36,2026-09-17,0603,N,nominal,2.0NRT,304.2,5.59,D
-2.83875,112.88682,341.6,0.39,0.36,2026-09-17,0603,N,nominal,2.0NRT,304.38,6.5,D
-2.92534,112.2763,346.73,0.4,0.37,2026-09-17,0603,N,nominal,2.0NRT,297.87,17.44,D
-2.92588,112.27272,331.98,0.4,0.37,2026-09-17,0603,N,nominal,2.0NRT,294.43,7.84,D
-2.26454,116.52401,332.15,0.46,0.39,2026-09-17,0603,N,nominal,2.0NRT,295.27,2.13,D
-3.94359,105.45958,367,0.33,0.55,2026-09-17,0603,N,high,2.0NRT,293.46,9.73,D
-2.25584,116.55655,331.8,0.46,0.39,2026-09-17,0603,N,nominal,2.0NRT,294.83,3.55,D
-2.823,112.85593,349.35,0.39,0.36,2026-09-17,0603,N,nominal,2.0NRT,303.98,6.48,D
-2.26367,116.4817,330.29,0.46,0.39,2026-09-17,0603,N,nominal,2.0NRT,298.87,1.75,D
-2.2643,116.47759,335.47,0.46,0.39,2026-09-17,0603,N,nominal,2.0NRT,298.17,1.75,D
-1.44287,121.72816,332.67,0.33,0.55,2026-09-17,0603,N,nominal,2.0NRT,294.43,4.01,D
-2.82005,112.83051,331.07,0.39,0.36,2026-09-17,0603,N,nominal,2.0NRT,299.27,3.09,D
-2.81139,112.86488,357,0.39,0.36,2026-09-17,0603,N,nominal,2.0NRT,315.77,36.47,D
-2.81192,112.86139,352.5,0.39,0.36,2026-09-17,0603,N,nominal,2.0NRT,303.59,8.36,D
-3.86633,105.87521,352.84,0.61,0.53,2026-09-17,0603,N,nominal,2.0NRT,296.27,21.15,D
-3.92084,105.50771,344.08,0.32,0.55,2026-09-17,0603,N,nominal,2.0NRT,294.07,18.98,D
-3.92128,105.50476,353.14,0.32,0.55,2026-09-17,0603,N,nominal,2.0NRT,298.7,26.84,D
-2.80806,112.86437,367,0.39,0.36,2026-09-17,0603,N,high,2.0NRT,310.43,40.38,D
-2.26236,116.41858,339.68,0.45,0.39,2026-09-17,0603,N,nominal,2.0NRT,298.93,4.88,D
-2.80859,112.86089,345.03,0.39,0.36,2026-09-17,0603,N,nominal,2.0NRT,305.13,10.1,D
-2.86853,112.46783,348.8,0.39,0.36,2026-09-17,0603,N,nominal,2.0NRT,302.43,13.26,D
-2.24798,116.48773,331.84,0.46,0.39,2026-09-17,0603,N,nominal,2.0NRT,298.37,3.85,D
-2.25687,116.43029,330,0.45,0.39,2026-09-17,0603,N,nominal,2.0NRT,298.12,2.26,D
-2.80472,112.86387,349.23,0.39,0.36,2026-09-17,0603,N,nominal,2.0NRT,311.34,40.38,D
-2.80525,112.86039,338.7,0.39,0.36,2026-09-17,0603,N,nominal,2.0NRT,301.45,10.1,D
-2.80578,112.8569,340.65,0.39,0.36,2026-09-17,0603,N,nominal,2.0NRT,300.37,10.1,D
-2.86517,112.46733,353.21,0.39,0.36,2026-09-17,0603,N,nominal,2.0NRT,308.42,13.26,D
-2.86571,112.46378,344.23,0.39,0.36,2026-09-17,0603,N,nominal,2.0NRT,301.51,13.26,D
-2.79766,112.88776,347.4,0.39,0.36,2026-09-17,0603,N,nominal,2.0NRT,303.54,8.15,D
-2.86181,112.46683,337.43,0.39,0.36,2026-09-17,0603,N,nominal,2.0NRT,299.85,5.84,D
-4.04167,104.57705,333.39,0.38,0.59,2026-09-17,0603,N,nominal,2.0NRT,294.61,3.18,D
-2.23565,116.51962,334.18,0.46,0.39,2026-09-17,0603,N,nominal,2.0NRT,297.73,4.65,D
-2.23204,116.51905,340.02,0.46,0.39,2026-09-17,0603,N,nominal,2.0NRT,296.26,5.3,D
-2.79099,112.88676,332.33,0.39,0.36,2026-09-17,0603,N,nominal,2.0NRT,301.59,4.88,D
-2.79949,112.83098,332.68,0.39,0.36,2026-09-17,0603,N,low,2.0NRT,303.56,4.06,D
-2.85724,112.45164,334.12,0.39,0.36,2026-09-17,0603,N,nominal,2.0NRT,298.29,3.25,D
-2.77334,112.98017,342.67,0.39,0.36,2026-09-17,0603,N,nominal,2.0NRT,300.52,5.9,D
-2.77387,112.97671,331.42,0.39,0.36,2026-09-17,0603,N,nominal,2.0NRT,299.68,3.34,D
-2.78872,112.87929,337.48,0.39,0.36,2026-09-17,0603,N,nominal,2.0NRT,302.68,3.39,D
-2.79297,112.8514,333.25,0.39,0.36,2026-09-17,0603,N,nominal,2.0NRT,301.34,7.34,D
-2.79456,112.84095,336.3,0.39,0.36,2026-09-17,0603,N,nominal,2.0NRT,300.74,6.25,D
-2.79509,112.83746,340.76,0.39,0.36,2026-09-17,0603,N,nominal,2.0NRT,301.85,7.85,D
-2.79722,112.8235,332.73,0.39,0.36,2026-09-17,0603,N,nominal,2.0NRT,298.07,1.41,D
-2.22224,116.53448,331.47,0.46,0.39,2026-09-17,0603,N,nominal,2.0NRT,295.71,2.18,D
-2.2338,116.46033,332.82,0.46,0.39,2026-09-17,0603,N,nominal,2.0NRT,297.22,3.17,D
-2.78645,112.87181,331.6,0.39,0.36,2026-09-17,0603,N,low,2.0NRT,302.08,3.43,D
-2.79122,112.84044,337.96,0.39,0.36,2026-09-17,0603,N,nominal,2.0NRT,300.19,4.2,D
-2.85106,112.44708,342.03,0.39,0.36,2026-09-17,0603,N,nominal,2.0NRT,299.27,7.24,D
-2.76721,112.9757,334.45,0.39,0.36,2026-09-17,0603,N,nominal,2.0NRT,299.74,4.61,D
-2.78364,112.86782,331.62,0.39,0.36,2026-09-17,0603,N,nominal,2.0NRT,300.21,3.43,D
-2.8477,112.44658,349.89,0.39,0.36,2026-09-17,0603,N,nominal,2.0NRT,301.41,7.24,D
-2.22788,116.45103,340.42,0.46,0.39,2026-09-17,0603,N,nominal,2.0NRT,300.12,6.95,D
-2.76388,112.9752,352.36,0.39,0.36,2026-09-17,0603,N,nominal,2.0NRT,302.3,14.66,D
-4.00814,104.5406,367,0.38,0.59,2026-09-17,0603,N,high,2.0NRT,296.15,12.79,D
-2.21979,116.4792,334.34,0.46,0.39,2026-09-17,0603,N,nominal,2.0NRT,295.35,5,D
-2.22043,116.47509,344.15,0.46,0.39,2026-09-17,0603,N,nominal,2.0NRT,296.7,5.88,D
-2.22428,116.45048,333.95,0.46,0.39,2026-09-17,0603,N,nominal,2.0NRT,297.64,6.95,D
-2.76055,112.97469,353.96,0.39,0.36,2026-09-17,0603,N,nominal,2.0NRT,302.32,14.66,D
-2.76214,112.96426,336.08,0.39,0.36,2026-09-17,0603,N,nominal,2.0NRT,302.48,5.26,D
-2.78493,112.81451,348.14,0.39,0.36,2026-09-17,0603,N,nominal,2.0NRT,299.96,5.45,D
-2.78546,112.81103,342.93,0.39,0.36,2026-09-17,0603,N,nominal,2.0NRT,298.28,5.45,D
-3.05851,111.00465,340.89,0.44,0.38,2026-09-17,0603,N,low,2.0NRT,304.06,15.03,D
-4.00765,104.54403,355.5,0.38,0.59,2026-09-17,0603,N,nominal,2.0NRT,295.65,15.02,D
-4.05024,104.24653,330.5,0.4,0.6,2026-09-17,0603,N,nominal,2.0NRT,292.31,3.94,D
-2.7588,112.96377,339.02,0.39,0.36,2026-09-17,0603,N,nominal,2.0NRT,304.89,5.99,D
-2.78159,112.81401,337.68,0.39,0.36,2026-09-17,0603,N,nominal,2.0NRT,299.85,27.72,D
-2.83332,112.4734,334.72,0.39,0.36,2026-09-17,0603,N,nominal,2.0NRT,298.13,10.19,D
-2.83386,112.46986,343.97,0.39,0.36,2026-09-17,0603,N,nominal,2.0NRT,297.94,22.64,D
-2.84192,112.4167,346.27,0.39,0.37,2026-09-17,0603,N,nominal,2.0NRT,301.08,7.23,D
-3.05498,111.00411,347.76,0.44,0.38,2026-09-17,0603,N,low,2.0NRT,303.83,15.84,D
-3.05557,111.00016,342.52,0.44,0.38,2026-09-17,0603,N,low,2.0NRT,305.62,9,D
-2.21772,116.44529,339.62,0.46,0.39,2026-09-17,0603,N,nominal,2.0NRT,295.98,9,D
-2.75441,112.97021,342.95,0.39,0.36,2026-09-17,0603,N,nominal,2.0NRT,301.14,13.54,D
-2.75547,112.96326,338.88,0.39,0.36,2026-09-17,0603,N,nominal,2.0NRT,304.02,5.99,D
-2.756,112.95979,343.19,0.39,0.36,2026-09-17,0603,N,nominal,2.0NRT,304.71,5.81,D
-2.82996,112.47289,335.03,0.39,0.36,2026-09-17,0603,N,nominal,2.0NRT,299.27,10.19,D
-3.05203,110.99964,345.73,0.44,0.38,2026-09-17,0603,N,low,2.0NRT,303.77,9,D
-3.05737,110.96404,344.45,0.44,0.38,2026-09-17,0603,N,low,2.0NRT,300.26,12.87,D
-2.20704,116.48988,330.13,0.46,0.39,2026-09-17,0603,N,nominal,2.0NRT,296.5,2.4,D
-2.75108,112.96971,332.76,0.39,0.36,2026-09-17,0603,N,nominal,2.0NRT,300.21,4.08,D
-2.75214,112.96275,338.31,0.39,0.36,2026-09-17,0603,N,nominal,2.0NRT,303.74,5.5,D
-2.75267,112.95929,351.45,0.39,0.36,2026-09-17,0603,N,nominal,2.0NRT,306.57,7.58,D
-3.0485,110.99911,342.15,0.44,0.38,2026-09-17,0603,N,low,2.0NRT,305.58,14.83,D
-2.20279,116.49344,342.24,0.46,0.39,2026-09-17,0603,N,nominal,2.0NRT,298.23,13.53,D
-2.68604,113.37411,336.7,0.38,0.36,2026-09-17,0603,N,nominal,2.0NRT,292.99,8.06,D
-2.68657,113.37066,355.08,0.38,0.36,2026-09-17,0603,N,nominal,2.0NRT,299.66,8.06,D
-2.74722,112.97268,334.11,0.39,0.36,2026-09-17,0603,N,nominal,2.0NRT,299.22,4.08,D
-2.74775,112.96921,332.35,0.39,0.36,2026-09-17,0603,N,nominal,2.0NRT,299.32,4.08,D
-2.74881,112.96226,338.77,0.39,0.36,2026-09-17,0603,N,nominal,2.0NRT,303.6,5.5,D
-2.74934,112.95878,350.53,0.39,0.36,2026-09-17,0603,N,nominal,2.0NRT,305.3,7.58,D
-2.74548,112.96175,338.53,0.39,0.36,2026-09-17,0603,N,nominal,2.0NRT,301.19,5.03,D
-2.74601,112.95827,335.19,0.39,0.36,2026-09-17,0603,N,nominal,2.0NRT,300.2,6.73,D
-2.74109,112.9682,345.06,0.39,0.36,2026-09-17,0603,N,nominal,2.0NRT,301.73,17.71,D
-2.74162,112.96473,333.76,0.39,0.36,2026-09-17,0603,N,nominal,2.0NRT,300.36,5.03,D
-2.74215,112.96126,349.43,0.39,0.36,2026-09-17,0603,N,nominal,2.0NRT,302.71,5.03,D
-2.84014,112.31464,356.33,0.4,0.37,2026-09-17,0603,N,nominal,2.0NRT,300.53,14.49,D
-2.19001,116.50417,340.21,0.46,0.39,2026-09-17,0603,N,nominal,2.0NRT,299.41,4.87,D
-2.73776,112.9677,353.35,0.39,0.36,2026-09-17,0603,N,nominal,2.0NRT,304.59,31.54,D
-2.73829,112.96423,347.13,0.39,0.36,2026-09-17,0603,N,nominal,2.0NRT,302.76,10.44,D
-2.83677,112.31412,344.47,0.4,0.37,2026-09-17,0603,N,nominal,2.0NRT,297.15,9.76,D
-2.83731,112.31055,345.91,0.4,0.37,2026-09-17,0603,N,nominal,2.0NRT,299.21,9.02,D
-3.82105,105.55341,367,0.32,0.55,2026-09-17,0603,N,high,2.0NRT,291.99,16.88,D
-2.73443,112.96719,349.72,0.39,0.36,2026-09-17,0603,N,nominal,2.0NRT,302.86,31.54,D
-2.73495,112.96372,337.07,0.39,0.36,2026-09-17,0603,N,nominal,2.0NRT,300.29,10.44,D
-3.81651,105.58549,336.23,0.32,0.55,2026-09-17,0603,N,nominal,2.0NRT,291.82,2.86,D
-3.82146,105.55049,336.49,0.32,0.55,2026-09-17,0603,N,nominal,2.0NRT,288.67,6.47,D
-2.73215,112.95975,367,0.39,0.36,2026-09-17,0603,N,high,2.0NRT,302.52,19.46,D
-1.40263,121.33352,335.27,0.63,0.54,2026-09-17,0603,N,nominal,2.0NRT,290.52,6.05,D
-1.40345,121.32854,330.02,0.62,0.54,2026-09-17,0603,N,nominal,2.0NRT,290.47,6.05,D
-2.74361,112.86179,334.84,0.39,0.36,2026-09-17,0603,N,nominal,2.0NRT,299.23,5.7,D
-2.73922,112.86826,355.47,0.39,0.36,2026-09-17,0603,N,nominal,2.0NRT,309.23,22.14,D
-2.73975,112.86477,354.18,0.39,0.36,2026-09-17,0603,N,nominal,2.0NRT,302.14,29.98,D
-2.74027,112.86129,333.57,0.39,0.36,2026-09-17,0603,N,low,2.0NRT,308.31,29.98,D
-2.73588,112.86775,346.16,0.39,0.36,2026-09-17,0603,N,nominal,2.0NRT,299.06,22.14,D
-3.00952,110.99809,344.98,0.44,0.38,2026-09-17,0603,N,nominal,2.0NRT,305.52,44.31,D
-3.00185,111.00098,344.56,0.44,0.38,2026-09-17,0603,N,nominal,2.0NRT,303.26,15.76,D
-3.00245,110.99703,333.03,0.44,0.38,2026-09-17,0603,N,low,2.0NRT,299.29,15.76,D
-3.82296,105.55291,367,0.32,0.55,2026-09-17,0603,N,high,2.0NRT,291.07,6.64,D
-2.99831,111.00045,351.47,0.44,0.38,2026-09-17,0603,N,nominal,2.0NRT,304.63,52.6,D
-3.00012,110.98862,334.75,0.44,0.38,2026-09-17,0603,N,nominal,2.0NRT,298.83,5.42,D
-3.81774,105.58782,333.24,0.32,0.54,2026-09-17,0603,N,nominal,2.0NRT,291.55,2.57,D
-3.82253,105.55582,338.11,0.32,0.55,2026-09-17,0603,N,nominal,2.0NRT,288.26,6.64,D
-1.40319,121.33208,345.11,0.63,0.54,2026-09-17,0603,N,nominal,2.0NRT,291.41,12.16,D
-2.99478,110.99992,338.6,0.44,0.38,2026-09-17,0603,N,low,2.0NRT,298.84,52.6,D
-2.99839,110.97626,340.67,0.44,0.38,2026-09-17,0603,N,nominal,2.0NRT,300.69,4.56,D
-2.99899,110.97231,332.11,0.44,0.38,2026-09-17,0603,N,low,2.0NRT,301.94,4.56,D
-3.8179,105.5522,340.29,0.32,0.55,2026-09-17,0603,N,nominal,2.0NRT,290.56,6.64,D
-3.77774,105.75298,331.29,0.62,0.54,2026-09-17,0603,N,nominal,2.0NRT,294.39,8.48,D
-3.84714,105.28553,336.34,0.34,0.56,2026-09-17,0603,N,nominal,2.0NRT,290.64,3.61,D
-3.77359,105.74661,334.08,0.62,0.54,2026-09-17,0603,N,nominal,2.0NRT,294.27,11.83,D
-3.77443,105.74099,341.82,0.62,0.54,2026-09-17,0603,N,nominal,2.0NRT,292.15,10.29,D
-3.83728,105.28104,367,0.34,0.56,2026-09-17,0603,N,high,2.0NRT,290.17,15.54,D
-3.76777,105.75154,351.78,0.62,0.54,2026-09-17,0603,N,nominal,2.0NRT,292.33,11.83,D
-3.83773,105.27799,344.52,0.34,0.56,2026-09-17,0603,N,nominal,2.0NRT,289.01,10.03,D
-3.76361,105.7452,341.65,0.62,0.54,2026-09-17,0603,N,nominal,2.0NRT,292.37,13.29,D
-3.78875,105.57481,337.95,0.32,0.55,2026-09-17,0603,N,nominal,2.0NRT,291.23,4.43,D
-3.75945,105.73888,337.05,0.62,0.54,2026-09-17,0603,N,nominal,2.0NRT,291.33,22.68,D
-3.76028,105.73327,341.16,0.62,0.54,2026-09-17,0603,N,nominal,2.0NRT,293.23,22.68,D
-3.78455,105.56829,333.35,0.32,0.55,2026-09-17,0603,N,nominal,2.0NRT,291.8,2.88,D
-3.78498,105.56539,335.95,0.32,0.55,2026-09-17,0603,N,nominal,2.0NRT,292.52,2.88,D
-3.77993,105.56467,367,0.32,0.55,2026-09-17,0603,N,high,2.0NRT,295.6,9.87,D
-3.7795,105.56757,348.86,0.32,0.55,2026-09-17,0603,N,nominal,2.0NRT,292.13,9.87,D
-3.78035,105.56176,332.75,0.32,0.55,2026-09-17,0603,N,nominal,2.0NRT,291.29,6.63,D
-3.8171,105.27506,367,0.34,0.56,2026-09-17,0603,N,high,2.0NRT,290.75,5.02,D
-3.92267,104.55009,367,0.38,0.59,2026-09-17,0603,N,high,2.0NRT,294.69,9.11,D
-3.92317,104.54665,337.09,0.38,0.59,2026-09-17,0603,N,nominal,2.0NRT,294.18,9.11,D
-2.69104,112.7894,341.4,0.39,0.36,2026-09-17,0603,N,nominal,2.0NRT,300.19,16.57,D
-2.6877,112.7889,335.66,0.39,0.36,2026-09-17,0603,N,nominal,2.0NRT,297.25,16.57,D
-2.95766,111.00648,331.65,0.44,0.38,2026-09-17,0603,N,low,2.0NRT,299.52,2.49,D
-2.95826,111.00254,334.65,0.44,0.38,2026-09-17,0603,N,low,2.0NRT,301.71,4.5,D
-2.95413,111.00596,333.75,0.44,0.38,2026-09-17,0603,N,low,2.0NRT,299.54,2.33,D
-3.90393,104.56493,337.59,0.38,0.58,2026-09-17,0603,N,nominal,2.0NRT,291.34,1.71,D
-2.9506,111.00543,336.9,0.44,0.38,2026-09-17,0603,N,low,2.0NRT,297.6,2.33,D
-3.80444,105.217,338.58,0.34,0.56,2026-09-17,0603,N,nominal,2.0NRT,292.69,5.66,D
-2.94766,111.00096,340.43,0.44,0.38,2026-09-17,0603,N,low,2.0NRT,299.57,7.85,D
-2.66692,112.83572,330.37,0.39,0.36,2026-09-17,0603,N,nominal,2.0NRT,298.55,3.24,D
-2.94768,110.97676,330.66,0.44,0.38,2026-09-17,0603,N,low,2.0NRT,296.84,4.29,D
-2.97214,110.81358,339.16,0.45,0.39,2026-09-17,0603,N,low,2.0NRT,301.63,6.29,D
-3.88619,104.57294,337.29,0.38,0.58,2026-09-17,0603,N,nominal,2.0NRT,292.31,4.99,D
-2.96019,110.86909,336.27,0.44,0.39,2026-09-17,0603,N,low,2.0NRT,303.16,9.39,D
-3.88078,104.57214,335.85,0.38,0.58,2026-09-17,0603,N,nominal,2.0NRT,294.06,3.71,D
-3.88127,104.56872,337.3,0.38,0.58,2026-09-17,0603,N,nominal,2.0NRT,292.61,3.71,D
-3.88176,104.5653,337.57,0.38,0.58,2026-09-17,0603,N,nominal,2.0NRT,292.44,3,D
-2.97283,110.76019,335.94,0.45,0.39,2026-09-17,0603,N,low,2.0NRT,300.4,4.88,D
-3.76156,105.36906,345.73,0.33,0.55,2026-09-17,0603,N,nominal,2.0NRT,292.06,9.61,D
-3.76199,105.36606,353,0.33,0.55,2026-09-17,0603,N,nominal,2.0NRT,292.55,8.27,D
-3.97436,103.87296,356.82,0.42,0.61,2026-09-17,0603,N,low,2.0NRT,287.86,16.39,D
-2.65744,112.83073,334.64,0.39,0.36,2026-09-17,0603,N,nominal,2.0NRT,298.77,6.18,D
-2.65797,112.82724,345.42,0.39,0.36,2026-09-17,0603,N,nominal,2.0NRT,295.1,6.18,D
-2.95428,110.86004,340.12,0.44,0.39,2026-09-17,0603,N,low,2.0NRT,304.41,11.62,D
-2.95547,110.85204,334.74,0.44,0.39,2026-09-17,0603,N,low,2.0NRT,302.15,7.51,D
-3.87141,104.5603,330.01,0.38,0.58,2026-09-17,0603,N,nominal,2.0NRT,293.69,4.1,D
-3.96814,103.87603,339.61,0.42,0.61,2026-09-17,0603,N,nominal,2.0NRT,288.06,19.42,D
-3.96869,103.87209,352.78,0.42,0.61,2026-09-17,0603,N,nominal,2.0NRT,292.72,19.42,D
-2.93059,110.99438,342.14,0.44,0.38,2026-09-17,0603,N,low,2.0NRT,300.23,7.01,D
-2.95849,110.80744,343.25,0.45,0.39,2026-09-17,0603,N,nominal,2.0NRT,301.32,9.35,D
-2.95969,110.7994,335.95,0.45,0.39,2026-09-17,0603,N,low,2.0NRT,302.61,6.02,D
-3.86502,104.56638,334.65,0.38,0.58,2026-09-17,0603,N,nominal,2.0NRT,297.12,5.02,D
-3.86551,104.56296,341.98,0.38,0.58,2026-09-17,0603,N,nominal,2.0NRT,296.79,4.1,D
-2.94717,110.85898,339.67,0.44,0.39,2026-09-17,0603,N,low,2.0NRT,303.57,16.46,D
-3.7247,105.51814,339.61,0.32,0.55,2026-09-17,0603,N,nominal,2.0NRT,292.45,5.44,D
-2.63897,112.88493,345.87,0.39,0.36,2026-09-17,0603,N,nominal,2.0NRT,299.57,10.47,D
-2.94361,110.85844,342.85,0.44,0.39,2026-09-17,0603,N,nominal,2.0NRT,304.23,16.46,D
-2.93946,110.86191,342.4,0.44,0.39,2026-09-17,0603,N,low,2.0NRT,304.45,12.68,D
-2.94006,110.85792,338.15,0.44,0.39,2026-09-17,0603,N,low,2.0NRT,302.27,12.68,D
-3.68864,105.69975,343.9,0.63,0.54,2026-09-17,0603,N,nominal,2.0NRT,298.06,12.04,D
-2.93591,110.86138,334.44,0.44,0.39,2026-09-17,0603,N,low,2.0NRT,297.91,12.68,D
-2.94602,110.79325,348,0.45,0.39,2026-09-17,0603,N,nominal,2.0NRT,302.84,13.69,D
-2.9568,110.72059,339.47,0.45,0.39,2026-09-17,0603,N,nominal,2.0NRT,302.54,7.35,D
-3.68364,105.69903,344.71,0.63,0.54,2026-09-17,0603,N,nominal,2.0NRT,296.79,12.04,D
-2.549,113.36643,333.59,0.38,0.36,2026-09-17,0603,N,nominal,2.0NRT,298.3,4.93,D
-2.9435,110.79333,337.76,0.45,0.39,2026-09-17,0603,N,low,2.0NRT,301.6,9.51,D
-2.54621,113.36249,349.19,0.38,0.36,2026-09-17,0603,N,nominal,2.0NRT,297.12,4.93,D
-2.54236,113.36543,345.38,0.38,0.36,2026-09-17,0603,N,nominal,2.0NRT,295.22,4.12,D
-2.54289,113.36198,346.55,0.38,0.36,2026-09-17,0603,N,nominal,2.0NRT,297.95,4.12,D
-2.53904,113.36493,342.35,0.38,0.36,2026-09-17,0603,N,nominal,2.0NRT,295.96,4.12,D
-2.53957,113.36148,330.89,0.38,0.36,2026-09-17,0603,N,nominal,2.0NRT,295.74,4.12,D
-2.89824,110.99388,337.52,0.44,0.38,2026-09-17,0603,N,low,2.0NRT,298.74,4.61,D
-3.97193,103.87235,346.27,0.42,0.61,2026-09-17,0603,N,nominal,2.0NRT,294.15,52.54,D
-3.97252,103.8684,333.07,0.42,0.61,2026-09-17,0603,N,nominal,2.0NRT,291.48,10.33,D
-2.89238,110.98495,344.02,0.44,0.38,2026-09-17,0603,N,nominal,2.0NRT,299.81,13.25,D
-3.7207,105.51859,332.19,0.32,0.55,2026-09-17,0603,N,nominal,2.0NRT,292.32,3.54,D
-3.72114,105.51567,333.52,0.32,0.55,2026-09-17,0603,N,nominal,2.0NRT,292.17,3.06,D
-3.86317,104.56508,330.22,0.38,0.58,2026-09-17,0603,N,nominal,2.0NRT,297.18,5.68,D
-3.68875,105.69769,347.56,0.62,0.54,2026-09-17,0603,N,nominal,2.0NRT,297.63,11.2,D
-3.72706,105.44143,330.61,0.33,0.55,2026-09-17,0603,N,nominal,2.0NRT,288.42,2.67,D
-3.72928,105.42661,338.93,0.33,0.55,2026-09-17,0603,N,nominal,2.0NRT,288.98,4.37,D
-2.92725,110.70847,335.27,0.45,0.39,2026-09-17,0603,N,low,2.0NRT,305.17,10.64,D
-2.92786,110.70441,341.97,0.45,0.39,2026-09-17,0603,N,low,2.0NRT,304.64,8.47,D
-3.68375,105.69698,347.47,0.62,0.54,2026-09-17,0603,N,nominal,2.0NRT,295.98,13.42,D
-3.83079,104.7089,336.5,0.37,0.58,2026-09-17,0603,N,nominal,2.0NRT,292.11,3.52,D
-2.87224,111.04617,341.03,0.44,0.38,2026-09-17,0603,N,nominal,2.0NRT,299.78,9.75,D
-2.87522,111.02658,337.82,0.44,0.38,2026-09-17,0603,N,low,2.0NRT,299.42,6.82,D
-2.92428,110.70388,345.38,0.45,0.39,2026-09-17,0603,N,nominal,2.0NRT,305.2,8.47,D
-2.92193,110.69524,332.02,0.45,0.39,2026-09-17,0603,N,low,2.0NRT,303.77,6.22,D
-2.84629,111.16962,347.22,0.43,0.38,2026-09-17,0603,N,low,2.0NRT,298.46,21.85,D
-2.91835,110.6947,342.71,0.45,0.39,2026-09-17,0603,N,low,2.0NRT,302.97,6.22,D
-2.9202,110.68253,340.94,0.45,0.39,2026-09-17,0603,N,low,2.0NRT,301.78,10.11,D
-1.52333,119.7242,330.06,0.48,0.48,2026-09-17,0603,N,nominal,2.0NRT,293.24,3.65,D
-2.8422,111.17297,345.46,0.43,0.38,2026-09-17,0603,N,low,2.0NRT,304.01,23.29,D
-2.84279,111.16911,345.74,0.43,0.38,2026-09-17,0603,N,low,2.0NRT,300.11,8.52,D
-1.2031,121.68956,336.75,0.33,0.56,2026-09-17,0603,N,nominal,2.0NRT,293.02,3.45,D
-3.65043,105.71536,332.76,0.62,0.54,2026-09-17,0603,N,nominal,2.0NRT,298.07,18.53,D
-2.85525,111.01561,334.76,0.44,0.38,2026-09-17,0603,N,nominal,2.0NRT,297.75,3.61,D
-3.64544,105.71464,355.29,0.62,0.54,2026-09-17,0603,N,nominal,2.0NRT,300.15,18.53,D
-2.8282,111.17086,367,0.43,0.38,2026-09-17,0603,N,high,2.0NRT,303.05,229.04,D
-3.90679,103.88206,367,0.42,0.61,2026-09-17,0603,N,high,2.0NRT,294.74,12.63,D
-3.90111,103.88133,344.17,0.42,0.61,2026-09-17,0603,N,nominal,2.0NRT,291.63,12.63,D
-3.77328,104.69051,347.91,0.37,0.58,2026-09-17,0603,N,nominal,2.0NRT,290.46,5.32,D
-3.7728,104.69385,357.17,0.37,0.58,2026-09-17,0603,N,low,2.0NRT,287.22,5.32,D
-1.1718,121.65545,330.32,0.33,0.55,2026-09-17,0603,N,nominal,2.0NRT,289.65,1.76,D
-1.09223,122.11427,367,0.36,0.57,2026-09-17,0603,N,high,2.0NRT,296.13,14.72,D
-1.09262,122.11182,354.2,0.36,0.57,2026-09-17,0603,N,nominal,2.0NRT,295.85,8.59,D
-2.55617,112.82906,341.9,0.39,0.36,2026-09-17,0603,N,nominal,2.0NRT,303.37,5.8,D
-1.0871,122.11249,367,0.36,0.57,2026-09-17,0603,N,high,2.0NRT,296.22,14.72,D
-1.08668,122.11503,354.14,0.36,0.57,2026-09-17,0603,N,nominal,2.0NRT,293.5,14.72,D
-1.08749,122.11005,331.13,0.36,0.57,2026-09-17,0603,N,nominal,2.0NRT,293.31,8.59,D
-1.08786,122.10774,333.07,0.36,0.57,2026-09-17,0603,N,nominal,2.0NRT,292.89,8.59,D
-2.82233,110.99464,335.37,0.44,0.38,2026-09-17,0603,N,nominal,2.0NRT,294.24,2.19,D
-2.8188,110.99409,347.35,0.44,0.38,2026-09-17,0603,N,nominal,2.0NRT,295.64,13.87,D
-3.74034,104.61377,331.31,0.37,0.58,2026-09-17,0603,N,nominal,2.0NRT,290.73,2.27,D
-2.81702,110.95761,339.29,0.44,0.38,2026-09-17,0603,N,nominal,2.0NRT,303.12,7.4,D
-2.02528,116.10723,337.46,0.44,0.39,2026-09-17,0603,N,nominal,2.0NRT,296.49,3.53,D
-2.81173,110.96889,337.27,0.44,0.38,2026-09-17,0603,N,low,2.0NRT,306.87,62.49,D
-2.81232,110.96497,343.31,0.44,0.38,2026-09-17,0603,N,low,2.0NRT,303.54,7.31,D
-2.8129,110.96104,336.94,0.44,0.38,2026-09-17,0603,N,low,2.0NRT,303.14,7.31,D
-2.8082,110.96838,347.45,0.44,0.38,2026-09-17,0603,N,low,2.0NRT,299,8.23,D
-2.80878,110.96445,344.16,0.44,0.38,2026-09-17,0603,N,low,2.0NRT,302.38,7,D
-2.80937,110.96052,330.71,0.44,0.38,2026-09-17,0603,N,low,2.0NRT,299.84,7,D
-2.82231,110.87335,336.41,0.44,0.39,2026-09-17,0603,N,low,2.0NRT,304.28,7.85,D
-2.80466,110.96786,338.18,0.44,0.38,2026-09-17,0603,N,nominal,2.0NRT,299.76,8.23,D
-2.80525,110.96393,353.82,0.44,0.38,2026-09-17,0603,N,nominal,2.0NRT,304.89,7,D
-2.80866,110.96861,351.62,0.44,0.38,2026-09-17,0603,N,low,2.0NRT,298.1,11.69,D
-2.80926,110.96469,344.79,0.44,0.38,2026-09-17,0603,N,low,2.0NRT,302.64,7.3,D
-2.80986,110.96077,334.4,0.44,0.38,2026-09-17,0603,N,low,2.0NRT,300.92,7.3,D
-2.82324,110.87373,333.97,0.44,0.38,2026-09-17,0603,N,low,2.0NRT,304.07,7.58,D
-2.80512,110.96809,334.58,0.44,0.38,2026-09-17,0603,N,low,2.0NRT,298.79,11.69,D
-2.80633,110.96024,336.66,0.44,0.38,2026-09-17,0603,N,low,2.0NRT,300.62,7.3,D
-2.80159,110.96757,338.98,0.44,0.38,2026-09-17,0603,N,low,2.0NRT,299.74,11.93,D
-2.81858,110.8568,347.1,0.44,0.39,2026-09-17,0603,N,low,2.0NRT,301.01,25.68,D
-2.79746,110.97095,347.93,0.44,0.38,2026-09-17,0603,N,low,2.0NRT,298.25,11.93,D
-2.78394,110.96492,334.33,0.44,0.38,2026-09-17,0603,N,low,2.0NRT,294.04,67.07,D
-2.86535,110.43097,332.77,0.46,0.39,2026-09-17,0603,N,low,2.0NRT,300.09,4.59,D
-2.86172,110.43043,350.78,0.46,0.39,2026-09-17,0603,N,nominal,2.0NRT,304.63,14.86,D
-2.86235,110.42626,339.36,0.46,0.39,2026-09-17,0603,N,low,2.0NRT,302.72,7.44,D
-2.87126,110.36772,345.99,0.47,0.39,2026-09-17,0603,N,low,2.0NRT,303.35,6.6,D
-2.85809,110.4299,335.53,0.46,0.39,2026-09-17,0603,N,nominal,2.0NRT,299.29,14.86,D
-2.85873,110.42574,330.15,0.46,0.39,2026-09-17,0603,N,low,2.0NRT,300.88,7.44,D
-2.86699,110.37138,333.45,0.47,0.39,2026-09-17,0603,N,low,2.0NRT,298.24,8.96,D
-2.86762,110.36718,332.25,0.47,0.39,2026-09-17,0603,N,low,2.0NRT,300.17,6.6,D
-2.86399,110.36665,347.26,0.47,0.39,2026-09-17,0603,N,nominal,2.0NRT,307.3,26.12,D
-2.79814,110.77619,350.7,0.45,0.39,2026-09-17,0603,N,nominal,2.0NRT,302.05,11.22,D
-2.79875,110.77218,343.26,0.45,0.39,2026-09-17,0603,N,nominal,2.0NRT,298.65,11.22,D
-2.8629,110.3493,341.1,0.47,0.4,2026-09-17,0603,N,low,2.0NRT,301.5,7.68,D
-3.70523,104.72721,342.98,0.36,0.58,2026-09-17,0603,N,nominal,2.0NRT,291.77,4.95,D
-2.79458,110.77567,347.31,0.45,0.39,2026-09-17,0603,N,nominal,2.0NRT,302.64,16.94,D
-3.54045,105.80589,345.14,0.61,0.53,2026-09-17,0603,N,nominal,2.0NRT,293.61,7.11,D
-3.66587,104.95737,339.32,0.35,0.57,2026-09-17,0603,N,nominal,2.0NRT,293.63,3.3,D
-2.78928,110.76256,340.79,0.45,0.39,2026-09-17,0603,N,low,2.0NRT,304.2,12.17,D
-3.69602,104.67832,335.8,0.37,0.58,2026-09-17,0603,N,nominal,2.0NRT,294.03,4.86,D
-2.78632,110.758,367,0.45,0.39,2026-09-17,0603,N,high,2.0NRT,303.45,32.21,D
-2.78571,110.76202,331.35,0.45,0.39,2026-09-17,0603,N,nominal,2.0NRT,302.24,12.17,D
-2.84643,110.35974,346.54,0.47,0.39,2026-09-17,0603,N,nominal,2.0NRT,304.91,9.03,D
-2.84215,110.3634,367,0.47,0.39,2026-09-17,0603,N,high,2.0NRT,307.1,13.47,D
-1.93847,116.27482,331.58,0.45,0.39,2026-09-17,0603,N,nominal,2.0NRT,291.04,2.32,D
-2.84152,110.36759,339.2,0.47,0.39,2026-09-17,0603,N,nominal,2.0NRT,302.9,17.61,D
-2.84279,110.3592,336.7,0.47,0.39,2026-09-17,0603,N,nominal,2.0NRT,303.44,13.47,D
-3.54539,105.63435,340.62,0.63,0.54,2026-09-17,0603,N,nominal,2.0NRT,293.32,3.09,D
-1.95801,116.12558,367,0.44,0.39,2026-09-17,0603,N,high,2.0NRT,304.14,29.06,D
-2.82782,110.43396,333.3,0.46,0.39,2026-09-17,0603,N,nominal,2.0NRT,302.99,4.37,D
-2.82845,110.42978,355.19,0.46,0.39,2026-09-17,0603,N,nominal,2.0NRT,303.62,7.76,D
-2.82908,110.42561,335.59,0.46,0.39,2026-09-17,0603,N,nominal,2.0NRT,301.14,7.76,D
-2.83789,110.36704,347.14,0.47,0.39,2026-09-17,0603,N,nominal,2.0NRT,304.45,17.61,D
-2.83852,110.36285,349.52,0.47,0.39,2026-09-17,0603,N,nominal,2.0NRT,306.15,13.47,D
-2.83915,110.35866,352.38,0.47,0.39,2026-09-17,0603,N,nominal,2.0NRT,309.15,13.47,D
-3.8039,103.81977,333.19,0.42,0.61,2026-09-17,0603,N,nominal,2.0NRT,294.84,4.95,D
-3.83734,103.58778,331.86,0.44,0.62,2026-09-17,0603,N,nominal,2.0NRT,293.42,7.75,D
-2.82482,110.42924,345.4,0.46,0.39,2026-09-17,0603,N,nominal,2.0NRT,298.75,22.94,D
-2.82545,110.42506,344.73,0.46,0.39,2026-09-17,0603,N,nominal,2.0NRT,302.15,22.94,D
-2.83425,110.36651,345.64,0.47,0.39,2026-09-17,0603,N,low,2.0NRT,302.63,38.73,D
-2.83488,110.36231,353.05,0.47,0.39,2026-09-17,0603,N,low,2.0NRT,319.74,55.92,D
-2.83551,110.35812,342.22,0.47,0.39,2026-09-17,0603,N,low,2.0NRT,305.88,55.92,D
-2.83187,110.35758,341.99,0.47,0.39,2026-09-17,0603,N,low,2.0NRT,310.54,55.92,D
-3.5221,105.68903,345.76,0.62,0.54,2026-09-17,0603,N,nominal,2.0NRT,295,5.86,D
-3.52622,105.66067,342.38,0.63,0.54,2026-09-17,0603,N,nominal,2.0NRT,295.04,17.17,D
-3.52705,105.65498,342.26,0.63,0.54,2026-09-17,0603,N,nominal,2.0NRT,294.81,9.04,D
-3.52788,105.64931,338.65,0.63,0.54,2026-09-17,0603,N,nominal,2.0NRT,296.6,9.04,D
-3.51629,105.69392,333.9,0.62,0.54,2026-09-17,0603,N,nominal,2.0NRT,294.42,7.23,D
-2.82145,110.37746,348.62,0.47,0.39,2026-09-17,0603,N,nominal,2.0NRT,303.94,13.84,D
-1.89527,116.41032,333.66,0.46,0.39,2026-09-17,0603,N,nominal,2.0NRT,286.15,4.09,D
-1.01989,121.867,344.78,0.34,0.56,2026-09-17,0603,N,nominal,2.0NRT,290.85,2.13,D
-3.15865,108.04815,343.42,0.43,0.46,2026-09-17,0603,N,nominal,2.0NRT,294.9,7.09,D
-3.50051,105.69746,343.85,0.62,0.54,2026-09-17,0603,N,nominal,2.0NRT,296.65,13.62,D
-3.50459,105.66917,333.73,0.62,0.54,2026-09-17,0603,N,nominal,2.0NRT,294.01,7.37,D
-3.64241,104.67075,367,0.37,0.58,2026-09-17,0603,N,high,2.0NRT,293.01,18.21,D
-3.64337,104.66406,367,0.37,0.58,2026-09-17,0603,N,high,2.0NRT,294.99,10.89,D
-3.49552,105.69677,339.63,0.62,0.54,2026-09-17,0603,N,nominal,2.0NRT,294.69,14.43,D
-3.57625,105.13394,345.07,0.34,0.56,2026-09-17,0603,N,nominal,2.0NRT,291.83,6.95,D
-3.64289,104.6674,340.37,0.37,0.58,2026-09-17,0603,N,nominal,2.0NRT,291.2,10.89,D
-2.80317,110.4004,348.07,0.46,0.39,2026-09-17,0603,N,nominal,2.0NRT,303.11,7.84,D
-3.49054,105.69607,348.73,0.62,0.54,2026-09-17,0603,N,nominal,2.0NRT,294.82,14.43,D
-3.638,104.66332,353.74,0.37,0.58,2026-09-17,0603,N,nominal,2.0NRT,294.36,10.89,D
-2.79954,110.39986,351.94,0.46,0.39,2026-09-17,0603,N,nominal,2.0NRT,306.38,17.33,D
-2.74593,110.73555,367,0.45,0.39,2026-09-17,0603,N,high,2.0NRT,303.05,14.41,D
-1.89654,116.28503,337.23,0.45,0.39,2026-09-17,0603,N,nominal,2.0NRT,293.68,5.3,D
-2.74533,110.73957,344.27,0.45,0.39,2026-09-17,0603,N,nominal,2.0NRT,300.66,18.36,D
-2.79591,110.39932,335.49,0.46,0.39,2026-09-17,0603,N,low,2.0NRT,299.88,17.33,D
-3.75581,103.74921,337.01,0.43,0.62,2026-09-17,0603,N,nominal,2.0NRT,293.19,2.82,D
-2.81036,110.27675,351.68,0.47,0.4,2026-09-17,0603,N,nominal,2.0NRT,304.89,12.08,D
-2.70449,110.96513,347.81,0.44,0.38,2026-09-17,0603,N,nominal,2.0NRT,306.07,5.54,D
-2.70508,110.96119,332.82,0.44,0.38,2026-09-17,0603,N,nominal,2.0NRT,304.25,5.54,D
-2.73819,110.73851,342.81,0.45,0.39,2026-09-17,0603,N,low,2.0NRT,302.71,14.89,D
-2.73879,110.73448,341.8,0.45,0.39,2026-09-17,0603,N,low,2.0NRT,301.02,9.8,D
-2.80671,110.27621,350.66,0.47,0.4,2026-09-17,0603,N,nominal,2.0NRT,304.69,12.08,D
-2.70155,110.96066,331.52,0.44,0.38,2026-09-17,0603,N,low,2.0NRT,302.8,5.56,D
-2.73522,110.73396,345.12,0.45,0.39,2026-09-17,0603,N,low,2.0NRT,309.8,57.59,D
-2.80305,110.27567,347.85,0.47,0.4,2026-09-17,0603,N,nominal,2.0NRT,304.32,8.61,D
-2.7994,110.27512,337.48,0.47,0.4,2026-09-17,0603,N,nominal,2.0NRT,302.47,8.61,D
-2.70147,110.96091,330.48,0.44,0.38,2026-09-17,0603,N,low,2.0NRT,302.01,5.09,D
-2.73567,110.73853,340.46,0.45,0.39,2026-09-17,0603,N,low,2.0NRT,305.77,12.68,D
-2.73629,110.73451,342.92,0.45,0.39,2026-09-17,0603,N,nominal,2.0NRT,312.15,36.93,D
-2.80667,110.27706,346.68,0.47,0.4,2026-09-17,0603,N,nominal,2.0NRT,304.98,15.03,D
-2.73272,110.73399,340.44,0.45,0.39,2026-09-17,0603,N,nominal,2.0NRT,300.58,36.93,D
-2.80301,110.27652,343.39,0.47,0.4,2026-09-17,0603,N,nominal,2.0NRT,304.65,15.03,D
-2.79936,110.27599,335.16,0.47,0.4,2026-09-17,0603,N,nominal,2.0NRT,302.5,3.64,D
-3.49945,105.70081,339.57,0.62,0.54,2026-09-17,0603,N,nominal,2.0NRT,294.13,12.19,D
-3.50374,105.67257,334.55,0.62,0.54,2026-09-17,0603,N,nominal,2.0NRT,295.82,9.61,D
-2.79571,110.27544,334.12,0.47,0.4,2026-09-17,0603,N,nominal,2.0NRT,301.74,3.64,D
-3.49532,105.69447,345.35,0.62,0.54,2026-09-17,0603,N,nominal,2.0NRT,294.79,12.19,D
-2.71834,110.75645,348.2,0.45,0.39,2026-09-17,0603,N,low,2.0NRT,301.04,12.86,D
-2.71895,110.75244,348.15,0.45,0.39,2026-09-17,0603,N,nominal,2.0NRT,300.28,12.86,D
-3.49034,105.69378,345.25,0.62,0.54,2026-09-17,0603,N,nominal,2.0NRT,293.76,20.43,D
-3.5752,105.132,330.38,0.34,0.56,2026-09-17,0603,N,nominal,2.0NRT,290.71,4.39,D
-3.64484,104.66975,344.81,0.37,0.58,2026-09-17,0603,N,nominal,2.0NRT,291.72,8.88,D
-3.64534,104.66643,346.74,0.37,0.58,2026-09-17,0603,N,nominal,2.0NRT,291.49,6.25,D
-3.64584,104.66311,348.74,0.37,0.58,2026-09-17,0603,N,nominal,2.0NRT,293.09,6.25,D
-2.71355,110.76393,338.84,0.45,0.39,2026-09-17,0603,N,low,2.0NRT,299.63,13.78,D
-2.71538,110.75192,346.86,0.45,0.39,2026-09-17,0603,N,low,2.0NRT,301.44,12.86,D
-3.63947,104.66904,355.62,0.37,0.58,2026-09-17,0603,N,nominal,2.0NRT,291.08,8.88,D
-3.63997,104.6657,344.97,0.37,0.58,2026-09-17,0603,N,nominal,2.0NRT,292.56,6.25,D
-3.64047,104.66236,341.61,0.37,0.58,2026-09-17,0603,N,nominal,2.0NRT,292.88,6.25,D
-2.70937,110.76741,343.34,0.45,0.39,2026-09-17,0603,N,low,2.0NRT,299.53,24.79,D
-3.63511,104.66163,346.08,0.37,0.58,2026-09-17,0603,N,nominal,2.0NRT,294.41,8.39,D
-2.57666,111.59003,330.93,0.41,0.37,2026-09-17,0603,N,nominal,2.0NRT,294.12,3.43,D
-2.70164,110.77036,335.14,0.45,0.39,2026-09-17,0603,N,nominal,2.0NRT,299.97,6.78,D
-2.69808,110.76983,367,0.45,0.39,2026-09-17,0603,N,high,2.0NRT,302.87,6.78,D
-2.69869,110.76582,339.26,0.45,0.39,2026-09-17,0603,N,nominal,2.0NRT,299.48,6.78,D
-2.72514,110.59201,330.33,0.45,0.39,2026-09-17,0603,N,nominal,2.0NRT,296.22,2.69,D
-3.75391,103.74873,345.14,0.43,0.62,2026-09-17,0603,N,nominal,2.0NRT,293.25,3.49,D
-2.69452,110.76931,348.18,0.45,0.39,2026-09-17,0603,N,nominal,2.0NRT,301.97,8.18,D
-2.70245,110.71714,331.85,0.45,0.39,2026-09-17,0603,N,low,2.0NRT,304.26,9.22,D
-2.69096,110.76877,339.26,0.45,0.39,2026-09-17,0603,N,nominal,2.0NRT,299.05,8.18,D
-1.04335,121.40897,356.12,0.32,0.55,2026-09-17,0603,N,nominal,2.0NRT,289.56,3.61,D
-1.82987,116.37135,334.89,0.46,0.39,2026-09-17,0603,N,nominal,2.0NRT,296.06,4.37,D
-2.75644,110.31276,332.63,0.47,0.4,2026-09-17,0603,N,low,2.0NRT,302.51,5.98,D
-2.75216,110.31644,335.52,0.47,0.4,2026-09-17,0603,N,low,2.0NRT,303.01,5.98,D
-2.7528,110.31222,351.06,0.47,0.4,2026-09-17,0603,N,nominal,2.0NRT,304.08,5.98,D
-3.55479,104.91061,335.58,0.35,0.57,2026-09-17,0603,N,nominal,2.0NRT,295.62,6.39,D
-2.61385,111.18225,337.86,0.43,0.38,2026-09-17,0603,N,low,2.0NRT,302.29,33.21,D
-3.5786,104.71124,335.25,0.36,0.58,2026-09-17,0603,N,nominal,2.0NRT,292.39,3.37,D
-2.73219,110.30055,341.98,0.47,0.4,2026-09-17,0603,N,nominal,2.0NRT,302.97,9.02,D
-3.47371,105.21155,347.66,0.33,0.56,2026-09-17,0603,N,nominal,2.0NRT,291.06,4.38,D
-2.69834,110.40263,347.16,0.46,0.39,2026-09-17,0603,N,nominal,2.0NRT,300.59,15.28,D
-3.45869,105.20629,349.21,0.34,0.56,2026-09-17,0603,N,nominal,2.0NRT,291.65,7.82,D
-2.69471,110.40208,367,0.46,0.39,2026-09-17,0603,N,high,2.0NRT,305.96,15.28,D
-3.02621,108.15733,336.98,0.42,0.45,2026-09-17,0603,N,nominal,2.0NRT,295.29,3.7,D
-2.69109,110.40154,334.89,0.46,0.39,2026-09-17,0603,N,nominal,2.0NRT,302.01,4.87,D
-2.68808,110.39684,343.42,0.46,0.39,2026-09-17,0603,N,nominal,2.0NRT,298.38,4.87,D
-2.6887,110.39267,354.59,0.46,0.39,2026-09-17,0603,N,nominal,2.0NRT,303.54,35.81,D
-2.71181,110.23698,333.65,0.47,0.4,2026-09-17,0603,N,low,2.0NRT,298.07,5.1,D
-2.68507,110.39214,348.03,0.46,0.39,2026-09-17,0603,N,nominal,2.0NRT,298.77,24.56,D
-2.63674,110.60915,336.91,0.45,0.39,2026-09-17,0603,N,nominal,2.0NRT,296.22,6.34,D
-3.4574,105.20581,348.34,0.33,0.56,2026-09-17,0603,N,nominal,2.0NRT,291.28,6.83,D
-2.63658,110.53825,335.51,0.46,0.39,2026-09-17,0603,N,nominal,2.0NRT,299.31,7.31,D
-2.63721,110.53414,347.61,0.46,0.39,2026-09-17,0603,N,low,2.0NRT,300.59,7.31,D
-2.63298,110.5377,356.92,0.46,0.39,2026-09-17,0603,N,nominal,2.0NRT,303.16,7.31,D
-2.63361,110.53361,331.82,0.46,0.39,2026-09-17,0603,N,low,2.0NRT,301.66,7.31,D
-2.62939,110.53716,348.93,0.46,0.39,2026-09-17,0603,N,nominal,2.0NRT,303.73,8.37,D
-2.62579,110.53664,343.88,0.46,0.39,2026-09-17,0603,N,nominal,2.0NRT,297.34,8.37,D
-3.47582,104.87002,330.93,0.35,0.57,2026-09-17,0603,N,nominal,2.0NRT,291.56,3.68,D
-3.47629,104.86682,339.36,0.35,0.57,2026-09-17,0603,N,nominal,2.0NRT,291.74,3.68,D
-3.46959,104.87571,367,0.35,0.57,2026-09-17,0603,N,high,2.0NRT,295.1,10.77,D
-3.47006,104.8725,367,0.35,0.57,2026-09-17,0603,N,high,2.0NRT,295.25,10.77,D
-2.66476,110.23149,334.15,0.47,0.4,2026-09-17,0603,N,low,2.0NRT,297.07,2.96,D
-3.46911,104.87892,334.62,0.35,0.57,2026-09-17,0603,N,nominal,2.0NRT,292.52,7.04,D
-3.47054,104.86929,333.94,0.35,0.57,2026-09-17,0603,N,nominal,2.0NRT,294.91,3.68,D
-3.47102,104.86607,338.57,0.35,0.57,2026-09-17,0603,N,nominal,2.0NRT,292.77,3.68,D
-3.47149,104.86287,334.31,0.35,0.57,2026-09-17,0603,N,nominal,2.0NRT,291.2,4.3,D
-0.67395,123.07516,367,0.42,0.61,2026-09-17,0603,N,high,2.0NRT,301.97,20.8,D
-3.46622,104.86211,367,0.35,0.57,2026-09-17,0603,N,high,2.0NRT,293.99,8.15,D
-2.64703,110.32376,334.23,0.47,0.39,2026-09-17,0603,N,low,2.0NRT,298.8,5.28,D
-3.46242,104.88777,351.06,0.35,0.57,2026-09-17,0603,N,nominal,2.0NRT,294.98,4.52,D
-3.46289,104.88458,337.81,0.35,0.57,2026-09-17,0603,N,nominal,2.0NRT,294.88,4.52,D
-3.46337,104.88139,330.61,0.35,0.57,2026-09-17,0603,N,nominal,2.0NRT,293.68,5.48,D
-3.46384,104.87818,350.97,0.35,0.57,2026-09-17,0603,N,nominal,2.0NRT,295.19,5.48,D
-3.46432,104.87497,335.63,0.35,0.57,2026-09-17,0603,N,nominal,2.0NRT,294.46,9.69,D
-3.46527,104.86852,331.85,0.35,0.57,2026-09-17,0603,N,nominal,2.0NRT,295.24,7,D
-3.46574,104.86533,336.48,0.35,0.57,2026-09-17,0603,N,nominal,2.0NRT,295.44,7,D
-3.46094,104.86134,367,0.35,0.57,2026-09-17,0603,N,high,2.0NRT,294.26,8.15,D
-2.64276,110.32742,334.77,0.47,0.39,2026-09-17,0603,N,low,2.0NRT,298.56,5.28,D
-2.6434,110.32323,334.17,0.47,0.39,2026-09-17,0603,N,low,2.0NRT,298.86,5.28,D
-3.46047,104.86456,340.15,0.35,0.57,2026-09-17,0603,N,nominal,2.0NRT,294.77,7,D
-3.46142,104.85813,336.41,0.35,0.57,2026-09-17,0603,N,nominal,2.0NRT,289.4,8.15,D
-3.4638,104.84198,330.13,0.35,0.57,2026-09-17,0603,N,nominal,2.0NRT,289.25,2.88,D
-2.57541,110.72383,356.51,0.45,0.39,2026-09-17,0603,N,nominal,2.0NRT,303.53,13.57,D
-3.49589,104.54962,330.91,0.37,0.58,2026-09-17,0603,N,nominal,2.0NRT,288.59,2.63,D
-3.4437,104.86876,367,0.35,0.57,2026-09-17,0603,N,high,2.0NRT,295.48,15.23,D
-3.46947,104.69266,367,0.36,0.58,2026-09-17,0603,N,high,2.0NRT,292.64,49.52,D
-3.49049,104.54888,367,0.37,0.58,2026-09-17,0603,N,high,2.0NRT,290.6,12.47,D
-2.64265,110.2542,330.24,0.47,0.4,2026-09-17,0603,N,low,2.0NRT,297.93,15.75,D
-2.64393,110.2457,331.26,0.47,0.4,2026-09-17,0603,N,low,2.0NRT,297.01,4.68,D
-2.95188,108.19333,341.41,0.42,0.45,2026-09-17,0603,N,nominal,2.0NRT,294.69,5.63,D
-3.36055,105.43558,330.11,0.32,0.55,2026-09-17,0603,N,nominal,2.0NRT,292.01,4.03,D
-3.36098,105.43265,333.12,0.32,0.55,2026-09-17,0603,N,nominal,2.0NRT,292.06,4.03,D
-3.44323,104.87197,347.98,0.35,0.57,2026-09-17,0603,N,nominal,2.0NRT,290.88,15.23,D
-3.44418,104.86552,339.59,0.35,0.57,2026-09-17,0603,N,nominal,2.0NRT,292.86,7.78,D
-3.49,104.55225,333.89,0.37,0.58,2026-09-17,0603,N,nominal,2.0NRT,291.95,7.92,D
-3.43843,104.868,367,0.35,0.57,2026-09-17,0603,N,high,2.0NRT,294.56,15.23,D
-3.4389,104.86478,367,0.35,0.57,2026-09-17,0603,N,high,2.0NRT,293.11,7.78,D
-2.63836,110.25789,351.17,0.47,0.4,2026-09-17,0603,N,low,2.0NRT,304.1,15.75,D
-3.35591,105.43192,352.11,0.32,0.55,2026-09-17,0603,N,nominal,2.0NRT,291.27,4.03,D
-3.35634,105.42899,345.02,0.32,0.55,2026-09-17,0603,N,nominal,2.0NRT,291.07,5.78,D
-3.43937,104.86156,330.76,0.35,0.57,2026-09-17,0603,N,nominal,2.0NRT,292.57,7.78,D
-3.43363,104.86402,367,0.35,0.57,2026-09-17,0603,N,high,2.0NRT,293.53,5.99,D
-3.4341,104.86082,338.45,0.35,0.57,2026-09-17,0603,N,nominal,2.0NRT,293.45,5.99,D
-3.42402,104.85606,367,0.35,0.57,2026-09-17,0603,N,high,2.0NRT,293.84,9.56,D
-3.42308,104.86251,342.83,0.35,0.57,2026-09-17,0603,N,nominal,2.0NRT,293.49,8.17,D
-3.42355,104.85929,346.8,0.35,0.57,2026-09-17,0603,N,nominal,2.0NRT,293.16,8.17,D
-3.42449,104.85284,342.31,0.35,0.57,2026-09-17,0603,N,nominal,2.0NRT,291.21,9.56,D
-3.41874,104.85532,367,0.35,0.57,2026-09-17,0603,N,high,2.0NRT,291.68,9.56,D
-0.62516,123.05273,333.79,0.42,0.61,2026-09-17,0603,N,nominal,2.0NRT,294.19,2.35,D
-0.62575,123.04911,328.93,0.42,0.61,2026-09-17,0603,N,nominal,2.0NRT,294.42,2.35,D
-3.41828,104.85854,342.9,0.35,0.57,2026-09-17,0603,N,nominal,2.0NRT,291.08,8.17,D
-3.41921,104.8521,342.68,0.35,0.57,2026-09-17,0603,N,nominal,2.0NRT,290.59,9.56,D
-1.68432,116.32916,335.6,0.46,0.39,2026-09-17,0603,N,nominal,2.0NRT,292.2,6.74,D
-2.87711,108.25455,341.05,0.41,0.45,2026-09-17,0603,N,nominal,2.0NRT,296.29,5.23,D
-2.87767,108.25085,340.91,0.41,0.45,2026-09-17,0603,N,nominal,2.0NRT,295.82,5.23,D
-2.95003,107.60141,340.81,0.45,0.47,2026-09-17,0603,N,nominal,2.0NRT,295.98,9.63,D
-2.95065,107.59729,336.95,0.45,0.47,2026-09-17,0603,N,nominal,2.0NRT,294.65,4.68,D
-3.26827,105.33348,330.16,0.33,0.55,2026-09-17,0603,N,nominal,2.0NRT,291.72,2.82,D
-2.49317,110.45456,339.86,0.46,0.39,2026-09-17,0603,N,nominal,2.0NRT,296.35,5.7,D
-2.48956,110.45402,347.61,0.46,0.39,2026-09-17,0603,N,low,2.0NRT,296.28,63.14,D
-2.47487,110.52735,348.55,0.45,0.39,2026-09-17,0603,N,low,2.0NRT,300.08,14.04,D
-2.47988,110.46941,334.89,0.46,0.39,2026-09-17,0603,N,low,2.0NRT,294.46,13.32,D
-2.8454,108.01134,353.54,0.42,0.46,2026-09-17,0603,N,nominal,2.0NRT,298.2,21.36,D
-3.04812,106.53346,342.11,0.54,0.51,2026-09-17,0603,N,nominal,2.0NRT,292.25,19.55,D
-2.45873,110.51238,332.54,0.45,0.39,2026-09-17,0603,N,low,2.0NRT,300.2,6.85,D
-3.30275,104.69136,350.47,0.36,0.57,2026-09-17,0603,N,nominal,2.0NRT,291.53,11.98,D
-3.30322,104.68806,354.23,0.36,0.58,2026-09-17,0603,N,nominal,2.0NRT,293.01,11.98,D
-2.43359,110.52587,333.28,0.45,0.39,2026-09-17,0603,N,low,2.0NRT,297.52,8.64,D
-2.47558,110.25255,341.21,0.47,0.4,2026-09-17,0603,N,low,2.0NRT,302.87,6.72,D
-2.47622,110.24834,333.45,0.47,0.4,2026-09-17,0603,N,low,2.0NRT,300.86,6.72,D
-3.04602,106.53509,348.54,0.54,0.5,2026-09-17,0603,N,nominal,2.0NRT,293.39,16.39,D
-2.47258,110.24781,343.44,0.47,0.4,2026-09-17,0603,N,nominal,2.0NRT,301.13,12.24,D
-3.30008,104.68967,367,0.36,0.57,2026-09-17,0603,N,high,2.0NRT,296.16,41.29,D
-3.30058,104.68639,335.61,0.36,0.57,2026-09-17,0603,N,nominal,2.0NRT,290.97,41.29,D
-2.95672,106.90623,334.31,0.5,0.49,2026-09-17,0603,N,nominal,2.0NRT,296.52,6.32,D
-2.78621,108.0065,335.72,0.42,0.46,2026-09-17,0603,N,nominal,2.0NRT,295.01,2.91,D
-2.78201,108.00587,342.35,0.42,0.46,2026-09-17,0603,N,nominal,2.0NRT,297.71,15.72,D
-2.78259,108.00203,331.63,0.42,0.46,2026-09-17,0603,N,nominal,2.0NRT,297.36,6,D
-2.77839,108.0014,332.03,0.42,0.46,2026-09-17,0603,N,nominal,2.0NRT,297.5,6,D
-3.34488,103.97042,332.52,0.41,0.6,2026-09-17,0603,N,nominal,2.0NRT,292.32,2.32,D
-3.11596,105.32782,330.06,0.32,0.55,2026-09-17,0603,N,nominal,2.0NRT,292.9,2.28,D
-3.19304,104.75439,338.03,0.36,0.57,2026-09-17,0603,N,nominal,2.0NRT,292.72,4.59,D
-3.16484,104.91393,367,0.35,0.57,2026-09-17,0603,N,high,2.0NRT,294.04,6.1,D
-3.17577,104.83747,338.41,0.35,0.57,2026-09-17,0603,N,nominal,2.0NRT,293.12,4.73,D
-3.26668,104.19962,338.37,0.39,0.59,2026-09-17,0603,N,nominal,2.0NRT,293.84,5.65,D
-3.26719,104.19605,333.16,0.39,0.59,2026-09-17,0603,N,nominal,2.0NRT,293.26,5.18,D
-3.18825,104.79199,333.24,0.35,0.57,2026-09-17,0603,N,nominal,2.0NRT,293.17,3.92,D
-3.1941,104.75324,350.81,0.36,0.57,2026-09-17,0603,N,nominal,2.0NRT,292.48,3.48,D
-3.16471,104.91245,367,0.35,0.56,2026-09-17,0603,N,high,2.0NRT,293.17,5.96,D
-3.17621,104.83617,337.5,0.35,0.57,2026-09-17,0603,N,nominal,2.0NRT,292.82,4.08,D
-3.17094,104.83541,367,0.35,0.57,2026-09-17,0603,N,high,2.0NRT,294,7.97,D
-3.17143,104.83221,336.08,0.35,0.57,2026-09-17,0603,N,nominal,2.0NRT,294.35,7.97,D
-3.26646,104.19896,339.8,0.39,0.59,2026-09-17,0603,N,nominal,2.0NRT,294.09,8.31,D
-3.26699,104.1954,335.1,0.39,0.59,2026-09-17,0603,N,nominal,2.0NRT,293.22,6.7,D
-3.16568,104.83468,367,0.35,0.57,2026-09-17,0603,N,high,2.0NRT,294.42,7.97,D
-3.09243,105.32262,337.85,0.32,0.55,2026-09-17,0603,N,nominal,2.0NRT,293.48,4.29,D
-3.16664,104.82827,339.12,0.35,0.57,2026-09-17,0603,N,nominal,2.0NRT,292.79,5.59,D
-3.26309,104.18391,333.56,0.39,0.59,2026-09-17,0603,N,nominal,2.0NRT,290.4,5.14,D
-3.25705,104.18669,367,0.39,0.59,2026-09-17,0603,N,high,2.0NRT,295.5,15.38,D
-3.08735,105.3219,351.09,0.32,0.55,2026-09-17,0603,N,nominal,2.0NRT,293.94,5.91,D
-3.09267,105.28639,341.47,0.33,0.55,2026-09-17,0603,N,nominal,2.0NRT,290.98,6.65,D
-3.25652,104.19027,342.63,0.39,0.59,2026-09-17,0603,N,nominal,2.0NRT,293.17,11.39,D
-3.08536,105.30049,367,0.33,0.55,2026-09-17,0603,N,high,2.0NRT,292.72,12.58,D
-3.08227,105.32117,330.83,0.32,0.55,2026-09-17,0603,N,nominal,2.0NRT,293.51,5.91,D
-3.08271,105.31821,350.88,0.32,0.55,2026-09-17,0603,N,nominal,2.0NRT,295.49,7.94,D
-3.08315,105.31526,343.32,0.32,0.55,2026-09-17,0603,N,nominal,2.0NRT,294.97,7.94,D
-3.08359,105.31231,348.25,0.32,0.55,2026-09-17,0603,N,nominal,2.0NRT,294.81,4.91,D
-3.08403,105.30936,332.84,0.33,0.55,2026-09-17,0603,N,nominal,2.0NRT,293.76,4.91,D
-3.08447,105.30641,333.39,0.33,0.55,2026-09-17,0603,N,nominal,2.0NRT,292.87,6.74,D
-3.08492,105.30345,349.15,0.33,0.55,2026-09-17,0603,N,nominal,2.0NRT,292.18,6.74,D
-3.11032,105.09824,333.66,0.34,0.56,2026-09-17,0603,N,nominal,2.0NRT,292.03,3.77,D
-3.19383,104.49992,336.57,0.37,0.58,2026-09-17,0603,N,nominal,2.0NRT,291.2,4.64,D
-3.2217,104.236,367,0.39,0.59,2026-09-17,0603,N,high,2.0NRT,293.87,15.52,D
-3.22222,104.23246,367,0.39,0.59,2026-09-17,0603,N,high,2.0NRT,295.58,13.03,D
-3.21394,104.28872,333.43,0.38,0.59,2026-09-17,0603,N,nominal,2.0NRT,293.4,2.32,D
-3.21622,104.23521,331.07,0.39,0.59,2026-09-17,0603,N,nominal,2.0NRT,293.16,11.02,D
-3.21674,104.23167,353.17,0.39,0.59,2026-09-17,0603,N,nominal,2.0NRT,295.08,10.62,D
-3.21074,104.23441,367,0.39,0.59,2026-09-17,0603,N,high,2.0NRT,293.79,11.02,D
-3.21125,104.23087,367,0.39,0.59,2026-09-17,0603,N,high,2.0NRT,294.96,10.62,D
-0.51292,121.85343,330.15,0.35,0.57,2026-09-17,0603,N,nominal,2.0NRT,292.92,3.55,D
-2.88989,106.37962,341.06,0.55,0.51,2026-09-17,0603,N,nominal,2.0NRT,293.09,17.44,D
-2.89062,106.37466,351.56,0.55,0.51,2026-09-17,0603,N,nominal,2.0NRT,295.15,17.44,D
-3.13959,104.60827,367,0.36,0.58,2026-09-17,0603,N,high,2.0NRT,299.1,86.78,D
-2.88632,106.33852,345.94,0.55,0.51,2026-09-17,0603,N,nominal,2.0NRT,292.41,9.23,D
-2.8878,106.3285,330.81,0.55,0.51,2026-09-17,0603,N,nominal,2.0NRT,293.23,4.66,D
-3.16264,104.37357,354.54,0.38,0.59,2026-09-17,0603,N,nominal,2.0NRT,293.27,6.45,D
-3.16314,104.37012,341.3,0.38,0.59,2026-09-17,0603,N,nominal,2.0NRT,293.68,6.45,D
-3.15722,104.37276,367,0.38,0.59,2026-09-17,0603,N,high,2.0NRT,290.05,6.45,D
-2.88682,106.23605,340.45,0.56,0.51,2026-09-17,0603,N,nominal,2.0NRT,294.34,14.12,D
-2.88756,106.23099,340,0.56,0.51,2026-09-17,0603,N,nominal,2.0NRT,296.64,14.12,D
-2.8828,106.23033,341.69,0.56,0.51,2026-09-17,0603,N,nominal,2.0NRT,294.47,9.04,D
-3.12962,104.41087,367,0.38,0.58,2026-09-17,0603,N,high,2.0NRT,299.39,20.65,D
-3.12864,104.41772,344.37,0.38,0.58,2026-09-17,0603,N,nominal,2.0NRT,292.8,12.94,D
-3.12913,104.41431,342.29,0.38,0.58,2026-09-17,0603,N,nominal,2.0NRT,292.77,12.94,D
-3.13011,104.40743,340.37,0.38,0.58,2026-09-17,0603,N,nominal,2.0NRT,293.46,20.65,D
-2.85576,106.28308,334.85,0.55,0.51,2026-09-17,0603,N,nominal,2.0NRT,294.21,3.78,D
-2.88241,106.23277,340.77,0.56,0.51,2026-09-17,0603,N,nominal,2.0NRT,294.3,5.65,D
-2.26172,110.21375,353.71,0.47,0.4,2026-09-17,0603,N,nominal,2.0NRT,297.17,7.61,D
-3.15636,104.3717,333.59,0.38,0.59,2026-09-17,0603,N,nominal,2.0NRT,288.69,1.73,D
-2.25744,110.21741,336.79,0.47,0.4,2026-09-17,0603,N,nominal,2.0NRT,295.74,5.29,D
-2.25808,110.21321,330.12,0.47,0.4,2026-09-17,0603,N,low,2.0NRT,296.43,7.61,D
-3.05026,105.03459,339.91,0.34,0.56,2026-09-17,0603,N,nominal,2.0NRT,292.05,2.67,D
-2.85496,106.28542,340.48,0.55,0.51,2026-09-17,0603,N,nominal,2.0NRT,293.44,4.88,D
-3.13387,104.41057,340.84,0.38,0.58,2026-09-17,0603,N,nominal,2.0NRT,293.46,5.41,D
-3.12743,104.41665,367,0.37,0.58,2026-09-17,0603,N,high,2.0NRT,295.43,13.85,D
-3.12794,104.41323,351.64,0.38,0.58,2026-09-17,0603,N,nominal,2.0NRT,293.25,13.85,D
-3.12845,104.40981,354.82,0.38,0.58,2026-09-17,0603,N,nominal,2.0NRT,297.72,36.88,D
-3.12202,104.41588,348.91,0.37,0.58,2026-09-17,0603,N,nominal,2.0NRT,292.12,13.85,D
-3.14303,104.2384,367,0.39,0.59,2026-09-17,0603,N,high,2.0NRT,295.4,11.4,D
-3.01883,105.06777,334.28,0.34,0.56,2026-09-17,0603,N,nominal,2.0NRT,291.86,2.21,D
-3.14355,104.23489,352.51,0.39,0.59,2026-09-17,0603,N,nominal,2.0NRT,293.53,6.85,D
-2.82601,106.31699,330.23,0.55,0.51,2026-09-17,0603,N,nominal,2.0NRT,295.62,5.5,D
-3.09584,104.44338,337.64,0.37,0.58,2026-09-17,0603,N,nominal,2.0NRT,291.71,6.02,D
-3.08405,104.44861,367,0.37,0.58,2026-09-17,0603,N,high,2.0NRT,295.06,15.2,D
-3.08455,104.44522,335.23,0.37,0.58,2026-09-17,0603,N,nominal,2.0NRT,293.5,9.05,D
-3.07766,104.45461,367,0.37,0.58,2026-09-17,0603,N,high,2.0NRT,296.33,10.47,D
-3.07716,104.458,332.36,0.37,0.58,2026-09-17,0603,N,nominal,2.0NRT,291.68,10.47,D
-3.22991,103.37721,367,0.44,0.63,2026-09-17,0603,N,high,2.0NRT,292.1,7.93,D
-3.07226,104.45384,342.84,0.37,0.58,2026-09-17,0603,N,nominal,2.0NRT,293.89,10.47,D
-3.2305,103.37318,336.19,0.44,0.63,2026-09-17,0603,N,nominal,2.0NRT,291.79,7.93,D
-3.06687,104.45306,367,0.37,0.58,2026-09-17,0603,N,high,2.0NRT,293.12,15.43,D
-3.06985,104.4327,334.49,0.37,0.58,2026-09-17,0603,N,nominal,2.0NRT,293.53,5.65,D
-3.06197,104.4489,338.23,0.37,0.58,2026-09-17,0603,N,nominal,2.0NRT,292.49,9.18,D
-3.15286,103.78621,367,0.41,0.61,2026-09-17,0603,N,high,2.0NRT,294.84,12.29,D
-2.73723,106.59241,330.87,0.53,0.5,2026-09-17,0603,N,nominal,2.0NRT,293.27,7.39,D
-2.92786,105.25774,332.5,0.33,0.55,2026-09-17,0603,N,nominal,2.0NRT,290.53,1.85,D
-3.07174,104.26756,333.37,0.38,0.59,2026-09-17,0603,N,nominal,2.0NRT,292.27,4.44,D
-3.07225,104.26405,341.23,0.38,0.59,2026-09-17,0603,N,nominal,2.0NRT,292.71,4.44,D
-2.92969,105.20941,349.41,0.33,0.55,2026-09-17,0603,N,nominal,2.0NRT,292.14,4.41,D
-3.23752,103.03394,332.43,0.47,0.64,2026-09-17,0603,N,nominal,2.0NRT,292.36,8.16,D
-2.91559,105.23473,332.92,0.33,0.55,2026-09-17,0603,N,nominal,2.0NRT,290.39,4.19,D
-2.9287,105.10773,346.2,0.33,0.56,2026-09-17,0603,N,nominal,2.0NRT,293.85,5.58,D
-2.92914,105.1047,347.06,0.33,0.56,2026-09-17,0603,N,nominal,2.0NRT,293.67,5.1,D
-3.03254,104.38551,333.21,0.38,0.58,2026-09-17,0603,N,nominal,2.0NRT,292.94,5.23,D
-2.92355,105.10699,339.17,0.33,0.56,2026-09-17,0603,N,nominal,2.0NRT,293.03,5.58,D
-2.92399,105.10396,337.95,0.33,0.56,2026-09-17,0603,N,nominal,2.0NRT,293.2,5.1,D
-2.79156,105.988,332.23,0.58,0.52,2026-09-17,0603,N,nominal,2.0NRT,295.28,7.13,D
-2.91254,105.23386,335.85,0.33,0.55,2026-09-17,0603,N,nominal,2.0NRT,292.33,6.12,D
-2.93217,105.10489,347.57,0.33,0.56,2026-09-17,0603,N,nominal,2.0NRT,293.63,5.11,D
-2.79278,105.98685,331.72,0.58,0.52,2026-09-17,0603,N,nominal,2.0NRT,295.32,5.22,D
-2.92657,105.10719,351.62,0.33,0.56,2026-09-17,0603,N,nominal,2.0NRT,293.78,8.2,D
-3.23417,103.0318,352.78,0.47,0.64,2026-09-17,0603,N,nominal,2.0NRT,292.81,10.22,D
-2.76872,106.01545,333.13,0.58,0.52,2026-09-17,0603,N,nominal,2.0NRT,294.16,7.34,D
-1.96873,111.25459,330.14,0.42,0.38,2026-09-17,0603,N,low,2.0NRT,299.9,22.55,D
-1.98899,111.12177,340.66,0.42,0.38,2026-09-17,0603,N,low,2.0NRT,299.1,21.62,D
-2.76941,105.97813,350.06,0.58,0.52,2026-09-17,0603,N,nominal,2.0NRT,294.32,20.16,D
-2.7702,105.97288,344.62,0.58,0.52,2026-09-17,0603,N,nominal,2.0NRT,295.19,14.58,D
-2.93367,104.84882,341.41,0.35,0.57,2026-09-17,0603,N,nominal,2.0NRT,290.88,4.73,D
-2.93414,104.84564,338.5,0.35,0.57,2026-09-17,0603,N,nominal,2.0NRT,293.29,5.24,D
-2.76053,105.97149,352.86,0.58,0.52,2026-09-17,0603,N,nominal,2.0NRT,293.75,18.13,D
-3.03038,104.04861,334.49,0.4,0.6,2026-09-17,0603,N,nominal,2.0NRT,294.4,4.61,D
-3.03144,104.0414,334.47,0.4,0.6,2026-09-17,0603,N,nominal,2.0NRT,294.4,16.54,D
-3.02642,104.03705,367,0.4,0.6,2026-09-17,0603,N,high,2.0NRT,296.62,12.24,D
-3.02695,104.03341,338.72,0.4,0.6,2026-09-17,0603,N,nominal,2.0NRT,292.34,12.24,D
-3.01982,104.04349,367,0.4,0.6,2026-09-17,0603,N,high,2.0NRT,299.08,12.61,D
-3.02035,104.03989,340.86,0.4,0.6,2026-09-17,0603,N,nominal,2.0NRT,292.33,12.61,D
-2.85082,105.15793,349.44,0.33,0.55,2026-09-17,0603,N,nominal,2.0NRT,291.89,9.4,D
-2.85126,105.15492,336.25,0.33,0.55,2026-09-17,0603,N,nominal,2.0NRT,291.28,3.4,D
-3.01428,104.04273,349.19,0.4,0.6,2026-09-17,0603,N,nominal,2.0NRT,292.4,12.61,D
-3.00111,104.05554,339.77,0.4,0.6,2026-09-17,0603,N,nominal,2.0NRT,291.98,3.66,D
-2.83765,105.14069,336.47,0.33,0.55,2026-09-17,0603,N,nominal,2.0NRT,292.1,1.55,D
-2.81688,105.24734,343.02,0.33,0.55,2026-09-17,0603,N,nominal,2.0NRT,293.39,3.97,D
-2.82347,105.16624,337.46,0.33,0.55,2026-09-17,0603,N,nominal,2.0NRT,292.18,9.22,D
-2.8239,105.16324,335.28,0.33,0.55,2026-09-17,0603,N,nominal,2.0NRT,293.04,6.35,D
-2.63964,106.39441,341.74,0.54,0.51,2026-09-17,0603,N,nominal,2.0NRT,295.06,7.67,D
-2.70635,105.93684,343.38,0.58,0.52,2026-09-17,0603,N,nominal,2.0NRT,295.96,20.2,D
-2.81878,105.1625,354.04,0.33,0.55,2026-09-17,0603,N,nominal,2.0NRT,292.57,6.35,D
-2.6423,106.39655,340.82,0.54,0.51,2026-09-17,0603,N,nominal,2.0NRT,295.23,7.01,D
-2.04984,110.20992,340.58,0.47,0.39,2026-09-17,0603,N,nominal,2.0NRT,297.75,12.63,D
-2.05178,110.19736,334.56,0.47,0.39,2026-09-17,0603,N,nominal,2.0NRT,295.91,6.81,D
-2.70857,105.93433,342.88,0.58,0.52,2026-09-17,0603,N,nominal,2.0NRT,295.94,14.6,D
-2.8216,105.16375,367,0.33,0.55,2026-09-17,0603,N,high,2.0NRT,293.89,12.97,D
-2.82206,105.16076,339.94,0.33,0.55,2026-09-17,0603,N,nominal,2.0NRT,293.54,7.83,D
-3.05206,103.3,330.67,0.45,0.63,2026-09-17,0603,N,nominal,2.0NRT,292.48,7.24,D
-3.05266,103.29593,347.61,0.45,0.63,2026-09-17,0603,N,nominal,2.0NRT,292.09,5.63,D
-3.04624,103.29915,367,0.45,0.63,2026-09-17,0603,N,high,2.0NRT,292.76,27.71,D
-2.96233,103.86617,345.72,0.41,0.6,2026-09-17,0603,N,nominal,2.0NRT,292.87,6.05,D
-2.96344,103.85873,338.77,0.41,0.6,2026-09-17,0603,N,nominal,2.0NRT,292.51,8.85,D
-3.04685,103.29508,354.55,0.45,0.63,2026-09-17,0603,N,nominal,2.0NRT,294.04,24.65,D
-2.00119,110.2368,339.05,0.46,0.39,2026-09-17,0603,N,nominal,2.0NRT,295.12,7.66,D
-2.89287,104.06848,345.77,0.39,0.6,2026-09-17,0603,N,nominal,2.0NRT,290.69,3.98,D
-2.53157,106.49881,340.57,0.53,0.5,2026-09-17,0603,N,nominal,2.0NRT,295.17,15.38,D
-2.82988,104.42511,335.24,0.37,0.58,2026-09-17,0603,N,nominal,2.0NRT,293.7,3.55,D
-2.91874,103.77224,334.52,0.41,0.61,2026-09-17,0603,N,nominal,2.0NRT,291.63,3.3,D
-2.89488,103.81853,339.76,0.41,0.61,2026-09-17,0603,N,nominal,2.0NRT,292.13,7.07,D
-2.92088,103.77251,335.81,0.41,0.61,2026-09-17,0603,N,nominal,2.0NRT,291.55,2.73,D
-2.89665,103.81879,345.97,0.41,0.61,2026-09-17,0603,N,nominal,2.0NRT,292.01,7.61,D
-2.88261,103.79774,367,0.41,0.61,2026-09-17,0603,N,high,2.0NRT,294.53,10.01,D
-2.98182,102.97085,341.95,0.47,0.64,2026-09-17,0603,N,nominal,2.0NRT,292.86,3.65,D
-2.92922,103.2872,330.71,0.45,0.63,2026-09-17,0603,N,nominal,2.0NRT,291.94,4.45,D
-2.84261,103.75757,333.81,0.41,0.61,2026-09-17,0603,N,nominal,2.0NRT,294.7,4.13,D
-2.82878,103.81291,331.83,0.41,0.61,2026-09-17,0603,N,nominal,2.0NRT,293.05,3.26,D
-2.90726,103.23405,367,0.45,0.63,2026-09-17,0603,N,high,2.0NRT,293.15,12.01,D
-2.82317,103.8121,348.97,0.41,0.61,2026-09-17,0603,N,nominal,2.0NRT,293,3.26,D
-2.71181,104.42451,367,0.37,0.58,2026-09-17,0603,N,high,2.0NRT,293.26,15.01,D
-2.4856,105.97989,341.59,0.57,0.52,2026-09-17,0603,N,nominal,2.0NRT,293.95,19.41,D
-2.48635,105.97471,339.03,0.57,0.52,2026-09-17,0603,N,nominal,2.0NRT,291.33,19.41,D
-2.48716,105.97713,356.96,0.57,0.52,2026-09-17,0603,N,nominal,2.0NRT,293.78,25.3,D
-2.48236,105.97639,347.72,0.57,0.52,2026-09-17,0603,N,nominal,2.0NRT,292.41,18.96,D
-2.71522,104.42338,367,0.37,0.58,2026-09-17,0603,N,high,2.0NRT,291.94,11.16,D
-2.71471,104.42674,356.14,0.37,0.58,2026-09-17,0603,N,nominal,2.0NRT,293.47,14.3,D
-2.44299,105.94409,340.61,0.58,0.52,2026-09-17,0603,N,nominal,2.0NRT,292.61,7.18,D
-2.44377,105.93892,342.19,0.58,0.52,2026-09-17,0603,N,nominal,2.0NRT,293.75,7.18,D
-2.38911,106.23763,352.22,0.55,0.51,2026-09-17,0603,N,nominal,2.0NRT,294.11,12.86,D
-2.82221,103.3333,353.28,0.44,0.62,2026-09-17,0603,N,nominal,2.0NRT,293.71,8.77,D
-2.38439,106.23694,342.14,0.55,0.51,2026-09-17,0603,N,nominal,2.0NRT,295.28,9.81,D
-2.86891,102.97665,338.28,0.47,0.64,2026-09-17,0603,N,nominal,2.0NRT,293.06,6.75,D
-2.38042,106.23129,344.61,0.55,0.51,2026-09-17,0603,N,nominal,2.0NRT,293.32,9.81,D
-2.76502,103.6411,336.87,0.42,0.61,2026-09-17,0603,N,nominal,2.0NRT,294.59,5.78,D
-2.85457,102.99198,367,0.47,0.64,2026-09-17,0603,N,high,2.0NRT,292.28,16.72,D
-2.85519,102.98773,336.6,0.47,0.64,2026-09-17,0603,N,nominal,2.0NRT,289.53,10.79,D
-2.85958,102.95779,331.69,0.47,0.64,2026-09-17,0603,N,nominal,2.0NRT,294.25,6.31,D
-2.84802,102.99542,342.32,0.46,0.64,2026-09-17,0603,N,nominal,2.0NRT,291.71,16.72,D
-2.84864,102.99117,355.14,0.47,0.64,2026-09-17,0603,N,nominal,2.0NRT,291.66,16.72,D
-2.83151,102.98428,334.05,0.47,0.64,2026-09-17,0603,N,nominal,2.0NRT,292.77,4.64,D
-2.76898,103.33381,337.01,0.44,0.62,2026-09-17,0603,N,nominal,2.0NRT,292.83,5.48,D
-2.76146,103.34499,339.94,0.44,0.62,2026-09-17,0603,N,nominal,2.0NRT,293.42,6.4,D
-2.76204,103.34097,342.63,0.44,0.62,2026-09-17,0603,N,nominal,2.0NRT,292.51,6.4,D
-2.76262,103.33698,331.55,0.44,0.62,2026-09-17,0603,N,nominal,2.0NRT,291.44,5.48,D
-2.7632,103.33296,347.6,0.44,0.62,2026-09-17,0603,N,nominal,2.0NRT,291.82,5.48,D
-2.85996,102.66001,351.3,0.49,0.65,2026-09-17,0603,N,nominal,2.0NRT,290.88,7.28,D
-2.65186,104.06496,352.29,0.39,0.59,2026-09-17,0603,N,nominal,2.0NRT,291.85,10.58,D
-2.65238,104.06139,347.04,0.39,0.59,2026-09-17,0603,N,nominal,2.0NRT,291.5,7.05,D
-2.75338,103.36018,355.55,0.44,0.62,2026-09-17,0603,N,nominal,2.0NRT,293.2,5.01,D
-2.38116,105.82745,341.98,0.59,0.53,2026-09-17,0603,N,nominal,2.0NRT,293.79,5.11,D
-2.82778,102.98212,336.65,0.47,0.64,2026-09-17,0603,N,nominal,2.0NRT,292.51,6.56,D
-2.76802,103.33585,340.59,0.44,0.62,2026-09-17,0603,N,nominal,2.0NRT,293.7,7.84,D
-2.65183,104.06239,367,0.39,0.59,2026-09-17,0603,N,high,2.0NRT,292.57,9.28,D
-2.3828,105.8266,335.15,0.59,0.52,2026-09-17,0603,N,nominal,2.0NRT,293.63,5.37,D
-2.758,103.36297,336.08,0.44,0.62,2026-09-17,0603,N,nominal,2.0NRT,293.77,5.6,D
-2.76103,103.343,351.82,0.44,0.62,2026-09-17,0603,N,nominal,2.0NRT,293.45,11.82,D
-2.76224,103.33501,331.47,0.44,0.62,2026-09-17,0603,N,nominal,2.0NRT,291.28,7.84,D
-2.76285,103.33101,340.45,0.44,0.62,2026-09-17,0603,N,nominal,2.0NRT,292.37,8.26,D
-2.86445,102.65964,336.65,0.49,0.65,2026-09-17,0603,N,nominal,2.0NRT,291.89,6.84,D
-2.75284,103.35816,338.57,0.44,0.62,2026-09-17,0603,N,nominal,2.0NRT,292.23,6.44,D
-2.69481,103.06642,335.07,0.46,0.63,2026-09-17,0603,N,nominal,2.0NRT,292.39,10.3,D
-2.6954,103.06229,349.49,0.46,0.63,2026-09-17,0603,N,nominal,2.0NRT,292.03,7.63,D
-2.6975,103.06255,367,0.46,0.63,2026-09-17,0603,N,high,2.0NRT,293.02,8.51,D
-1.50772,110.68658,339.56,0.44,0.38,2026-09-17,0603,N,nominal,2.0NRT,290.47,13.81,D
-2.59599,103.50056,355.03,0.43,0.62,2026-09-17,0603,N,nominal,2.0NRT,294.87,8.81,D
-2.59657,103.49672,355.34,0.43,0.62,2026-09-17,0603,N,nominal,2.0NRT,295.2,8.81,D
-2.67986,102.93948,337.47,0.47,0.64,2026-09-17,0603,N,nominal,2.0NRT,292.4,6.48,D
-2.50595,103.79691,337.15,0.41,0.6,2026-09-17,0603,N,nominal,2.0NRT,292.52,5.45,D
-2.44236,104.19202,348.77,0.38,0.59,2026-09-17,0603,N,nominal,2.0NRT,292.84,5.43,D
-2.54751,103.47365,342.6,0.43,0.62,2026-09-17,0603,N,nominal,2.0NRT,295.38,5.15,D
-2.4076,104.35411,332.35,0.37,0.58,2026-09-17,0603,N,nominal,2.0NRT,291.19,4.64,D
-2.40809,104.35073,337.79,0.37,0.58,2026-09-17,0603,N,nominal,2.0NRT,291.26,3.24,D
-2.4096,104.30265,338.73,0.37,0.58,2026-09-17,0603,N,nominal,2.0NRT,292.37,3.53,D
-2.35752,104.58598,338.17,0.36,0.57,2026-09-17,0603,N,nominal,2.0NRT,290.61,4.85,D
-2.41038,104.35351,336.96,0.37,0.58,2026-09-17,0603,N,nominal,2.0NRT,292.56,4.08,D
-2.54571,103.47337,344.43,0.43,0.62,2026-09-17,0603,N,nominal,2.0NRT,294.65,6.69,D
-2.40501,104.35273,333.59,0.37,0.58,2026-09-17,0603,N,nominal,2.0NRT,290.49,4.08,D
-2.40738,104.30141,343.37,0.37,0.58,2026-09-17,0603,N,nominal,2.0NRT,292.31,3.27,D
-2.35853,104.58495,337.1,0.36,0.57,2026-09-17,0603,N,nominal,2.0NRT,290.35,3.08,D
-2.4645,103.6264,333.85,0.42,0.61,2026-09-17,0603,N,nominal,2.0NRT,292.22,3.44,D
-2.45499,103.33616,337.74,0.43,0.62,2026-09-17,0603,N,nominal,2.0NRT,291.82,4.8,D
-2.45556,103.33224,334.09,0.44,0.62,2026-09-17,0603,N,nominal,2.0NRT,291.84,4.8,D
-2.09294,105.76821,332.4,0.59,0.52,2026-09-17,0603,N,nominal,2.0NRT,292.87,5.76,D
-2.44924,103.33531,340.71,0.43,0.62,2026-09-17,0603,N,nominal,2.0NRT,292.37,9.83,D
-2.44981,103.33137,353.64,0.44,0.62,2026-09-17,0603,N,nominal,2.0NRT,292.82,9.83,D
-2.45038,103.32745,344.23,0.44,0.62,2026-09-17,0603,N,nominal,2.0NRT,291.93,8.76,D
-2.44349,103.33447,367,0.43,0.62,2026-09-17,0603,N,high,2.0NRT,293.5,9.83,D
-2.44406,103.33051,338.81,0.44,0.62,2026-09-17,0603,N,nominal,2.0NRT,291.54,9.83,D
-2.4383,103.32969,335.08,0.44,0.62,2026-09-17,0603,N,nominal,2.0NRT,291.47,5.13,D
-2.4539,103.2219,346.22,0.44,0.63,2026-09-17,0603,N,nominal,2.0NRT,292.02,5.51,D
-2.09075,105.76505,331.61,0.58,0.52,2026-09-17,0603,N,nominal,2.0NRT,292.69,4.81,D
-2.45486,103.33577,343.11,0.43,0.62,2026-09-17,0603,N,nominal,2.0NRT,292.21,5.25,D
-2.45546,103.33187,332.51,0.43,0.62,2026-09-17,0603,N,nominal,2.0NRT,291.67,5.25,D
-2.44911,103.33494,331.89,0.43,0.62,2026-09-17,0603,N,nominal,2.0NRT,292.09,9.15,D
-2.44971,103.33101,354.43,0.43,0.62,2026-09-17,0603,N,nominal,2.0NRT,292.67,9.15,D
-2.45031,103.32709,346.93,0.43,0.62,2026-09-17,0603,N,nominal,2.0NRT,291.92,9.34,D
-2.44336,103.33411,367,0.43,0.62,2026-09-17,0603,N,high,2.0NRT,293.28,9.15,D
-2.44396,103.33016,338.45,0.43,0.62,2026-09-17,0603,N,nominal,2.0NRT,291.54,9.15,D
-2.4382,103.32936,337.44,0.43,0.62,2026-09-17,0603,N,nominal,2.0NRT,291.49,5.86,D
-2.45457,103.22182,345.43,0.44,0.63,2026-09-17,0603,N,nominal,2.0NRT,292.32,5.81,D
-2.43148,103.29604,367,0.44,0.62,2026-09-17,0603,N,high,2.0NRT,294.51,35.55,D
-2.43209,103.29205,332.32,0.44,0.62,2026-09-17,0603,N,nominal,2.0NRT,290.72,14.03,D
-2.00772,106.01776,340.78,0.56,0.52,2026-09-17,0603,N,nominal,2.0NRT,290.36,6.41,D
-2.00848,106.01273,331.44,0.56,0.52,2026-09-17,0603,N,nominal,2.0NRT,289.55,6.41,D
-2.4363,103.18579,341.57,0.44,0.63,2026-09-17,0603,N,nominal,2.0NRT,292.43,6.28,D
0.77312,124.12177,329.97,0.52,0.67,2026-09-17,0603,N,nominal,2.0NRT,290.04,3.24,D
-2.43049,103.18497,332.89,0.44,0.63,2026-09-17,0603,N,nominal,2.0NRT,291.59,6.28,D
0.51611,122.38218,367,0.4,0.6,2026-09-17,0603,N,high,2.0NRT,295.24,24.56,D
0.52158,122.38098,350.83,0.4,0.6,2026-09-17,0603,N,nominal,2.0NRT,292.35,8.29,D
-2.34546,103.4405,334.01,0.43,0.62,2026-09-17,0603,N,nominal,2.0NRT,291.83,4.52,D
-2.0255,105.46767,367,0.61,0.54,2026-09-17,0603,N,high,2.0NRT,295.78,23.37,D
0.83976,124.02116,331.24,0.52,0.67,2026-09-17,0603,N,nominal,2.0NRT,295.45,6.27,D
-2.02055,105.46696,345.36,0.61,0.54,2026-09-17,0603,N,nominal,2.0NRT,295.16,25.82,D
-2.02137,105.4614,333.21,0.61,0.54,2026-09-17,0603,N,nominal,2.0NRT,294.31,25.82,D
-2.02373,105.47112,339.76,0.61,0.53,2026-09-17,0603,N,nominal,2.0NRT,293.97,27.01,D
-2.02459,105.46556,356.41,0.61,0.54,2026-09-17,0603,N,nominal,2.0NRT,297.31,27.01,D
-2.01964,105.46486,344.3,0.61,0.54,2026-09-17,0603,N,nominal,2.0NRT,294.98,27.01,D
0.83903,124.0223,326.84,0.52,0.67,2026-09-17,0603,N,nominal,2.0NRT,295.07,3.87,D
-1.9047,106.08298,331.07,0.55,0.51,2026-09-17,0603,N,nominal,2.0NRT,292.76,3.59,D
-2.29714,103.47706,337.69,0.42,0.61,2026-09-17,0603,N,nominal,2.0NRT,293.79,4.04,D
-2.27371,103.51687,334.73,0.42,0.61,2026-09-17,0603,N,nominal,2.0NRT,291.74,3.98,D
-2.27429,103.51299,334.15,0.42,0.61,2026-09-17,0603,N,nominal,2.0NRT,292.87,3.98,D
-2.26803,103.51611,335.54,0.42,0.61,2026-09-17,0603,N,nominal,2.0NRT,291.91,6.34,D
-2.26861,103.51224,352.71,0.42,0.61,2026-09-17,0603,N,nominal,2.0NRT,291.91,6.34,D
-2.26292,103.51152,354.34,0.42,0.61,2026-09-17,0603,N,nominal,2.0NRT,292.75,6.34,D
-1.89996,105.88993,339.41,0.57,0.52,2026-09-17,0603,N,nominal,2.0NRT,290.23,20.15,D
-1.89517,105.88923,353.35,0.57,0.52,2026-09-17,0603,N,nominal,2.0NRT,291.94,20.15,D
-2.2992,103.15038,332.96,0.45,0.63,2026-09-17,0603,N,nominal,2.0NRT,292.76,4.93,D
-2.23687,103.53089,367,0.42,0.61,2026-09-17,0603,N,high,2.0NRT,293.52,6.53,D
-2.23631,103.5347,336.2,0.42,0.61,2026-09-17,0603,N,nominal,2.0NRT,292.86,6.53,D
-2.2301,103.53761,352.56,0.42,0.61,2026-09-17,0603,N,nominal,2.0NRT,293.12,9.67,D
-2.23066,103.53383,345,0.42,0.61,2026-09-17,0603,N,nominal,2.0NRT,292.77,5.33,D
-2.23122,103.53004,342.84,0.42,0.61,2026-09-17,0603,N,nominal,2.0NRT,291.64,5.33,D
-2.2363,103.49564,330.31,0.42,0.61,2026-09-17,0603,N,nominal,2.0NRT,292.46,3.87,D
0.76911,122.94431,341.58,0.44,0.62,2026-09-17,0603,N,nominal,2.0NRT,297.09,5.94,D
0.85773,123.4258,367,0.47,0.64,2026-09-17,0603,N,high,2.0NRT,295.37,22.42,D
0.85837,123.42979,338.33,0.47,0.64,2026-09-17,0603,N,nominal,2.0NRT,293.04,17.15,D
0.76944,122.94524,339.66,0.44,0.62,2026-09-17,0603,N,nominal,2.0NRT,295.81,5.42,D
0.85444,123.42698,367,0.47,0.64,2026-09-17,0603,N,high,2.0NRT,294.19,13.14,D
-1.83075,105.86745,355.36,0.57,0.52,2026-09-17,0603,N,nominal,2.0NRT,290.05,13.89,D
-1.82596,105.86674,367,0.57,0.52,2026-09-17,0603,N,high,2.0NRT,291.37,21.99,D
0.86055,123.42716,338.28,0.47,0.64,2026-09-17,0603,N,nominal,2.0NRT,292.78,6.06,D
0.85995,123.42326,345.91,0.47,0.64,2026-09-17,0603,N,nominal,2.0NRT,293.05,6.06,D
-1.82517,105.8719,342.06,0.57,0.52,2026-09-17,0603,N,nominal,2.0NRT,288.17,21.99,D
0.74971,122.58671,367,0.41,0.61,2026-09-17,0603,N,high,2.0NRT,297.41,9.33,D
-2.23268,103.08496,347.85,0.45,0.63,2026-09-17,0603,N,nominal,2.0NRT,293.08,6.65,D
-1.86673,105.40169,330.25,0.61,0.54,2026-09-17,0605,N,nominal,2.0NRT,294.93,4.88,D
0.65625,121.83657,331.25,0.36,0.58,2026-09-17,0605,N,nominal,2.0NRT,293.5,2.06,D
-2.20569,103.10618,341.73,0.45,0.63,2026-09-17,0605,N,nominal,2.0NRT,292.87,7.06,D
0.86019,122.92239,337.89,0.44,0.62,2026-09-17,0605,N,nominal,2.0NRT,297.51,3.85,D
-2.32281,101.88666,329.69,0.54,0.68,2026-09-17,0605,N,nominal,2.0NRT,290.47,2.95,D
0.86104,122.92215,338.4,0.44,0.62,2026-09-17,0605,N,nominal,2.0NRT,297.13,4.74,D
-2.19232,102.80519,336.95,0.47,0.64,2026-09-17,0605,N,nominal,2.0NRT,293.67,2.81,D
-1.7891,105.40503,335.77,0.61,0.54,2026-09-17,0605,N,nominal,2.0NRT,288.6,7.49,D
1.19913,124.52268,342.8,0.56,0.69,2026-09-17,0605,N,nominal,2.0NRT,294.65,5.57,D
1.2003,124.52399,331.26,0.57,0.69,2026-09-17,0605,N,nominal,2.0NRT,293.97,4.88,D
1.19957,124.51907,327.17,0.57,0.69,2026-09-17,0605,N,nominal,2.0NRT,293.27,4.88,D
-2.07332,102.73177,345.81,0.47,0.64,2026-09-17,0605,N,nominal,2.0NRT,295.01,9.7,D
-1.57664,105.93452,334.13,0.56,0.51,2026-09-17,0605,N,nominal,2.0NRT,297.03,5.25,D
-1.64947,105.38831,349.45,0.61,0.54,2026-09-17,0605,N,nominal,2.0NRT,294.13,11.89,D
-2.04952,102.72832,348.53,0.47,0.64,2026-09-17,0605,N,nominal,2.0NRT,295.95,5.85,D
-2.04535,102.67461,329.13,0.48,0.64,2026-09-17,0605,N,nominal,2.0NRT,292.84,2.47,D
-1.79652,104.30448,351,0.36,0.58,2026-09-17,0605,N,nominal,2.0NRT,292.08,4.29,D
-1.83984,103.97688,367,0.38,0.59,2026-09-17,0605,N,high,2.0NRT,290.63,17.33,D
-1.84088,103.96989,367,0.39,0.59,2026-09-17,0605,N,high,2.0NRT,292.27,55.64,D
-1.79119,104.3036,346.88,0.36,0.58,2026-09-17,0605,N,nominal,2.0NRT,290.82,4.29,D
-1.79168,104.30033,331.35,0.36,0.58,2026-09-17,0605,N,nominal,2.0NRT,290.84,4.29,D
-1.84141,103.96637,352.19,0.39,0.59,2026-09-17,0605,N,nominal,2.0NRT,297.56,55.64,D
-1.84193,103.96285,344.67,0.39,0.59,2026-09-17,0605,N,nominal,2.0NRT,295.98,93.12,D
-1.84245,103.95934,356.68,0.39,0.59,2026-09-17,0605,N,nominal,2.0NRT,301.41,93.12,D
-1.8435,103.9523,354.5,0.39,0.59,2026-09-17,0605,N,nominal,2.0NRT,297.88,155.05,D
-1.84402,103.94877,346.63,0.39,0.59,2026-09-17,0605,N,nominal,2.0NRT,291.45,32.49,D
-1.84036,103.97339,356.72,0.38,0.59,2026-09-17,0605,N,low,2.0NRT,289.57,17.33,D
-1.83751,103.95501,367,0.39,0.59,2026-09-17,0605,N,high,2.0NRT,291,46.92,D
-1.83803,103.95149,367,0.39,0.59,2026-09-17,0605,N,high,2.0NRT,297.03,46.92,D
-1.83438,103.97609,338.72,0.38,0.59,2026-09-17,0605,N,nominal,2.0NRT,289.45,4.9,D
-1.8349,103.97258,342.47,0.38,0.59,2026-09-17,0605,N,nominal,2.0NRT,290.53,4.9,D
-1.83542,103.96908,340.45,0.39,0.59,2026-09-17,0605,N,nominal,2.0NRT,290.18,5.8,D
-1.83594,103.96555,341.06,0.39,0.59,2026-09-17,0605,N,nominal,2.0NRT,289.91,5.8,D
-1.83646,103.96203,343.85,0.39,0.59,2026-09-17,0605,N,nominal,2.0NRT,289.92,12.93,D
-1.83698,103.95852,356.09,0.39,0.59,2026-09-17,0605,N,nominal,2.0NRT,290.74,12.93,D
-1.83907,103.94444,353.93,0.39,0.59,2026-09-17,0605,N,nominal,2.0NRT,287.62,46.43,D
-1.8396,103.94092,337.77,0.39,0.59,2026-09-17,0605,N,nominal,2.0NRT,286.45,5.36,D
-1.84012,103.93739,331.11,0.39,0.59,2026-09-17,0605,N,nominal,2.0NRT,285.5,5.36,D
-1.83855,103.94797,208,0.39,0.59,2026-09-17,0605,N,low,2.0NRT,306.18,46.43,D
-1.82891,103.9753,345.32,0.38,0.59,2026-09-17,0605,N,nominal,2.0NRT,291.7,4.9,D
-1.82943,103.97179,335,0.38,0.59,2026-09-17,0605,N,nominal,2.0NRT,289.98,4.9,D
-1.82995,103.96828,332.89,0.39,0.59,2026-09-17,0605,N,nominal,2.0NRT,289.1,5.8,D
-1.83204,103.95419,332.71,0.39,0.59,2026-09-17,0605,N,nominal,2.0NRT,288.96,46.92,D
-1.83256,103.95067,343.72,0.39,0.59,2026-09-17,0605,N,nominal,2.0NRT,289.11,46.92,D
-1.83308,103.94715,350.83,0.39,0.59,2026-09-17,0605,N,nominal,2.0NRT,289.2,46.43,D
-1.8336,103.94363,345.77,0.39,0.59,2026-09-17,0605,N,nominal,2.0NRT,289.11,46.43,D
-1.83412,103.94011,341.97,0.39,0.59,2026-09-17,0605,N,nominal,2.0NRT,288.38,5.36,D
-1.83464,103.93659,330.98,0.39,0.59,2026-09-17,0605,N,nominal,2.0NRT,286.05,5.36,D
-1.82345,103.9745,367,0.38,0.59,2026-09-17,0605,N,high,2.0NRT,294.52,35.43,D
-1.82293,103.978,340.23,0.38,0.59,2026-09-17,0605,N,nominal,2.0NRT,288.06,13.49,D
-1.82396,103.971,343.54,0.38,0.59,2026-09-17,0605,N,nominal,2.0NRT,291.71,35.43,D
-1.82448,103.96748,335.67,0.39,0.59,2026-09-17,0605,N,nominal,2.0NRT,290.55,34.83,D
-1.82761,103.94634,337.96,0.39,0.59,2026-09-17,0605,N,nominal,2.0NRT,289.29,10.9,D
-1.82812,103.94283,356.53,0.39,0.59,2026-09-17,0605,N,nominal,2.0NRT,291.96,10.9,D
-1.82968,103.93227,356.14,0.39,0.59,2026-09-17,0605,N,nominal,2.0NRT,286.64,11.51,D
-1.82864,103.93932,357,0.39,0.59,2026-09-17,0605,N,low,2.0NRT,294.57,22.56,D
-1.82916,103.93579,356.91,0.39,0.59,2026-09-17,0605,N,low,2.0NRT,292.4,22.56,D
-1.8185,103.9702,367,0.38,0.59,2026-09-17,0605,N,high,2.0NRT,301.66,35.43,D
-1.81798,103.9737,340.74,0.38,0.59,2026-09-17,0605,N,nominal,2.0NRT,288.86,35.43,D
-1.81953,103.96317,339.6,0.39,0.59,2026-09-17,0605,N,nominal,2.0NRT,289.95,34.83,D
-1.82265,103.94202,333.96,0.39,0.59,2026-09-17,0605,N,nominal,2.0NRT,288,10.9,D
-1.82316,103.93852,348.83,0.39,0.59,2026-09-17,0605,N,nominal,2.0NRT,287.24,22.56,D
-1.82368,103.93499,354.84,0.39,0.59,2026-09-17,0605,N,nominal,2.0NRT,287.04,22.56,D
-1.8242,103.93146,338.26,0.39,0.59,2026-09-17,0605,N,nominal,2.0NRT,286.42,11.51,D
-1.81902,103.96668,295.74,0.39,0.59,2026-09-17,0605,N,low,2.0NRT,299.36,34.83,D
-1.55018,105.75215,332.43,0.58,0.52,2026-09-17,0605,N,nominal,2.0NRT,287.14,6.69,D
-1.53694,105.80846,342.3,0.57,0.52,2026-09-17,0605,N,nominal,2.0NRT,293.73,15.33,D
-1.53771,105.8033,341.85,0.57,0.52,2026-09-17,0605,N,nominal,2.0NRT,293.86,12.56,D
-1.58062,105.51248,335.07,0.6,0.53,2026-09-17,0605,N,nominal,2.0NRT,294.64,5.9,D
-1.82803,103.97421,349.07,0.38,0.59,2026-09-17,0605,N,nominal,2.0NRT,292.15,9.47,D
-1.82857,103.9707,334.39,0.38,0.59,2026-09-17,0605,N,nominal,2.0NRT,290.12,9.47,D
-1.82912,103.9672,330.39,0.38,0.59,2026-09-17,0605,N,nominal,2.0NRT,289.15,7.88,D
-1.83131,103.95313,329.98,0.39,0.59,2026-09-17,0605,N,nominal,2.0NRT,289.09,5.99,D
-1.83185,103.94962,340.9,0.39,0.59,2026-09-17,0605,N,nominal,2.0NRT,289.15,5.99,D
-1.8324,103.9461,343.21,0.39,0.59,2026-09-17,0605,N,nominal,2.0NRT,289.63,10.6,D
-1.83295,103.9426,342.79,0.39,0.59,2026-09-17,0605,N,nominal,2.0NRT,289.79,10.6,D
-1.83349,103.93909,341.19,0.39,0.59,2026-09-17,0605,N,nominal,2.0NRT,288.82,22.51,D
-1.83404,103.93557,336.28,0.39,0.59,2026-09-17,0605,N,nominal,2.0NRT,287.03,22.51,D
-1.82256,103.97342,367,0.38,0.59,2026-09-17,0605,N,high,2.0NRT,293.91,9.47,D
-1.82311,103.96992,367,0.38,0.59,2026-09-17,0605,N,high,2.0NRT,294.59,9.47,D
-1.53761,105.80582,356.12,0.57,0.52,2026-09-17,0605,N,nominal,2.0NRT,295.01,23.05,D
-1.54647,105.74891,338.06,0.58,0.52,2026-09-17,0605,N,nominal,2.0NRT,289.22,9.3,D
-1.58274,105.51587,331.5,0.6,0.53,2026-09-17,0605,N,nominal,2.0NRT,294.62,2.88,D
-1.82202,103.97691,355.92,0.38,0.59,2026-09-17,0605,N,nominal,2.0NRT,289.58,18.84,D
-1.82365,103.96642,343.15,0.38,0.59,2026-09-17,0605,N,nominal,2.0NRT,291.98,7.88,D
-1.82638,103.94883,329.96,0.39,0.59,2026-09-17,0605,N,nominal,2.0NRT,288.76,5.99,D
-1.82693,103.94531,344.37,0.39,0.59,2026-09-17,0605,N,nominal,2.0NRT,289.82,10.6,D
-1.82911,103.93126,343.77,0.39,0.59,2026-09-17,0605,N,nominal,2.0NRT,286.73,20.52,D
-1.82747,103.94181,356.36,0.39,0.59,2026-09-17,0605,N,low,2.0NRT,292.01,10.6,D
-1.82802,103.93829,356.3,0.39,0.59,2026-09-17,0605,N,low,2.0NRT,294.69,22.51,D
-1.82856,103.93478,356.36,0.39,0.59,2026-09-17,0605,N,low,2.0NRT,291.56,22.51,D
-1.81764,103.96914,367,0.38,0.59,2026-09-17,0605,N,high,2.0NRT,301.4,63.09,D
-1.8171,103.97264,340,0.38,0.59,2026-09-17,0605,N,nominal,2.0NRT,288.8,63.09,D
-1.81873,103.96213,333.22,0.38,0.59,2026-09-17,0605,N,nominal,2.0NRT,288.09,84.45,D
-1.82254,103.93752,336.36,0.39,0.59,2026-09-17,0605,N,nominal,2.0NRT,286.58,5.23,D
-1.82309,103.93399,342.68,0.39,0.59,2026-09-17,0605,N,nominal,2.0NRT,286.15,5.23,D
-1.85881,103.44141,338.66,0.42,0.61,2026-09-17,0605,N,nominal,2.0NRT,293.44,5.4,D
-1.71552,104.31148,355.77,0.36,0.58,2026-09-17,0605,N,nominal,2.0NRT,292.6,3.75,D
-1.71601,104.30822,329.79,0.36,0.58,2026-09-17,0605,N,nominal,2.0NRT,292.7,3.75,D
0.90752,121.4182,343.67,0.34,0.56,2026-09-17,0605,N,nominal,2.0NRT,288.93,6.76,D
0.90701,121.41492,338.52,0.34,0.56,2026-09-17,0605,N,nominal,2.0NRT,289.44,6.75,D
-1.70337,104.31979,367,0.36,0.58,2026-09-17,0605,N,high,2.0NRT,294.13,18.78,D
-1.70386,104.31654,367,0.36,0.58,2026-09-17,0605,N,high,2.0NRT,295.34,20.65,D
-1.69705,104.32557,349.28,0.36,0.58,2026-09-17,0605,N,nominal,2.0NRT,294.56,5.05,D
0.93521,121.4936,329.22,0.35,0.57,2026-09-17,0605,N,nominal,2.0NRT,285.87,2.92,D
-1.84933,103.194,343.37,0.44,0.62,2026-09-17,0605,N,nominal,2.0NRT,293.49,4.46,D
-1.66994,104.32495,339.72,0.36,0.58,2026-09-17,0605,N,nominal,2.0NRT,293.04,5.26,D
-1.65349,104.32586,338.32,0.36,0.58,2026-09-17,0605,N,nominal,2.0NRT,291,4.01,D
-1.65397,104.32257,331.18,0.36,0.58,2026-09-17,0605,N,nominal,2.0NRT,291.54,4.84,D
-1.64817,104.32508,341.6,0.36,0.58,2026-09-17,0605,N,nominal,2.0NRT,291.82,4.01,D
-1.65569,104.32648,330.97,0.36,0.57,2026-09-17,0605,N,nominal,2.0NRT,290.25,3.71,D
-1.6562,104.3232,329.18,0.36,0.57,2026-09-17,0605,N,nominal,2.0NRT,291.38,3.16,D
-1.65037,104.32571,342.76,0.36,0.57,2026-09-17,0605,N,nominal,2.0NRT,290.98,3.71,D
-1.65088,104.32243,331.5,0.36,0.57,2026-09-17,0605,N,nominal,2.0NRT,291.85,3.16,D
-1.6334,104.32993,367,0.36,0.57,2026-09-17,0605,N,high,2.0NRT,292.09,12.12,D
-1.63391,104.32664,344.55,0.36,0.57,2026-09-17,0605,N,nominal,2.0NRT,290.85,7.24,D
-1.62758,104.33242,367,0.36,0.57,2026-09-17,0605,N,high,2.0NRT,292.12,12.12,D
-1.62277,104.32836,339.36,0.36,0.57,2026-09-17,0605,N,nominal,2.0NRT,291.91,8.29,D
-1.62327,104.32508,339.13,0.36,0.57,2026-09-17,0605,N,nominal,2.0NRT,292.58,8.25,D
-1.61795,104.32429,367,0.36,0.57,2026-09-17,0605,N,high,2.0NRT,292.92,8.25,D
-1.61745,104.32758,335.53,0.36,0.57,2026-09-17,0605,N,nominal,2.0NRT,291.34,8.29,D
-1.61845,104.32101,333.18,0.36,0.57,2026-09-17,0605,N,nominal,2.0NRT,290.88,8.25,D
-1.56319,104.3997,332.39,0.36,0.57,2026-09-17,0605,N,nominal,2.0NRT,289.2,4.56,D
-1.78314,102.73737,328.8,0.47,0.64,2026-09-17,0605,N,nominal,2.0NRT,292.18,3.55,D
-1.66648,101.86829,339.5,0.53,0.67,2026-09-17,0605,N,nominal,2.0NRT,291.98,5.84,D
-1.31711,103.78908,334.01,0.39,0.59,2026-09-17,0605,N,nominal,2.0NRT,288.54,4.51,D
-1.31764,103.7855,330,0.39,0.59,2026-09-17,0605,N,nominal,2.0NRT,288.38,4.51,D
-1.31817,103.78197,334.34,0.39,0.59,2026-09-17,0605,N,nominal,2.0NRT,288.69,3.91,D
-1.3187,103.77844,328.03,0.39,0.59,2026-09-17,0605,N,nominal,2.0NRT,287.26,3.91,D
-1.31161,103.78833,340.06,0.39,0.59,2026-09-17,0605,N,nominal,2.0NRT,289.24,4.51,D
-1.31213,103.78481,332.27,0.39,0.59,2026-09-17,0605,N,nominal,2.0NRT,288.25,4.51,D
-1.31266,103.78129,335.12,0.39,0.59,2026-09-17,0605,N,nominal,2.0NRT,287.87,3.91,D
-1.30612,103.78752,342.52,0.39,0.59,2026-09-17,0605,N,nominal,2.0NRT,287.18,6.44,D
-1.60142,101.79,349.04,0.54,0.68,2026-09-17,0605,N,nominal,2.0NRT,291.64,17.33,D
-1.60211,101.78532,330.43,0.54,0.68,2026-09-17,0605,N,nominal,2.0NRT,291.54,11.44,D
-1.31746,103.78838,332.85,0.39,0.59,2026-09-17,0605,N,nominal,2.0NRT,288.9,5.17,D
-1.31802,103.78485,329.77,0.39,0.59,2026-09-17,0605,N,nominal,2.0NRT,288.85,5.17,D
-1.31857,103.78133,334.65,0.39,0.59,2026-09-17,0605,N,nominal,2.0NRT,288.69,6.24,D
-1.31141,103.79122,333.45,0.39,0.59,2026-09-17,0605,N,nominal,2.0NRT,286.02,9.7,D
-1.31196,103.78768,337.62,0.39,0.59,2026-09-17,0605,N,nominal,2.0NRT,288.9,4.55,D
-1.31251,103.78417,331.78,0.39,0.59,2026-09-17,0605,N,nominal,2.0NRT,287.74,4.55,D
-1.31306,103.78067,335.03,0.39,0.59,2026-09-17,0605,N,nominal,2.0NRT,287.4,7.59,D
-1.30647,103.7869,340.73,0.39,0.59,2026-09-17,0605,N,nominal,2.0NRT,286.62,4.55,D
-1.30702,103.78338,328.42,0.39,0.59,2026-09-17,0605,N,nominal,2.0NRT,286.33,4.55,D
-1.59887,101.78706,367,0.54,0.68,2026-09-17,0605,N,high,2.0NRT,292.96,14.49,D
-1.18073,104.24432,339.44,0.36,0.57,2026-09-17,0605,N,nominal,2.0NRT,285.05,5.9,D
-1.18123,104.24104,327.52,0.36,0.57,2026-09-17,0605,N,nominal,2.0NRT,284.15,7.33,D
-1.52608,101.97127,328.47,0.52,0.67,2026-09-17,0605,N,nominal,2.0NRT,291.59,2.49,D
-1.26836,102.60628,329.34,0.47,0.64,2026-09-17,0605,N,nominal,2.0NRT,288.92,7.06,D
-1.29769,102.47797,337.82,0.48,0.64,2026-09-17,0605,N,nominal,2.0NRT,291.7,7.21,D
-1.2655,102.60622,340.4,0.47,0.64,2026-09-17,0605,N,nominal,2.0NRT,290.22,9.78,D
-1.13699,102.85778,344.82,0.45,0.63,2026-09-17,0605,N,nominal,2.0NRT,289.03,8.03,D
-1.2239,102.27685,330.55,0.49,0.65,2026-09-17,0605,N,nominal,2.0NRT,291.33,9.78,D
-1.22459,102.27227,346.12,0.49,0.65,2026-09-17,0605,N,nominal,2.0NRT,291.78,8.27,D
-1.13629,102.86241,356.95,0.45,0.63,2026-09-17,0605,N,low,2.0NRT,287.21,19.69,D
-1.13115,102.857,345.43,0.45,0.63,2026-09-17,0605,N,nominal,2.0NRT,288.7,8.03,D
-1.13721,102.85844,346.78,0.45,0.63,2026-09-17,0605,N,nominal,2.0NRT,289.03,9.28,D
-1.22301,102.27338,367,0.49,0.65,2026-09-17,0605,N,high,2.0NRT,292.25,9.37,D
-1.13138,102.85763,348.33,0.45,0.63,2026-09-17,0605,N,nominal,2.0NRT,288.43,9.28,D
-1.13725,102.74377,330.52,0.46,0.63,2026-09-17,0605,N,nominal,2.0NRT,285.53,2.36,D
1.43483,118.24461,345.05,0.43,0.46,2026-09-17,0605,N,nominal,2.0NRT,293.4,48.96,D
1.43423,118.24074,341.59,0.43,0.46,2026-09-17,0605,N,nominal,2.0NRT,289.44,18.34,D
1.4351,118.24554,342.36,0.43,0.46,2026-09-17,0605,N,nominal,2.0NRT,288.21,38.67,D
1.50396,118.21606,340.88,0.43,0.46,2026-09-17,0605,N,nominal,2.0NRT,288.87,9.79,D
1.50836,118.13286,348.24,0.42,0.45,2026-09-17,0605,N,nominal,2.0NRT,291.71,6.13,D
-0.88154,102.30866,342.07,0.48,0.65,2026-09-17,0605,N,nominal,2.0NRT,288.69,9.1,D
1.51983,118.06889,349.83,0.42,0.45,2026-09-17,0605,N,nominal,2.0NRT,292.1,7.24,D
1.5246,118.0721,340.89,0.42,0.45,2026-09-17,0605,N,nominal,2.0NRT,291.42,7.24,D
1.52401,118.06829,332.96,0.42,0.45,2026-09-17,0605,N,nominal,2.0NRT,289.9,7.24,D
1.52107,118.07191,341.79,0.42,0.45,2026-09-17,0605,N,nominal,2.0NRT,292.6,7.81,D
1.5205,118.06807,351.49,0.42,0.45,2026-09-17,0605,N,nominal,2.0NRT,291.4,7.81,D
1.52525,118.07131,340.97,0.42,0.45,2026-09-17,0605,N,nominal,2.0NRT,290.36,6.31,D
-0.87998,102.30879,348.58,0.48,0.65,2026-09-17,0605,N,nominal,2.0NRT,289.18,8.77,D
-0.84293,102.14906,327.64,0.5,0.65,2026-09-17,0605,N,nominal,2.0NRT,291.79,4.74,D
1.59982,118.08396,340.5,0.42,0.45,2026-09-17,0605,N,nominal,2.0NRT,286.63,6.57,D
1.60427,118.00219,332.6,0.42,0.45,2026-09-17,0605,N,nominal,2.0NRT,287.37,7.53,D
1.60369,117.99843,343.14,0.42,0.45,2026-09-17,0605,N,nominal,2.0NRT,285.93,7.03,D
1.60678,117.96355,343.5,0.41,0.45,2026-09-17,0605,N,nominal,2.0NRT,289,5.76,D
1.61093,117.96291,335.14,0.41,0.45,2026-09-17,0605,N,nominal,2.0NRT,291.14,6.61,D
1.60851,117.96286,353.86,0.41,0.45,2026-09-17,0605,N,nominal,2.0NRT,291.53,11.15,D
-0.27083,104.88742,332.25,0.63,0.54,2026-09-17,0605,N,nominal,2.0NRT,289.59,5.66,D
-0.27194,104.88537,334.92,0.63,0.54,2026-09-17,0605,N,nominal,2.0NRT,289.97,5.86,D
-0.40824,102.70586,328.87,0.45,0.63,2026-09-17,0605,N,nominal,2.0NRT,287.8,2.94,D
2.07047,117.52856,354.51,0.39,0.44,2026-09-17,0605,N,nominal,2.0NRT,293.53,8.62,D
2.21928,117.87917,336.62,0.42,0.45,2026-09-17,0605,N,nominal,2.0NRT,293.17,5.11,D
2.25093,118.05801,343.51,0.43,0.46,2026-09-17,0605,N,nominal,2.0NRT,289.1,5.35,D
2.24428,117.87553,342.61,0.42,0.45,2026-09-17,0605,N,nominal,2.0NRT,293.65,4.2,D
2.24844,117.87487,331.53,0.42,0.45,2026-09-17,0605,N,nominal,2.0NRT,290.93,4.2,D
2.24563,117.87492,342.85,0.42,0.45,2026-09-17,0605,N,nominal,2.0NRT,292.43,8.18,D
2.25563,117.88501,340.04,0.42,0.45,2026-09-17,0605,N,nominal,2.0NRT,290.49,6.34,D
2.27553,117.99077,340.07,0.42,0.46,2026-09-17,0605,N,nominal,2.0NRT,291.61,7.74,D
2.26396,117.88372,330.54,0.42,0.45,2026-09-17,0605,N,nominal,2.0NRT,289.55,4.05,D
2.2198,117.53003,336.83,0.4,0.44,2026-09-17,0605,N,nominal,2.0NRT,292.84,1.83,D
2.29769,117.99538,337.78,0.43,0.46,2026-09-17,0605,N,nominal,2.0NRT,291.24,5.15,D
2.3019,117.9948,332.15,0.43,0.46,2026-09-17,0605,N,nominal,2.0NRT,291.24,5.56,D
2.24288,117.54515,348.69,0.4,0.44,2026-09-17,0605,N,nominal,2.0NRT,294.5,17.15,D
2.29847,117.88639,331.09,0.42,0.45,2026-09-17,0605,N,nominal,2.0NRT,291.7,4.12,D
2.31025,117.90789,331.66,0.42,0.45,2026-09-17,0605,N,nominal,2.0NRT,291.08,41.86,D
2.30967,117.90411,345.67,0.42,0.45,2026-09-17,0605,N,nominal,2.0NRT,300.45,41.86,D
2.3091,117.90034,338.09,0.42,0.45,2026-09-17,0605,N,nominal,2.0NRT,297.32,45.05,D
2.31558,117.91489,341.79,0.42,0.45,2026-09-17,0605,N,nominal,2.0NRT,290.36,48.31,D
2.315,117.91107,355.49,0.42,0.45,2026-09-17,0605,N,nominal,2.0NRT,299.34,48.31,D
2.31443,117.90732,352.81,0.42,0.45,2026-09-17,0605,N,nominal,2.0NRT,293.14,63.84,D
2.31386,117.90353,339.55,0.42,0.45,2026-09-17,0605,N,nominal,2.0NRT,301.63,63.84,D
2.31329,117.89976,347.24,0.42,0.45,2026-09-17,0605,N,nominal,2.0NRT,291.01,18.9,D
2.31804,117.90292,367,0.42,0.45,2026-09-17,0605,N,high,2.0NRT,290.58,63.84,D
2.31977,117.91431,345.18,0.42,0.45,2026-09-17,0605,N,nominal,2.0NRT,290.63,48.31,D
2.31919,117.91052,342.72,0.42,0.45,2026-09-17,0605,N,nominal,2.0NRT,296.61,48.31,D
2.31746,117.89911,345.87,0.42,0.45,2026-09-17,0605,N,nominal,2.0NRT,291.23,18.9,D
2.32973,117.95173,348.2,0.42,0.45,2026-09-17,0605,N,nominal,2.0NRT,290.85,5.78,D
2.32337,117.9099,346.05,0.42,0.45,2026-09-17,0605,N,nominal,2.0NRT,289.63,47.69,D
2.32279,117.90607,337.25,0.42,0.45,2026-09-17,0605,N,nominal,2.0NRT,299.02,24.36,D
2.32221,117.90226,334.39,0.42,0.45,2026-09-17,0605,N,nominal,2.0NRT,290.9,24.36,D
2.32163,117.89844,342.93,0.42,0.45,2026-09-17,0605,N,nominal,2.0NRT,289.89,8.1,D
2.32986,117.92443,341.05,0.42,0.45,2026-09-17,0605,N,nominal,2.0NRT,290.18,6.44,D
2.32928,117.92065,339.52,0.42,0.45,2026-09-17,0605,N,nominal,2.0NRT,290.53,5.72,D
2.32638,117.90159,340.11,0.42,0.45,2026-09-17,0605,N,nominal,2.0NRT,289.93,24.36,D
23.88807,110.76647,345.75,0.46,0.39,2026-09-17,0612,N,nominal,2.0NRT,292.03,4.98,D
24.17514,112.76425,330.81,0.39,0.44,2026-09-17,0612,N,nominal,2.0NRT,296.47,3.26,D
24.73944,116.18304,333.42,0.32,0.55,2026-09-17,0612,N,nominal,2.0NRT,295.3,3.76,D
22.87441,100.26229,331.32,0.51,0.49,2026-09-17,0612,N,nominal,2.0NRT,292.36,3.12,D
23.62199,102.83178,326.69,0.52,0.42,2026-09-17,0612,N,low,2.0NRT,300.39,2.96,D
23.6409,102.84879,327,0.52,0.42,2026-09-17,0612,N,low,2.0NRT,299.16,3.11,D
24.03977,102.73413,332.83,0.52,0.42,2026-09-17,0612,N,nominal,2.0NRT,299,4.97,D
24.41796,103.42316,329.74,0.48,0.4,2026-09-17,0612,N,nominal,2.0NRT,299.62,2.76,D
27.17832,120.36121,336.37,0.62,0.71,2026-09-17,0612,N,nominal,2.0NRT,292.01,5.3,D
25.48213,103.49229,330.68,0.46,0.39,2026-09-17,0612,N,nominal,2.0NRT,298.66,3.47,D
25.6704,103.87688,337.39,0.44,0.39,2026-09-17,0612,N,nominal,2.0NRT,297.85,5.06,D
24.5746,97.80923,328.15,0.33,0.55,2026-09-17,0612,N,nominal,2.0NRT,293.16,1.01,D
25.39365,100.45975,325.83,0.44,0.46,2026-09-17,0612,N,low,2.0NRT,298.19,4.78,D
25.70676,101.87003,331.66,0.55,0.42,2026-09-17,0614,N,nominal,2.0NRT,300.48,2.62,D
25.70715,101.86842,333.29,0.55,0.42,2026-09-17,0614,N,nominal,2.0NRT,300.09,3.27,D
26.56336,101.67379,329.06,0.54,0.42,2026-09-17,0614,N,low,2.0NRT,300.7,5.55,D
26.57497,101.67155,325.39,0.54,0.42,2026-09-17,0614,N,low,2.0NRT,297.97,2.44,D
26.62162,101.59955,332.95,0.55,0.42,2026-09-17,0614,N,nominal,2.0NRT,298.1,11.9,D
26.6214,101.59765,346.35,0.55,0.42,2026-09-17,0614,N,nominal,2.0NRT,298.37,12.33,D
-1.66456,101.86816,336.74,0.77,0.78,2026-09-17,0746,N,nominal,2.0NRT,288.47,9.51,D
17.69873,95.69556,328.23,0.55,0.68,2026-09-17,0752,N,nominal,2.0NRT,286.82,2.47,D
22.05378,88.12634,339.82,0.41,0.45,2026-09-17,0752,N,nominal,2.0NRT,294.62,3.6,D
29.64009,91.29373,326.03,0.4,0.6,2026-09-17,0756,N,low,2.0NRT,298.84,3.49,D
-2.16805,146.57269,311.21,0.48,0.48,2026-09-17,1524,N,nominal,2.0NRT,291.63,1.57,N
-5.11698,151.26547,304.87,0.39,0.36,2026-09-17,1526,N,nominal,2.0NRT,289.93,1.06,N
-5.01172,150.04712,320.42,0.42,0.38,2026-09-17,1526,N,nominal,2.0NRT,292.8,2.13,N
-5.01234,150.05092,322.14,0.42,0.38,2026-09-17,1526,N,nominal,2.0NRT,292.46,2.13,N
-5.01972,150.09656,334.17,0.42,0.38,2026-09-17,1526,N,nominal,2.0NRT,293.21,4.42,N
-5.02034,150.10036,313.93,0.42,0.38,2026-09-17,1526,N,nominal,2.0NRT,292.37,1.74,N
-5.02854,150.04086,304.75,0.42,0.38,2026-09-17,1526,N,nominal,2.0NRT,291.09,1.44,N
-5.04116,150.09706,309.78,0.42,0.38,2026-09-17,1526,N,nominal,2.0NRT,292.25,1.08,N
-5.03487,150.03589,307.48,0.42,0.38,2026-09-17,1526,N,nominal,2.0NRT,291.43,1.22,N
-5.06203,150.18269,320.14,0.42,0.38,2026-09-17,1526,N,nominal,2.0NRT,292.04,2.79,N
-5.05096,150.09167,321.22,0.42,0.38,2026-09-17,1526,N,nominal,2.0NRT,292.58,2.31,N
-5.04183,150.03485,309.81,0.42,0.38,2026-09-17,1526,N,nominal,2.0NRT,291.39,1.75,N
-5.04305,150.04243,305.67,0.42,0.38,2026-09-17,1526,N,nominal,2.0NRT,291.01,0.74,N
-5.05159,150.09563,307.1,0.42,0.38,2026-09-17,1526,N,nominal,2.0NRT,291.62,1.25,N
-5.05221,150.0995,318.02,0.42,0.38,2026-09-17,1526,N,nominal,2.0NRT,291.74,1.25,N
-5.04653,150.0419,349.07,0.42,0.38,2026-09-17,1526,N,nominal,2.0NRT,294.66,5.88,N
-5.0563,150.10281,320.55,0.42,0.38,2026-09-17,1526,N,nominal,2.0NRT,291.29,1.41,N
-5.04711,150.04552,318.32,0.42,0.38,2026-09-17,1526,N,nominal,2.0NRT,292.56,5.88,N
-5.05443,150.09113,311.68,0.42,0.38,2026-09-17,1526,N,nominal,2.0NRT,292.35,3.56,N
-5.05727,150.08662,329.91,0.42,0.38,2026-09-17,1526,N,nominal,2.0NRT,293.24,3.56,N
-5.05789,150.0905,336.67,0.42,0.38,2026-09-17,1526,N,nominal,2.0NRT,293.97,3.56,N
-5.06094,150.10959,326.56,0.42,0.38,2026-09-17,1526,N,nominal,2.0NRT,292.4,2.71,N
-5.04816,150.02982,307.27,0.42,0.38,2026-09-17,1526,N,nominal,2.0NRT,291.59,1.43,N
-5.04879,150.0338,306.2,0.42,0.38,2026-09-17,1526,N,nominal,2.0NRT,290.95,1.34,N
-5.05975,150.10214,305.67,0.42,0.38,2026-09-17,1526,N,nominal,2.0NRT,291.37,1.41,N
-5.07119,150.17348,308.85,0.42,0.38,2026-09-17,1526,N,nominal,2.0NRT,291.77,1.86,N
-5.065,150.1127,321.87,0.42,0.38,2026-09-17,1526,N,nominal,2.0NRT,292.59,2.14,N
-5.05163,150.02925,305.64,0.42,0.38,2026-09-17,1526,N,nominal,2.0NRT,291.3,1.13,N
-5.05407,150.04449,310.94,0.42,0.38,2026-09-17,1526,N,nominal,2.0NRT,291.55,1.52,N
-5.06135,150.08989,308.46,0.42,0.38,2026-09-17,1526,N,nominal,2.0NRT,292.3,1.85,N
-5.05636,150.03656,305.97,0.42,0.38,2026-09-17,1526,N,nominal,2.0NRT,291.2,0.91,N
-5.05756,150.04399,318.8,0.42,0.38,2026-09-17,1526,N,nominal,2.0NRT,291.39,1.52,N
-5.06846,150.11211,310.26,0.42,0.38,2026-09-17,1526,N,nominal,2.0NRT,292,2.14,N
-5.06265,150.03125,306.86,0.42,0.38,2026-09-17,1526,N,nominal,2.0NRT,291.64,0.93,N
-5.06764,150.03105,306.61,0.42,0.38,2026-09-17,1526,N,nominal,2.0NRT,291.23,1.33,N
-5.07825,150.09581,306.01,0.42,0.38,2026-09-17,1526,N,nominal,2.0NRT,291.21,1.13,N
-5.08011,150.10716,308.41,0.42,0.38,2026-09-17,1526,N,nominal,2.0NRT,291.34,1.43,N
-5.08235,150.09914,307.35,0.42,0.38,2026-09-17,1526,N,nominal,2.0NRT,291.17,1.16,N
-5.08297,150.10292,309.9,0.42,0.38,2026-09-17,1526,N,nominal,2.0NRT,291.04,1.16,N
-5.07712,150.04543,306.27,0.42,0.38,2026-09-17,1526,N,nominal,2.0NRT,291.33,1.07,N
-5.08521,150.09485,311.52,0.42,0.38,2026-09-17,1526,N,nominal,2.0NRT,291.29,1.13,N
-5.08745,150.08676,303.87,0.42,0.38,2026-09-17,1526,N,nominal,2.0NRT,290.49,1.75,N
-5.09237,150.11688,304.96,0.42,0.38,2026-09-17,1526,N,nominal,2.0NRT,290.69,0.58,N
-5.09661,150.14288,306.07,0.42,0.38,2026-09-17,1526,N,nominal,2.0NRT,291.43,1.41,N
-5.11938,150.04231,321.64,0.42,0.38,2026-09-17,1526,N,nominal,2.0NRT,292.27,2.65,N
-5.18906,150.04688,309.36,0.42,0.38,2026-09-17,1526,N,nominal,2.0NRT,291.53,1.4,N
-5.19215,150.06581,305.38,0.42,0.38,2026-09-17,1526,N,nominal,2.0NRT,291.85,1.28,N
-5.19506,150.0618,328.99,0.42,0.38,2026-09-17,1526,N,nominal,2.0NRT,292.9,2.31,N
-5.19564,150.0654,306.72,0.42,0.38,2026-09-17,1526,N,nominal,2.0NRT,291.4,0.91,N
-5.19852,150.06122,309.29,0.42,0.38,2026-09-17,1526,N,nominal,2.0NRT,290.86,2.31,N
-5.19969,150.06842,306.91,0.42,0.38,2026-09-17,1526,N,nominal,2.0NRT,291.53,0.91,N
-5.20927,150.03984,311.34,0.42,0.38,2026-09-17,1526,N,nominal,2.0NRT,291.96,1.39,N
-5.22066,150.02223,305.18,0.42,0.38,2026-09-17,1526,N,nominal,2.0NRT,291.47,0.66,N
-5.24274,150.02663,307.92,0.42,0.38,2026-09-17,1526,N,nominal,2.0NRT,291.84,1.3,N
-5.24397,150.03424,308.88,0.42,0.38,2026-09-17,1526,N,nominal,2.0NRT,291.5,1.01,N
-6.1334,155.1963,298.33,0.46,0.39,2026-09-17,1526,N,nominal,2.0NRT,282.35,1.24,N
-5.4935,150.41304,307.36,0.41,0.37,2026-09-17,1526,N,nominal,2.0NRT,292.28,1.23,N
-5.50941,150.48981,328.93,0.41,0.37,2026-09-17,1526,N,nominal,2.0NRT,292.36,1.66,N
-5.49693,150.41254,305.92,0.41,0.37,2026-09-17,1526,N,nominal,2.0NRT,292.44,1.35,N
-5.51765,150.54083,306.8,0.4,0.37,2026-09-17,1526,N,nominal,2.0NRT,291.78,0.94,N
-5.50035,150.41205,319.28,0.41,0.37,2026-09-17,1526,N,nominal,2.0NRT,292.88,1.35,N
-5.51283,150.48929,308.77,0.41,0.37,2026-09-17,1526,N,nominal,2.0NRT,291.23,1.66,N
-5.50321,150.40804,320.44,0.41,0.37,2026-09-17,1526,N,nominal,2.0NRT,292.87,1.73,N
-5.50378,150.41158,316.46,0.41,0.37,2026-09-17,1526,N,nominal,2.0NRT,292.52,1.73,N
-5.53034,150.46773,309.33,0.41,0.37,2026-09-17,1526,N,nominal,2.0NRT,291.16,1.1,N
-5.5612,150.63803,320.43,0.4,0.37,2026-09-17,1526,N,nominal,2.0NRT,292.68,2.54,N
-5.54956,150.56554,305.41,0.4,0.37,2026-09-17,1526,N,nominal,2.0NRT,291.66,0.6,N
-5.55945,150.62715,316.33,0.4,0.37,2026-09-17,1526,N,nominal,2.0NRT,292.23,1.68,N
-5.5341,150.4258,311.06,0.41,0.37,2026-09-17,1526,N,nominal,2.0NRT,291.68,1.39,N
-5.57974,150.14452,302.62,0.42,0.37,2026-09-17,1526,N,nominal,2.0NRT,290.64,0.42,N
-5.54665,149.87354,309.88,0.42,0.38,2026-09-17,1526,N,nominal,2.0NRT,291.94,1.35,N
-5.55957,149.88721,310.01,0.42,0.38,2026-09-17,1526,N,nominal,2.0NRT,291.58,1.69,N
-5.57245,149.96721,305.95,0.42,0.38,2026-09-17,1526,N,nominal,2.0NRT,290.77,0.93,N
-5.57534,149.89647,311.29,0.42,0.38,2026-09-17,1526,N,nominal,2.0NRT,292.15,1.52,N
-5.58109,149.8878,304.62,0.42,0.38,2026-09-17,1526,N,nominal,2.0NRT,291.7,0.63,N
-5.63625,150.13155,305.5,0.42,0.37,2026-09-17,1526,N,nominal,2.0NRT,290.89,0.66,N
-5.62382,149.99036,303.66,0.42,0.38,2026-09-17,1526,N,nominal,2.0NRT,290.93,0.66,N
-5.62544,149.97845,306.51,0.42,0.38,2026-09-17,1526,N,nominal,2.0NRT,291.41,1.16,N
-5.62679,149.94307,307.87,0.42,0.38,2026-09-17,1526,N,nominal,2.0NRT,292.26,1.08,N
-5.633,149.98119,308.46,0.42,0.38,2026-09-17,1526,N,nominal,2.0NRT,291.46,0.81,N
-5.62531,149.91212,306.42,0.42,0.38,2026-09-17,1526,N,nominal,2.0NRT,292.16,1.03,N
-5.62593,149.91594,310.9,0.42,0.38,2026-09-17,1526,N,nominal,2.0NRT,292.12,1.03,N
-5.62778,149.92732,308.93,0.42,0.38,2026-09-17,1526,N,nominal,2.0NRT,292.79,2,N
-5.62965,149.93877,314.83,0.42,0.38,2026-09-17,1526,N,nominal,2.0NRT,292.6,2.43,N
-5.63474,149.92624,320.33,0.42,0.38,2026-09-17,1526,N,nominal,2.0NRT,293.04,1.97,N
-5.59274,149.62398,304.26,0.43,0.38,2026-09-17,1526,N,nominal,2.0NRT,290.55,0.7,N
-5.69011,150.18039,304.41,0.41,0.37,2026-09-17,1526,N,nominal,2.0NRT,290.68,0.3,N
-5.70706,150.21989,303.03,0.41,0.37,2026-09-17,1526,N,nominal,2.0NRT,290.55,0.93,N
-5.57209,149.36272,316.1,0.44,0.39,2026-09-17,1526,N,nominal,2.0NRT,292.55,1.64,N
-5.65887,149.89923,314.74,0.42,0.38,2026-09-17,1526,N,nominal,2.0NRT,292.59,1.62,N
-5.5763,149.36613,335.22,0.44,0.39,2026-09-17,1526,N,nominal,2.0NRT,294.41,5.36,N
-5.57565,149.36214,314.39,0.44,0.39,2026-09-17,1526,N,nominal,2.0NRT,292.21,1.64,N
-5.57986,149.36557,341.46,0.44,0.39,2026-09-17,1526,N,nominal,2.0NRT,294.6,3.78,N
-5.60689,149.53279,304.06,0.44,0.38,2026-09-17,1526,N,nominal,2.0NRT,290.96,0.98,N
-5.58342,149.36499,321.9,0.44,0.39,2026-09-17,1526,N,nominal,2.0NRT,292.5,3.78,N
-5.72082,150.21793,307.79,0.41,0.37,2026-09-17,1526,N,nominal,2.0NRT,290.66,0.76,N
-5.61649,149.54739,306.16,0.44,0.38,2026-09-17,1526,N,nominal,2.0NRT,291.25,0.92,N
-5.72128,150.19885,304.01,0.41,0.37,2026-09-17,1526,N,nominal,2.0NRT,291.11,1.02,N
-5.72427,150.21748,318.52,0.41,0.37,2026-09-17,1526,N,nominal,2.0NRT,290.81,1.46,N
-5.5925,149.37601,313.47,0.44,0.39,2026-09-17,1526,N,nominal,2.0NRT,292.41,1.88,N
-5.62321,149.56664,309.43,0.44,0.38,2026-09-17,1526,N,nominal,2.0NRT,291.64,1.73,N
-5.62673,149.56601,306.41,0.44,0.38,2026-09-17,1526,N,nominal,2.0NRT,291.71,1.14,N
-5.62735,149.56992,303.67,0.44,0.38,2026-09-17,1526,N,nominal,2.0NRT,290.65,0.49,N
-5.61311,149.45882,314.79,0.44,0.38,2026-09-17,1526,N,nominal,2.0NRT,292.4,1.61,N
-5.63025,149.56543,306.26,0.44,0.38,2026-09-17,1526,N,nominal,2.0NRT,290.99,1.14,N
-5.61026,149.41844,306.24,0.44,0.38,2026-09-17,1526,N,nominal,2.0NRT,292.27,1.82,N
-5.60375,149.38367,308.04,0.44,0.39,2026-09-17,1526,N,nominal,2.0NRT,292.13,2.17,N
-5.60972,149.41966,309.85,0.44,0.38,2026-09-17,1526,N,nominal,2.0NRT,292.19,1.91,N
-5.64804,149.56361,305.95,0.44,0.38,2026-09-17,1526,N,nominal,2.0NRT,291.19,0.96,N
-5.65156,149.563,310.28,0.44,0.38,2026-09-17,1526,N,nominal,2.0NRT,290.78,0.96,N
-5.57619,149.08435,311.54,0.46,0.39,2026-09-17,1526,N,nominal,2.0NRT,290.43,1.91,N
-5.62575,149.38435,306.13,0.44,0.39,2026-09-17,1526,N,nominal,2.0NRT,291.56,0.93,N
-5.63891,149.46416,305.75,0.44,0.38,2026-09-17,1526,N,nominal,2.0NRT,291.56,1.15,N
-5.65155,149.51894,305.27,0.44,0.38,2026-09-17,1526,N,nominal,2.0NRT,291.44,1.23,N
-5.24791,147.07492,309.76,0.4,0.44,2026-09-17,1526,N,nominal,2.0NRT,289.92,1.83,N
-5.63942,149.4231,317.33,0.44,0.38,2026-09-17,1526,N,nominal,2.0NRT,291.86,2.14,N
-5.63375,149.36642,310.37,0.44,0.39,2026-09-17,1526,N,nominal,2.0NRT,291.43,2.3,N
-5.63506,149.37445,305.77,0.44,0.39,2026-09-17,1526,N,nominal,2.0NRT,291.69,1.67,N
-5.63862,149.37384,310.4,0.44,0.39,2026-09-17,1526,N,nominal,2.0NRT,291.63,1.55,N
-5.65092,149.35985,306.05,0.44,0.39,2026-09-17,1526,N,nominal,2.0NRT,291.46,0.75,N
-5.65251,149.34724,320.24,0.44,0.39,2026-09-17,1526,N,nominal,2.0NRT,291.68,2.01,N
-5.65607,149.34668,305.1,0.44,0.39,2026-09-17,1526,N,nominal,2.0NRT,291.31,0.65,N
-5.66287,149.366,308.7,0.44,0.39,2026-09-17,1526,N,nominal,2.0NRT,291.65,1.06,N
-5.66643,149.36545,314.79,0.44,0.39,2026-09-17,1526,N,nominal,2.0NRT,291.77,1.57,N
-5.67294,149.4054,305.21,0.44,0.38,2026-09-17,1526,N,nominal,2.0NRT,291.55,0.83,N
-5.58342,148.83394,329.46,0.47,0.4,2026-09-17,1526,N,nominal,2.0NRT,291.21,2.19,N
-5.57995,148.81267,306.75,0.47,0.4,2026-09-17,1526,N,nominal,2.0NRT,290.64,0.68,N
-5.58275,148.82979,308.82,0.47,0.4,2026-09-17,1526,N,nominal,2.0NRT,290.49,2.08,N
-5.66278,149.32059,313.46,0.45,0.39,2026-09-17,1526,N,nominal,2.0NRT,291.32,1.52,N
-5.67063,149.36885,306.5,0.44,0.39,2026-09-17,1526,N,nominal,2.0NRT,291.37,1.17,N
-5.67649,149.40486,307.15,0.44,0.38,2026-09-17,1526,N,nominal,2.0NRT,291.35,0.83,N
-5.68305,149.44521,306.03,0.44,0.38,2026-09-17,1526,N,nominal,2.0NRT,290.71,0.89,N
-5.58363,148.81223,329.43,0.47,0.4,2026-09-17,1526,N,nominal,2.0NRT,290.86,2.84,N
-5.6294,149.093,302.24,0.46,0.39,2026-09-17,1526,N,nominal,2.0NRT,289.35,0.58,N
-5.68004,149.40431,312.04,0.44,0.38,2026-09-17,1526,N,nominal,2.0NRT,291.72,1.59,N
-5.68425,149.40784,323.74,0.44,0.38,2026-09-17,1526,N,nominal,2.0NRT,291.44,1.79,N
-5.65414,149.22238,303.98,0.45,0.39,2026-09-17,1526,N,nominal,2.0NRT,290.47,0.38,N
-5.65744,149.24265,307.2,0.45,0.39,2026-09-17,1526,N,nominal,2.0NRT,290.56,0.69,N
-5.66598,149.29524,318.33,0.45,0.39,2026-09-17,1526,N,nominal,2.0NRT,291.4,1.84,N
-5.66665,149.29938,315.36,0.45,0.39,2026-09-17,1526,N,nominal,2.0NRT,291.38,1.84,N
-5.68294,149.39972,314.22,0.44,0.38,2026-09-17,1526,N,nominal,2.0NRT,291.44,1.59,N
-5.6836,149.40378,308.32,0.44,0.38,2026-09-17,1526,N,nominal,2.0NRT,291.47,1.59,N
-5.52959,148.43488,301.69,0.49,0.41,2026-09-17,1526,N,nominal,2.0NRT,287.83,0.5,N
-5.66889,149.29063,316.46,0.45,0.39,2026-09-17,1526,N,nominal,2.0NRT,291.05,1.81,N
-5.66956,149.29472,311.98,0.45,0.39,2026-09-17,1526,N,nominal,2.0NRT,290.99,1.82,N
-5.68781,149.40729,316.59,0.44,0.38,2026-09-17,1526,N,nominal,2.0NRT,290.98,1.59,N
-5.66721,149.25766,320.48,0.45,0.39,2026-09-17,1526,N,nominal,2.0NRT,290.85,2.25,N
-5.67246,149.29008,312.02,0.45,0.39,2026-09-17,1526,N,nominal,2.0NRT,291.14,1.81,N
-5.67867,149.30579,303.83,0.45,0.39,2026-09-17,1526,N,nominal,2.0NRT,290.52,0.57,N
-5.69556,149.41022,304.63,0.44,0.38,2026-09-17,1526,N,nominal,2.0NRT,290.62,1.56,N
-5.71281,149.51689,311.3,0.44,0.38,2026-09-17,1526,N,nominal,2.0NRT,292.83,1.58,N
-5.71634,149.51634,321.75,0.44,0.38,2026-09-17,1526,N,nominal,2.0NRT,292.35,1.58,N
-5.68678,149.33334,312.8,0.44,0.39,2026-09-17,1526,N,nominal,2.0NRT,291.14,1.62,N
-5.71696,149.52016,315.17,0.44,0.38,2026-09-17,1526,N,nominal,2.0NRT,292.26,1.58,N
-5.71758,149.52399,306.17,0.44,0.38,2026-09-17,1526,N,nominal,2.0NRT,292.21,1.44,N
-5.71821,149.52788,314.81,0.44,0.38,2026-09-17,1526,N,nominal,2.0NRT,293.05,1.44,N
-5.68411,149.27148,307.77,0.45,0.39,2026-09-17,1526,N,nominal,2.0NRT,290.83,1.31,N
-5.73195,149.54581,320.68,0.44,0.38,2026-09-17,1526,N,nominal,2.0NRT,293.5,1.9,N
-5.69097,149.29135,306.52,0.45,0.39,2026-09-17,1526,N,nominal,2.0NRT,290.78,0.73,N
-5.69162,149.29541,305.14,0.45,0.39,2026-09-17,1526,N,nominal,2.0NRT,290.7,0.73,N
-5.73259,149.54974,313.17,0.44,0.38,2026-09-17,1526,N,nominal,2.0NRT,292.82,1.9,N
-5.69519,149.29488,306.24,0.45,0.39,2026-09-17,1526,N,nominal,2.0NRT,290.47,0.73,N
-5.70035,149.3269,308.16,0.44,0.39,2026-09-17,1526,N,nominal,2.0NRT,291.18,1.69,N
-5.70747,149.37117,318.53,0.44,0.39,2026-09-17,1526,N,nominal,2.0NRT,292,2.14,N
-5.73485,149.54128,310.53,0.44,0.38,2026-09-17,1526,N,nominal,2.0NRT,292.52,1.82,N
-5.73611,149.54918,316.79,0.44,0.38,2026-09-17,1526,N,nominal,2.0NRT,292.99,1.9,N
-5.70006,149.30237,312.38,0.45,0.39,2026-09-17,1526,N,nominal,2.0NRT,290.9,0.91,N
-5.70298,149.29779,304.53,0.45,0.39,2026-09-17,1526,N,nominal,2.0NRT,290.43,0.91,N
-5.70363,149.30185,303.45,0.45,0.39,2026-09-17,1526,N,nominal,2.0NRT,290.47,0.91,N
-5.69723,149.29585,307.11,0.45,0.39,2026-09-17,1526,N,nominal,2.0NRT,290.47,1.21,N
-5.69857,149.30391,308.32,0.45,0.39,2026-09-17,1526,N,nominal,2.0NRT,290.47,1.32,N
-5.70989,149.37206,316.6,0.44,0.39,2026-09-17,1526,N,nominal,2.0NRT,291.63,2.35,N
-5.70214,149.30336,304.68,0.45,0.39,2026-09-17,1526,N,nominal,2.0NRT,290.34,1.32,N
-5.7236,149.41081,304.04,0.44,0.38,2026-09-17,1526,N,nominal,2.0NRT,291.07,0.91,N
-5.72426,149.41478,308.56,0.44,0.38,2026-09-17,1526,N,nominal,2.0NRT,290.65,0.91,N
-5.57765,148.51199,304.99,0.49,0.4,2026-09-17,1526,N,nominal,2.0NRT,290.25,0.59,N
-5.72387,149.3904,315.49,0.44,0.38,2026-09-17,1526,N,nominal,2.0NRT,291.19,2.14,N
-5.72584,149.40231,315.51,0.44,0.38,2026-09-17,1526,N,nominal,2.0NRT,291.53,2.64,N
-5.72781,149.41423,303.44,0.44,0.38,2026-09-17,1526,N,nominal,2.0NRT,290.41,0.91,N
-5.70614,149.26122,303.66,0.45,0.39,2026-09-17,1526,N,nominal,2.0NRT,290.12,0.66,N
-5.7241,149.3698,305.61,0.44,0.39,2026-09-17,1526,N,nominal,2.0NRT,291.33,1.09,N
-5.7307,149.4097,315.26,0.44,0.38,2026-09-17,1526,N,nominal,2.0NRT,291.54,2.09,N
-5.73425,149.40915,323.92,0.44,0.38,2026-09-17,1526,N,nominal,2.0NRT,291.7,2.09,N
-5.73359,149.40517,306.61,0.44,0.38,2026-09-17,1526,N,nominal,2.0NRT,291.07,2.21,N
-5.73779,149.40858,307.8,0.44,0.38,2026-09-17,1526,N,nominal,2.0NRT,290.67,0.98,N
-5.73676,149.38025,307.18,0.44,0.39,2026-09-17,1526,N,nominal,2.0NRT,291.04,1.66,N
-5.73875,149.39232,304.39,0.44,0.38,2026-09-17,1526,N,nominal,2.0NRT,290.8,1.2,N
-5.73941,149.3963,313.88,0.44,0.38,2026-09-17,1526,N,nominal,2.0NRT,291.25,1.2,N
-5.74853,149.45169,316,0.44,0.38,2026-09-17,1526,N,nominal,2.0NRT,291.14,1.56,N
-5.74918,149.45561,303.9,0.44,0.38,2026-09-17,1526,N,nominal,2.0NRT,290.95,1.03,N
-5.74165,149.38777,304.78,0.44,0.38,2026-09-17,1526,N,nominal,2.0NRT,290.98,1.47,N
-5.74387,149.37918,314.4,0.44,0.39,2026-09-17,1526,N,nominal,2.0NRT,291,1.92,N
-5.7478,149.40305,309.42,0.44,0.38,2026-09-17,1526,N,nominal,2.0NRT,291,1.51,N
-5.75624,149.45442,309.83,0.44,0.38,2026-09-17,1526,N,nominal,2.0NRT,290.65,1.27,N
-5.75199,149.40639,305.72,0.44,0.38,2026-09-17,1526,N,nominal,2.0NRT,290.77,0.79,N
-5.75715,149.39351,305.34,0.44,0.38,2026-09-17,1526,N,nominal,2.0NRT,290.69,0.83,N
-5.59052,148.35907,315.86,0.5,0.41,2026-09-17,1526,N,nominal,2.0NRT,290.95,1.89,N
-5.80211,149.57991,306.25,0.43,0.38,2026-09-17,1526,N,nominal,2.0NRT,292.44,1.18,N
-5.80275,149.58388,312.42,0.43,0.38,2026-09-17,1526,N,nominal,2.0NRT,292.24,1,N
-5.81717,149.56149,320.1,0.43,0.38,2026-09-17,1526,N,nominal,2.0NRT,292.78,1.47,N
-5.81653,149.55756,310.85,0.43,0.38,2026-09-17,1526,N,nominal,2.0NRT,292.22,1.47,N
-5.81781,149.56544,304.99,0.43,0.38,2026-09-17,1526,N,nominal,2.0NRT,292.22,1.09,N
-5.82005,149.55702,304.54,0.43,0.38,2026-09-17,1526,N,nominal,2.0NRT,292.14,1.3,N
-5.82459,149.49559,307.27,0.44,0.38,2026-09-17,1526,N,nominal,2.0NRT,291.51,1.19,N
-6.77899,140.94406,300.04,0.48,0.64,2026-09-17,1526,N,nominal,2.0NRT,283.5,0.96,N
-6.97101,141.04134,301.58,0.47,0.64,2026-09-17,1526,N,nominal,2.0NRT,284.41,2.77,N
-7.05525,139.95096,302.81,0.55,0.68,2026-09-17,1526,N,nominal,2.0NRT,288.58,0.35,N
-7.32618,140.74141,356.58,0.48,0.65,2026-09-17,1526,N,nominal,2.0NRT,288.64,10.2,N
-7.32536,140.73689,313.45,0.48,0.65,2026-09-17,1526,N,nominal,2.0NRT,288.16,9.78,N
-7.33215,140.74011,316.34,0.48,0.65,2026-09-17,1526,N,nominal,2.0NRT,287.68,3.44,N
-7.32795,140.74077,367,0.48,0.65,2026-09-17,1526,N,high,2.0NRT,289.33,12.98,N
-7.3271,140.7363,302.24,0.48,0.65,2026-09-17,1526,N,nominal,2.0NRT,288.07,9.54,N
-7.485,140.47452,333.61,0.5,0.66,2026-09-17,1526,N,nominal,2.0NRT,288.63,3.55,N
-7.48414,140.46983,310.74,0.5,0.66,2026-09-17,1526,N,nominal,2.0NRT,288.67,3.55,N
-7.74095,141.41507,318.78,0.43,0.62,2026-09-17,1526,N,nominal,2.0NRT,285.58,2.39,N
-7.72975,141.28943,301.48,0.44,0.62,2026-09-17,1526,N,nominal,2.0NRT,288.51,1.49,N
-9.27687,150.25986,305.45,0.39,0.36,2026-09-17,1526,N,nominal,2.0NRT,292.29,0.9,N
-9.28024,150.25945,312.91,0.39,0.36,2026-09-17,1526,N,nominal,2.0NRT,291.09,0.9,N
-7.83868,141.69548,305.52,0.41,0.6,2026-09-17,1526,N,nominal,2.0NRT,288.38,0.8,N
-9.34924,150.51758,310.62,0.39,0.36,2026-09-17,1526,N,nominal,2.0NRT,292.63,1.37,N
-7.83545,141.69363,301.81,0.41,0.6,2026-09-17,1526,N,nominal,2.0NRT,288.96,0.62,N
-9.34961,150.12685,333.07,0.39,0.36,2026-09-17,1526,N,nominal,2.0NRT,293.72,4.14,N
-9.17736,148.85539,307.98,0.43,0.38,2026-09-17,1526,N,nominal,2.0NRT,290.26,0.93,N
-7.49167,139.10408,303.15,0.61,0.71,2026-09-17,1526,N,nominal,2.0NRT,286.33,2.78,N
-9.26351,149.00256,340.94,0.42,0.38,2026-09-17,1526,N,nominal,2.0NRT,292.58,4.68,N
-7.48906,139.1035,303.7,0.61,0.71,2026-09-17,1526,N,nominal,2.0NRT,286.05,3.44,N
-7.80336,140.65962,313.06,0.48,0.65,2026-09-17,1526,N,nominal,2.0NRT,284.62,1.58,N
-7.80419,140.66406,303.72,0.48,0.65,2026-09-17,1526,N,nominal,2.0NRT,286.24,1.58,N
-7.81015,140.66289,298.87,0.48,0.65,2026-09-17,1526,N,nominal,2.0NRT,283.3,1.58,N
-7.81098,140.66731,315.94,0.48,0.65,2026-09-17,1526,N,nominal,2.0NRT,287.48,3.02,N
-9.25613,148.87122,305.26,0.43,0.38,2026-09-17,1526,N,nominal,2.0NRT,291.18,0.75,N
-7.90314,140.9007,312.1,0.46,0.64,2026-09-17,1526,N,nominal,2.0NRT,289.33,1.88,N
-7.90065,140.90141,304.1,0.46,0.63,2026-09-17,1526,N,nominal,2.0NRT,289.13,1.15,N
-7.90654,140.90036,306.27,0.46,0.63,2026-09-17,1526,N,nominal,2.0NRT,289.43,1.08,N
-8.0194,140.85217,306.5,0.46,0.64,2026-09-17,1526,N,nominal,2.0NRT,289.48,1.05,N
-9.41052,148.77831,300.47,0.43,0.38,2026-09-17,1526,N,nominal,2.0NRT,288.26,1.08,N
-8.01762,140.85474,306.97,0.46,0.64,2026-09-17,1526,N,nominal,2.0NRT,288.88,0.89,N
-8.02189,140.84506,303.75,0.46,0.64,2026-09-17,1526,N,nominal,2.0NRT,288.76,1.45,N
-9.47371,148.76776,301.84,0.43,0.38,2026-09-17,1526,N,nominal,2.0NRT,290.22,1.09,N
-9.47334,148.40005,308.34,0.45,0.39,2026-09-17,1526,N,nominal,2.0NRT,288.5,0.86,N
-8.31271,141.44824,297.2,0.42,0.61,2026-09-17,1526,N,nominal,2.0NRT,286.32,1.78,N
-8.31341,141.45206,300.18,0.42,0.61,2026-09-17,1526,N,nominal,2.0NRT,286.82,1.58,N
-8.31411,141.45589,307.11,0.42,0.61,2026-09-17,1526,N,nominal,2.0NRT,286.58,1.58,N
-8.31481,141.4597,297.68,0.42,0.61,2026-09-17,1526,N,nominal,2.0NRT,286.61,1.81,N
-9.54394,148.51653,300.68,0.44,0.38,2026-09-17,1526,N,nominal,2.0NRT,289.03,0.4,N
-8.36835,140.9129,301,0.45,0.63,2026-09-17,1526,N,nominal,2.0NRT,288.72,1.14,N
-9.95473,149.7652,303.72,0.4,0.37,2026-09-17,1526,N,nominal,2.0NRT,288.41,0.87,N
-9.95753,149.76108,304.52,0.4,0.37,2026-09-17,1526,N,nominal,2.0NRT,289.34,0.87,N
-9.95812,149.76469,314.21,0.4,0.37,2026-09-17,1526,N,nominal,2.0NRT,288.79,0.87,N
-9.96372,149.75645,308.46,0.4,0.37,2026-09-17,1526,N,nominal,2.0NRT,288.82,1.27,N
-8.5251,140.85333,300.97,0.45,0.63,2026-09-17,1526,N,nominal,2.0NRT,287.68,2.13,N
-8.52588,140.85751,298.27,0.45,0.63,2026-09-17,1526,N,nominal,2.0NRT,287.41,1.49,N
-8.52964,140.85492,308.98,0.45,0.63,2026-09-17,1526,N,nominal,2.0NRT,287.68,2.61,N
-8.80665,140.92859,313.01,0.44,0.62,2026-09-17,1526,N,nominal,2.0NRT,288.12,1.58,N
-10.60425,142.29788,308.01,0.33,0.55,2026-09-17,1526,N,nominal,2.0NRT,289.4,0.84,N
-10.6111,142.30615,329.21,0.33,0.55,2026-09-17,1526,N,nominal,2.0NRT,290.02,1.34,N
-10.61054,142.30315,307.93,0.33,0.55,2026-09-17,1526,N,nominal,2.0NRT,289.51,1.34,N
-10.61678,142.30814,309.51,0.33,0.55,2026-09-17,1526,N,nominal,2.0NRT,289.96,0.8,N
-10.62244,142.31006,306.84,0.33,0.55,2026-09-17,1526,N,nominal,2.0NRT,289.91,0.8,N
-10.65975,142.13104,307.37,0.34,0.56,2026-09-17,1526,N,nominal,2.0NRT,290.02,0.84,N
-11.31342,142.16495,300.91,0.33,0.55,2026-09-17,1529,N,nominal,2.0NRT,287.68,0.4,N
-11.31737,142.15787,303.32,0.33,0.55,2026-09-17,1529,N,nominal,2.0NRT,288.06,1.2,N
-11.32189,142.15373,299.61,0.33,0.55,2026-09-17,1529,N,nominal,2.0NRT,287.7,0.79,N
-11.32247,142.15683,302.41,0.33,0.55,2026-09-17,1529,N,nominal,2.0NRT,287.33,0.36,N
-11.97381,142.58856,301.25,0.6,0.53,2026-09-17,1529,N,nominal,2.0NRT,289.96,1.46,N
-11.9787,142.58754,316.61,0.6,0.53,2026-09-17,1529,N,nominal,2.0NRT,290.36,1.46,N
-11.9836,142.5865,302.06,0.6,0.53,2026-09-17,1529,N,nominal,2.0NRT,290.01,1.27,N
-11.98462,142.592,308.1,0.6,0.53,2026-09-17,1529,N,nominal,2.0NRT,289.85,1.27,N
-11.98952,142.59099,304.16,0.6,0.53,2026-09-17,1529,N,nominal,2.0NRT,289.74,1.27,N
-11.99442,142.59,304.97,0.6,0.53,2026-09-17,1529,N,nominal,2.0NRT,290,1.68,N
-11.99931,142.58899,313.07,0.6,0.53,2026-09-17,1529,N,nominal,2.0NRT,290.1,1.68,N
-11.98064,142.59003,314.35,0.6,0.53,2026-09-17,1529,N,nominal,2.0NRT,290.47,1.56,N
-11.98553,142.58902,310.88,0.6,0.53,2026-09-17,1529,N,nominal,2.0NRT,290.25,1.56,N
-11.99043,142.58803,305.96,0.6,0.53,2026-09-17,1529,N,nominal,2.0NRT,290.25,1.47,N
-11.99533,142.58704,309.52,0.6,0.53,2026-09-17,1529,N,nominal,2.0NRT,289.96,1.47,N
13.25673,123.68101,338.6,0.55,0.51,2026-09-17,1702,N,nominal,2.0NRT,287.17,4.03,N
13.25523,123.67829,337.39,0.55,0.51,2026-09-17,1702,N,nominal,2.0NRT,286.36,5.84,N
2.78163,125.40617,333.48,0.47,0.4,2026-09-17,1705,N,nominal,2.0NRT,286.09,3.75,N
2.7824,125.40129,313.24,0.47,0.4,2026-09-17,1705,N,nominal,2.0NRT,282.08,3.75,N
2.77795,125.40581,303.18,0.47,0.4,2026-09-17,1705,N,nominal,2.0NRT,280.21,3.75,N
2.256,128.27357,327.69,0.38,0.36,2026-09-17,1705,N,nominal,2.0NRT,293.91,1.57,N
2.25654,128.27013,305.75,0.38,0.36,2026-09-17,1705,N,nominal,2.0NRT,293.71,1.57,N
2.16402,128.3192,312.75,0.38,0.36,2026-09-17,1705,N,nominal,2.0NRT,293.42,1.36,N
2.16347,128.32265,315.16,0.38,0.36,2026-09-17,1705,N,nominal,2.0NRT,293.21,1.36,N
2.16171,128.26936,306.3,0.38,0.36,2026-09-17,1705,N,nominal,2.0NRT,293.78,0.75,N
2.16116,128.27283,306.35,0.38,0.36,2026-09-17,1705,N,nominal,2.0NRT,294.09,0.75,N
2.15839,128.26884,311.72,0.38,0.36,2026-09-17,1705,N,nominal,2.0NRT,293.86,1.91,N
1.77345,127.64754,321.26,0.39,0.36,2026-09-17,1705,N,nominal,2.0NRT,293.62,1.07,N
1.55428,128.68578,302.86,0.38,0.36,2026-09-17,1705,N,nominal,2.0NRT,288.76,0.41,N
1.55973,128.63008,312.69,0.38,0.36,2026-09-17,1705,N,nominal,2.0NRT,294.57,2.12,N
1.55918,128.63353,307.2,0.38,0.36,2026-09-17,1705,N,nominal,2.0NRT,293.79,0.88,N
1.47318,128.5564,314.53,0.38,0.36,2026-09-17,1705,N,nominal,2.0NRT,292.88,0.93,N
1.46987,128.55586,303.62,0.38,0.36,2026-09-17,1705,N,nominal,2.0NRT,292,0.39,N
1.46657,128.5766,312.96,0.38,0.36,2026-09-17,1705,N,nominal,2.0NRT,293.13,1.3,N
1.42574,128.64084,313.01,0.38,0.36,2026-09-17,1705,N,nominal,2.0NRT,292.67,0.98,N
1.42518,128.64433,308.62,0.38,0.36,2026-09-17,1705,N,nominal,2.0NRT,293.47,0.98,N
1.37955,128.6797,306.95,0.38,0.36,2026-09-17,1705,N,nominal,2.0NRT,294.43,1.54,N
1.46611,127.9622,304.79,0.39,0.36,2026-09-17,1705,N,nominal,2.0NRT,293.28,0.88,N
1.50091,127.63456,305.47,0.39,0.36,2026-09-17,1705,N,nominal,2.0NRT,295.21,1.21,N
1.49757,127.63413,311.9,0.39,0.36,2026-09-17,1705,N,nominal,2.0NRT,294.46,1.21,N
1.49423,127.63365,338.43,0.39,0.36,2026-09-17,1705,N,nominal,2.0NRT,300.79,3.95,N
1.32037,128.7307,306.12,0.39,0.36,2026-09-17,1705,N,nominal,2.0NRT,293.97,1.74,N
1.38492,128.30275,307.09,0.38,0.36,2026-09-17,1705,N,nominal,2.0NRT,287.75,0.56,N
1.44166,127.92295,305.87,0.39,0.36,2026-09-17,1705,N,nominal,2.0NRT,293.68,1.39,N
1.36033,128.43649,306.18,0.38,0.36,2026-09-17,1705,N,nominal,2.0NRT,290.38,1.6,N
1.35702,128.43597,328.67,0.38,0.36,2026-09-17,1705,N,nominal,2.0NRT,290.91,1.6,N
1.43888,127.91901,310.71,0.39,0.36,2026-09-17,1705,N,nominal,2.0NRT,293.69,1.66,N
1.43665,127.91161,308.57,0.39,0.36,2026-09-17,1705,N,nominal,2.0NRT,293.79,1.62,N
1.43323,127.86846,309.55,0.39,0.36,2026-09-17,1705,N,nominal,2.0NRT,293.06,0.89,N
1.43054,127.86741,309.55,0.39,0.36,2026-09-17,1705,N,nominal,2.0NRT,292.64,0.85,N
1.42004,127.91197,307.78,0.39,0.36,2026-09-17,1705,N,nominal,2.0NRT,293.5,1.46,N
1.41726,127.908,307.56,0.39,0.36,2026-09-17,1705,N,nominal,2.0NRT,293.08,0.93,N
1.41394,127.90748,312.36,0.39,0.36,2026-09-17,1705,N,nominal,2.0NRT,293.18,0.93,N
1.34599,128.27132,304.63,0.38,0.36,2026-09-17,1705,N,nominal,2.0NRT,292.2,1.25,N
1.34545,128.27475,314.7,0.38,0.36,2026-09-17,1705,N,nominal,2.0NRT,293.02,1.35,N
1.34267,128.2708,322.23,0.38,0.36,2026-09-17,1705,N,nominal,2.0NRT,292.48,1.25,N
1.40172,127.87714,304.13,0.39,0.36,2026-09-17,1705,N,nominal,2.0NRT,292.7,0.64,N
1.33054,128.28299,321.41,0.38,0.36,2026-09-17,1705,N,nominal,2.0NRT,292.58,1.29,N
1.33109,128.27954,314.97,0.38,0.36,2026-09-17,1705,N,nominal,2.0NRT,292.6,1.29,N
1.32722,128.28247,305.73,0.38,0.36,2026-09-17,1705,N,nominal,2.0NRT,292.34,1.29,N
1.32445,128.2785,308.93,0.38,0.36,2026-09-17,1705,N,nominal,2.0NRT,291.64,0.99,N
1.32391,128.28195,310.18,0.38,0.36,2026-09-17,1705,N,nominal,2.0NRT,291.88,0.99,N
1.32336,128.28539,309.13,0.38,0.36,2026-09-17,1705,N,nominal,2.0NRT,291.48,0.88,N
1.32059,128.28143,320.9,0.38,0.36,2026-09-17,1705,N,nominal,2.0NRT,293.17,0.99,N
1.32113,128.27798,305.61,0.38,0.36,2026-09-17,1705,N,nominal,2.0NRT,292.87,0.99,N
1.31781,128.27747,317.64,0.38,0.36,2026-09-17,1705,N,nominal,2.0NRT,293.04,1.44,N
1.31727,128.28091,313.75,0.38,0.36,2026-09-17,1705,N,nominal,2.0NRT,292.74,1.44,N
1.31672,128.28435,315.87,0.38,0.36,2026-09-17,1705,N,nominal,2.0NRT,292.57,1.04,N
1.36636,127.92827,307.19,0.39,0.36,2026-09-17,1705,N,nominal,2.0NRT,292.99,0.69,N
1.76462,125.13818,321.5,0.47,0.4,2026-09-17,1705,N,nominal,2.0NRT,294.44,2.56,N
1.76528,125.13393,308.47,0.47,0.4,2026-09-17,1705,N,nominal,2.0NRT,293.92,1.33,N
1.76098,125.13759,318.31,0.47,0.4,2026-09-17,1705,N,nominal,2.0NRT,294.15,4.2,N
1.75733,125.137,331.95,0.47,0.4,2026-09-17,1705,N,nominal,2.0NRT,294.87,4.2,N
1.75668,125.14124,330.91,0.47,0.4,2026-09-17,1705,N,nominal,2.0NRT,295.36,4.2,N
1.3106,128.00085,315.75,0.38,0.36,2026-09-17,1705,N,nominal,2.0NRT,294.07,1.36,N
1.75762,125.13886,349.75,0.47,0.4,2026-09-17,1705,N,nominal,2.0NRT,296.28,5.67,N
1.75398,125.13828,307.88,0.47,0.4,2026-09-17,1705,N,nominal,2.0NRT,293.4,5.67,N
1.18383,128.67693,314.85,0.39,0.36,2026-09-17,1705,N,nominal,2.0NRT,293.03,0.91,N
1.25313,128.1969,304.66,0.38,0.36,2026-09-17,1705,N,nominal,2.0NRT,293.11,0.85,N
1.29078,127.89529,304.56,0.39,0.36,2026-09-17,1705,N,nominal,2.0NRT,292.22,0.49,N
1.24078,127.82372,305.05,0.39,0.36,2026-09-17,1705,N,nominal,2.0NRT,293.39,0.79,N
1.17193,128.23712,309,0.38,0.36,2026-09-17,1705,N,nominal,2.0NRT,293.25,0.64,N
1.18209,127.85356,308.2,0.39,0.36,2026-09-17,1705,N,nominal,2.0NRT,292.75,0.92,N
1.12247,128.22943,304.58,0.38,0.36,2026-09-17,1705,N,nominal,2.0NRT,293.23,0.64,N
1.60442,125.04388,303.75,0.47,0.4,2026-09-17,1705,N,nominal,2.0NRT,290.99,0.74,N
1.096,128.26762,306.47,0.38,0.36,2026-09-17,1705,N,nominal,2.0NRT,292.61,1.36,N
1.09546,128.27106,312.94,0.38,0.36,2026-09-17,1705,N,nominal,2.0NRT,292.28,0.77,N
1.20715,127.54465,302.51,0.39,0.36,2026-09-17,1705,N,nominal,2.0NRT,292.15,0.38,N
1.09214,128.27054,303.93,0.38,0.36,2026-09-17,1705,N,nominal,2.0NRT,292.52,0.77,N
1.08336,128.30446,317.18,0.38,0.36,2026-09-17,1705,N,nominal,2.0NRT,292.49,1.71,N
1.08327,128.26208,310.81,0.38,0.36,2026-09-17,1705,N,nominal,2.0NRT,293.03,1.13,N
1.1548,127.78921,310.89,0.39,0.36,2026-09-17,1705,N,nominal,2.0NRT,292.89,0.94,N
1.55408,125.19902,326.87,0.46,0.39,2026-09-17,1705,N,nominal,2.0NRT,287.82,2.43,N
1.55472,125.19492,313.27,0.46,0.39,2026-09-17,1705,N,nominal,2.0NRT,288.75,2.43,N
1.5517,125.19044,314.09,0.46,0.39,2026-09-17,1705,N,nominal,2.0NRT,289.55,3.81,N
1.55106,125.19451,308.94,0.46,0.39,2026-09-17,1705,N,nominal,2.0NRT,288.49,1.5,N
1.55041,125.19871,313.09,0.46,0.39,2026-09-17,1705,N,nominal,2.0NRT,288.06,1.5,N
1.54978,125.20277,316.89,0.46,0.39,2026-09-17,1705,N,nominal,2.0NRT,289.77,2.29,N
1.54914,125.20692,306.77,0.46,0.39,2026-09-17,1705,N,nominal,2.0NRT,289.8,2.29,N
1.54723,125.21921,304.53,0.46,0.39,2026-09-17,1705,N,nominal,2.0NRT,287.72,7.46,N
1.06617,128.28412,314.52,0.38,0.36,2026-09-17,1705,N,nominal,2.0NRT,292.64,1.12,N
1.5455,125.20645,335.39,0.46,0.39,2026-09-17,1705,N,nominal,2.0NRT,291.17,2.29,N
1.54485,125.21058,340.09,0.46,0.39,2026-09-17,1705,N,nominal,2.0NRT,294.02,97.42,N
1.5436,125.21864,331.66,0.46,0.39,2026-09-17,1705,N,nominal,2.0NRT,288.51,7.46,N
1.54676,125.1983,306.4,0.46,0.39,2026-09-17,1705,N,nominal,2.0NRT,287.97,1.5,N
1.54612,125.20244,307.01,0.46,0.39,2026-09-17,1705,N,nominal,2.0NRT,288.65,2.29,N
1.54245,125.20213,334.89,0.46,0.39,2026-09-17,1705,N,nominal,2.0NRT,289.41,15.88,N
1.54182,125.20625,354.5,0.46,0.39,2026-09-17,1705,N,nominal,2.0NRT,293.34,15.88,N
1.5412,125.2102,325.99,0.46,0.39,2026-09-17,1705,N,nominal,2.0NRT,314.6,66.82,N
1.54057,125.21428,367,0.46,0.39,2026-09-17,1705,N,high,2.0NRT,312.77,66.82,N
1.53995,125.21825,322,0.46,0.39,2026-09-17,1705,N,nominal,2.0NRT,287.13,11.59,N
1.54308,125.19814,317.61,0.46,0.39,2026-09-17,1705,N,nominal,2.0NRT,289.3,11.17,N
1.5394,125.19786,367,0.46,0.39,2026-09-17,1705,N,high,2.0NRT,292.72,11.17,N
1.53877,125.20196,326.65,0.46,0.39,2026-09-17,1705,N,nominal,2.0NRT,288.62,15.88,N
1.53753,125.20995,325.46,0.46,0.39,2026-09-17,1705,N,nominal,2.0NRT,286.38,66.82,N
1.54003,125.1938,314.93,0.46,0.39,2026-09-17,1705,N,nominal,2.0NRT,286.43,11.17,N
1.53815,125.20592,311.87,0.46,0.39,2026-09-17,1705,N,nominal,2.0NRT,286.15,15.88,N
1.53692,125.21388,313.75,0.46,0.39,2026-09-17,1705,N,nominal,2.0NRT,286.64,66.82,N
1.53699,125.1895,321.54,0.46,0.39,2026-09-17,1705,N,nominal,2.0NRT,285.87,3.13,N
1.05291,128.28204,323.67,0.38,0.36,2026-09-17,1705,N,nominal,2.0NRT,293.1,1.97,N
1.54748,125.12141,307.34,0.47,0.4,2026-09-17,1705,N,nominal,2.0NRT,288.56,1.21,N
1.53635,125.19361,302.35,0.46,0.39,2026-09-17,1705,N,nominal,2.0NRT,284.41,1.01,N
1.53572,125.19774,304.31,0.46,0.39,2026-09-17,1705,N,nominal,2.0NRT,282.91,1.01,N
1.05942,128.21956,307.98,0.38,0.36,2026-09-17,1705,N,nominal,2.0NRT,293.57,1.36,N
1.03865,128.26921,301.81,0.38,0.36,2026-09-17,1705,N,nominal,2.0NRT,291.66,0.55,N
1.04459,128.21016,325.78,0.38,0.36,2026-09-17,1705,N,nominal,2.0NRT,294.1,3.57,N
1.04127,128.20966,345.11,0.38,0.36,2026-09-17,1705,N,nominal,2.0NRT,295.26,3.57,N
1.04072,128.2131,306.14,0.38,0.36,2026-09-17,1705,N,nominal,2.0NRT,292.86,1.27,N
1.03795,128.20914,313.54,0.38,0.36,2026-09-17,1705,N,nominal,2.0NRT,293.18,1.55,N
1.0374,128.21259,314.48,0.38,0.36,2026-09-17,1705,N,nominal,2.0NRT,293.08,1.76,N
1.03408,128.21207,328.66,0.38,0.36,2026-09-17,1705,N,nominal,2.0NRT,294.13,1.76,N
1.03463,128.20862,319.53,0.38,0.36,2026-09-17,1705,N,nominal,2.0NRT,293.38,1.55,N
1.03131,128.20811,315.52,0.38,0.36,2026-09-17,1705,N,nominal,2.0NRT,292.3,1.38,N
1.03076,128.21155,311.2,0.38,0.36,2026-09-17,1705,N,nominal,2.0NRT,292.5,0.88,N
0.94264,128.38123,308.7,0.38,0.36,2026-09-17,1705,N,nominal,2.0NRT,293.89,0.88,N
0.94033,128.33145,304.95,0.38,0.36,2026-09-17,1705,N,nominal,2.0NRT,293.57,0.64,N
0.93701,128.33093,308.01,0.38,0.36,2026-09-17,1705,N,nominal,2.0NRT,293.4,0.69,N
0.97488,127.96564,304.25,0.38,0.36,2026-09-17,1705,N,nominal,2.0NRT,293.4,0.47,N
1.44224,124.91547,307.9,0.48,0.4,2026-09-17,1705,N,nominal,2.0NRT,281.65,0.66,N
0.89806,128.27834,325.56,0.38,0.36,2026-09-17,1705,N,nominal,2.0NRT,295.1,1.55,N
0.94887,127.95801,313.4,0.38,0.36,2026-09-17,1705,N,nominal,2.0NRT,294.57,1.86,N
0.89474,128.27782,320.06,0.38,0.36,2026-09-17,1705,N,nominal,2.0NRT,293.35,1.55,N
0.89528,128.27438,304.8,0.38,0.36,2026-09-17,1705,N,nominal,2.0NRT,293.54,1.55,N
0.89524,128.2532,321.23,0.38,0.36,2026-09-17,1705,N,nominal,2.0NRT,292.77,2.55,N
0.8947,128.25665,319.06,0.38,0.36,2026-09-17,1705,N,nominal,2.0NRT,293.98,2.55,N
0.89138,128.25613,350.43,0.38,0.36,2026-09-17,1705,N,nominal,2.0NRT,296.56,2.55,N
0.89083,128.25957,320.63,0.38,0.36,2026-09-17,1705,N,nominal,2.0NRT,294.96,2.25,N
0.89192,128.25269,309.14,0.38,0.36,2026-09-17,1705,N,nominal,2.0NRT,291.88,2.55,N
0.88806,128.25562,341.57,0.38,0.36,2026-09-17,1705,N,nominal,2.0NRT,294.52,5.01,N
0.88751,128.25905,325.38,0.38,0.36,2026-09-17,1705,N,nominal,2.0NRT,293.93,1.75,N
0.93449,127.96284,317.47,0.38,0.36,2026-09-17,1705,N,nominal,2.0NRT,293.99,1.2,N
0.93066,127.98697,305.19,0.38,0.36,2026-09-17,1705,N,nominal,2.0NRT,292.62,1.4,N
0.88696,128.2625,318,0.38,0.36,2026-09-17,1705,N,nominal,2.0NRT,293.59,1.75,N
0.93117,127.96233,304.43,0.38,0.36,2026-09-17,1705,N,nominal,2.0NRT,293.51,1.2,N
0.92785,127.96179,304.73,0.38,0.36,2026-09-17,1705,N,nominal,2.0NRT,293.14,0.76,N
0.92675,127.9687,318.55,0.38,0.36,2026-09-17,1705,N,nominal,2.0NRT,293.72,1.04,N
0.92566,127.97557,304.01,0.38,0.36,2026-09-17,1705,N,nominal,2.0NRT,292.92,0.92,N
0.92343,127.96817,306.94,0.38,0.36,2026-09-17,1705,N,nominal,2.0NRT,292.77,1.04,N
0.92289,127.97161,304.84,0.38,0.36,2026-09-17,1705,N,nominal,2.0NRT,293.03,1.04,N
0.84711,128.23508,322.03,0.38,0.36,2026-09-17,1705,N,nominal,2.0NRT,294.69,2.26,N
0.70654,128.24844,313.51,0.38,0.36,2026-09-17,1705,N,nominal,2.0NRT,294.32,1.1,N
0.76114,127.88287,331.08,0.38,0.36,2026-09-17,1705,N,nominal,2.0NRT,294.86,1.8,N
0.76169,127.8794,313.08,0.38,0.36,2026-09-17,1705,N,nominal,2.0NRT,293.44,1.8,N
0.70376,128.24446,308.71,0.38,0.36,2026-09-17,1705,N,nominal,2.0NRT,293.08,1.1,N
0.70322,128.24792,311.97,0.38,0.36,2026-09-17,1705,N,nominal,2.0NRT,294.4,1.1,N
0.75673,127.88925,305.96,0.38,0.36,2026-09-17,1705,N,nominal,2.0NRT,293.08,0.99,N
0.75617,127.89272,304.26,0.38,0.36,2026-09-17,1705,N,nominal,2.0NRT,293.17,0.61,N
0.70208,128.23363,303.14,0.38,0.36,2026-09-17,1705,N,nominal,2.0NRT,292.75,0.76,N
0.6999,128.24739,307.48,0.38,0.36,2026-09-17,1705,N,nominal,2.0NRT,293.87,0.9,N
0.69718,128.26465,304.3,0.38,0.36,2026-09-17,1705,N,nominal,2.0NRT,292.35,0.33,N
0.75286,127.89219,308.31,0.38,0.36,2026-09-17,1705,N,nominal,2.0NRT,292.8,0.61,N
0.69877,128.23311,306.44,0.38,0.36,2026-09-17,1705,N,nominal,2.0NRT,293.11,0.76,N
0.69658,128.24687,306.7,0.38,0.36,2026-09-17,1705,N,nominal,2.0NRT,292.76,0.9,N
0.73018,127.90637,307.13,0.38,0.36,2026-09-17,1705,N,nominal,2.0NRT,292.95,0.92,N
0.73837,127.83327,310,0.39,0.36,2026-09-17,1705,N,nominal,2.0NRT,293.52,1.56,N
0.72464,127.89844,304,0.38,0.36,2026-09-17,1705,N,nominal,2.0NRT,292.7,1.14,N
0.73337,127.82187,304.14,0.39,0.36,2026-09-17,1705,N,nominal,2.0NRT,292.98,0.71,N
0.72296,127.88755,307.12,0.38,0.36,2026-09-17,1705,N,nominal,2.0NRT,293.3,0.82,N
0.72187,127.89445,306.35,0.38,0.36,2026-09-17,1705,N,nominal,2.0NRT,292.5,0.92,N
0.7295,127.82481,309.06,0.39,0.36,2026-09-17,1705,N,nominal,2.0NRT,293.21,0.99,N
0.72895,127.82826,304.23,0.39,0.36,2026-09-17,1705,N,nominal,2.0NRT,293.11,0.99,N
0.71964,127.88704,305.59,0.38,0.36,2026-09-17,1705,N,nominal,2.0NRT,293.26,0.82,N
0.71909,127.8905,311.28,0.38,0.36,2026-09-17,1705,N,nominal,2.0NRT,292.86,0.82,N
0.71577,127.88999,326.15,0.38,0.36,2026-09-17,1705,N,nominal,2.0NRT,293.18,1.98,N
0.71741,127.87961,308.95,0.38,0.36,2026-09-17,1705,N,nominal,2.0NRT,293.65,1.23,N
0.71687,127.88308,306.8,0.38,0.36,2026-09-17,1705,N,nominal,2.0NRT,293.44,1.23,N
0.71632,127.88654,313.73,0.38,0.36,2026-09-17,1705,N,nominal,2.0NRT,293.76,1.98,N
0.72066,127.83762,325.1,0.38,0.36,2026-09-17,1705,N,nominal,2.0NRT,294.25,2,N
0.71354,127.88255,323.24,0.38,0.36,2026-09-17,1705,N,nominal,2.0NRT,294.26,1.23,N
0.713,127.88602,325.08,0.38,0.36,2026-09-17,1705,N,nominal,2.0NRT,294.68,1.98,N
0.71734,127.8371,339.33,0.38,0.36,2026-09-17,1705,N,nominal,2.0NRT,295.79,2.99,N
0.71679,127.84055,330.01,0.38,0.36,2026-09-17,1705,N,nominal,2.0NRT,295,2.99,N
0.70968,127.8855,318.28,0.38,0.36,2026-09-17,1705,N,nominal,2.0NRT,292.16,1.46,N
0.71401,127.83659,329.5,0.38,0.36,2026-09-17,1705,N,nominal,2.0NRT,295.06,2.99,N
0.71347,127.84005,323.2,0.38,0.36,2026-09-17,1705,N,nominal,2.0NRT,294.32,2.99,N
0.65285,128.2224,307.31,0.38,0.36,2026-09-17,1705,N,nominal,2.0NRT,292.96,1.33,N
0.63481,128.33606,304.71,0.38,0.36,2026-09-17,1705,N,nominal,2.0NRT,293.06,0.7,N
0.71069,127.83607,339.46,0.38,0.36,2026-09-17,1705,N,nominal,2.0NRT,295.74,1.87,N
0.71015,127.83952,314.39,0.38,0.36,2026-09-17,1705,N,nominal,2.0NRT,293.8,1.87,N
0.63149,128.33554,307.09,0.38,0.36,2026-09-17,1705,N,nominal,2.0NRT,292.81,1.36,N
0.63095,128.33897,313.66,0.38,0.36,2026-09-17,1705,N,nominal,2.0NRT,292.35,0.7,N
0.70737,127.83556,317.02,0.38,0.36,2026-09-17,1705,N,nominal,2.0NRT,294.03,1.87,N
0.70682,127.839,314.94,0.38,0.36,2026-09-17,1705,N,nominal,2.0NRT,293.93,1.87,N
0.70628,127.84244,304.04,0.38,0.36,2026-09-17,1705,N,nominal,2.0NRT,293.19,0.76,N
0.7035,127.83848,307.91,0.38,0.36,2026-09-17,1705,N,nominal,2.0NRT,293.34,1.54,N
0.63029,128.27885,304.88,0.38,0.36,2026-09-17,1705,N,nominal,2.0NRT,293.05,0.67,N
0.69631,127.84088,307.33,0.38,0.36,2026-09-17,1705,N,nominal,2.0NRT,292.75,1.92,N
0.63403,128.21242,303.01,0.38,0.36,2026-09-17,1705,N,nominal,2.0NRT,292.66,1.24,N
0.68584,127.86401,307.64,0.38,0.36,2026-09-17,1705,N,nominal,2.0NRT,292.98,1.19,N
-2.95156,128.18935,302.91,0.39,0.36,2026-09-17,1705,N,nominal,2.0NRT,291.76,1.14,N
0.66888,127.94966,307.22,0.38,0.36,2026-09-17,1705,N,nominal,2.0NRT,292.7,0.74,N
-2.95106,128.16434,320.15,0.39,0.36,2026-09-17,1705,N,nominal,2.0NRT,293.97,1.22,N
0.66833,127.9531,310.73,0.38,0.36,2026-09-17,1705,N,nominal,2.0NRT,292.72,0.74,N
-2.95051,128.16084,310.72,0.39,0.36,2026-09-17,1705,N,nominal,2.0NRT,292.97,1.22,N
-2.95386,128.16032,307.41,0.39,0.36,2026-09-17,1705,N,nominal,2.0NRT,292.5,1,N
0.67697,127.85554,309.36,0.38,0.36,2026-09-17,1705,N,nominal,2.0NRT,292.88,1.27,N
-2.9544,128.16382,314.13,0.39,0.36,2026-09-17,1705,N,nominal,2.0NRT,293.31,1,N
0.67642,127.85899,319.97,0.38,0.36,2026-09-17,1705,N,nominal,2.0NRT,293.33,1.71,N
-2.96165,128.16635,312.61,0.39,0.36,2026-09-17,1705,N,nominal,2.0NRT,293.73,1.47,N
-2.9622,128.16985,314.63,0.39,0.36,2026-09-17,1705,N,nominal,2.0NRT,292.69,1.47,N
0.67389,127.85873,324.92,0.38,0.36,2026-09-17,1705,N,nominal,2.0NRT,292.92,2.27,N
-2.96499,128.16585,322.76,0.39,0.36,2026-09-17,1705,N,nominal,2.0NRT,294.65,1.47,N
0.67498,127.85185,305.95,0.38,0.36,2026-09-17,1705,N,nominal,2.0NRT,293.25,0.93,N
-2.96724,128.15837,317.49,0.39,0.36,2026-09-17,1705,N,nominal,2.0NRT,292.84,1.1,N
-2.96834,128.16534,311.42,0.39,0.36,2026-09-17,1705,N,nominal,2.0NRT,292.3,1.39,N
0.61921,128.20322,304.36,0.38,0.36,2026-09-17,1705,N,nominal,2.0NRT,293.02,1,N
-2.99808,128.3326,327.91,0.39,0.36,2026-09-17,1705,N,nominal,2.0NRT,291.22,2.25,N
0.67166,127.85132,314.51,0.38,0.36,2026-09-17,1705,N,nominal,2.0NRT,293.27,0.93,N
-2.97058,128.15785,308.68,0.39,0.36,2026-09-17,1705,N,nominal,2.0NRT,292.19,1.1,N
-2.97392,128.15733,306.1,0.39,0.36,2026-09-17,1705,N,nominal,2.0NRT,291.04,0.51,N
-2.99783,128.1786,302.39,0.39,0.36,2026-09-17,1705,N,nominal,2.0NRT,291.61,0.42,N
0.61753,128.19237,303.06,0.38,0.36,2026-09-17,1705,N,nominal,2.0NRT,292.24,0.63,N
-3.00399,128.15257,309.94,0.39,0.36,2026-09-17,1705,N,nominal,2.0NRT,292.75,1.4,N
-3.42545,130.62648,302.71,0.47,0.4,2026-09-17,1705,N,nominal,2.0NRT,291.57,0.53,N
0.66556,127.84682,303.46,0.38,0.36,2026-09-17,1705,N,nominal,2.0NRT,292.54,0.56,N
-3.44865,130.70212,305.58,0.48,0.4,2026-09-17,1705,N,nominal,2.0NRT,292.57,0.88,N
-3.45166,130.69722,305.52,0.48,0.4,2026-09-17,1705,N,nominal,2.0NRT,292.36,1.65,N
0.66447,127.85372,306.5,0.38,0.36,2026-09-17,1705,N,nominal,2.0NRT,293.05,1.73,N
-3.45234,130.70154,309.51,0.48,0.4,2026-09-17,1705,N,nominal,2.0NRT,292.84,1.42,N
-3.45302,130.70586,309.47,0.48,0.4,2026-09-17,1705,N,nominal,2.0NRT,292.9,1.42,N
0.66117,127.87447,309.19,0.38,0.36,2026-09-17,1705,N,nominal,2.0NRT,293.15,1.18,N
-3.44667,130.69997,303.55,0.48,0.4,2026-09-17,1705,N,nominal,2.0NRT,292.34,1.09,N
-3.45036,130.69942,308.57,0.48,0.4,2026-09-17,1705,N,nominal,2.0NRT,292.79,1.09,N
0.6617,127.84975,306.04,0.38,0.36,2026-09-17,1705,N,nominal,2.0NRT,292.69,0.87,N
-3.45101,130.70375,305.07,0.48,0.4,2026-09-17,1705,N,nominal,2.0NRT,292.84,1.07,N
0.65291,127.90502,306,0.38,0.36,2026-09-17,1705,N,nominal,2.0NRT,292.74,0.98,N
-3.4547,130.70314,307.52,0.48,0.4,2026-09-17,1705,N,nominal,2.0NRT,292.54,1.6,N
-3.45711,130.64467,305.08,0.48,0.4,2026-09-17,1705,N,nominal,2.0NRT,291.5,1.22,N
0.64851,127.91135,305.17,0.38,0.36,2026-09-17,1705,N,nominal,2.0NRT,292.92,0.55,N
-3.14706,128.0338,307.52,0.39,0.36,2026-09-17,1705,N,nominal,2.0NRT,293.06,1.21,N
-3.1504,128.03325,319.33,0.39,0.36,2026-09-17,1705,N,nominal,2.0NRT,293.78,2.11,N
0.64797,127.9148,303.92,0.38,0.36,2026-09-17,1705,N,nominal,2.0NRT,293.04,0.55,N
-3.15094,128.03671,310.02,0.39,0.36,2026-09-17,1705,N,nominal,2.0NRT,292.77,1.14,N
0.64519,127.91083,308.43,0.38,0.36,2026-09-17,1705,N,nominal,2.0NRT,293.07,0.74,N
-3.13398,126.75219,325.27,0.39,0.36,2026-09-17,1705,N,nominal,2.0NRT,291.68,1.71,N
-3.13343,126.74872,311.91,0.39,0.36,2026-09-17,1705,N,nominal,2.0NRT,290.91,1.71,N
0.64465,127.91427,303.75,0.38,0.36,2026-09-17,1705,N,nominal,2.0NRT,292.66,0.74,N
-3.13676,126.7482,302.54,0.39,0.36,2026-09-17,1705,N,nominal,2.0NRT,291.02,0.79,N
-3.14009,126.7477,306.08,0.39,0.36,2026-09-17,1705,N,nominal,2.0NRT,290.54,0.79,N
0.64514,127.88966,303.86,0.38,0.36,2026-09-17,1705,N,nominal,2.0NRT,292.91,0.53,N
-3.14785,126.75356,302.18,0.39,0.36,2026-09-17,1705,N,nominal,2.0NRT,289.85,0.54,N
-3.14899,126.73924,301.2,0.39,0.36,2026-09-17,1705,N,nominal,2.0NRT,290.5,0.89,N
0.64242,127.90688,306.88,0.38,0.36,2026-09-17,1705,N,nominal,2.0NRT,292.99,1.23,N
-3.15507,126.75599,300.95,0.39,0.36,2026-09-17,1705,N,nominal,2.0NRT,288.94,0.38,N
-3.15757,126.75497,355.72,0.39,0.36,2026-09-17,1705,N,nominal,2.0NRT,294.45,14.96,N
0.64347,127.87876,310.28,0.38,0.36,2026-09-17,1705,N,nominal,2.0NRT,293.53,1.83,N
-3.16258,126.74357,330.91,0.39,0.36,2026-09-17,1705,N,nominal,2.0NRT,292.67,5.54,N
0.64183,127.88913,306.99,0.38,0.36,2026-09-17,1705,N,nominal,2.0NRT,293.38,0.9,N
-3.16313,126.74702,321.1,0.39,0.36,2026-09-17,1705,N,nominal,2.0NRT,293.23,5.54,N
-3.16591,126.74306,326.59,0.39,0.36,2026-09-17,1705,N,nominal,2.0NRT,292.63,5.54,N
-3.16646,126.7465,326.69,0.39,0.36,2026-09-17,1705,N,nominal,2.0NRT,291.22,5.54,N
0.63906,127.88514,314.27,0.38,0.36,2026-09-17,1705,N,nominal,2.0NRT,293.28,1.84,N
-3.1687,126.73912,320.68,0.39,0.36,2026-09-17,1705,N,nominal,2.0NRT,291.93,3.17,N
0.63523,127.90926,306.03,0.38,0.36,2026-09-17,1705,N,nominal,2.0NRT,292.51,0.89,N
-3.16925,126.74253,339.59,0.39,0.36,2026-09-17,1705,N,nominal,2.0NRT,294.85,5.08,N
-3.16979,126.74598,329.1,0.39,0.36,2026-09-17,1705,N,nominal,2.0NRT,293.36,5.08,N
0.6302,127.87665,311.39,0.38,0.36,2026-09-17,1705,N,nominal,2.0NRT,293.59,1.44,N
-3.17203,126.7386,332.58,0.39,0.36,2026-09-17,1705,N,nominal,2.0NRT,291.92,3.17,N
0.62965,127.88009,307.54,0.38,0.36,2026-09-17,1705,N,nominal,2.0NRT,293.35,1.06,N
-3.17258,126.74203,333.64,0.39,0.36,2026-09-17,1705,N,nominal,2.0NRT,292.01,5.08,N
-3.1931,126.78509,302.59,0.39,0.36,2026-09-17,1705,N,nominal,2.0NRT,290.6,0.53,N
0.62254,127.92491,305.13,0.38,0.36,2026-09-17,1705,N,nominal,2.0NRT,293.38,0.61,N
-3.21184,126.90279,304.13,0.39,0.36,2026-09-17,1705,N,nominal,2.0NRT,290.13,0.66,N
-3.2559,127.09418,322.18,0.38,0.36,2026-09-17,1705,N,nominal,2.0NRT,290.87,1.09,N
0.62688,127.87613,314.15,0.38,0.36,2026-09-17,1705,N,nominal,2.0NRT,293.65,1.44,N
-3.22188,126.85877,305.07,0.39,0.36,2026-09-17,1705,N,nominal,2.0NRT,290.15,0.71,N
-3.22243,126.8622,310.97,0.39,0.36,2026-09-17,1705,N,nominal,2.0NRT,291.34,2.8,N
0.62633,127.87957,306.03,0.38,0.36,2026-09-17,1705,N,nominal,2.0NRT,293.46,1.06,N
-3.22684,126.86852,350.71,0.39,0.36,2026-09-17,1705,N,nominal,2.0NRT,298.04,20.92,N
-3.2263,126.8651,312.62,0.39,0.36,2026-09-17,1705,N,nominal,2.0NRT,291.12,2.8,N
0.62414,127.89339,308.43,0.38,0.36,2026-09-17,1705,N,nominal,2.0NRT,292.91,0.86,N
-3.22962,126.86455,314.75,0.39,0.36,2026-09-17,1705,N,nominal,2.0NRT,291.03,1.92,N
-3.23017,126.868,309.79,0.39,0.36,2026-09-17,1705,N,nominal,2.0NRT,291.03,1.77,N
0.62191,127.88595,324.56,0.38,0.36,2026-09-17,1705,N,nominal,2.0NRT,294.69,1.67,N
-3.228,126.83292,334.77,0.39,0.36,2026-09-17,1705,N,nominal,2.0NRT,291.84,1.87,N
0.61043,127.95835,336.7,0.38,0.36,2026-09-17,1705,N,nominal,2.0NRT,293.68,2.07,N
-3.23294,126.86401,325,0.39,0.36,2026-09-17,1705,N,nominal,2.0NRT,290.91,1.92,N
-3.23349,126.86749,330.8,0.39,0.36,2026-09-17,1705,N,nominal,2.0NRT,291.23,1.77,N
0.6241,127.87214,308.94,0.38,0.36,2026-09-17,1705,N,nominal,2.0NRT,293.35,1.04,N
-3.22855,126.83642,303.01,0.39,0.36,2026-09-17,1705,N,nominal,2.0NRT,289.73,1.87,N
-3.2324,126.86057,301.48,0.39,0.36,2026-09-17,1705,N,nominal,2.0NRT,289.65,1.92,N
0.62355,127.8756,309.36,0.38,0.36,2026-09-17,1705,N,nominal,2.0NRT,293.22,1.04,N
-3.23196,126.75055,303.96,0.39,0.36,2026-09-17,1705,N,nominal,2.0NRT,290.79,0.67,N
-3.23473,126.74654,302.24,0.39,0.36,2026-09-17,1705,N,nominal,2.0NRT,290.64,0.67,N
0.62301,127.87905,316.03,0.38,0.36,2026-09-17,1705,N,nominal,2.0NRT,293.87,0.96,N
-3.23528,126.74999,310.42,0.39,0.36,2026-09-17,1705,N,nominal,2.0NRT,290.56,0.67,N
-3.25474,126.72212,319.59,0.39,0.36,2026-09-17,1705,N,nominal,2.0NRT,290.73,0.85,N
0.62246,127.88251,317.87,0.38,0.36,2026-09-17,1705,N,nominal,2.0NRT,293.63,0.96,N
-3.25529,126.72554,303.65,0.39,0.36,2026-09-17,1705,N,nominal,2.0NRT,290.16,0.85,N
-3.28442,126.90908,306.95,0.39,0.36,2026-09-17,1705,N,nominal,2.0NRT,290.58,0.97,N
0.62136,127.8894,309.56,0.38,0.36,2026-09-17,1705,N,nominal,2.0NRT,293.01,1.67,N
-3.28552,126.91602,304.1,0.39,0.36,2026-09-17,1705,N,nominal,2.0NRT,290.93,0.85,N
0.60988,127.96181,304.97,0.38,0.36,2026-09-17,1705,N,nominal,2.0NRT,291.83,1.15,N
-3.25862,126.72505,300.33,0.39,0.36,2026-09-17,1705,N,nominal,2.0NRT,289.6,0.85,N
-3.26362,126.74204,306.06,0.39,0.36,2026-09-17,1705,N,nominal,2.0NRT,289.2,1.67,N
0.60656,127.96127,326.62,0.38,0.36,2026-09-17,1705,N,nominal,2.0NRT,293.45,1.15,N
-3.26586,126.73463,322.71,0.39,0.36,2026-09-17,1705,N,nominal,2.0NRT,291.49,2.36,N
0.61969,127.87852,305.96,0.38,0.36,2026-09-17,1705,N,nominal,2.0NRT,292.61,0.96,N
-3.26695,126.74151,333.73,0.39,0.36,2026-09-17,1705,N,nominal,2.0NRT,289.8,1.67,N
-3.26477,126.72779,302.22,0.39,0.36,2026-09-17,1705,N,nominal,2.0NRT,290.14,1.7,N
0.61914,127.88197,308.43,0.38,0.36,2026-09-17,1705,N,nominal,2.0NRT,292.68,0.96,N
-3.2664,126.73807,316.3,0.39,0.36,2026-09-17,1705,N,nominal,2.0NRT,290.06,2.36,N
0.60766,127.95438,308.82,0.38,0.36,2026-09-17,1705,N,nominal,2.0NRT,292.56,2.07,N
-3.283,126.82071,317.2,0.39,0.36,2026-09-17,1705,N,nominal,2.0NRT,291.01,3.24,N
-3.28632,126.82017,331.44,0.39,0.36,2026-09-17,1705,N,nominal,2.0NRT,290.24,3.24,N
0.60711,127.95783,318.52,0.38,0.36,2026-09-17,1705,N,nominal,2.0NRT,293.71,2.07,N
-3.28688,126.82364,312.61,0.39,0.36,2026-09-17,1705,N,nominal,2.0NRT,289.29,2.72,N
0.60324,127.96077,325.24,0.38,0.36,2026-09-17,1705,N,nominal,2.0NRT,292.77,1.44,N
-3.31064,126.9086,312.61,0.39,0.36,2026-09-17,1705,N,nominal,2.0NRT,290.5,1.96,N
0.60543,127.94697,303.85,0.38,0.36,2026-09-17,1705,N,nominal,2.0NRT,292.4,0.53,N
-3.31119,126.91207,303.14,0.39,0.36,2026-09-17,1705,N,nominal,2.0NRT,290.85,0.93,N
0.60434,127.95387,306.21,0.38,0.36,2026-09-17,1705,N,nominal,2.0NRT,292.83,1.5,N
-3.31232,126.89773,313.47,0.39,0.36,2026-09-17,1705,N,nominal,2.0NRT,292.1,1.7,N
0.62179,127.82227,307.84,0.38,0.36,2026-09-17,1705,N,nominal,2.0NRT,292.7,1.36,N
-3.31452,126.91154,313.56,0.39,0.36,2026-09-17,1705,N,nominal,2.0NRT,291.95,0.93,N
0.60266,127.94301,306.83,0.38,0.36,2026-09-17,1705,N,nominal,2.0NRT,292.34,0.96,N
-3.31892,126.93923,303.82,0.38,0.36,2026-09-17,1705,N,nominal,2.0NRT,291.38,1.18,N
0.60211,127.94645,303.24,0.38,0.36,2026-09-17,1705,N,nominal,2.0NRT,292.25,0.53,N
-3.31947,126.94269,313.28,0.38,0.36,2026-09-17,1705,N,nominal,2.0NRT,292.16,1.18,N
0.60102,127.95335,317.09,0.38,0.36,2026-09-17,1705,N,nominal,2.0NRT,292.95,1.5,N
-3.31511,126.8938,326.73,0.39,0.36,2026-09-17,1705,N,nominal,2.0NRT,292.71,1.37,N
29.64123,129.71332,319.99,0.57,0.43,2026-09-17,1656,N,nominal,2.0NRT,289.55,2.77,N
0.60047,127.9568,319.26,0.38,0.36,2026-09-17,1705,N,nominal,2.0NRT,293.19,1.5,N
-3.32279,126.94214,324.51,0.38,0.36,2026-09-17,1705,N,nominal,2.0NRT,291.7,1.39,N
0.61574,127.83901,304.23,0.38,0.36,2026-09-17,1705,N,nominal,2.0NRT,292.41,0.54,N
-3.30739,126.84535,304.5,0.39,0.36,2026-09-17,1705,N,nominal,2.0NRT,290.7,1.2,N
29.64334,129.71242,307.35,0.57,0.43,2026-09-17,1656,N,nominal,2.0NRT,289.82,0.83,N
-3.31456,126.89034,306.98,0.39,0.36,2026-09-17,1705,N,nominal,2.0NRT,290.47,1.37,N
0.60808,127.88731,306.14,0.38,0.36,2026-09-17,1705,N,nominal,2.0NRT,292.94,1.23,N
29.64271,129.71777,306.76,0.57,0.43,2026-09-17,1656,N,nominal,2.0NRT,290.08,0.98,N
-3.31785,126.91103,307.42,0.39,0.36,2026-09-17,1705,N,nominal,2.0NRT,291.91,0.76,N
0.59988,127.93903,314.03,0.38,0.36,2026-09-17,1705,N,nominal,2.0NRT,292.99,1.39,N
-3.31839,126.91449,305.32,0.39,0.36,2026-09-17,1705,N,nominal,2.0NRT,291.49,0.76,N
29.44889,121.86086,300.74,0.54,0.68,2026-09-17,1658,N,nominal,2.0NRT,281.11,1.69,N
0.5977,127.95284,313.36,0.38,0.36,2026-09-17,1705,N,nominal,2.0NRT,293.09,1.33,N
-3.32224,126.93867,303.01,0.38,0.36,2026-09-17,1705,N,nominal,2.0NRT,290.84,1.39,N
29.42027,119.15247,298.01,0.79,0.78,2026-09-17,1658,N,nominal,2.0NRT,283.55,1.01,N
-3.31844,126.8933,307.01,0.39,0.36,2026-09-17,1705,N,nominal,2.0NRT,290.88,1.37,N
0.59383,127.95578,307.86,0.38,0.36,2026-09-17,1705,N,nominal,2.0NRT,293.72,1.33,N
-3.31571,126.85475,312.83,0.39,0.36,2026-09-17,1705,N,nominal,2.0NRT,290.22,0.8,N
0.60363,127.87247,304.99,0.38,0.36,2026-09-17,1705,N,nominal,2.0NRT,293.01,1.09,N
-3.30582,126.77122,339.54,0.39,0.36,2026-09-17,1705,N,nominal,2.0NRT,291.26,1.98,N
-3.31848,126.85074,324.4,0.39,0.36,2026-09-17,1705,N,nominal,2.0NRT,291.06,2.45,N
0.60308,127.87592,316.98,0.38,0.36,2026-09-17,1705,N,nominal,2.0NRT,293.29,1.48,N
-3.30527,126.76776,319.38,0.39,0.36,2026-09-17,1705,N,nominal,2.0NRT,290.05,2.59,N
0.59051,127.95526,313.23,0.38,0.36,2026-09-17,1705,N,nominal,2.0NRT,293.52,2.2,N
-3.30636,126.77464,304.62,0.39,0.36,2026-09-17,1705,N,nominal,2.0NRT,289.85,1.98,N
0.58719,127.95474,326.57,0.38,0.36,2026-09-17,1705,N,nominal,2.0NRT,294.62,2.2,N
-3.31903,126.85422,306.2,0.39,0.36,2026-09-17,1705,N,nominal,2.0NRT,290.75,0.8,N
-3.30859,126.7672,299.49,0.39,0.36,2026-09-17,1705,N,nominal,2.0NRT,288.09,0.65,N
0.58664,127.9582,318.37,0.38,0.36,2026-09-17,1705,N,nominal,2.0NRT,293.31,1.35,N
-3.30969,126.77408,303.05,0.39,0.36,2026-09-17,1705,N,nominal,2.0NRT,289.57,1.35,N
0.58442,127.9508,311.55,0.38,0.36,2026-09-17,1705,N,nominal,2.0NRT,293.59,1.98,N
-3.32291,126.85715,318.5,0.39,0.36,2026-09-17,1705,N,nominal,2.0NRT,291.6,1.41,N
0.58333,127.95768,311.77,0.38,0.36,2026-09-17,1705,N,nominal,2.0NRT,292.57,0.86,N
-3.32623,126.8566,307.39,0.39,0.36,2026-09-17,1705,N,nominal,2.0NRT,290.56,1.41,N
1.09414,124.6827,301.68,0.49,0.4,2026-09-17,1705,N,nominal,2.0NRT,280.57,0.85,N
-3.38331,127.21584,310.34,0.38,0.36,2026-09-17,1705,N,nominal,2.0NRT,292.41,0.93,N
-3.38663,127.21532,322.15,0.38,0.36,2026-09-17,1705,N,nominal,2.0NRT,293.22,2.34,N
1.09345,124.68715,300.79,0.49,0.4,2026-09-17,1705,N,nominal,2.0NRT,280.93,0.97,N
-3.31524,126.7661,301.91,0.39,0.36,2026-09-17,1705,N,nominal,2.0NRT,289.98,0.7,N
1.09276,124.69158,307.2,0.49,0.4,2026-09-17,1705,N,nominal,2.0NRT,281.57,0.97,N
-3.329,126.85257,304.92,0.39,0.36,2026-09-17,1705,N,nominal,2.0NRT,291.11,0.88,N
0.59913,127.8364,303.18,0.38,0.36,2026-09-17,1705,N,nominal,2.0NRT,292.59,0.71,N
-3.38718,127.21877,306.25,0.38,0.36,2026-09-17,1705,N,nominal,2.0NRT,292.46,0.85,N
1.08976,124.68644,300.68,0.49,0.4,2026-09-17,1705,N,nominal,2.0NRT,280.74,1.45,N
-3.33177,126.84854,324.1,0.39,0.36,2026-09-17,1705,N,nominal,2.0NRT,291.51,2.54,N
0.66044,127.42733,302.7,0.39,0.36,2026-09-17,1705,N,nominal,2.0NRT,291.96,0.62,N
-3.33232,126.85202,311.45,0.39,0.36,2026-09-17,1705,N,nominal,2.0NRT,291.2,0.88,N
-3.33454,126.84452,300.63,0.39,0.36,2026-09-17,1705,N,nominal,2.0NRT,289.41,0.93,N
0.6599,127.43073,311.84,0.39,0.36,2026-09-17,1705,N,nominal,2.0NRT,294.63,1.29,N
-3.33509,126.84799,308.56,0.39,0.36,2026-09-17,1705,N,nominal,2.0NRT,290.49,0.93,N
0.65935,127.43413,305.64,0.39,0.36,2026-09-17,1705,N,nominal,2.0NRT,293.44,1.29,N
-3.33619,126.85494,307.57,0.39,0.36,2026-09-17,1705,N,nominal,2.0NRT,290.55,0.97,N
1.08607,124.68578,309.61,0.49,0.4,2026-09-17,1705,N,nominal,2.0NRT,280.38,1.45,N
-3.33786,126.86543,302.92,0.39,0.36,2026-09-17,1705,N,nominal,2.0NRT,290.39,1.02,N
-3.35158,126.95173,300.54,0.38,0.36,2026-09-17,1705,N,nominal,2.0NRT,289.88,0.33,N
1.08538,124.6902,316.69,0.49,0.4,2026-09-17,1705,N,nominal,2.0NRT,281.52,1.45,N
-3.39218,127.20738,307.28,0.38,0.36,2026-09-17,1705,N,nominal,2.0NRT,292.53,0.84,N
0.6571,127.42681,304.67,0.39,0.36,2026-09-17,1705,N,nominal,2.0NRT,292.61,0.62,N
-3.32575,126.76786,305.99,0.39,0.36,2026-09-17,1705,N,nominal,2.0NRT,289.43,1.2,N
-3.32685,126.77477,303.4,0.39,0.36,2026-09-17,1705,N,nominal,2.0NRT,290.82,0.49,N
1.08168,124.68956,347.95,0.49,0.4,2026-09-17,1705,N,nominal,2.0NRT,281.81,8.51,N
-3.33786,126.84399,317.67,0.39,0.36,2026-09-17,1705,N,nominal,2.0NRT,289.12,0.93,N
1.08099,124.69404,298.92,0.49,0.4,2026-09-17,1705,N,nominal,2.0NRT,280.34,1.27,N
-3.33841,126.84744,309.27,0.39,0.36,2026-09-17,1705,N,nominal,2.0NRT,289.79,0.93,N
0.51224,127.89342,317.25,0.38,0.36,2026-09-17,1705,N,nominal,2.0NRT,297.39,1.35,N
-3.33952,126.85442,306.85,0.39,0.36,2026-09-17,1705,N,nominal,2.0NRT,290.92,0.97,N
-3.34007,126.85791,310.49,0.39,0.36,2026-09-17,1705,N,nominal,2.0NRT,291.32,1.36,N
0.51169,127.89687,311.42,0.38,0.36,2026-09-17,1705,N,nominal,2.0NRT,296.22,1.72,N
-3.34063,126.86142,318.42,0.39,0.36,2026-09-17,1705,N,nominal,2.0NRT,291.58,1.36,N
0.50892,127.8929,305.46,0.38,0.36,2026-09-17,1705,N,nominal,2.0NRT,294.46,1.35,N
-3.33624,126.81232,320.72,0.39,0.36,2026-09-17,1705,N,nominal,2.0NRT,290.31,1.99,N
-3.34396,126.86089,302.1,0.39,0.36,2026-09-17,1705,N,nominal,2.0NRT,290.42,0.99,N
0.49084,127.98541,321.14,0.38,0.36,2026-09-17,1705,N,nominal,2.0NRT,296.24,1.76,N
-3.39991,127.21323,307.37,0.38,0.36,2026-09-17,1705,N,nominal,2.0NRT,292.16,0.83,N
0.49139,127.98196,315.34,0.38,0.36,2026-09-17,1705,N,nominal,2.0NRT,294.78,3.22,N
-3.40156,127.22359,306.48,0.38,0.36,2026-09-17,1705,N,nominal,2.0NRT,292.57,1.16,N
-3.40265,127.23048,316.53,0.38,0.36,2026-09-17,1705,N,nominal,2.0NRT,292.89,1.08,N
0.48916,127.97456,321.36,0.38,0.36,2026-09-17,1705,N,nominal,2.0NRT,298.8,2.44,N
-3.33241,126.76678,305.84,0.39,0.36,2026-09-17,1705,N,nominal,2.0NRT,289.27,0.69,N
0.48752,127.98489,320.56,0.38,0.36,2026-09-17,1705,N,nominal,2.0NRT,298.23,1.76,N
-3.33295,126.77021,305.42,0.39,0.36,2026-09-17,1705,N,nominal,2.0NRT,289.39,0.69,N
0.48698,127.98832,309.48,0.38,0.36,2026-09-17,1705,N,nominal,2.0NRT,296.93,1.76,N
-3.33409,126.75592,329.37,0.39,0.36,2026-09-17,1705,N,nominal,2.0NRT,292.09,1.55,N
-3.33464,126.75936,303.61,0.39,0.36,2026-09-17,1705,N,nominal,2.0NRT,290.54,1.39,N
0.48366,127.9878,310.21,0.38,0.36,2026-09-17,1705,N,nominal,2.0NRT,296.51,2.49,N
-3.33573,126.76625,300.5,0.39,0.36,2026-09-17,1705,N,nominal,2.0NRT,288.95,0.31,N
0.48311,127.99124,316.18,0.38,0.36,2026-09-17,1705,N,nominal,2.0NRT,297.64,1.57,N
-3.33687,126.75191,302.06,0.39,0.36,2026-09-17,1705,N,nominal,2.0NRT,290.49,1.55,N
-3.34184,126.76173,332.18,0.39,0.36,2026-09-17,1705,N,nominal,2.0NRT,289.75,2.38,N
0.48256,127.9947,308.9,0.38,0.36,2026-09-17,1705,N,nominal,2.0NRT,296.96,1.57,N
-3.34074,126.75483,310.25,0.39,0.36,2026-09-17,1705,N,nominal,2.0NRT,291.15,4.33,N
0.48202,127.99814,318.65,0.38,0.36,2026-09-17,1705,N,nominal,2.0NRT,298.3,3.27,N
-3.34129,126.75829,312.52,0.39,0.36,2026-09-17,1705,N,nominal,2.0NRT,290.57,2.38,N
0.47979,127.99072,310,0.38,0.36,2026-09-17,1705,N,nominal,2.0NRT,296.02,1.57,N
-3.34352,126.75089,332.91,0.39,0.36,2026-09-17,1705,N,nominal,2.0NRT,293.4,4.33,N
0.46242,127.88562,309.29,0.38,0.36,2026-09-17,1705,N,nominal,2.0NRT,293.03,0.79,N
-3.34462,126.75777,334.5,0.39,0.36,2026-09-17,1705,N,nominal,2.0NRT,290.83,2.38,N
0.45276,127.88725,312.91,0.38,0.36,2026-09-17,1705,N,nominal,2.0NRT,293.45,0.59,N
-3.35288,126.80975,342.81,0.39,0.36,2026-09-17,1705,N,nominal,2.0NRT,293.86,4.39,N
-3.34407,126.75433,316.77,0.39,0.36,2026-09-17,1705,N,nominal,2.0NRT,291.25,4.33,N
0.44944,127.88673,304.36,0.38,0.36,2026-09-17,1705,N,nominal,2.0NRT,292.21,0.59,N
-3.34572,126.76463,300.11,0.39,0.36,2026-09-17,1705,N,nominal,2.0NRT,288.1,0.36,N
-0.44119,132.19398,306.23,0.53,0.42,2026-09-17,1705,N,nominal,2.0NRT,293.04,0.93,N
-3.35178,126.80283,308.74,0.39,0.36,2026-09-17,1705,N,nominal,2.0NRT,290.33,1.25,N
-3.35233,126.80629,317.65,0.39,0.36,2026-09-17,1705,N,nominal,2.0NRT,291.02,4.39,N
-0.06061,129.61322,309.64,0.4,0.37,2026-09-17,1705,N,nominal,2.0NRT,292.39,2.16,N
-3.35621,126.80923,338.06,0.39,0.36,2026-09-17,1705,N,nominal,2.0NRT,297.12,8.33,N
0.82775,123.82323,305.1,0.54,0.42,2026-09-17,1705,N,nominal,2.0NRT,286.97,0.45,N
-3.3573,126.81614,342.81,0.39,0.36,2026-09-17,1705,N,nominal,2.0NRT,291.77,17.68,N
-3.34685,126.75037,310.91,0.39,0.36,2026-09-17,1705,N,nominal,2.0NRT,290.62,1.16,N
0.86985,123.42532,322.55,0.57,0.43,2026-09-17,1705,N,nominal,2.0NRT,293.93,5.66,N
-3.3474,126.75381,306.22,0.39,0.36,2026-09-17,1705,N,nominal,2.0NRT,290.52,1.16,N
0.86583,123.4249,339.88,0.57,0.43,2026-09-17,1705,N,nominal,2.0NRT,294.03,5.66,N
-3.35566,126.80577,302.96,0.39,0.36,2026-09-17,1705,N,nominal,2.0NRT,290.12,8.33,N
0.86501,123.43019,307.5,0.57,0.43,2026-09-17,1705,N,nominal,2.0NRT,292.89,2.53,N
-3.35676,126.81268,317,0.39,0.36,2026-09-17,1705,N,nominal,2.0NRT,291.87,17.68,N
-3.35953,126.80872,331.42,0.39,0.36,2026-09-17,1705,N,nominal,2.0NRT,290.6,8.33,N
0.86097,123.42989,316.88,0.57,0.43,2026-09-17,1705,N,nominal,2.0NRT,292.97,2.08,N
-3.36008,126.81217,325.31,0.39,0.36,2026-09-17,1705,N,nominal,2.0NRT,291.52,17.68,N
0.82194,123.68121,306.67,0.55,0.43,2026-09-17,1705,N,nominal,2.0NRT,292.12,1.45,N
-3.36063,126.81562,341.42,0.39,0.36,2026-09-17,1705,N,nominal,2.0NRT,304.02,17.68,N
-3.36396,126.81511,339.21,0.39,0.36,2026-09-17,1705,N,nominal,2.0NRT,291.37,3.33,N
0.85617,123.43451,310.06,0.57,0.43,2026-09-17,1705,N,nominal,2.0NRT,292.62,2.08,N
-3.36286,126.80819,319.66,0.39,0.36,2026-09-17,1705,N,nominal,2.0NRT,290.58,1.44,N
-3.36341,126.81165,314.84,0.39,0.36,2026-09-17,1705,N,nominal,2.0NRT,290.58,3.33,N
0.81804,123.68037,305.42,0.55,0.43,2026-09-17,1705,N,nominal,2.0NRT,292.54,1.45,N
-3.36671,126.83237,318.35,0.39,0.36,2026-09-17,1705,N,nominal,2.0NRT,291.07,1.18,N
0.81061,123.70259,308.08,0.55,0.43,2026-09-17,1705,N,nominal,2.0NRT,288.2,2.12,N
-3.36726,126.83583,303.49,0.39,0.36,2026-09-17,1705,N,nominal,2.0NRT,290.34,1.18,N
0.77401,123.93861,304.55,0.53,0.42,2026-09-17,1705,N,nominal,2.0NRT,290.37,1.8,N
-3.36619,126.80766,316.76,0.39,0.36,2026-09-17,1705,N,nominal,2.0NRT,287.52,1.44,N
-3.36894,126.82497,303.87,0.39,0.36,2026-09-17,1705,N,nominal,2.0NRT,290.86,0.84,N
0.83713,123.50489,325.45,0.56,0.43,2026-09-17,1705,N,nominal,2.0NRT,293.53,5.77,N
-3.36948,126.82841,308.67,0.39,0.36,2026-09-17,1705,N,nominal,2.0NRT,291.31,0.84,N
0.83636,123.50989,333.27,0.56,0.43,2026-09-17,1705,N,nominal,2.0NRT,293.74,5.9,N
-3.37058,126.8353,315.41,0.39,0.36,2026-09-17,1705,N,nominal,2.0NRT,290.78,1.18,N
0.7717,123.92796,309.31,0.53,0.42,2026-09-17,1705,N,nominal,2.0NRT,293.4,3.27,N
-3.37226,126.82444,307.61,0.39,0.36,2026-09-17,1705,N,nominal,2.0NRT,291.26,1.45,N
-3.38767,126.89996,311.98,0.39,0.36,2026-09-17,1705,N,nominal,2.0NRT,291.89,1.04,N
0.77091,123.93306,311.69,0.53,0.42,2026-09-17,1705,N,nominal,2.0NRT,291.08,1.8,N
-3.38822,126.9034,304.42,0.39,0.36,2026-09-17,1705,N,nominal,2.0NRT,291.21,1.04,N
0.76783,123.92739,310.83,0.53,0.42,2026-09-17,1705,N,nominal,2.0NRT,291.83,2.39,N
-3.38877,126.90687,302.79,0.39,0.36,2026-09-17,1705,N,nominal,2.0NRT,289.73,0.35,N
0.82361,123.5135,315.29,0.56,0.43,2026-09-17,1705,N,nominal,2.0NRT,292.83,2.28,N
-3.43096,127.173,308.55,0.38,0.36,2026-09-17,1705,N,nominal,2.0NRT,291.57,0.92,N
-3.391,126.89941,333.48,0.39,0.36,2026-09-17,1705,N,nominal,2.0NRT,291.47,3.32,N
1.00496,122.29952,330.48,0.45,0.47,2026-09-17,1705,N,nominal,2.0NRT,292.05,3.17,N
-3.39155,126.90288,335.99,0.39,0.36,2026-09-17,1705,N,nominal,2.0NRT,292.14,3.32,N
1.00557,122.29551,310.92,0.45,0.47,2026-09-17,1705,N,nominal,2.0NRT,291.39,3.17,N
-3.38111,126.83716,309.15,0.39,0.36,2026-09-17,1705,N,nominal,2.0NRT,291.68,1.16,N
0.82026,123.50894,306.64,0.56,0.43,2026-09-17,1705,N,nominal,2.0NRT,291.56,2.28,N
-3.39209,126.90633,300.5,0.39,0.36,2026-09-17,1705,N,nominal,2.0NRT,289.09,4.04,N
-3.39542,126.9058,335.39,0.39,0.36,2026-09-17,1705,N,nominal,2.0NRT,293.64,4.04,N
0.82481,123.51633,315.52,0.56,0.43,2026-09-17,1705,N,nominal,2.0NRT,291.99,3.88,N
-3.38499,126.84008,303.04,0.39,0.36,2026-09-17,1705,N,nominal,2.0NRT,291.09,1.16,N
0.8215,123.5116,308.65,0.56,0.43,2026-09-17,1705,N,nominal,2.0NRT,292.17,2.07,N
-3.38554,126.84355,310.22,0.39,0.36,2026-09-17,1705,N,nominal,2.0NRT,290.71,0.77,N
0.80888,123.56493,301.06,0.56,0.43,2026-09-17,1705,N,nominal,2.0NRT,285.7,1.59,N
-3.39487,126.90234,304.03,0.39,0.36,2026-09-17,1705,N,nominal,2.0NRT,290.16,3.32,N
-3.41736,127.04414,302.31,0.38,0.36,2026-09-17,1705,N,nominal,2.0NRT,290.6,0.55,N
1.00799,122.29693,326.13,0.45,0.47,2026-09-17,1705,N,nominal,2.0NRT,292.34,2.03,N
-3.38824,126.8431,323.82,0.39,0.36,2026-09-17,1705,N,nominal,2.0NRT,292.18,1.45,N
1.00735,122.3009,308.29,0.45,0.47,2026-09-17,1705,N,nominal,2.0NRT,292.39,2.03,N
-3.39816,126.90535,306.86,0.38,0.36,2026-09-17,1705,N,nominal,2.0NRT,290.31,1.06,N
-3.39102,126.83911,309.33,0.39,0.36,2026-09-17,1705,N,nominal,2.0NRT,290.42,1.62,N
1.00365,122.29639,308.49,0.45,0.47,2026-09-17,1705,N,nominal,2.0NRT,291.29,2.03,N
-3.39157,126.84258,307.2,0.39,0.36,2026-09-17,1705,N,nominal,2.0NRT,291.19,1.45,N
1.11971,121.45226,306.63,0.51,0.5,2026-09-17,1705,N,nominal,2.0NRT,284.29,1.5,N
-3.44167,127.13589,303.84,0.38,0.36,2026-09-17,1705,N,nominal,2.0NRT,291.25,0.67,N
0.78263,123.57716,309.71,0.56,0.43,2026-09-17,1705,N,nominal,2.0NRT,290.76,2.43,N
-3.44221,127.13934,303.89,0.38,0.36,2026-09-17,1705,N,nominal,2.0NRT,291.44,1.2,N
-3.44499,127.13537,305.2,0.38,0.36,2026-09-17,1705,N,nominal,2.0NRT,290.75,0.67,N
0.95771,122.4471,331.82,0.44,0.46,2026-09-17,1705,N,nominal,2.0NRT,292.07,3.47,N
-3.44831,127.13485,313.06,0.38,0.36,2026-09-17,1705,N,nominal,2.0NRT,290.68,1.24,N
-3.45218,127.13777,305.81,0.38,0.36,2026-09-17,1705,N,nominal,2.0NRT,291.16,0.93,N
0.77558,123.59612,322.62,0.55,0.43,2026-09-17,1705,N,nominal,2.0NRT,292.18,3.88,N
-3.42426,126.85513,306.94,0.39,0.36,2026-09-17,1705,N,nominal,2.0NRT,289.55,0.74,N
1.11513,121.45153,308.43,0.51,0.5,2026-09-17,1705,N,nominal,2.0NRT,286.85,1.58,N
-3.4689,127.05018,350,0.38,0.36,2026-09-17,1705,N,nominal,2.0NRT,294.27,6.29,N
-3.47168,127.0462,307.81,0.38,0.36,2026-09-17,1705,N,nominal,2.0NRT,291.37,1.93,N
0.77628,123.59168,317.46,0.56,0.43,2026-09-17,1705,N,nominal,2.0NRT,292.37,4.1,N
-3.47223,127.04966,319.98,0.38,0.36,2026-09-17,1705,N,nominal,2.0NRT,291.24,6.29,N
-3.475,127.04567,302.75,0.38,0.36,2026-09-17,1705,N,nominal,2.0NRT,291.27,0.96,N
0.95337,122.44689,322.46,0.44,0.46,2026-09-17,1705,N,nominal,2.0NRT,291.5,3.47,N
-3.47555,127.04914,315.37,0.38,0.36,2026-09-17,1705,N,nominal,2.0NRT,291.45,1.02,N
-3.4521,126.77289,345.94,0.39,0.36,2026-09-17,1705,N,nominal,2.0NRT,292.42,4.45,N
0.9943,122.18777,307.12,0.46,0.47,2026-09-17,1705,N,nominal,2.0NRT,290.65,1.27,N
-3.4532,126.77987,337.24,0.39,0.36,2026-09-17,1705,N,nominal,2.0NRT,291.6,2.38,N
-3.45265,126.77638,301.37,0.39,0.36,2026-09-17,1705,N,nominal,2.0NRT,289.09,2.38,N
0.74254,123.72863,303.35,0.54,0.42,2026-09-17,1705,N,nominal,2.0NRT,288.63,1.77,N
-3.45542,126.77234,324.85,0.39,0.36,2026-09-17,1705,N,nominal,2.0NRT,289.89,4.45,N
-3.45652,126.7793,320.16,0.39,0.36,2026-09-17,1705,N,nominal,2.0NRT,289.45,2.38,N
0.84347,122.98223,309.86,0.4,0.45,2026-09-17,1705,N,nominal,2.0NRT,288.21,2.08,N
-3.45597,126.77583,305.57,0.39,0.36,2026-09-17,1705,N,nominal,2.0NRT,290.64,2.38,N
-3.4593,126.77525,303.67,0.39,0.36,2026-09-17,1705,N,nominal,2.0NRT,288.75,0.81,N
0.96764,122.15894,310.89,0.46,0.47,2026-09-17,1705,N,nominal,2.0NRT,291.02,1.42,N
-3.51154,127.03999,307.78,0.38,0.36,2026-09-17,1705,N,nominal,2.0NRT,291.16,1.05,N
-3.39955,126.24804,310.65,0.39,0.36,2026-09-17,1705,N,nominal,2.0NRT,290.13,1.2,N
0.96712,122.16226,310.73,0.46,0.47,2026-09-17,1705,N,nominal,2.0NRT,291.88,1.42,N
-3.4011,126.24814,300.88,0.39,0.36,2026-09-17,1705,N,nominal,2.0NRT,289.18,0.68,N
-3.46778,126.64275,318.13,0.39,0.36,2026-09-17,1705,N,nominal,2.0NRT,289,1.77,N
-3.47111,126.64221,338.05,0.39,0.36,2026-09-17,1705,N,nominal,2.0NRT,291.49,4.37,N
0.93525,122.33881,299.9,0.45,0.47,2026-09-17,1705,N,nominal,2.0NRT,288.61,1.05,N
-3.40898,126.2543,318.57,0.39,0.36,2026-09-17,1705,N,nominal,2.0NRT,291.15,1.14,N
-3.41346,126.26083,301.59,0.39,0.36,2026-09-17,1705,N,nominal,2.0NRT,289.96,0.78,N
-0.58599,131.97528,306.34,0.52,0.41,2026-09-17,1705,N,nominal,2.0NRT,293.93,1.63,N
-3.47444,126.64168,301.97,0.39,0.36,2026-09-17,1705,N,nominal,2.0NRT,288.08,4.37,N
-2.70752,121.7183,338.64,0.43,0.46,2026-09-17,1705,N,nominal,2.0NRT,277.31,5.03,N
0.94939,122.1905,304.23,0.46,0.47,2026-09-17,1705,N,nominal,2.0NRT,290.65,1.3,N
-3.44973,126.27285,335.22,0.39,0.36,2026-09-17,1705,N,nominal,2.0NRT,292.16,3.08,N
-3.45308,126.27237,347.07,0.39,0.36,2026-09-17,1705,N,nominal,2.0NRT,294.92,3.5,N
0.80378,122.9522,305.09,0.4,0.45,2026-09-17,1705,N,nominal,2.0NRT,289.86,1.08,N
-3.45251,126.26879,316.19,0.39,0.36,2026-09-17,1705,N,nominal,2.0NRT,291,3.5,N
-3.45366,126.27599,308.33,0.39,0.36,2026-09-17,1705,N,nominal,2.0NRT,291.63,1.25,N
-0.63347,131.96527,307.76,0.52,0.41,2026-09-17,1705,N,nominal,2.0NRT,293.65,1.7,N
-3.45586,126.26827,325.03,0.39,0.36,2026-09-17,1705,N,nominal,2.0NRT,291.18,3.5,N
-3.45644,126.2719,333.18,0.39,0.36,2026-09-17,1705,N,nominal,2.0NRT,294.12,3.5,N
-0.63801,131.96933,309.9,0.52,0.41,2026-09-17,1705,N,nominal,2.0NRT,293.59,1.63,N
-3.45702,126.27553,307.48,0.39,0.36,2026-09-17,1705,N,nominal,2.0NRT,290.78,1.25,N
-3.4598,126.27143,331.65,0.39,0.36,2026-09-17,1705,N,nominal,2.0NRT,291.77,3.59,N
-0.65099,131.95215,324.64,0.52,0.41,2026-09-17,1705,N,nominal,2.0NRT,292.78,2.49,N
-3.54419,126.80107,335.14,0.39,0.36,2026-09-17,1705,N,nominal,2.0NRT,289.94,3.79,N
-3.46038,126.27505,308.18,0.39,0.36,2026-09-17,1705,N,nominal,2.0NRT,289.8,0.71,N
1.00207,121.5174,300.18,0.51,0.49,2026-09-17,1705,N,nominal,2.0NRT,283.98,1.18,N
-3.46096,126.27868,300,0.39,0.36,2026-09-17,1705,N,nominal,2.0NRT,289.75,0.71,N
0.77128,122.97102,304.75,0.4,0.44,2026-09-17,1705,N,nominal,2.0NRT,289.57,0.91,N
-3.54529,126.80795,311.86,0.39,0.36,2026-09-17,1705,N,nominal,2.0NRT,288.89,1.52,N
0.77086,122.94715,309.9,0.4,0.45,2026-09-17,1705,N,nominal,2.0NRT,290.98,1.31,N
-3.54752,126.80055,332.12,0.39,0.36,2026-09-17,1705,N,nominal,2.0NRT,290.17,3.79,N
-3.54806,126.80398,308.65,0.39,0.36,2026-09-17,1705,N,nominal,2.0NRT,288.57,1.52,N
0.7667,122.94685,323.52,0.4,0.45,2026-09-17,1705,N,nominal,2.0NRT,290.97,1.31,N
-2.82828,122.17221,322.35,0.4,0.44,2026-09-17,1705,N,nominal,2.0NRT,284.49,2.15,N
-2.82887,122.17586,311.02,0.4,0.44,2026-09-17,1705,N,nominal,2.0NRT,283.3,2.15,N
0.76253,122.94657,311.71,0.4,0.45,2026-09-17,1705,N,nominal,2.0NRT,291.02,1.52,N
-2.8312,122.16419,306.17,0.4,0.44,2026-09-17,1705,N,nominal,2.0NRT,283.63,1.18,N
-2.8318,122.16793,302.27,0.4,0.44,2026-09-17,1705,N,nominal,2.0NRT,282.71,1.18,N
-0.65817,131.92317,309.44,0.52,0.41,2026-09-17,1705,N,nominal,2.0NRT,293.15,1.11,N
-2.8324,122.17168,303.21,0.4,0.44,2026-09-17,1705,N,nominal,2.0NRT,283.68,1.72,N
-2.83356,122.17889,312.69,0.4,0.44,2026-09-17,1705,N,nominal,2.0NRT,282.98,1.17,N
-0.66127,131.91801,308.65,0.52,0.41,2026-09-17,1705,N,nominal,2.0NRT,292.95,1.11,N
-3.49045,126.24814,309.36,0.39,0.36,2026-09-17,1705,N,nominal,2.0NRT,290.93,1.46,N
-3.4994,126.26127,308.13,0.39,0.36,2026-09-17,1705,N,nominal,2.0NRT,289.84,0.9,N
-0.66196,131.92245,308.45,0.52,0.41,2026-09-17,1705,N,nominal,2.0NRT,292.54,1.11,N
-3.51005,126.3285,312.87,0.39,0.36,2026-09-17,1705,N,nominal,2.0NRT,289.27,2.07,N
-3.5134,126.32801,343.26,0.39,0.36,2026-09-17,1705,N,nominal,2.0NRT,291.92,2.07,N
0.75485,122.94182,306.57,0.41,0.45,2026-09-17,1705,N,nominal,2.0NRT,289.73,0.84,N
-3.50274,126.26067,308.65,0.39,0.36,2026-09-17,1705,N,nominal,2.0NRT,290.35,0.9,N
-3.51284,126.32449,301.29,0.39,0.36,2026-09-17,1705,N,nominal,2.0NRT,288.58,2.07,N
-0.79079,131.92902,304.23,0.52,0.41,2026-09-17,1705,N,nominal,2.0NRT,292.89,0.85,N
-3.51396,126.33152,307.63,0.39,0.36,2026-09-17,1705,N,nominal,2.0NRT,288.92,0.81,N
-3.58364,126.72746,309.38,0.39,0.36,2026-09-17,1705,N,nominal,2.0NRT,287.87,0.83,N
-0.7946,131.92834,304.96,0.52,0.41,2026-09-17,1705,N,nominal,2.0NRT,292.3,0.85,N
-3.58634,126.72689,328.77,0.39,0.36,2026-09-17,1705,N,nominal,2.0NRT,288.7,3.14,N
-3.53006,126.33241,302.14,0.39,0.36,2026-09-17,1705,N,nominal,2.0NRT,289.38,0.72,N
-0.81175,132.01186,303.72,0.52,0.42,2026-09-17,1705,N,nominal,2.0NRT,293.4,1.21,N
-3.53062,126.33592,305.58,0.39,0.36,2026-09-17,1705,N,nominal,2.0NRT,289.62,1.18,N
-3.59244,126.72236,301.14,0.39,0.36,2026-09-17,1705,N,nominal,2.0NRT,287.36,0.42,N
-0.77816,131.40744,308.51,0.49,0.4,2026-09-17,1705,N,nominal,2.0NRT,293.19,1.54,N
-3.53339,126.33182,300.04,0.39,0.36,2026-09-17,1705,N,nominal,2.0NRT,289.05,0.72,N
-3.52709,126.27121,312.26,0.39,0.36,2026-09-17,1705,N,nominal,2.0NRT,291.44,1.19,N
-3.53044,126.27066,310.09,0.39,0.36,2026-09-17,1705,N,nominal,2.0NRT,291.23,1.19,N
-0.22223,127.68238,306.71,0.38,0.36,2026-09-17,1705,N,nominal,2.0NRT,293.41,1.16,N
-3.53159,126.27782,307.44,0.39,0.36,2026-09-17,1705,N,nominal,2.0NRT,290.98,1.2,N
-3.53216,126.28139,314.1,0.39,0.36,2026-09-17,1705,N,nominal,2.0NRT,291.23,1.2,N
-0.225,127.67838,314.84,0.38,0.36,2026-09-17,1705,N,nominal,2.0NRT,294.23,1.93,N
-3.53273,126.28493,316.94,0.39,0.36,2026-09-17,1705,N,nominal,2.0NRT,291.59,1.57,N
-0.22555,127.68185,305.85,0.38,0.36,2026-09-17,1705,N,nominal,2.0NRT,293.54,0.85,N
-3.53378,126.27012,302.35,0.39,0.36,2026-09-17,1705,N,nominal,2.0NRT,290.9,0.87,N
-3.53435,126.27368,308.58,0.39,0.36,2026-09-17,1705,N,nominal,2.0NRT,291.09,0.87,N
-0.22829,127.69911,304.54,0.38,0.36,2026-09-17,1705,N,nominal,2.0NRT,293.08,0.76,N
-3.53493,126.27724,306.39,0.39,0.36,2026-09-17,1705,N,nominal,2.0NRT,290.9,1.8,N
-3.5355,126.2808,314.34,0.39,0.36,2026-09-17,1705,N,nominal,2.0NRT,291.2,1.8,N
-0.22887,127.68131,306.46,0.38,0.36,2026-09-17,1705,N,nominal,2.0NRT,293.95,0.85,N
-3.53607,126.28436,306.09,0.39,0.36,2026-09-17,1705,N,nominal,2.0NRT,291.18,1.64,N
-3.53827,126.2767,338.05,0.39,0.36,2026-09-17,1705,N,nominal,2.0NRT,291.7,1.8,N
-0.22942,127.68477,310.66,0.38,0.36,2026-09-17,1705,N,nominal,2.0NRT,294.07,0.85,N
-3.51897,126.15633,313.79,0.39,0.36,2026-09-17,1705,N,nominal,2.0NRT,291.96,1.17,N
-3.52241,126.17773,304.3,0.39,0.36,2026-09-17,1705,N,nominal,2.0NRT,292.27,0.44,N
-3.5377,126.27313,302.22,0.39,0.36,2026-09-17,1705,N,nominal,2.0NRT,290.09,0.87,N
-0.22997,127.68824,311.03,0.38,0.36,2026-09-17,1705,N,nominal,2.0NRT,294.14,1.76,N
-3.54056,126.29092,314.38,0.39,0.36,2026-09-17,1705,N,nominal,2.0NRT,290.68,1.66,N
-3.55322,126.21982,303.16,0.39,0.36,2026-09-17,1705,N,nominal,2.0NRT,290.7,0.98,N
-0.23161,127.69859,306.26,0.38,0.36,2026-09-17,1705,N,nominal,2.0NRT,293.15,0.76,N
-3.55657,126.21928,315.02,0.39,0.36,2026-09-17,1705,N,nominal,2.0NRT,289.99,0.98,N
-3.56215,126.21117,317.85,0.39,0.36,2026-09-17,1705,N,nominal,2.0NRT,291.72,1.7,N
-0.23219,127.68079,309.32,0.38,0.36,2026-09-17,1705,N,nominal,2.0NRT,293.92,0.96,N
-3.57513,126.27107,320.82,0.39,0.36,2026-09-17,1705,N,nominal,2.0NRT,292.91,2.1,N
-3.5757,126.27458,333.4,0.39,0.36,2026-09-17,1705,N,nominal,2.0NRT,293.87,2.1,N
-0.23274,127.68424,319.6,0.38,0.36,2026-09-17,1705,N,nominal,2.0NRT,294.76,0.96,N
-3.57457,126.26752,305.74,0.39,0.36,2026-09-17,1705,N,nominal,2.0NRT,290.98,1.59,N
-3.57626,126.27811,317.67,0.39,0.36,2026-09-17,1705,N,nominal,2.0NRT,290.68,1.06,N
-0.23329,127.68771,307.56,0.38,0.36,2026-09-17,1705,N,nominal,2.0NRT,293.92,1.23,N
-3.57848,126.27055,326.47,0.39,0.36,2026-09-17,1705,N,nominal,2.0NRT,290.67,2.1,N
-3.57904,126.27409,302.75,0.39,0.36,2026-09-17,1705,N,nominal,2.0NRT,289.71,2.1,N
-0.23551,127.68024,309.5,0.38,0.36,2026-09-17,1705,N,nominal,2.0NRT,293.47,0.96,N
-3.5796,126.27759,305.61,0.39,0.36,2026-09-17,1705,N,nominal,2.0NRT,287.77,1.06,N
-3.59796,126.24188,319.76,0.39,0.36,2026-09-17,1705,N,nominal,2.0NRT,292.22,1.95,N
-0.23606,127.68371,307.02,0.38,0.36,2026-09-17,1705,N,nominal,2.0NRT,293.45,0.96,N
-3.60243,126.24837,310.17,0.39,0.36,2026-09-17,1705,N,nominal,2.0NRT,292.22,1.8,N
-3.60466,126.24073,315.73,0.39,0.36,2026-09-17,1705,N,nominal,2.0NRT,292.38,1.61,N
-0.79332,130.48665,310.92,0.44,0.38,2026-09-17,1705,N,nominal,2.0NRT,294.4,2.86,N
-3.60634,126.25136,313.34,0.39,0.36,2026-09-17,1705,N,nominal,2.0NRT,292.2,1.31,N
-3.6069,126.2549,310.68,0.39,0.36,2026-09-17,1705,N,nominal,2.0NRT,290.4,1.31,N
-0.79396,130.49066,319.98,0.44,0.38,2026-09-17,1705,N,nominal,2.0NRT,294.93,1.83,N
-2.9447,121.44606,297.04,0.45,0.47,2026-09-17,1705,N,nominal,2.0NRT,282.87,1.06,N
-1.76246,113.97243,297.34,0.74,0.76,2026-09-17,1705,N,nominal,2.0NRT,282.31,1.3,N
-0.79747,130.48996,314.48,0.44,0.38,2026-09-17,1705,N,nominal,2.0NRT,293.65,1.83,N
-1.76361,113.97927,298.12,0.74,0.76,2026-09-17,1705,N,nominal,2.0NRT,282.13,1.3,N
-1.91866,114.01659,300.42,0.73,0.76,2026-09-17,1705,N,nominal,2.0NRT,283.54,2.15,N
-0.61087,128.14708,307.79,0.38,0.36,2026-09-17,1707,N,nominal,2.0NRT,292.59,0.84,N
-2.07802,113.79542,319.76,0.75,0.77,2026-09-17,1705,N,nominal,2.0NRT,283.83,8.54,N
-3.47627,122.22836,309.3,0.39,0.44,2026-09-17,1705,N,nominal,2.0NRT,282.1,1.18,N
-1.61243,132.19514,304.23,0.55,0.43,2026-09-17,1707,N,nominal,2.0NRT,291.89,0.9,N
-2.08297,113.73714,325.6,0.76,0.77,2026-09-17,1705,N,nominal,2.0NRT,283.22,9.44,N
-2.08412,113.74406,325.53,0.75,0.77,2026-09-17,1705,N,nominal,2.0NRT,283.48,9.44,N
-1.61636,132.19453,302.51,0.55,0.43,2026-09-17,1707,N,nominal,2.0NRT,291.94,0.9,N
-3.47917,122.22063,301.47,0.39,0.44,2026-09-17,1705,N,nominal,2.0NRT,279.09,0.6,N
-3.47975,122.22417,303.81,0.39,0.44,2026-09-17,1705,N,nominal,2.0NRT,279.9,0.6,N
-2.12962,134.34467,305.78,0.51,0.49,2026-09-17,1707,N,nominal,2.0NRT,292.37,1.55,N
-2.10059,113.79863,299.65,0.75,0.77,2026-09-17,1705,N,nominal,2.0NRT,283.54,4.15,N
-3.48322,122.21996,302.75,0.39,0.44,2026-09-17,1705,N,nominal,2.0NRT,278.06,0.6,N
-2.10772,113.79739,314.35,0.75,0.77,2026-09-17,1705,N,nominal,2.0NRT,283.59,5.9,N
-1.88297,132.36015,326.88,0.57,0.43,2026-09-17,1707,N,nominal,2.0NRT,291.74,4.09,N
-2.10888,113.80434,302.6,0.75,0.77,2026-09-17,1705,N,nominal,2.0NRT,283.78,4.5,N
-2.08094,113.79559,317.54,0.75,0.77,2026-09-17,1705,N,nominal,2.0NRT,283.43,6.18,N
-1.88152,132.36385,326.02,0.57,0.43,2026-09-17,1707,N,nominal,2.0NRT,291.85,4.91,N
-2.08215,113.8025,304.58,0.75,0.77,2026-09-17,1705,N,nominal,2.0NRT,283.77,4.17,N
-2.07958,113.74555,305.65,0.75,0.77,2026-09-17,1705,N,nominal,2.0NRT,282.97,3.54,N
-2.04942,132.51611,302.23,0.39,0.44,2026-09-17,1707,N,nominal,2.0NRT,287.21,0.55,N
-2.08674,113.74433,328.23,0.75,0.77,2026-09-17,1705,N,nominal,2.0NRT,283.5,12.35,N
-2.08554,113.73743,319.65,0.75,0.77,2026-09-17,1705,N,nominal,2.0NRT,282.89,13.23,N
-2.05795,132.46477,306.81,0.39,0.44,2026-09-17,1707,N,nominal,2.0NRT,289.38,1.22,N
-2.09763,113.80704,300.5,0.75,0.77,2026-09-17,1705,N,nominal,2.0NRT,283.47,2.67,N
-2.10356,113.79889,307.1,0.75,0.77,2026-09-17,1705,N,nominal,2.0NRT,283.75,2.67,N
-2.10476,113.80582,304.75,0.75,0.77,2026-09-17,1705,N,nominal,2.0NRT,283.98,2.67,N
-0.62542,123.24993,317.16,0.56,0.43,2026-09-17,1707,N,nominal,2.0NRT,292.8,3.69,N
-2.11069,113.79765,301.49,0.75,0.77,2026-09-17,1705,N,nominal,2.0NRT,281.32,3.25,N
-2.1511,113.81926,305.48,0.74,0.76,2026-09-17,1705,N,nominal,2.0NRT,284.01,2.93,N
-0.62938,123.24936,313.21,0.56,0.43,2026-09-17,1707,N,nominal,2.0NRT,292.36,2.89,N
-2.15228,113.82616,301.91,0.74,0.76,2026-09-17,1705,N,nominal,2.0NRT,282.31,2.93,N
-2.15469,113.79726,299.98,0.75,0.77,2026-09-17,1705,N,nominal,2.0NRT,283.47,6.67,N
-2.10273,132.46144,302.29,0.39,0.44,2026-09-17,1707,N,nominal,2.0NRT,288.19,1.11,N
-2.16661,113.78098,301.65,0.75,0.77,2026-09-17,1705,N,nominal,2.0NRT,283.37,6.06,N
-2.16945,113.78177,298.11,0.75,0.77,2026-09-17,1705,N,nominal,2.0NRT,280.53,5.45,N
-2.10345,132.44008,304.48,0.38,0.44,2026-09-17,1707,N,nominal,2.0NRT,289.98,1.36,N
-3.23528,119.79202,299.54,0.57,0.52,2026-09-17,1705,N,nominal,2.0NRT,284.33,1.22,N
-3.8685,122.39462,304.32,0.57,0.43,2026-09-17,1705,N,nominal,2.0NRT,292.53,1.1,N
-1.73097,130.05704,307.83,0.43,0.38,2026-09-17,1707,N,nominal,2.0NRT,293.42,1.46,N
-3.86931,122.3997,315.41,0.57,0.43,2026-09-17,1705,N,nominal,2.0NRT,294.04,2.42,N
-3.87013,122.40479,314.24,0.56,0.43,2026-09-17,1705,N,nominal,2.0NRT,293.82,2.42,N
-1.73179,130.05774,306.45,0.43,0.38,2026-09-17,1707,N,nominal,2.0NRT,293.46,1.49,N
-3.87094,122.4099,309.77,0.56,0.43,2026-09-17,1705,N,nominal,2.0NRT,293.21,1.63,N
-3.86971,122.39184,308.97,0.57,0.43,2026-09-17,1705,N,nominal,2.0NRT,292.37,1.72,N
-1.73589,130.06099,304.4,0.43,0.38,2026-09-17,1707,N,nominal,2.0NRT,292.84,0.66,N
-3.87056,122.39692,309.26,0.56,0.43,2026-09-17,1705,N,nominal,2.0NRT,293.15,1.72,N
-3.87141,122.40202,318.3,0.56,0.43,2026-09-17,1705,N,nominal,2.0NRT,292.92,2.83,N
-0.6202,123.05056,310.6,0.57,0.43,2026-09-17,1707,N,nominal,2.0NRT,292.82,2.17,N
-3.87226,122.40711,304.31,0.56,0.43,2026-09-17,1705,N,nominal,2.0NRT,291.62,2.83,N
-3.90259,122.41781,314.72,0.56,0.43,2026-09-17,1705,N,nominal,2.0NRT,293.19,2.04,N
-1.73761,130.04898,305.13,0.43,0.38,2026-09-17,1707,N,nominal,2.0NRT,293.27,0.62,N
-3.90343,122.42289,305.79,0.56,0.43,2026-09-17,1705,N,nominal,2.0NRT,291.51,2.04,N
-3.87592,122.23123,301.88,0.39,0.44,2026-09-17,1705,N,nominal,2.0NRT,287.14,0.51,N
-1.74058,130.0681,306.39,0.43,0.38,2026-09-17,1707,N,nominal,2.0NRT,293.29,2.11,N
-2.67483,114.90408,311.51,0.62,0.71,2026-09-17,1705,N,nominal,2.0NRT,279.21,3.92,N
-2.6758,114.90979,298.17,0.62,0.71,2026-09-17,1705,N,nominal,2.0NRT,278.11,2.93,N
-2.10758,132.43246,306.86,0.38,0.44,2026-09-17,1707,N,nominal,2.0NRT,290.49,1.13,N
-2.68146,114.90289,303.35,0.62,0.71,2026-09-17,1705,N,nominal,2.0NRT,279.13,3.92,N
-2.68243,114.90862,299.24,0.62,0.71,2026-09-17,1705,N,nominal,2.0NRT,279.8,2.93,N
-2.10811,132.43596,312.99,0.38,0.44,2026-09-17,1707,N,nominal,2.0NRT,290.97,2.62,N
-3.50609,119.55887,304.18,0.58,0.52,2026-09-17,1705,N,nominal,2.0NRT,288.97,2.06,N
-3.47122,119.48196,304.2,0.59,0.53,2026-09-17,1705,N,nominal,2.0NRT,289.21,1.17,N
-2.1116,132.43185,305.7,0.38,0.44,2026-09-17,1707,N,nominal,2.0NRT,290.34,1.13,N
-3.50985,119.5617,303.69,0.58,0.52,2026-09-17,1705,N,nominal,2.0NRT,289.26,1.01,N
-2.66181,114.28562,301.61,0.68,0.74,2026-09-17,1705,N,nominal,2.0NRT,284.93,1.58,N
-2.11668,132.43819,304.36,0.39,0.44,2026-09-17,1707,N,nominal,2.0NRT,290.51,1.4,N
-2.66289,114.29192,299.84,0.68,0.74,2026-09-17,1705,N,nominal,2.0NRT,284.76,1.58,N
-2.55726,113.37226,298.91,0.78,0.78,2026-09-17,1705,N,nominal,2.0NRT,283.03,3.52,N
-2.11932,132.45551,304.8,0.39,0.44,2026-09-17,1707,N,nominal,2.0NRT,289.31,0.98,N
-2.56451,113.3709,301.05,0.78,0.78,2026-09-17,1705,N,nominal,2.0NRT,283.33,2.74,N
-2.1588,132.71457,309.86,0.4,0.44,2026-09-17,1707,N,nominal,2.0NRT,288.32,1.54,N
-2.56575,113.37826,300.93,0.78,0.78,2026-09-17,1705,N,nominal,2.0NRT,283.45,1.23,N
-2.57175,113.36946,299.98,0.78,0.78,2026-09-17,1705,N,nominal,2.0NRT,283.21,2.74,N
-2.11964,132.43063,312.21,0.38,0.44,2026-09-17,1707,N,nominal,2.0NRT,291.09,1.73,N
-2.57299,113.37687,298.99,0.78,0.78,2026-09-17,1705,N,nominal,2.0NRT,282.86,1.23,N
-3.98079,121.78906,301.51,0.41,0.45,2026-09-17,1705,N,nominal,2.0NRT,289.02,1.09,N
-2.12017,132.4341,308.99,0.38,0.44,2026-09-17,1707,N,nominal,2.0NRT,290.33,1.4,N
-3.98491,121.78838,299.9,0.41,0.45,2026-09-17,1705,N,nominal,2.0NRT,288.3,1.09,N
-2.12365,132.42999,308.8,0.38,0.44,2026-09-17,1707,N,nominal,2.0NRT,289.29,1.75,N
-2.54106,113.36219,298.52,0.78,0.78,2026-09-17,1705,N,nominal,2.0NRT,281.79,1.9,N
-2.55817,113.37434,299.76,0.78,0.78,2026-09-17,1705,N,nominal,2.0NRT,282.87,2.37,N
-2.12689,132.39758,303.67,0.38,0.43,2026-09-17,1707,N,nominal,2.0NRT,290.02,1.31,N
-3.63422,119.60295,311.01,0.58,0.52,2026-09-17,1705,N,nominal,2.0NRT,289.46,2.22,N
-2.56542,113.373,303.11,0.78,0.78,2026-09-17,1705,N,nominal,2.0NRT,283.34,2.31,N
-2.13009,132.41838,310.29,0.38,0.43,2026-09-17,1707,N,nominal,2.0NRT,290.44,1.28,N
-3.63894,119.60157,312.16,0.58,0.52,2026-09-17,1705,N,nominal,2.0NRT,289.7,3.07,N
-2.57266,113.37163,303.42,0.78,0.78,2026-09-17,1705,N,nominal,2.0NRT,282.94,2.31,N
-1.75779,129.99448,322.09,0.43,0.38,2026-09-17,1707,N,nominal,2.0NRT,294.58,2.29,N
-2.76428,114.01622,309.24,0.71,0.75,2026-09-17,1705,N,nominal,2.0NRT,282.19,8.58,N
-1.75839,129.99829,306.42,0.43,0.38,2026-09-17,1707,N,nominal,2.0NRT,294.12,1.05,N
-2.7654,114.0228,312.51,0.71,0.75,2026-09-17,1705,N,nominal,2.0NRT,284.64,5.9,N
-2.76254,114.0158,298.85,0.71,0.75,2026-09-17,1705,N,nominal,2.0NRT,281.44,3.15,N
-1.75898,130.00209,309.53,0.43,0.38,2026-09-17,1707,N,nominal,2.0NRT,294.24,1.05,N
-2.7637,114.02236,306.44,0.7,0.75,2026-09-17,1705,N,nominal,2.0NRT,284.4,3.15,N
-2.1341,132.41777,304.07,0.38,0.43,2026-09-17,1707,N,nominal,2.0NRT,287.04,1.28,N
-2.76952,114.01456,298.11,0.71,0.75,2026-09-17,1705,N,nominal,2.0NRT,276.84,3.2,N
-2.13464,132.42122,302.39,0.38,0.44,2026-09-17,1707,N,nominal,2.0NRT,287.35,1.28,N
-2.77067,114.02113,313.9,0.7,0.75,2026-09-17,1705,N,nominal,2.0NRT,282.48,3.2,N
-1.76128,129.9939,310.15,0.43,0.38,2026-09-17,1707,N,nominal,2.0NRT,293.29,1.04,N
-4.19505,122.29764,304.9,0.57,0.43,2026-09-17,1705,N,nominal,2.0NRT,289.69,1.13,N
-1.76188,129.99771,317.98,0.43,0.38,2026-09-17,1707,N,nominal,2.0NRT,294.35,1.33,N
-2.87286,114.2804,298.24,0.68,0.74,2026-09-17,1705,N,nominal,2.0NRT,281.12,3.08,N
-1.76247,130.00151,307.78,0.43,0.38,2026-09-17,1707,N,nominal,2.0NRT,293.5,1.33,N
-2.97092,113.9868,341.6,0.7,0.75,2026-09-17,1705,N,nominal,2.0NRT,282.53,4.93,N
-2.14587,132.44072,306.76,0.39,0.44,2026-09-17,1707,N,nominal,2.0NRT,288.3,1.32,N
-2.97202,113.99326,318.47,0.7,0.75,2026-09-17,1705,N,nominal,2.0NRT,278.87,4.93,N
-2.14989,132.44009,300.2,0.39,0.44,2026-09-17,1707,N,nominal,2.0NRT,287.11,0.92,N
-2.96102,113.8863,309.01,0.71,0.75,2026-09-17,1705,N,nominal,2.0NRT,277.13,4.5,N
-2.16122,132.38084,328.2,0.57,0.43,2026-09-17,1707,N,nominal,2.0NRT,289.79,4.62,N
-2.15477,132.33958,305.98,0.57,0.43,2026-09-17,1707,N,nominal,2.0NRT,292.19,1.6,N
-2.96216,113.89301,301.2,0.71,0.75,2026-09-17,1705,N,nominal,2.0NRT,275.87,3.32,N
-2.18518,132.35074,311.71,0.57,0.43,2026-09-17,1707,N,nominal,2.0NRT,292.35,1.8,N
-2.97788,113.98552,306.09,0.7,0.75,2026-09-17,1705,N,nominal,2.0NRT,280.19,4.93,N
-2.18918,132.35013,309.33,0.57,0.43,2026-09-17,1707,N,nominal,2.0NRT,291.82,1.8,N
-2.97898,113.99202,309.04,0.7,0.75,2026-09-17,1705,N,nominal,2.0NRT,279.63,4.93,N
-2.19954,132.338,305.72,0.57,0.43,2026-09-17,1707,N,nominal,2.0NRT,291.74,1.51,N
-2.99365,114.03623,308.79,0.7,0.75,2026-09-17,1705,N,nominal,2.0NRT,282.37,5.6,N
-1.44895,127.58791,310.3,0.38,0.36,2026-09-17,1707,N,nominal,2.0NRT,292.69,1.34,N
-3.0017,114.04147,332.39,0.7,0.75,2026-09-17,1705,N,nominal,2.0NRT,278.17,5.6,N
-2.18591,132.34828,315.04,0.57,0.43,2026-09-17,1707,N,nominal,2.0NRT,292.74,3.23,N
-3.0006,114.03497,315.67,0.7,0.75,2026-09-17,1705,N,nominal,2.0NRT,280.7,5.6,N
-3.00864,114.0402,310.31,0.7,0.75,2026-09-17,1705,N,nominal,2.0NRT,278.04,5.29,N
-2.19069,132.35284,305.72,0.57,0.43,2026-09-17,1707,N,nominal,2.0NRT,291.75,1.81,N
-3.24108,115.38449,320.03,0.56,0.69,2026-09-17,1705,N,nominal,2.0NRT,285.22,4.47,N
-1.45614,127.59032,303.56,0.38,0.36,2026-09-17,1707,N,nominal,2.0NRT,291.76,0.77,N
-2.95008,114.00011,303.52,0.7,0.75,2026-09-17,1705,N,nominal,2.0NRT,282.04,4.17,N
-2.1947,132.35225,306.25,0.57,0.43,2026-09-17,1707,N,nominal,2.0NRT,291.61,2.33,N
-2.96984,113.99,327.51,0.7,0.75,2026-09-17,1705,N,nominal,2.0NRT,280.73,4.24,N
-2.19713,132.34129,311.36,0.57,0.43,2026-09-17,1707,N,nominal,2.0NRT,292.34,1.92,N
-2.96869,113.98351,308.19,0.7,0.75,2026-09-17,1705,N,nominal,2.0NRT,280.84,6.75,N
-1.45581,127.43837,329.95,0.38,0.36,2026-09-17,1707,N,nominal,2.0NRT,293.45,2.03,N
-2.97098,113.99643,303.37,0.7,0.75,2026-09-17,1705,N,nominal,2.0NRT,277.87,4.24,N
-2.97681,113.98878,325.14,0.7,0.75,2026-09-17,1705,N,nominal,2.0NRT,281.41,5.16,N
-1.45859,127.43439,320.76,0.38,0.36,2026-09-17,1707,N,nominal,2.0NRT,291.18,4.4,N
-2.95932,113.88989,307.99,0.71,0.75,2026-09-17,1705,N,nominal,2.0NRT,278.47,5.29,N
-1.45914,127.43786,330.1,0.38,0.36,2026-09-17,1707,N,nominal,2.0NRT,293.54,4.53,N
-2.97565,113.98223,309.23,0.7,0.75,2026-09-17,1705,N,nominal,2.0NRT,280.1,6.63,N
-1.87374,129.77345,307.05,0.42,0.38,2026-09-17,1707,N,nominal,2.0NRT,293.85,2.98,N
-2.97794,113.99519,308.2,0.7,0.75,2026-09-17,1705,N,nominal,2.0NRT,278.65,5.16,N
-2.99986,114.03817,340.7,0.7,0.75,2026-09-17,1705,N,nominal,2.0NRT,281.99,7.81,N
-0.78908,122.83946,305.97,0.39,0.44,2026-09-17,1707,N,nominal,2.0NRT,292.78,1.39,N
-3.00681,114.03693,319.62,0.7,0.75,2026-09-17,1705,N,nominal,2.0NRT,282.55,7.81,N
-3.24159,115.38023,313.2,0.56,0.69,2026-09-17,1705,N,nominal,2.0NRT,286.47,5.64,N
-0.78761,122.80348,306.47,0.39,0.44,2026-09-17,1707,N,nominal,2.0NRT,293.2,2.13,N
-3.24245,115.38519,309.68,0.56,0.69,2026-09-17,1705,N,nominal,2.0NRT,283.46,2.84,N
-3.02296,114.04741,302.45,0.7,0.75,2026-09-17,1705,N,nominal,2.0NRT,275.57,2.6,N
-0.80016,122.80395,307.07,0.39,0.44,2026-09-17,1707,N,nominal,2.0NRT,291.26,1.02,N
-3.99856,119.72974,302.67,0.56,0.51,2026-09-17,1705,N,nominal,2.0NRT,289.63,0.72,N
-1.56277,127.42864,307.74,0.38,0.36,2026-09-17,1707,N,nominal,2.0NRT,293.53,1.31,N
-3.03363,113.98516,337.01,0.7,0.75,2026-09-17,1705,N,nominal,2.0NRT,280.23,29.31,N
-3.03476,113.99171,367,0.7,0.75,2026-09-17,1705,N,high,2.0NRT,282.1,8.24,N
-1.56609,127.42813,302.41,0.38,0.36,2026-09-17,1707,N,nominal,2.0NRT,291.7,1.3,N
-3.03589,113.99824,300.72,0.7,0.75,2026-09-17,1705,N,nominal,2.0NRT,279.74,8.24,N
-1.56996,127.43106,320.1,0.38,0.36,2026-09-17,1707,N,nominal,2.0NRT,295.03,1.3,N
-3.04172,113.99046,307.48,0.7,0.75,2026-09-17,1705,N,nominal,2.0NRT,279.89,8.24,N
-3.04285,113.99697,309.57,0.7,0.75,2026-09-17,1705,N,nominal,2.0NRT,278.56,8.24,N
-1.56941,127.42761,302.57,0.38,0.36,2026-09-17,1707,N,nominal,2.0NRT,291.65,1.3,N
-3.04397,114.00348,306.33,0.7,0.75,2026-09-17,1705,N,nominal,2.0NRT,277.93,3.19,N
-1.57328,127.43054,301,0.38,0.36,2026-09-17,1707,N,nominal,2.0NRT,289.76,0.56,N
-3.0451,114.01001,307.51,0.7,0.75,2026-09-17,1705,N,nominal,2.0NRT,279.95,3.19,N
-3.03626,113.9172,322.71,0.71,0.75,2026-09-17,1705,N,nominal,2.0NRT,278.91,6.8,N
-0.83382,122.67602,306.26,0.4,0.44,2026-09-17,1707,N,nominal,2.0NRT,292.23,1.45,N
-3.03512,113.91061,302.07,0.71,0.75,2026-09-17,1705,N,nominal,2.0NRT,278.64,6.8,N
-3.04326,113.91599,335.44,0.71,0.75,2026-09-17,1705,N,nominal,2.0NRT,281.08,6.8,N
-3.04439,113.92258,332.69,0.71,0.75,2026-09-17,1705,N,nominal,2.0NRT,281.15,11.11,N
-2.54068,133.23726,307.53,0.44,0.46,2026-09-17,1707,N,nominal,2.0NRT,291.81,0.92,N
-3.05025,113.91474,335.26,0.71,0.75,2026-09-17,1705,N,nominal,2.0NRT,280.89,10.63,N
-3.05138,113.92134,337.15,0.71,0.75,2026-09-17,1705,N,nominal,2.0NRT,281.93,6,N
-2.69288,133.33971,313.04,0.45,0.47,2026-09-17,1707,N,nominal,2.0NRT,289.43,1.66,N
-3.05251,113.9279,303.08,0.71,0.75,2026-09-17,1705,N,nominal,2.0NRT,279.43,6,N
-2.66969,133.04398,314.25,0.43,0.46,2026-09-17,1707,N,nominal,2.0NRT,291.32,1.73,N
-3.05836,113.92007,333.36,0.71,0.75,2026-09-17,1705,N,nominal,2.0NRT,280.77,6,N
-3.05724,113.91348,306.03,0.71,0.75,2026-09-17,1705,N,nominal,2.0NRT,279.65,10.63,N
-2.75058,133.31393,310.02,0.45,0.47,2026-09-17,1707,N,nominal,2.0NRT,291.28,0.98,N
-3.05948,113.92657,314.67,0.71,0.75,2026-09-17,1705,N,nominal,2.0NRT,279.98,6,N
-2.75739,133.32936,306.57,0.45,0.47,2026-09-17,1707,N,nominal,2.0NRT,291.55,1.36,N
-3.06059,113.93306,301.44,0.71,0.75,2026-09-17,1705,N,nominal,2.0NRT,278.64,2.4,N
-2.75918,133.31262,306.87,0.45,0.47,2026-09-17,1707,N,nominal,2.0NRT,291.2,1.29,N
-2.95962,113.30067,303.57,0.78,0.78,2026-09-17,1705,N,nominal,2.0NRT,280.63,4.23,N
-2.8593,133.95468,305.06,0.49,0.49,2026-09-17,1707,N,nominal,2.0NRT,291.2,2.71,N
-3.06645,113.92523,308.24,0.71,0.75,2026-09-17,1705,N,nominal,2.0NRT,279.76,5.73,N
-2.99912,134.79201,334.59,0.57,0.52,2026-09-17,1707,N,nominal,2.0NRT,290.99,6.39,N
-3.06756,113.93176,312.17,0.71,0.75,2026-09-17,1705,N,nominal,2.0NRT,279.06,4.64,N
-2.774,133.32288,308.58,0.45,0.47,2026-09-17,1707,N,nominal,2.0NRT,291.49,1.14,N
-3.08265,113.93588,322.23,0.71,0.75,2026-09-17,1705,N,nominal,2.0NRT,279.98,5.81,N
-2.8728,133.95264,306.66,0.49,0.49,2026-09-17,1707,N,nominal,2.0NRT,290.5,2.69,N
-3.08378,113.9425,300.02,0.71,0.75,2026-09-17,1705,N,nominal,2.0NRT,277,2.61,N
-3.00276,134.75266,345.41,0.56,0.52,2026-09-17,1707,N,nominal,2.0NRT,291.96,9.12,N
-3.10036,114.04012,298.04,0.69,0.75,2026-09-17,1705,N,nominal,2.0NRT,277.48,2.15,N
-3.00753,134.75192,334.35,0.56,0.52,2026-09-17,1707,N,nominal,2.0NRT,290.2,9.12,N
-3.08964,113.93471,304.78,0.71,0.75,2026-09-17,1705,N,nominal,2.0NRT,279.43,5.81,N
-2.77567,133.32326,308.05,0.45,0.47,2026-09-17,1707,N,nominal,2.0NRT,291.2,1.39,N
-3.09076,113.94129,311.88,0.71,0.75,2026-09-17,1705,N,nominal,2.0NRT,278.18,2.61,N
-2.9989,134.7948,331.49,0.57,0.52,2026-09-17,1707,N,nominal,2.0NRT,291.38,4.09,N
-2.77573,133.29424,305.82,0.45,0.47,2026-09-17,1707,N,nominal,2.0NRT,291.5,1.27,N
-3.10619,114.03237,303.12,0.7,0.75,2026-09-17,1705,N,nominal,2.0NRT,274.3,2.15,N
-2.99814,134.78972,314.22,0.57,0.52,2026-09-17,1707,N,nominal,2.0NRT,290.69,4.09,N
-3.10729,114.03886,311.4,0.69,0.75,2026-09-17,1705,N,nominal,2.0NRT,277.72,2.15,N
-3.00207,134.75034,321.79,0.56,0.52,2026-09-17,1707,N,nominal,2.0NRT,291.09,4.84,N
-3.09324,113.91346,309.35,0.71,0.75,2026-09-17,1705,N,nominal,2.0NRT,282.24,3.77,N
-3.0028,134.75528,323.63,0.56,0.52,2026-09-17,1707,N,nominal,2.0NRT,290.98,4.84,N
-3.09773,113.94001,306.99,0.71,0.75,2026-09-17,1705,N,nominal,2.0NRT,279.27,1.55,N
-3.00684,134.74963,324.27,0.56,0.52,2026-09-17,1707,N,nominal,2.0NRT,290.18,4.84,N
-3.10023,113.9122,311.68,0.71,0.75,2026-09-17,1705,N,nominal,2.0NRT,281.12,3.77,N
-3.00754,134.75432,329.95,0.56,0.52,2026-09-17,1707,N,nominal,2.0NRT,290.08,4.84,N
-2.88591,133.93964,303.11,0.49,0.49,2026-09-17,1707,N,nominal,2.0NRT,291.41,1.32,N
-3.10134,113.91881,314.46,0.71,0.75,2026-09-17,1705,N,nominal,2.0NRT,281.55,3.77,N
-2.88662,133.94434,303.4,0.49,0.49,2026-09-17,1707,N,nominal,2.0NRT,291.26,1.32,N
-3.04103,113.91778,338.97,0.71,0.75,2026-09-17,1705,N,nominal,2.0NRT,281.44,8.09,N
-2.88907,133.93001,323.87,0.49,0.49,2026-09-17,1707,N,nominal,2.0NRT,291.58,2.75,N
-2.88843,133.92575,311.47,0.49,0.49,2026-09-17,1707,N,nominal,2.0NRT,290.68,4.22,N
-3.04221,113.92436,325.04,0.71,0.75,2026-09-17,1705,N,nominal,2.0NRT,280.63,8.09,N
-2.88977,133.93468,307.42,0.49,0.49,2026-09-17,1707,N,nominal,2.0NRT,291.69,2.75,N
-3.03985,113.91119,303.12,0.71,0.75,2026-09-17,1705,N,nominal,2.0NRT,279.78,10.2,N
-2.89046,133.93927,312.36,0.49,0.49,2026-09-17,1707,N,nominal,2.0NRT,291.63,2.3,N
-3.04802,113.91658,334.03,0.71,0.75,2026-09-17,1705,N,nominal,2.0NRT,280.68,8.09,N
-2.78998,133.21423,312.77,0.44,0.46,2026-09-17,1707,N,nominal,2.0NRT,288.97,1.87,N
-3.0492,113.92315,327.16,0.71,0.75,2026-09-17,1705,N,nominal,2.0NRT,281.19,8.09,N
-2.89746,133.92468,313.84,0.49,0.49,2026-09-17,1707,N,nominal,2.0NRT,291.51,4.02,N
-3.05501,113.91535,327.01,0.71,0.75,2026-09-17,1705,N,nominal,2.0NRT,280.4,10.75,N
-1.00693,121.87243,315.36,0.45,0.47,2026-09-17,1707,N,nominal,2.0NRT,289.83,3.72,N
-2.90563,133.91786,310.32,0.49,0.49,2026-09-17,1707,N,nominal,2.0NRT,291.58,2.81,N
-3.05618,113.92192,343.74,0.71,0.75,2026-09-17,1705,N,nominal,2.0NRT,281.96,10.75,N
-2.90635,133.92262,304.33,0.49,0.49,2026-09-17,1707,N,nominal,2.0NRT,291.47,2.81,N
-3.05734,113.92843,308.17,0.71,0.75,2026-09-17,1705,N,nominal,2.0NRT,279.85,3.99,N
-2.90931,133.91177,324.61,0.49,0.49,2026-09-17,1707,N,nominal,2.0NRT,291.65,7.31,N
-3.06431,113.92712,317.95,0.71,0.75,2026-09-17,1705,N,nominal,2.0NRT,280.08,3.99,N
-2.91003,133.9165,339.2,0.49,0.49,2026-09-17,1707,N,nominal,2.0NRT,291.9,2.81,N
-3.06547,113.93362,311.52,0.71,0.75,2026-09-17,1705,N,nominal,2.0NRT,279.31,3.99,N
-2.80524,133.22824,309.23,0.44,0.46,2026-09-17,1707,N,nominal,2.0NRT,289.01,1.9,N
-2.96069,113.30299,303.31,0.78,0.78,2026-09-17,1705,N,nominal,2.0NRT,281.39,4.71,N
-3.08059,113.93775,317.66,0.71,0.75,2026-09-17,1705,N,nominal,2.0NRT,279.72,5.72,N
-2.9157,133.95389,306.38,0.5,0.49,2026-09-17,1707,N,nominal,2.0NRT,291.5,1.85,N
-3.0876,113.93666,314.38,0.71,0.75,2026-09-17,1705,N,nominal,2.0NRT,279.81,3.96,N
-2.91628,133.95775,313.64,0.5,0.49,2026-09-17,1707,N,nominal,2.0NRT,291.85,1.85,N
-3.08876,113.94324,306.79,0.7,0.75,2026-09-17,1705,N,nominal,2.0NRT,277.45,3.96,N
-2.91687,133.96155,308.55,0.5,0.49,2026-09-17,1707,N,nominal,2.0NRT,291.04,1.81,N
-3.10477,114.03405,307.01,0.69,0.75,2026-09-17,1705,N,nominal,2.0NRT,273.95,5.77,N
-2.8089,133.22351,306.42,0.44,0.46,2026-09-17,1707,N,nominal,2.0NRT,288.95,1.36,N
-3.10591,114.04051,311.28,0.69,0.75,2026-09-17,1705,N,nominal,2.0NRT,277.74,4.37,N
-2.80951,133.22752,304.25,0.44,0.46,2026-09-17,1707,N,nominal,2.0NRT,289.43,1.29,N
-3.09573,113.942,310,0.7,0.75,2026-09-17,1705,N,nominal,2.0NRT,279.7,3.96,N
-2.91443,133.91522,311.78,0.49,0.49,2026-09-17,1707,N,nominal,2.0NRT,291.02,3.8,N
-3.09805,113.91422,316.03,0.71,0.75,2026-09-17,1705,N,nominal,2.0NRT,281.65,10.35,N
-2.92566,133.98904,304.44,0.5,0.49,2026-09-17,1707,N,nominal,2.0NRT,291.44,2,N
-2.91886,133.91414,331.61,0.49,0.49,2026-09-17,1707,N,nominal,2.0NRT,291.59,3.8,N
-3.09921,113.92087,311.38,0.71,0.75,2026-09-17,1705,N,nominal,2.0NRT,281.69,9.24,N
-1.02393,121.86832,315.12,0.45,0.47,2026-09-17,1707,N,nominal,2.0NRT,290.46,3.85,N
-2.92403,133.91785,304.5,0.49,0.49,2026-09-17,1707,N,nominal,2.0NRT,291.4,2.42,N
-4.1167,119.82187,311.05,0.55,0.51,2026-09-17,1705,N,nominal,2.0NRT,289.51,2.2,N
-2.92843,133.91656,322.81,0.49,0.49,2026-09-17,1707,N,nominal,2.0NRT,291.17,2.42,N
-4.41572,121.60227,303.86,0.41,0.45,2026-09-17,1705,N,nominal,2.0NRT,290.4,1.62,N
-2.81499,133.17775,314.83,0.44,0.46,2026-09-17,1707,N,nominal,2.0NRT,288.47,2.52,N
-3.10504,113.91299,332.77,0.71,0.75,2026-09-17,1705,N,nominal,2.0NRT,281.92,10.35,N
-2.82417,133.23738,304.52,0.44,0.46,2026-09-17,1707,N,nominal,2.0NRT,291.17,1.43,N
-2.92922,133.92171,304.56,0.49,0.49,2026-09-17,1707,N,nominal,2.0NRT,291.02,2.18,N
-3.10619,113.91959,329.07,0.71,0.75,2026-09-17,1705,N,nominal,2.0NRT,282.72,9.24,N
-2.82597,133.22067,304.32,0.44,0.46,2026-09-17,1707,N,nominal,2.0NRT,289.83,0.75,N
-3.11317,113.91833,336.38,0.71,0.75,2026-09-17,1705,N,nominal,2.0NRT,281.55,8.93,N
-2.93294,133.916,300.82,0.49,0.49,2026-09-17,1707,N,nominal,2.0NRT,290.04,1.8,N
-3.1051,113.87212,302.31,0.71,0.75,2026-09-17,1705,N,nominal,2.0NRT,278.85,5.44,N
-2.93546,133.93239,304.04,0.49,0.49,2026-09-17,1707,N,nominal,2.0NRT,291.58,1.56,N
-3.10625,113.87871,304.48,0.71,0.75,2026-09-17,1705,N,nominal,2.0NRT,280.24,6.77,N
-2.93619,133.93716,314.21,0.49,0.49,2026-09-17,1707,N,nominal,2.0NRT,291.85,1.56,N
-2.94063,133.9361,303.67,0.49,0.49,2026-09-17,1707,N,nominal,2.0NRT,291.33,1.56,N
-3.11202,113.91174,316.32,0.71,0.75,2026-09-17,1705,N,nominal,2.0NRT,279.87,12.82,N
-2.94346,133.92458,321.43,0.49,0.49,2026-09-17,1707,N,nominal,2.0NRT,291.86,2.45,N
-3.11432,113.92491,303.23,0.71,0.75,2026-09-17,1705,N,nominal,2.0NRT,280.28,8.93,N
-1.04659,121.89997,304.98,0.44,0.46,2026-09-17,1707,N,nominal,2.0NRT,287.52,1.93,N
-3.11793,113.86293,310.37,0.71,0.75,2026-09-17,1705,N,nominal,2.0NRT,275.81,2.51,N
-2.94274,133.91986,302.4,0.49,0.49,2026-09-17,1707,N,nominal,2.0NRT,290.35,2.45,N
-3.11909,113.86955,305.03,0.71,0.75,2026-09-17,1705,N,nominal,2.0NRT,270.66,2.51,N
-1.08407,122.10878,299.34,0.43,0.46,2026-09-17,1707,N,nominal,2.0NRT,285.51,1.14,N
-3.1542,114.07166,310.95,0.69,0.74,2026-09-17,1705,N,nominal,2.0NRT,280.83,3.21,N
-1.08483,122.1136,318.61,0.43,0.46,2026-09-17,1707,N,nominal,2.0NRT,286.29,2.07,N
-2.84429,133.22585,325.56,0.44,0.46,2026-09-17,1707,N,nominal,2.0NRT,291.66,2.69,N
-1.08903,122.11275,305.92,0.43,0.46,2026-09-17,1707,N,nominal,2.0NRT,285.96,0.97,N
-3.16112,114.0704,314.21,0.69,0.74,2026-09-17,1705,N,nominal,2.0NRT,280.28,3.21,N
-2.84121,133.20601,311.78,0.44,0.46,2026-09-17,1707,N,nominal,2.0NRT,290.18,1.76,N
-3.1807,113.89243,329.57,0.71,0.75,2026-09-17,1705,N,nominal,2.0NRT,276.19,6.8,N
-2.84795,133.22116,326.51,0.44,0.46,2026-09-17,1707,N,nominal,2.0NRT,291.93,2.69,N
-2.84733,133.21721,307.2,0.44,0.46,2026-09-17,1707,N,nominal,2.0NRT,290.93,2.36,N
-3.18182,113.89903,302.83,0.71,0.75,2026-09-17,1705,N,nominal,2.0NRT,274.53,6.8,N
-2.84856,133.22511,315.05,0.44,0.46,2026-09-17,1707,N,nominal,2.0NRT,290.36,2.69,N
-3.18768,113.89116,329.92,0.71,0.75,2026-09-17,1705,N,nominal,2.0NRT,275.35,6.8,N
-2.85096,133.10521,302.41,0.43,0.46,2026-09-17,1707,N,nominal,2.0NRT,287.25,0.4,N
-3.1888,113.89775,342.41,0.71,0.75,2026-09-17,1705,N,nominal,2.0NRT,276.05,6.8,N
-2.7847,132.63516,307.54,0.4,0.45,2026-09-17,1707,N,nominal,2.0NRT,293.22,2.48,N
-2.78713,132.62343,306.27,0.4,0.45,2026-09-17,1707,N,nominal,2.0NRT,293.64,1.27,N
-3.19578,113.89645,303.89,0.71,0.75,2026-09-17,1705,N,nominal,2.0NRT,275.69,4.14,N
-2.7877,132.62718,315.72,0.4,0.45,2026-09-17,1707,N,nominal,2.0NRT,293.84,1.27,N
-4.51788,121.69305,303.79,0.41,0.45,2026-09-17,1705,N,nominal,2.0NRT,290.24,0.98,N
-2.79121,132.62254,327.74,0.4,0.45,2026-09-17,1707,N,nominal,2.0NRT,295.11,5.42,N
-4.53203,121.77716,302.2,0.4,0.44,2026-09-17,1705,N,nominal,2.0NRT,289.77,0.39,N
-2.79178,132.62633,326.39,0.4,0.45,2026-09-17,1707,N,nominal,2.0NRT,295.27,5.42,N
-4.53612,121.77644,305.43,0.4,0.44,2026-09-17,1705,N,nominal,2.0NRT,290.2,1.1,N
-2.79065,132.61887,318.39,0.4,0.44,2026-09-17,1707,N,nominal,2.0NRT,293.22,2.85,N
-3.17879,113.89272,328.69,0.71,0.75,2026-09-17,1705,N,nominal,2.0NRT,275.1,8.5,N
-2.79234,132.63007,308.87,0.4,0.45,2026-09-17,1707,N,nominal,2.0NRT,293.59,1.56,N
-3.18577,113.89147,334.44,0.71,0.75,2026-09-17,1705,N,nominal,2.0NRT,275.43,17.96,N
-2.79529,132.62173,346.79,0.4,0.45,2026-09-17,1707,N,nominal,2.0NRT,296.24,5.42,N
-3.18694,113.89806,334.97,0.71,0.75,2026-09-17,1705,N,nominal,2.0NRT,276.04,5.79,N
-2.79585,132.62546,345.22,0.4,0.45,2026-09-17,1707,N,nominal,2.0NRT,296.14,5.42,N
-3.19391,113.89678,326.9,0.71,0.75,2026-09-17,1705,N,nominal,2.0NRT,275.65,5.79,N
-2.79642,132.62923,311.51,0.4,0.45,2026-09-17,1707,N,nominal,2.0NRT,293.53,1.56,N
-3.19507,113.90337,298.52,0.71,0.75,2026-09-17,1705,N,nominal,2.0NRT,275.6,5.79,N
-2.79939,132.62105,330.06,0.4,0.45,2026-09-17,1707,N,nominal,2.0NRT,293.68,3.11,N
-3.20208,113.8613,312.2,0.71,0.75,2026-09-17,1705,N,nominal,2.0NRT,278.4,6.76,N
-2.79995,132.62474,323.25,0.4,0.45,2026-09-17,1707,N,nominal,2.0NRT,294.19,3.11,N
-3.20324,113.8679,317.83,0.71,0.75,2026-09-17,1705,N,nominal,2.0NRT,279.07,5.78,N
-2.94149,133.56149,324.53,0.47,0.47,2026-09-17,1707,N,nominal,2.0NRT,292.26,3.11,N
-3.20907,113.86002,303.19,0.71,0.75,2026-09-17,1705,N,nominal,2.0NRT,278.56,5.56,N
-2.80051,132.62843,306.09,0.4,0.45,2026-09-17,1707,N,nominal,2.0NRT,293.21,1.35,N
-3.21023,113.86662,315.15,0.71,0.75,2026-09-17,1705,N,nominal,2.0NRT,279.35,3.03,N
-2.80164,132.63588,307.66,0.4,0.45,2026-09-17,1707,N,nominal,2.0NRT,293.26,2.88,N
-3.21139,113.87323,314.28,0.71,0.75,2026-09-17,1705,N,nominal,2.0NRT,279.28,3.03,N
-2.80572,132.63509,339.81,0.4,0.45,2026-09-17,1707,N,nominal,2.0NRT,294.93,2.88,N
-3.21254,113.87983,299.67,0.71,0.75,2026-09-17,1705,N,nominal,2.0NRT,277.9,1.79,N
-2.80461,132.62775,311.87,0.4,0.45,2026-09-17,1707,N,nominal,2.0NRT,293.04,1.35,N
-3.21722,113.86536,301.62,0.71,0.75,2026-09-17,1705,N,nominal,2.0NRT,279.45,3.03,N
-2.80517,132.63141,313.12,0.4,0.45,2026-09-17,1707,N,nominal,2.0NRT,293.34,1.35,N
-3.21838,113.87196,307.29,0.71,0.75,2026-09-17,1705,N,nominal,2.0NRT,279.9,3.03,N
-2.80984,132.63451,319.91,0.4,0.45,2026-09-17,1707,N,nominal,2.0NRT,293.37,2.9,N
-2.81507,132.6412,307.66,0.41,0.45,2026-09-17,1707,N,nominal,2.0NRT,293.42,1.15,N
-3.21953,113.87857,308.97,0.71,0.75,2026-09-17,1705,N,nominal,2.0NRT,279.62,1.79,N
-3.10524,134.55823,302.41,0.55,0.51,2026-09-17,1707,N,nominal,2.0NRT,290,0.78,N
-3.22068,113.88514,301.06,0.71,0.75,2026-09-17,1705,N,nominal,2.0NRT,278.24,1.79,N
-2.81917,132.64043,306.66,0.41,0.45,2026-09-17,1707,N,nominal,2.0NRT,292.87,0.75,N
-3.22651,113.87729,303.54,0.71,0.75,2026-09-17,1705,N,nominal,2.0NRT,280.22,2.63,N
-1.04477,121.40911,307.68,0.48,0.48,2026-09-17,1707,N,nominal,2.0NRT,288.98,1.75,N
-3.22766,113.88388,309.29,0.71,0.75,2026-09-17,1705,N,nominal,2.0NRT,279.59,2.63,N
-2.8792,133.00546,301.07,0.43,0.46,2026-09-17,1707,N,nominal,2.0NRT,288.02,0.71,N
-3.22881,113.89046,299.62,0.71,0.75,2026-09-17,1705,N,nominal,2.0NRT,277.49,2.02,N
-2.90861,133.11259,315.67,0.44,0.46,2026-09-17,1707,N,nominal,2.0NRT,289.39,1.57,N
-2.90921,133.11652,315.31,0.44,0.46,2026-09-17,1707,N,nominal,2.0NRT,289.61,1.32,N
-3.23464,113.88262,301.65,0.71,0.75,2026-09-17,1705,N,nominal,2.0NRT,279.03,2.63,N
-2.91227,133.10806,301.65,0.44,0.46,2026-09-17,1707,N,nominal,2.0NRT,288.09,1.57,N
-3.23578,113.88921,309.74,0.71,0.75,2026-09-17,1705,N,nominal,2.0NRT,279.16,2.02,N
-2.91286,133.11195,307.44,0.44,0.46,2026-09-17,1707,N,nominal,2.0NRT,287.99,1.57,N
-3.24603,113.94816,304.72,0.7,0.75,2026-09-17,1705,N,nominal,2.0NRT,277.98,1.34,N
-2.91347,133.11586,311.78,0.44,0.46,2026-09-17,1707,N,nominal,2.0NRT,288.82,1.32,N
-3.24162,113.88135,305.4,0.71,0.75,2026-09-17,1705,N,nominal,2.0NRT,280.44,3.13,N
-2.93171,133.14937,304.64,0.44,0.46,2026-09-17,1707,N,nominal,2.0NRT,291.06,3.3,N
-3.24276,113.88794,306.39,0.71,0.75,2026-09-17,1705,N,nominal,2.0NRT,279.04,4.27,N
-2.93597,133.14871,338.56,0.44,0.46,2026-09-17,1707,N,nominal,2.0NRT,291.77,3.3,N
-3.24391,113.89452,301.24,0.71,0.75,2026-09-17,1705,N,nominal,2.0NRT,278.69,4.27,N
-2.93659,133.15266,330.55,0.44,0.46,2026-09-17,1707,N,nominal,2.0NRT,292.73,4.11,N
-3.24974,113.88667,321.56,0.71,0.75,2026-09-17,1705,N,nominal,2.0NRT,280.37,4.27,N
-2.93536,133.14474,319.32,0.44,0.46,2026-09-17,1707,N,nominal,2.0NRT,291.15,3.3,N
-3.25088,113.89326,334.14,0.71,0.75,2026-09-17,1705,N,nominal,2.0NRT,280.44,4.27,N
-3.06659,133.9937,306.44,0.5,0.49,2026-09-17,1707,N,nominal,2.0NRT,291.72,1.2,N
-3.24746,113.87347,301.73,0.71,0.75,2026-09-17,1705,N,nominal,2.0NRT,281.03,3.13,N
-2.93962,133.14406,324.64,0.44,0.46,2026-09-17,1707,N,nominal,2.0NRT,291.55,3.04,N
-3.2486,113.88009,309.31,0.71,0.75,2026-09-17,1705,N,nominal,2.0NRT,280.49,3.13,N
-2.94023,133.14801,328.98,0.44,0.46,2026-09-17,1707,N,nominal,2.0NRT,291.9,3.04,N
-3.25202,113.89983,302.98,0.71,0.75,2026-09-17,1705,N,nominal,2.0NRT,277.98,4.13,N
-2.94085,133.15196,317.99,0.44,0.46,2026-09-17,1707,N,nominal,2.0NRT,291.7,3.18,N
-3.25444,113.8722,300.98,0.71,0.75,2026-09-17,1705,N,nominal,2.0NRT,279.7,2.13,N
-2.89465,132.8273,318.99,0.42,0.45,2026-09-17,1707,N,nominal,2.0NRT,294.07,1.68,N
-3.25558,113.87881,308.14,0.71,0.75,2026-09-17,1705,N,nominal,2.0NRT,280.25,2.13,N
-2.89524,132.83105,307.75,0.42,0.45,2026-09-17,1707,N,nominal,2.0NRT,292.61,1.68,N
-3.25672,113.88541,308.01,0.71,0.75,2026-09-17,1705,N,nominal,2.0NRT,279.28,3.65,N
-2.94449,133.14732,307.25,0.44,0.46,2026-09-17,1707,N,nominal,2.0NRT,291.47,3.04,N
-3.25786,113.89198,317.78,0.71,0.75,2026-09-17,1705,N,nominal,2.0NRT,279.37,3.65,N
-3.24531,113.87559,300.26,0.71,0.75,2026-09-17,1705,N,nominal,2.0NRT,280.81,3.45,N
-2.90948,132.86751,303.95,0.42,0.45,2026-09-17,1707,N,nominal,2.0NRT,291.6,0.62,N
-3.24649,113.88217,308.66,0.71,0.75,2026-09-17,1705,N,nominal,2.0NRT,280.42,5.33,N
-2.94439,133.09077,301.92,0.43,0.46,2026-09-17,1707,N,nominal,2.0NRT,289.03,0.89,N
-3.24767,113.88873,315.29,0.71,0.75,2026-09-17,1705,N,nominal,2.0NRT,280.08,5.33,N
-2.945,133.0947,305.82,0.43,0.46,2026-09-17,1707,N,nominal,2.0NRT,289.26,1.88,N
-3.24885,113.89529,319.26,0.71,0.75,2026-09-17,1705,N,nominal,2.0NRT,279.25,6.76,N
-3.25465,113.88749,324.08,0.71,0.75,2026-09-17,1705,N,nominal,2.0NRT,279.77,5.33,N
-2.94561,133.0986,316.23,0.43,0.46,2026-09-17,1707,N,nominal,2.0NRT,290.34,1.88,N
-3.25582,113.89404,334.42,0.71,0.75,2026-09-17,1705,N,nominal,2.0NRT,279.82,6.76,N
-2.95362,133.14989,304.9,0.44,0.46,2026-09-17,1707,N,nominal,2.0NRT,290.81,1.26,N
-3.25229,113.87434,306.52,0.71,0.75,2026-09-17,1705,N,nominal,2.0NRT,279.83,3.45,N
-2.91366,132.86685,314.37,0.42,0.45,2026-09-17,1707,N,nominal,2.0NRT,292.27,1.81,N
-3.25347,113.88093,316.26,0.71,0.75,2026-09-17,1705,N,nominal,2.0NRT,280.16,5.33,N
-2.94986,133.09796,303.07,0.43,0.46,2026-09-17,1707,N,nominal,2.0NRT,288.9,0.97,N
-2.95411,133.09731,301.57,0.43,0.46,2026-09-17,1707,N,nominal,2.0NRT,287.62,0.97,N
-4.66641,121.86049,301.57,0.4,0.44,2026-09-17,1705,N,nominal,2.0NRT,290.48,0.59,N
-1.14929,121.64134,313.14,0.46,0.47,2026-09-17,1707,N,nominal,2.0NRT,288.14,2.29,N
-3.38646,113.77485,306.02,0.72,0.75,2026-09-17,1705,N,nominal,2.0NRT,284.78,1.64,N
-2.95658,133.09422,303.29,0.44,0.46,2026-09-17,1707,N,nominal,2.0NRT,288.11,1.26,N
-3.37745,113.67937,305.25,0.73,0.76,2026-09-17,1705,N,nominal,2.0NRT,285.09,2.2,N
-1.14983,121.64311,312.16,0.46,0.47,2026-09-17,1707,N,nominal,2.0NRT,287.89,1.42,N
-3.38353,113.77164,308.34,0.71,0.75,2026-09-17,1705,N,nominal,2.0NRT,284.86,2.25,N
-2.97873,133.18393,304.76,0.44,0.46,2026-09-17,1707,N,nominal,2.0NRT,292.2,1.28,N
-3.38215,113.68181,308.7,0.72,0.76,2026-09-17,1705,N,nominal,2.0NRT,285.4,2.11,N
-3.00233,133.34163,304.45,0.45,0.47,2026-09-17,1707,N,nominal,2.0NRT,289.83,0.81,N
-4.84581,121.86197,310,0.39,0.44,2026-09-17,1705,N,nominal,2.0NRT,292.26,1.39,N
-1.16353,121.64491,324.66,0.46,0.47,2026-09-17,1707,N,nominal,2.0NRT,289.37,3.01,N
-3.83957,115.26055,303.31,0.56,0.69,2026-09-17,1705,N,nominal,2.0NRT,285.11,1.9,N
-1.16267,121.63959,319.84,0.46,0.47,2026-09-17,1707,N,nominal,2.0NRT,288.63,3.01,N
-5.11289,122.61469,305.04,0.53,0.42,2026-09-17,1705,N,nominal,2.0NRT,293.4,2.14,N
-1.16432,121.6497,303.61,0.46,0.47,2026-09-17,1707,N,nominal,2.0NRT,288,1.59,N
-4.73027,120.06788,299.09,0.52,0.5,2026-09-17,1705,N,nominal,2.0NRT,288.09,0.64,N
-1.1678,121.64366,301.3,0.46,0.47,2026-09-17,1707,N,nominal,2.0NRT,287.81,0.91,N
-7.81865,138.72633,324.93,0.61,0.71,2026-09-17,1705,N,nominal,2.0NRT,277.86,13.87,N
-1.16862,121.64866,303.23,0.46,0.47,2026-09-17,1707,N,nominal,2.0NRT,287.81,1.6,N
-7.81941,138.73204,355.14,0.61,0.71,2026-09-17,1705,N,nominal,2.0NRT,279.33,6.29,N
-7.82018,138.73776,313.98,0.61,0.71,2026-09-17,1705,N,nominal,2.0NRT,278.36,6.29,N
-1.16939,121.65339,312.42,0.46,0.47,2026-09-17,1707,N,nominal,2.0NRT,288.36,1.6,N
-7.82682,138.73685,299.48,0.61,0.71,2026-09-17,1705,N,nominal,2.0NRT,275.18,6.29,N
-1.17011,121.65784,319.36,0.46,0.47,2026-09-17,1707,N,nominal,2.0NRT,288.36,3.19,N
-7.81575,138.72968,338.09,0.61,0.71,2026-09-17,1705,N,nominal,2.0NRT,278.5,9.94,N
-3.30448,134.39252,305.71,0.54,0.51,2026-09-17,1707,N,nominal,2.0NRT,289.89,3.73,N
-7.81648,138.7354,296.93,0.61,0.71,2026-09-17,1705,N,nominal,2.0NRT,278.46,4.7,N
-7.82239,138.72879,333.57,0.61,0.71,2026-09-17,1705,N,nominal,2.0NRT,277.14,9.94,N
-3.3715,134.83862,301.59,0.58,0.52,2026-09-17,1707,N,nominal,2.0NRT,289.17,1.55,N
-7.82312,138.73451,339.7,0.61,0.71,2026-09-17,1705,N,nominal,2.0NRT,277.24,4.7,N
-3.30913,134.39165,338.53,0.54,0.51,2026-09-17,1707,N,nominal,2.0NRT,290.54,9.16,N
-7.82385,138.74022,295.96,0.61,0.71,2026-09-17,1705,N,nominal,2.0NRT,275.63,4.7,N
-3.28971,133.89679,300.16,0.5,0.49,2026-09-17,1707,N,nominal,2.0NRT,289.95,2.1,N
-5.56276,122.59924,302.38,0.52,0.42,2026-09-17,1705,N,nominal,2.0NRT,291.52,0.99,N
-7.12012,131.78337,310,0.41,0.45,2026-09-17,1705,N,nominal,2.0NRT,289.68,1.2,N
-3.29365,133.89243,306.76,0.5,0.49,2026-09-17,1707,N,nominal,2.0NRT,290.91,2.1,N
-7.53647,131.23323,303.15,0.38,0.43,2026-09-17,1707,N,nominal,2.0NRT,288.72,0.55,N
-3.29422,133.89606,319.59,0.5,0.49,2026-09-17,1707,N,nominal,2.0NRT,291.8,2.1,N
-7.58706,126.54359,312.46,0.38,0.36,2026-09-17,1707,N,nominal,2.0NRT,291.47,0.9,N
-3.29476,133.89958,315.97,0.5,0.49,2026-09-17,1707,N,nominal,2.0NRT,290.11,4.51,N
-7.58983,126.53955,316.99,0.38,0.36,2026-09-17,1707,N,nominal,2.0NRT,292.35,1.16,N
-3.29589,133.90688,299.54,0.5,0.49,2026-09-17,1707,N,nominal,2.0NRT,286.86,0.98,N
-7.59038,126.54304,310.97,0.38,0.36,2026-09-17,1707,N,nominal,2.0NRT,291.61,1.16,N
-8.13792,127.8611,307.95,0.41,0.37,2026-09-17,1707,N,nominal,2.0NRT,291.36,0.8,N
-8.1385,127.86483,303.01,0.41,0.37,2026-09-17,1707,N,nominal,2.0NRT,291.41,0.8,N
-3.29874,133.89545,348.96,0.5,0.49,2026-09-17,1707,N,nominal,2.0NRT,293.99,5.5,N
-8.21535,127.9371,302.51,0.41,0.37,2026-09-17,1707,N,nominal,2.0NRT,291.03,0.63,N
-8.21592,127.94082,303.92,0.41,0.37,2026-09-17,1707,N,nominal,2.0NRT,291.05,0.55,N
-3.29928,133.89896,333.24,0.5,0.49,2026-09-17,1707,N,nominal,2.0NRT,290.36,3.47,N
-8.18402,124.96886,303.64,0.4,0.37,2026-09-17,1707,N,nominal,2.0NRT,290.62,0.56,N
-8.23207,124.79543,311.77,0.4,0.37,2026-09-17,1707,N,nominal,2.0NRT,288.83,1.51,N
-3.29816,133.89171,317.43,0.5,0.49,2026-09-17,1707,N,nominal,2.0NRT,290.06,5.5,N
-8.26254,124.94166,352.45,0.4,0.37,2026-09-17,1707,N,nominal,2.0NRT,295.31,6.2,N
-8.26312,124.94522,333.81,0.4,0.37,2026-09-17,1707,N,nominal,2.0NRT,290.58,6.2,N
-3.29981,133.90236,301.34,0.5,0.49,2026-09-17,1707,N,nominal,2.0NRT,287.64,3.47,N
-8.26649,124.9447,335.54,0.4,0.37,2026-09-17,1707,N,nominal,2.0NRT,289.31,6.2,N
-8.26591,124.94114,314.4,0.4,0.37,2026-09-17,1707,N,nominal,2.0NRT,288.2,6.2,N
-3.30037,133.90598,304.91,0.5,0.49,2026-09-17,1707,N,nominal,2.0NRT,288.25,3.13,N
-8.28227,124.957,303.7,0.4,0.37,2026-09-17,1707,N,nominal,2.0NRT,287.64,0.69,N
-3.30327,133.89488,302.54,0.5,0.49,2026-09-17,1707,N,nominal,2.0NRT,288.47,5.5,N
-8.28371,124.95705,329.52,0.39,0.37,2026-09-17,1707,N,nominal,2.0NRT,289.07,3.41,N
-8.3076,125.04053,320.69,0.39,0.36,2026-09-17,1707,N,nominal,2.0NRT,291.45,1.63,N
-3.29076,133.89775,304.96,0.5,0.49,2026-09-17,1707,N,nominal,2.0NRT,290.57,3.56,N
-8.31155,125.04358,322.69,0.39,0.36,2026-09-17,1707,N,nominal,2.0NRT,290.86,1.14,N
-3.29527,133.89705,322.65,0.5,0.49,2026-09-17,1707,N,nominal,2.0NRT,292.22,5.77,N
-8.31491,125.04302,320.64,0.39,0.36,2026-09-17,1707,N,nominal,2.0NRT,291.54,1.14,N
-8.31356,124.77865,313.36,0.4,0.37,2026-09-17,1707,N,nominal,2.0NRT,289.01,1.4,N
-3.29473,133.89343,311.91,0.5,0.49,2026-09-17,1707,N,nominal,2.0NRT,291.32,5.77,N
-8.54438,125.81916,301.95,0.38,0.36,2026-09-17,1707,N,nominal,2.0NRT,291.18,0.46,N
-3.29579,133.90053,316.22,0.5,0.49,2026-09-17,1707,N,nominal,2.0NRT,289.49,1.8,N
-8.65352,125.88757,313.8,0.38,0.36,2026-09-17,1707,N,nominal,2.0NRT,290.55,0.83,N
-3.29632,133.9041,303.27,0.5,0.49,2026-09-17,1707,N,nominal,2.0NRT,287.8,1.8,N
-8.27136,123.50584,330.78,0.44,0.38,2026-09-17,1707,N,nominal,2.0NRT,308.91,38.91,N
-8.27197,123.50949,313.31,0.44,0.38,2026-09-17,1707,N,nominal,2.0NRT,289.4,4.15,N
-3.2969,133.90797,300.44,0.5,0.49,2026-09-17,1707,N,nominal,2.0NRT,286.53,0.81,N
-8.30508,123.70798,299.91,0.43,0.38,2026-09-17,1707,N,nominal,2.0NRT,288.62,0.94,N
-3.29924,133.89276,342.69,0.5,0.49,2026-09-17,1707,N,nominal,2.0NRT,291.49,5.77,N
-8.27485,123.50498,343.61,0.44,0.38,2026-09-17,1707,N,nominal,2.0NRT,293.17,9.92,N
-3.2998,133.8965,343.2,0.5,0.49,2026-09-17,1707,N,nominal,2.0NRT,292.29,5.77,N
-8.6607,125.8685,327.07,0.38,0.36,2026-09-17,1707,N,nominal,2.0NRT,292.59,1.55,N
-8.27546,123.50871,302.71,0.44,0.38,2026-09-17,1707,N,nominal,2.0NRT,288.37,1.2,N
-3.30031,133.89992,300.64,0.5,0.49,2026-09-17,1707,N,nominal,2.0NRT,287.44,1.8,N
-8.64513,125.74938,299.3,0.38,0.36,2026-09-17,1707,N,nominal,2.0NRT,287.96,0.51,N
-3.30083,133.90334,301.61,0.5,0.49,2026-09-17,1707,N,nominal,2.0NRT,287.75,1.8,N
-8.70116,125.88709,306.06,0.38,0.36,2026-09-17,1707,N,nominal,2.0NRT,290.57,0.8,N
-3.30139,133.90707,301.13,0.5,0.49,2026-09-17,1707,N,nominal,2.0NRT,287.28,0.81,N
-8.70338,125.87964,300.37,0.38,0.36,2026-09-17,1707,N,nominal,2.0NRT,288.98,0.49,N
-8.70393,125.88309,310.79,0.38,0.36,2026-09-17,1707,N,nominal,2.0NRT,289.97,1.4,N
-3.35548,134.08282,301.22,0.51,0.5,2026-09-17,1707,N,nominal,2.0NRT,289.38,2.17,N
-8.68111,125.71841,320.98,0.38,0.36,2026-09-17,1707,N,nominal,2.0NRT,290.16,1.44,N
-8.68056,125.71494,312.18,0.38,0.36,2026-09-17,1707,N,nominal,2.0NRT,289.14,1.44,N
-3.35626,134.08804,304.45,0.51,0.5,2026-09-17,1707,N,nominal,2.0NRT,288.77,1.23,N
-8.7067,125.8791,310.07,0.38,0.36,2026-09-17,1707,N,nominal,2.0NRT,288.35,0.49,N
-8.70386,125.75411,308.66,0.38,0.36,2026-09-17,1707,N,nominal,2.0NRT,290.62,0.75,N
-3.36017,134.08293,323.23,0.51,0.5,2026-09-17,1707,N,nominal,2.0NRT,290.03,5.09,N
-8.70663,125.75011,313.67,0.38,0.36,2026-09-17,1707,N,nominal,2.0NRT,290.76,1.62,N
-8.70719,125.75359,311.17,0.38,0.36,2026-09-17,1707,N,nominal,2.0NRT,290.65,0.75,N
-3.36112,134.08925,321.67,0.51,0.5,2026-09-17,1707,N,nominal,2.0NRT,288.24,3.93,N
-8.70106,125.69377,299.73,0.39,0.36,2026-09-17,1707,N,nominal,2.0NRT,288.09,0.38,N
-8.31678,123.29557,304.9,0.45,0.39,2026-09-17,1707,N,nominal,2.0NRT,291.22,0.64,N
-8.68542,125.26329,305.81,0.39,0.36,2026-09-17,1707,N,nominal,2.0NRT,291.37,0.71,N
-3.35934,134.07738,312.62,0.51,0.5,2026-09-17,1707,N,nominal,2.0NRT,288.9,5.09,N
-8.69758,125.23222,304.53,0.39,0.36,2026-09-17,1707,N,nominal,2.0NRT,291.53,0.64,N
-8.72035,125.203,303.05,0.39,0.36,2026-09-17,1707,N,nominal,2.0NRT,290.52,0.6,N
-3.36195,134.09477,308.21,0.51,0.5,2026-09-17,1707,N,nominal,2.0NRT,288.46,3.93,N
-8.81444,125.19878,308.18,0.39,0.36,2026-09-17,1707,N,nominal,2.0NRT,291.75,0.97,N
-8.88352,125.16965,304.39,0.39,0.36,2026-09-17,1707,N,nominal,2.0NRT,291.53,0.53,N
-3.36387,134.07637,324.45,0.51,0.5,2026-09-17,1707,N,nominal,2.0NRT,287.89,5.09,N
-9.82053,130.27023,332.98,0.54,0.42,2026-09-17,1707,N,nominal,2.0NRT,295.68,9.89,N
-8.6396,121.97725,312.31,0.51,0.41,2026-09-17,1707,N,nominal,2.0NRT,287.94,1.71,N
-3.36474,134.08215,331.2,0.51,0.5,2026-09-17,1707,N,nominal,2.0NRT,290.56,5.09,N
-8.64345,121.97689,307.87,0.51,0.41,2026-09-17,1707,N,nominal,2.0NRT,287.78,1.2,N
-9.16245,124.98988,309.49,0.39,0.36,2026-09-17,1707,N,nominal,2.0NRT,293.08,0.91,N
-3.36569,134.0885,350.64,0.51,0.5,2026-09-17,1707,N,nominal,2.0NRT,293.86,3.93,N
-7.75301,114.20981,314.73,0.56,0.69,2026-09-17,1707,N,nominal,2.0NRT,288.88,1.77,N
-0.69283,117.25361,302.31,0.46,0.64,2026-09-17,1707,N,nominal,2.0NRT,282.17,1.99,N
-9.61564,124.12884,300.47,0.41,0.37,2026-09-17,1707,N,nominal,2.0NRT,289.43,0.48,N
-7.81119,113.2854,310.78,0.65,0.73,2026-09-17,1707,N,nominal,2.0NRT,288.05,1.94,N
-3.36648,134.09377,314.22,0.51,0.5,2026-09-17,1707,N,nominal,2.0NRT,290.5,3.93,N
-7.81256,113.2856,304.76,0.65,0.73,2026-09-17,1707,N,nominal,2.0NRT,287.89,1.02,N
-3.37014,134.08696,345.79,0.51,0.5,2026-09-17,1707,N,nominal,2.0NRT,292.51,5.42,N
-11.21917,132.435,306.23,0.51,0.5,2026-09-17,1707,N,nominal,2.0NRT,293.8,2.51,N
-11.2264,132.4534,317.72,0.51,0.5,2026-09-17,1707,N,nominal,2.0NRT,294.15,2.57,N
-3.36922,134.08083,319.08,0.51,0.5,2026-09-17,1707,N,nominal,2.0NRT,290.57,5.97,N
-11.231,132.4527,306.24,0.51,0.5,2026-09-17,1707,N,nominal,2.0NRT,293.62,1.79,N
-3.37097,134.09245,312.75,0.51,0.5,2026-09-17,1707,N,nominal,2.0NRT,291.42,5.42,N
-11.23166,132.45752,315.82,0.52,0.5,2026-09-17,1707,N,nominal,2.0NRT,294.19,1.79,N
-11.22343,132.44121,305.23,0.51,0.5,2026-09-17,1707,N,nominal,2.0NRT,293.42,1.78,N
-3.37479,134.11775,303.63,0.52,0.5,2026-09-17,1707,N,nominal,2.0NRT,290.94,1.27,N
-11.22468,132.45081,313.3,0.52,0.5,2026-09-17,1707,N,nominal,2.0NRT,293.85,2.95,N
-3.37956,134.14934,313.43,0.52,0.5,2026-09-17,1707,N,nominal,2.0NRT,289.09,2.03,N
-11.2299,132.45491,316.35,0.52,0.5,2026-09-17,1707,N,nominal,2.0NRT,294.17,1.92,N
-11.23054,132.45975,305.48,0.52,0.5,2026-09-17,1707,N,nominal,2.0NRT,293.82,1.92,N
-3.37381,134.0802,342.25,0.51,0.5,2026-09-17,1707,N,nominal,2.0NRT,293.07,5.97,N
-11.26726,132.48871,305.36,0.52,0.5,2026-09-17,1707,N,nominal,2.0NRT,293.74,1.52,N
-3.37299,134.0748,308.77,0.51,0.5,2026-09-17,1707,N,nominal,2.0NRT,287.94,5.97,N
-11.27187,132.48798,317.32,0.52,0.5,2026-09-17,1707,N,nominal,2.0NRT,293.88,1.52,N
-11.27649,132.48727,321.59,0.52,0.5,2026-09-17,1707,N,nominal,2.0NRT,294.09,1.99,N
-3.37469,134.08603,304.92,0.51,0.5,2026-09-17,1707,N,nominal,2.0NRT,290.18,5.42,N
-11.28111,132.48662,310.11,0.52,0.5,2026-09-17,1707,N,nominal,2.0NRT,293.46,1.99,N
-3.37845,134.07996,349.12,0.51,0.5,2026-09-17,1707,N,nominal,2.0NRT,292.67,6.58,N
-3.38315,134.08003,302.61,0.51,0.5,2026-09-17,1707,N,nominal,2.0NRT,290.44,6.58,N
-11.28508,132.48117,315.76,0.52,0.5,2026-09-17,1707,N,nominal,2.0NRT,293.79,1.77,N
-1.40514,121.3315,306.35,0.48,0.48,2026-09-17,1707,N,nominal,2.0NRT,279.32,1.19,N
-7.94988,112.50081,297.46,0.73,0.76,2026-09-17,1707,N,nominal,2.0NRT,284.75,0.97,N
-1.41033,121.33558,298.58,0.48,0.48,2026-09-17,1707,N,nominal,2.0NRT,276.94,1.19,N
-11.28906,132.47571,314.27,0.52,0.5,2026-09-17,1707,N,nominal,2.0NRT,293.61,1.77,N
-11.28971,132.48058,313.11,0.52,0.5,2026-09-17,1707,N,nominal,2.0NRT,293.42,1.77,N
-1.4831,121.53868,296.27,0.46,0.47,2026-09-17,1707,N,nominal,2.0NRT,284.77,0.73,N
-7.95707,112.50027,307.06,0.73,0.76,2026-09-17,1707,N,nominal,2.0NRT,284.42,2.07,N
-2.79786,129.4348,304.91,0.42,0.37,2026-09-17,1707,N,nominal,2.0NRT,293.17,1.51,N
-11.29303,132.47029,310.16,0.52,0.5,2026-09-17,1707,N,nominal,2.0NRT,293.63,1.85,N
-3.37725,132.99269,304.98,0.43,0.46,2026-09-17,1707,N,nominal,2.0NRT,291.58,1.12,N
-11.29766,132.46973,321.22,0.52,0.5,2026-09-17,1707,N,nominal,2.0NRT,293.78,1.85,N
-11.30228,132.46912,316.85,0.52,0.5,2026-09-17,1707,N,nominal,2.0NRT,293.95,2.29,N
-3.37978,132.98958,308.72,0.43,0.46,2026-09-17,1707,N,nominal,2.0NRT,291.61,1.22,N
-11.30624,132.46361,324.83,0.52,0.5,2026-09-17,1707,N,nominal,2.0NRT,294.05,2.29,N
-3.38152,133.00127,307.13,0.44,0.46,2026-09-17,1707,N,nominal,2.0NRT,291.01,1.05,N
-7.97517,112.48088,295.36,0.73,0.76,2026-09-17,1707,N,nominal,2.0NRT,282.51,2.61,N
-3.38344,132.98499,313.78,0.43,0.46,2026-09-17,1707,N,nominal,2.0NRT,291.98,1.63,N
-7.97581,112.48416,316.85,0.73,0.76,2026-09-17,1707,N,nominal,2.0NRT,283.31,3.19,N
-8.10349,112.8869,347.76,0.68,0.74,2026-09-17,1707,N,nominal,2.0NRT,281.16,22.22,N
-3.38636,133.00453,304.41,0.44,0.46,2026-09-17,1707,N,nominal,2.0NRT,290.96,1.58,N
-8.11046,112.92416,334.44,0.68,0.74,2026-09-17,1707,N,nominal,2.0NRT,281.86,15.79,N
-3.38768,132.98433,311.85,0.43,0.46,2026-09-17,1707,N,nominal,2.0NRT,291.68,1.63,N
-8.11829,112.92793,297.79,0.68,0.74,2026-09-17,1707,N,nominal,2.0NRT,282.74,2.66,N
-3.39134,132.97972,304.51,0.43,0.46,2026-09-17,1707,N,nominal,2.0NRT,291.31,1.59,N
-8.11892,112.9312,300.5,0.68,0.74,2026-09-17,1707,N,nominal,2.0NRT,283.39,2.66,N
-3.39193,132.98366,309,0.43,0.46,2026-09-17,1707,N,nominal,2.0NRT,291.37,1.93,N
-8.11946,112.93399,312.31,0.68,0.74,2026-09-17,1707,N,nominal,2.0NRT,283.67,3.92,N
-7.97313,112.48515,310.69,0.73,0.76,2026-09-17,1707,N,nominal,2.0NRT,283.17,2.22,N
-3.01449,130.40617,320.22,0.46,0.39,2026-09-17,1707,N,nominal,2.0NRT,293.25,3.07,N
-7.97989,112.48246,298.12,0.73,0.76,2026-09-17,1707,N,nominal,2.0NRT,282.87,2.22,N
-3.01514,130.41039,326.2,0.46,0.39,2026-09-17,1707,N,nominal,2.0NRT,293.03,3.23,N
-10.14777,124.30454,307.22,0.4,0.37,2026-09-17,1707,N,nominal,2.0NRT,292.42,0.8,N
-3.00536,130.32355,305.11,0.45,0.39,2026-09-17,1707,N,nominal,2.0NRT,292.48,0.97,N
-8.10341,112.88691,342.2,0.68,0.74,2026-09-17,1707,N,nominal,2.0NRT,280.33,11.68,N
-3.006,130.32765,302.81,0.45,0.39,2026-09-17,1707,N,nominal,2.0NRT,291.27,0.38,N
-8.11066,112.92403,342.59,0.68,0.74,2026-09-17,1707,N,nominal,2.0NRT,283.31,11.68,N
-3.00896,130.323,318.17,0.45,0.39,2026-09-17,1707,N,nominal,2.0NRT,293.27,1.91,N
-8.11849,112.9277,296.27,0.68,0.74,2026-09-17,1707,N,nominal,2.0NRT,282.74,1.75,N
-4.28,138.7187,315.81,0.55,0.68,2026-09-17,1707,N,nominal,2.0NRT,278.27,2.23,N
-8.11914,112.931,301.66,0.68,0.74,2026-09-17,1707,N,nominal,2.0NRT,283.61,2.53,N
-4.28094,138.72522,306.13,0.55,0.68,2026-09-17,1707,N,nominal,2.0NRT,278.32,2.23,N
-8.1197,112.93381,311.54,0.68,0.74,2026-09-17,1707,N,nominal,2.0NRT,283.91,2.53,N
-3.01229,130.15656,320.71,0.45,0.39,2026-09-17,1707,N,nominal,2.0NRT,293.17,2.23,N
-8.12026,112.93663,296.98,0.68,0.74,2026-09-17,1707,N,nominal,2.0NRT,281.42,1.09,N
-3.05071,130.35426,308.54,0.46,0.39,2026-09-17,1707,N,nominal,2.0NRT,291.89,0.92,N
-8.92225,116.76157,304.19,0.37,0.58,2026-09-17,1707,N,nominal,2.0NRT,291.3,0.71,N
-3.02425,130.16292,310.51,0.45,0.39,2026-09-17,1707,N,nominal,2.0NRT,292.62,2.17,N
-8.92467,116.76172,306.74,0.36,0.58,2026-09-17,1707,N,nominal,2.0NRT,291.14,0.58,N
-3.05431,130.35371,308.36,0.46,0.39,2026-09-17,1707,N,nominal,2.0NRT,292.05,0.92,N
-11.96404,135.66937,306.02,0.43,0.62,2026-09-17,1707,N,nominal,2.0NRT,290.05,1.89,N
-3.05496,130.35782,305.02,0.46,0.39,2026-09-17,1707,N,nominal,2.0NRT,292.1,0.92,N
-11.97032,135.67256,309.41,0.43,0.62,2026-09-17,1707,N,nominal,2.0NRT,289.77,1.29,N
-11.97611,135.67188,304.11,0.43,0.62,2026-09-17,1707,N,nominal,2.0NRT,289.85,0.45,N
-3.06483,130.32689,307.98,0.45,0.39,2026-09-17,1707,N,nominal,2.0NRT,291.93,1.14,N
-11.73819,133.79431,310.05,0.32,0.55,2026-09-17,1707,N,nominal,2.0NRT,291.46,0.94,N
-3.49412,133.05315,302.37,0.44,0.46,2026-09-17,1707,N,nominal,2.0NRT,289.64,0.65,N
-11.73859,133.79732,309.1,0.32,0.55,2026-09-17,1707,N,nominal,2.0NRT,291.28,0.94,N
-3.496,133.06516,305.64,0.44,0.46,2026-09-17,1707,N,nominal,2.0NRT,290.02,0.75,N
-11.73628,133.79405,311.58,0.32,0.55,2026-09-17,1707,N,nominal,2.0NRT,291.82,0.68,N
-3.49662,133.06915,302.37,0.44,0.46,2026-09-17,1707,N,nominal,2.0NRT,289.83,0.75,N
-11.73665,133.79707,305.5,0.32,0.55,2026-09-17,1707,N,nominal,2.0NRT,290.91,0.68,N
-2.863,129.00938,308.56,0.4,0.37,2026-09-17,1707,N,nominal,2.0NRT,293.51,0.93,N
-11.96474,135.67116,309.82,0.43,0.62,2026-09-17,1707,N,nominal,2.0NRT,290.47,1.08,N
-2.86333,129.00981,310.38,0.41,0.37,2026-09-17,1707,N,nominal,2.0NRT,293.9,0.73,N
-11.36443,130.92482,325.11,0.41,0.45,2026-09-17,1707,N,nominal,2.0NRT,291.37,2.64,N
-3.06582,130.32401,303.34,0.46,0.39,2026-09-17,1707,N,nominal,2.0NRT,291.98,0.86,N
-11.36392,130.92107,303.2,0.41,0.45,2026-09-17,1707,N,nominal,2.0NRT,290.86,0.99,N
-11.74174,133.79637,306.03,0.32,0.55,2026-09-17,1707,N,nominal,2.0NRT,291.12,0.68,N
-3.06645,130.32811,302.29,0.46,0.39,2026-09-17,1707,N,nominal,2.0NRT,291.34,0.41,N
-11.97051,135.67036,305.49,0.43,0.62,2026-09-17,1707,N,nominal,2.0NRT,289.89,1.08,N
-2.86617,129.00572,305.76,0.4,0.37,2026-09-17,1707,N,nominal,2.0NRT,293.28,0.73,N
-11.36912,130.92801,324.74,0.41,0.45,2026-09-17,1707,N,nominal,2.0NRT,291.61,3.27,N
-2.86673,129.00929,308.59,0.41,0.37,2026-09-17,1707,N,nominal,2.0NRT,293.61,0.73,N
-11.9763,135.66963,304.99,0.43,0.62,2026-09-17,1707,N,nominal,2.0NRT,289.26,0.91,N
-11.37381,130.93121,301.04,0.41,0.45,2026-09-17,1707,N,nominal,2.0NRT,290.29,0.79,N
-3.06473,130.24484,326.04,0.45,0.39,2026-09-17,1707,N,nominal,2.0NRT,293.72,3,N
-3.06848,130.26926,315.4,0.45,0.39,2026-09-17,1707,N,nominal,2.0NRT,293.27,2.05,N
-11.48454,131.35681,302.43,0.44,0.46,2026-09-17,1707,N,nominal,2.0NRT,291.98,0.87,N
-3.06894,130.24831,325.29,0.45,0.39,2026-09-17,1707,N,nominal,2.0NRT,293.87,2.21,N
-11.44136,130.98793,314.99,0.42,0.45,2026-09-17,1707,N,nominal,2.0NRT,290.84,1.69,N
-11.95008,133.94318,299.41,0.33,0.55,2026-09-17,1707,N,nominal,2.0NRT,287.14,0.56,N
-3.06831,130.24425,318.59,0.45,0.39,2026-09-17,1707,N,nominal,2.0NRT,293.11,2.21,N
-9.69029,119.17515,304.62,0.49,0.49,2026-09-17,1707,N,nominal,2.0NRT,290.64,0.83,N
-11.5744,130.677,303.09,0.4,0.44,2026-09-17,1707,N,nominal,2.0NRT,289.98,1.39,N
-3.07144,130.26462,307.34,0.45,0.39,2026-09-17,1707,N,nominal,2.0NRT,293.5,1.55,N
-11.5929,130.68927,306.45,0.4,0.44,2026-09-17,1707,N,nominal,2.0NRT,290.14,1.22,N
-11.59342,130.69295,308.12,0.4,0.44,2026-09-17,1707,N,nominal,2.0NRT,290.57,1.24,N
-3.07207,130.26869,305.96,0.45,0.39,2026-09-17,1707,N,nominal,2.0NRT,293.16,0.79,N
-11.59753,130.69232,308.47,0.4,0.44,2026-09-17,1707,N,nominal,2.0NRT,290.3,1.24,N
-3.07251,130.2477,312.14,0.45,0.39,2026-09-17,1707,N,nominal,2.0NRT,293.03,2.21,N
-11.59804,130.69601,318.6,0.4,0.44,2026-09-17,1707,N,nominal,2.0NRT,290.54,1.24,N
-11.60215,130.69539,304.5,0.4,0.44,2026-09-17,1707,N,nominal,2.0NRT,290.27,1.62,N
-3.07502,130.26402,312.73,0.45,0.39,2026-09-17,1707,N,nominal,2.0NRT,293.67,1.55,N
-11.60268,130.69908,301.4,0.4,0.44,2026-09-17,1707,N,nominal,2.0NRT,290.01,0.58,N
-11.60679,130.69846,306.31,0.4,0.44,2026-09-17,1707,N,nominal,2.0NRT,290.23,0.58,N
-3.07565,130.2681,304.79,0.45,0.39,2026-09-17,1707,N,nominal,2.0NRT,293.14,0.79,N
-11.6109,130.69786,302.91,0.4,0.44,2026-09-17,1707,N,nominal,2.0NRT,289.77,0.53,N
-3.49664,133.05016,307.77,0.44,0.46,2026-09-17,1707,N,nominal,2.0NRT,290,0.81,N
-3.49723,133.05417,303.45,0.44,0.46,2026-09-17,1707,N,nominal,2.0NRT,289.9,0.81,N
-11.77176,130.52202,301.38,0.39,0.44,2026-09-17,1707,N,nominal,2.0NRT,290.34,0.68,N
-3.49843,133.06215,308.22,0.44,0.46,2026-09-17,1707,N,nominal,2.0NRT,290.25,2.01,N
-11.77227,130.52567,303.58,0.39,0.44,2026-09-17,1707,N,nominal,2.0NRT,290.44,0.78,N
-3.49902,133.06616,303.96,0.44,0.46,2026-09-17,1707,N,nominal,2.0NRT,290.25,2.7,N
-3.50091,133.0495,302.93,0.44,0.46,2026-09-17,1707,N,nominal,2.0NRT,289.78,0.95,N
-11.80531,130.46541,314.13,0.39,0.44,2026-09-17,1707,N,nominal,2.0NRT,291.04,1.55,N
-2.87696,128.94077,304.65,0.4,0.37,2026-09-17,1707,N,nominal,2.0NRT,292.9,0.87,N
-11.80939,130.46489,312.79,0.39,0.44,2026-09-17,1707,N,nominal,2.0NRT,291.28,1.75,N
-2.89514,129.03482,305.62,0.41,0.37,2026-09-17,1707,N,nominal,2.0NRT,292.66,0.6,N
-3.49358,132.91345,304.91,0.43,0.46,2026-09-17,1707,N,nominal,2.0NRT,290.95,1.02,N
-3.49829,132.94475,303.04,0.43,0.46,2026-09-17,1707,N,nominal,2.0NRT,289.36,1.04,N
-3.49724,132.90903,308.38,0.43,0.46,2026-09-17,1707,N,nominal,2.0NRT,290.75,1.01,N
-3.50254,132.9442,305.71,0.43,0.46,2026-09-17,1707,N,nominal,2.0NRT,289.42,0.52,N
-3.10643,130.30074,309.4,0.45,0.39,2026-09-17,1707,N,nominal,2.0NRT,293.64,1.11,N
-3.10939,130.29605,306.01,0.45,0.39,2026-09-17,1707,N,nominal,2.0NRT,293.41,1.11,N
-3.11002,130.30014,309.58,0.45,0.39,2026-09-17,1707,N,nominal,2.0NRT,293.06,1.11,N
-3.10977,130.27481,308.38,0.45,0.39,2026-09-17,1707,N,nominal,2.0NRT,293.67,1.32,N
-3.11297,130.29538,314.49,0.45,0.39,2026-09-17,1707,N,nominal,2.0NRT,293.12,2.74,N
-3.51479,132.91049,304.29,0.43,0.46,2026-09-17,1707,N,nominal,2.0NRT,291.03,1.57,N
-2.88315,128.80292,327.54,0.4,0.37,2026-09-17,1707,N,nominal,2.0NRT,293.73,2.18,N
-3.11335,130.27419,314.81,0.45,0.39,2026-09-17,1707,N,nominal,2.0NRT,293.24,1.32,N
-3.11402,130.27849,304.62,0.45,0.39,2026-09-17,1707,N,nominal,2.0NRT,292.82,1.75,N
-3.11593,130.29077,313.73,0.45,0.39,2026-09-17,1707,N,nominal,2.0NRT,293.58,2.77,N
-3.11694,130.27364,308.55,0.45,0.39,2026-09-17,1707,N,nominal,2.0NRT,293.06,1.19,N
-3.11889,130.28616,315.86,0.45,0.39,2026-09-17,1707,N,nominal,2.0NRT,292.92,1.9,N
-3.12077,130.2982,313.8,0.45,0.39,2026-09-17,1707,N,nominal,2.0NRT,293.33,2.54,N
-3.12435,130.29756,333,0.45,0.39,2026-09-17,1707,N,nominal,2.0NRT,293.52,2.54,N
-3.12054,130.27313,309.73,0.45,0.39,2026-09-17,1707,N,nominal,2.0NRT,293.17,1.19,N
-3.12347,130.26833,304.79,0.45,0.39,2026-09-17,1707,N,nominal,2.0NRT,293.11,0.98,N
-3.12413,130.27261,314.75,0.45,0.39,2026-09-17,1707,N,nominal,2.0NRT,292.9,0.98,N
-3.12793,130.29692,306.81,0.45,0.39,2026-09-17,1707,N,nominal,2.0NRT,292.59,1.02,N
-3.12859,130.30115,312.67,0.45,0.39,2026-09-17,1707,N,nominal,2.0NRT,293.26,1.5,N
-2.90631,128.86183,317.33,0.4,0.37,2026-09-17,1707,N,nominal,2.0NRT,294.29,1.37,N
-3.12706,130.26782,305.5,0.45,0.39,2026-09-17,1707,N,nominal,2.0NRT,292.57,0.98,N
-2.91027,128.86493,321.79,0.4,0.37,2026-09-17,1707,N,nominal,2.0NRT,294.65,1.49,N
-2.90969,128.86125,307.23,0.4,0.37,2026-09-17,1707,N,nominal,2.0NRT,293.95,0.79,N
-3.01733,129.54483,303.43,0.42,0.38,2026-09-17,1707,N,nominal,2.0NRT,291.92,0.78,N
-3.11227,130.14986,305.41,0.45,0.39,2026-09-17,1707,N,nominal,2.0NRT,292.54,0.63,N
-2.91308,128.8607,305.18,0.4,0.37,2026-09-17,1707,N,nominal,2.0NRT,293.67,0.79,N
-2.91366,128.86438,305.55,0.4,0.37,2026-09-17,1707,N,nominal,2.0NRT,294.12,1.49,N
-2.92567,128.94048,311.14,0.4,0.37,2026-09-17,1707,N,nominal,2.0NRT,294.33,1.38,N
-3.02079,129.54424,302.04,0.42,0.38,2026-09-17,1707,N,nominal,2.0NRT,291.48,0.78,N
-3.13293,130.25835,317.49,0.45,0.39,2026-09-17,1707,N,nominal,2.0NRT,293.1,2.48,N
-2.91763,128.86751,331.65,0.4,0.37,2026-09-17,1707,N,nominal,2.0NRT,295.92,2.01,N
-2.91821,128.87117,325.86,0.4,0.37,2026-09-17,1707,N,nominal,2.0NRT,295.11,1.46,N
-2.89947,128.75253,304.84,0.4,0.37,2026-09-17,1707,N,nominal,2.0NRT,291.56,0.51,N
-2.90172,128.76674,307.29,0.4,0.37,2026-09-17,1707,N,nominal,2.0NRT,293.74,1.35,N
-2.91878,128.87474,306.52,0.4,0.37,2026-09-17,1707,N,nominal,2.0NRT,293.98,1.46,N
-3.13654,130.25793,317.25,0.45,0.39,2026-09-17,1707,N,nominal,2.0NRT,292.78,1.69,N
-2.90341,128.75552,310.67,0.4,0.37,2026-09-17,1707,N,nominal,2.0NRT,293.38,1.79,N
-2.92102,128.86694,305.35,0.4,0.37,2026-09-17,1707,N,nominal,2.0NRT,293.88,2.01,N
-2.9216,128.87064,313.42,0.4,0.37,2026-09-17,1707,N,nominal,2.0NRT,294.78,1.46,N
-2.93819,128.97565,304.81,0.4,0.37,2026-09-17,1707,N,nominal,2.0NRT,293.5,0.93,N
-3.1408,130.26167,316.74,0.45,0.39,2026-09-17,1707,N,nominal,2.0NRT,293.14,1.69,N
-3.18837,130.56465,303.49,0.47,0.4,2026-09-17,1707,N,nominal,2.0NRT,292.26,1.16,N
-2.89371,128.67236,311.4,0.4,0.37,2026-09-17,1707,N,nominal,2.0NRT,293.13,1.37,N
-2.90905,128.76929,304.2,0.4,0.37,2026-09-17,1707,N,nominal,2.0NRT,292.66,1.23,N
-2.94215,128.97864,310.88,0.4,0.37,2026-09-17,1707,N,nominal,2.0NRT,293.34,1.12,N
-3.11844,130.0961,309.8,0.44,0.39,2026-09-17,1707,N,nominal,2.0NRT,292.63,0.61,N
-3.1444,130.26117,307.5,0.45,0.39,2026-09-17,1707,N,nominal,2.0NRT,292.89,1.4,N
-3.1507,130.30122,306.63,0.45,0.39,2026-09-17,1707,N,nominal,2.0NRT,292.11,0.9,N
-2.913,128.77232,325.77,0.4,0.37,2026-09-17,1707,N,nominal,2.0NRT,294.99,1.23,N
-3.15817,130.3253,320.27,0.46,0.39,2026-09-17,1707,N,nominal,2.0NRT,293.72,3.09,N
-2.91073,128.75797,319.37,0.4,0.37,2026-09-17,1707,N,nominal,2.0NRT,294.08,2.13,N
-2.91243,128.76872,312.2,0.4,0.37,2026-09-17,1707,N,nominal,2.0NRT,293.46,1.23,N
-2.94041,128.94556,311.31,0.4,0.37,2026-09-17,1707,N,nominal,2.0NRT,294.44,1.72,N
-3.11948,130.07961,308.35,0.44,0.39,2026-09-17,1707,N,nominal,2.0NRT,291.95,0.96,N
-3.12011,130.08357,304.58,0.44,0.39,2026-09-17,1707,N,nominal,2.0NRT,292.06,0.96,N
-3.12136,130.09154,304.78,0.44,0.39,2026-09-17,1707,N,nominal,2.0NRT,292.76,2.05,N
-3.12199,130.09554,305.26,0.44,0.39,2026-09-17,1707,N,nominal,2.0NRT,292.09,0.61,N
-3.14799,130.2606,314.82,0.45,0.39,2026-09-17,1707,N,nominal,2.0NRT,293.17,1.4,N
-3.15428,130.30063,303.87,0.45,0.39,2026-09-17,1707,N,nominal,2.0NRT,292.48,0.9,N
-2.91523,128.76454,332.81,0.4,0.37,2026-09-17,1707,N,nominal,2.0NRT,295.74,1.94,N
-2.91467,128.76099,309.36,0.4,0.37,2026-09-17,1707,N,nominal,2.0NRT,292.55,1.94,N
-2.9158,128.76814,311.8,0.4,0.37,2026-09-17,1707,N,nominal,2.0NRT,293.47,1.92,N
-2.91637,128.77173,308.72,0.4,0.37,2026-09-17,1707,N,nominal,2.0NRT,293.79,1.92,N
-2.9438,128.94498,318.9,0.4,0.37,2026-09-17,1707,N,nominal,2.0NRT,294.56,2.22,N
-3.12492,130.09096,314.65,0.44,0.39,2026-09-17,1707,N,nominal,2.0NRT,292.85,1.8,N
-3.15791,130.30026,316.52,0.45,0.39,2026-09-17,1707,N,nominal,2.0NRT,292.8,2.06,N
-3.16108,130.32042,304.8,0.46,0.39,2026-09-17,1707,N,nominal,2.0NRT,292.47,1.48,N
-3.20197,130.57986,305.28,0.47,0.4,2026-09-17,1707,N,nominal,2.0NRT,292.61,0.95,N
-2.91918,128.76759,339.05,0.4,0.37,2026-09-17,1707,N,nominal,2.0NRT,296.17,1.92,N
-2.90105,128.65314,309.15,0.4,0.37,2026-09-17,1707,N,nominal,2.0NRT,292.11,1.47,N
-2.91862,128.76404,315.84,0.4,0.37,2026-09-17,1707,N,nominal,2.0NRT,293.23,1.94,N
-2.94777,128.94804,306.24,0.4,0.37,2026-09-17,1707,N,nominal,2.0NRT,293.31,1.16,N
-2.95293,128.98067,307.7,0.4,0.37,2026-09-17,1707,N,nominal,2.0NRT,292.95,0.84,N
-3.13289,130.11839,305.02,0.45,0.39,2026-09-17,1707,N,nominal,2.0NRT,293.28,1.09,N
-3.13352,130.12234,310.66,0.45,0.39,2026-09-17,1707,N,nominal,2.0NRT,293.34,1.09,N
-3.15376,130.25067,306.69,0.45,0.39,2026-09-17,1707,N,nominal,2.0NRT,292.04,0.78,N
-3.16217,130.30389,314.96,0.45,0.39,2026-09-17,1707,N,nominal,2.0NRT,292.35,1.65,N
-3.16278,130.3078,308.43,0.46,0.39,2026-09-17,1707,N,nominal,2.0NRT,292.73,1.65,N
-2.90776,128.67372,335.13,0.4,0.37,2026-09-17,1707,N,nominal,2.0NRT,295.08,1.81,N
-2.92256,128.76704,321.59,0.4,0.37,2026-09-17,1707,N,nominal,2.0NRT,294.94,1.67,N
-2.95059,128.94388,320.55,0.4,0.37,2026-09-17,1707,N,nominal,2.0NRT,293.89,1.95,N
-2.95634,128.98015,324.31,0.4,0.37,2026-09-17,1707,N,nominal,2.0NRT,293.25,1.47,N
-2.95117,128.94749,307.84,0.4,0.37,2026-09-17,1707,N,nominal,2.0NRT,292.8,1.1,N
-2.95808,128.99109,304.87,0.4,0.37,2026-09-17,1707,N,nominal,2.0NRT,292.6,1.11,N
-3.13708,130.12178,303.92,0.45,0.39,2026-09-17,1707,N,nominal,2.0NRT,292.6,1.44,N
-3.1377,130.1257,307.15,0.45,0.39,2026-09-17,1707,N,nominal,2.0NRT,293.55,0.88,N
-3.13832,130.12962,308.9,0.45,0.39,2026-09-17,1707,N,nominal,2.0NRT,293.52,0.88,N
-3.58505,132.97188,305.44,0.44,0.46,2026-09-17,1707,N,nominal,2.0NRT,291.38,0.78,N
-2.90835,128.65561,327.06,0.4,0.37,2026-09-17,1707,N,nominal,2.0NRT,293.29,2.85,N
-2.9089,128.65907,305.68,0.4,0.37,2026-09-17,1707,N,nominal,2.0NRT,292.16,0.73,N
-2.90944,128.66255,303.39,0.4,0.37,2026-09-17,1707,N,nominal,2.0NRT,292.74,0.73,N
-2.91112,128.67317,313.04,0.4,0.37,2026-09-17,1707,N,nominal,2.0NRT,294.04,1.81,N
-2.92594,128.76651,311.51,0.4,0.37,2026-09-17,1707,N,nominal,2.0NRT,294.09,1.67,N
-2.93107,128.79886,305.88,0.4,0.37,2026-09-17,1707,N,nominal,2.0NRT,292.04,0.75,N
-2.95974,128.97958,309.08,0.4,0.37,2026-09-17,1707,N,nominal,2.0NRT,291.94,1.47,N
-2.97253,129.06013,304.32,0.41,0.37,2026-09-17,1707,N,nominal,2.0NRT,293.41,0.96,N
-3.12987,130.05318,303.83,0.44,0.39,2026-09-17,1707,N,nominal,2.0NRT,292.96,1.41,N
-3.14188,130.12904,304.52,0.45,0.39,2026-09-17,1707,N,nominal,2.0NRT,292.61,0.88,N
-3.1425,130.13297,306.25,0.45,0.39,2026-09-17,1707,N,nominal,2.0NRT,293.05,1.56,N
-3.14313,130.13693,316.73,0.45,0.39,2026-09-17,1707,N,nominal,2.0NRT,293.71,1.56,N
-3.14375,130.14087,318.39,0.45,0.39,2026-09-17,1707,N,nominal,2.0NRT,293.51,1.97,N
-3.14437,130.14481,312.27,0.45,0.39,2026-09-17,1707,N,nominal,2.0NRT,292.65,1.97,N
-3.14501,130.14886,306.06,0.45,0.39,2026-09-17,1707,N,nominal,2.0NRT,292.54,0.96,N
-3.58931,132.97127,304.37,0.44,0.46,2026-09-17,1707,N,nominal,2.0NRT,291.25,0.78,N
-2.91283,128.66208,310.56,0.4,0.37,2026-09-17,1707,N,nominal,2.0NRT,293.09,1.48,N
-2.9145,128.67265,309.59,0.4,0.37,2026-09-17,1707,N,nominal,2.0NRT,292.89,0.66,N
-2.92933,128.76601,317.21,0.4,0.37,2026-09-17,1707,N,nominal,2.0NRT,293.48,2,N
-2.93445,128.79828,310.89,0.4,0.37,2026-09-17,1707,N,nominal,2.0NRT,292.69,0.96,N
-2.97651,129.06325,307.54,0.41,0.37,2026-09-17,1707,N,nominal,2.0NRT,293.13,0.78,N
-3.13342,130.05261,309.65,0.44,0.39,2026-09-17,1707,N,nominal,2.0NRT,293.06,1.06,N
-3.13405,130.05658,308.02,0.44,0.39,2026-09-17,1707,N,nominal,2.0NRT,293.35,1.06,N
-3.13468,130.06056,306.96,0.44,0.39,2026-09-17,1707,N,nominal,2.0NRT,293.2,0.84,N
-3.13532,130.06461,304.94,0.44,0.39,2026-09-17,1707,N,nominal,2.0NRT,293.11,0.84,N
-3.14858,130.14832,309.65,0.45,0.39,2026-09-17,1707,N,nominal,2.0NRT,293.25,1.34,N
-3.1911,130.41684,305.69,0.46,0.39,2026-09-17,1707,N,nominal,2.0NRT,291.12,0.66,N
-3.19376,130.43361,304.79,0.46,0.39,2026-09-17,1707,N,nominal,2.0NRT,291.96,1.94,N
-2.93327,128.76898,324.92,0.4,0.37,2026-09-17,1707,N,nominal,2.0NRT,294.59,2,N
-2.93495,128.77963,332.85,0.4,0.37,2026-09-17,1707,N,nominal,2.0NRT,295.33,2.74,N
-2.91733,128.66866,306.23,0.4,0.37,2026-09-17,1707,N,nominal,2.0NRT,292.05,1.58,N
-2.91789,128.6722,306.58,0.4,0.37,2026-09-17,1707,N,nominal,2.0NRT,292.13,0.66,N
-2.93552,128.78319,305.39,0.4,0.37,2026-09-17,1707,N,nominal,2.0NRT,293.64,2.74,N
-2.93725,128.79408,303.61,0.4,0.37,2026-09-17,1707,N,nominal,2.0NRT,292.72,0.96,N
-3.15216,130.1478,318.7,0.45,0.39,2026-09-17,1707,N,nominal,2.0NRT,293.68,1.34,N
-3.15281,130.15193,311.67,0.45,0.39,2026-09-17,1707,N,nominal,2.0NRT,294.15,1.34,N
-2.93384,128.76927,328.34,0.4,0.37,2026-09-17,1707,N,nominal,2.0NRT,294.72,2.86,N
-2.9355,128.77992,344.37,0.4,0.37,2026-09-17,1707,N,nominal,2.0NRT,297.21,5.32,N
-3.14514,130.13788,323.73,0.45,0.39,2026-09-17,1707,N,nominal,2.0NRT,293.62,2.75,N
-2.91818,128.6689,304.37,0.4,0.37,2026-09-17,1707,N,nominal,2.0NRT,291.65,0.66,N
-2.91874,128.67242,302.33,0.4,0.37,2026-09-17,1707,N,nominal,2.0NRT,291.14,0.25,N
-2.93439,128.7728,308.31,0.4,0.37,2026-09-17,1707,N,nominal,2.0NRT,294.35,1.59,N
-2.93775,128.7944,306.19,0.4,0.37,2026-09-17,1707,N,nominal,2.0NRT,292.29,0.85,N
-3.1323,130.054,316.78,0.44,0.39,2026-09-17,1707,N,nominal,2.0NRT,293.83,1.39,N
-3.13352,130.06201,306.75,0.44,0.39,2026-09-17,1707,N,nominal,2.0NRT,293.61,0.9,N
-3.14575,130.14182,310.87,0.45,0.39,2026-09-17,1707,N,nominal,2.0NRT,292.26,1.32,N
-3.14635,130.1458,307.94,0.45,0.39,2026-09-17,1707,N,nominal,2.0NRT,292.43,1.32,N
-3.19252,130.4482,304.29,0.46,0.39,2026-09-17,1707,N,nominal,2.0NRT,292.21,1.65,N
-2.93833,128.77583,330.19,0.4,0.37,2026-09-17,1707,N,nominal,2.0NRT,294.75,1.59,N
-2.93888,128.77937,334.32,0.4,0.37,2026-09-17,1707,N,nominal,2.0NRT,294.13,5.32,N
-2.94,128.78653,321.06,0.4,0.37,2026-09-17,1707,N,nominal,2.0NRT,294.82,2.21,N
-2.93778,128.77231,305.17,0.4,0.37,2026-09-17,1707,N,nominal,2.0NRT,293.01,1.59,N
-2.93944,128.78294,319.98,0.4,0.37,2026-09-17,1707,N,nominal,2.0NRT,294.43,5.32,N
-2.9417,128.79749,305.12,0.4,0.37,2026-09-17,1707,N,nominal,2.0NRT,293.9,0.85,N
-3.13646,130.0574,306.82,0.44,0.39,2026-09-17,1707,N,nominal,2.0NRT,292.69,1.39,N
-3.13707,130.06139,305.97,0.44,0.39,2026-09-17,1707,N,nominal,2.0NRT,292.88,0.9,N
-3.15056,130.14938,316.03,0.45,0.39,2026-09-17,1707,N,nominal,2.0NRT,294.2,2.37,N
-3.19105,130.41425,304.25,0.46,0.39,2026-09-17,1707,N,nominal,2.0NRT,291.99,1.73,N
-3.19424,130.43517,306.49,0.46,0.39,2026-09-17,1707,N,nominal,2.0NRT,291.85,1.94,N
-2.94508,128.79694,303.49,0.4,0.37,2026-09-17,1707,N,nominal,2.0NRT,292.6,0.69,N
-2.94565,128.80057,304.25,0.4,0.37,2026-09-17,1707,N,nominal,2.0NRT,293.28,0.27,N
-3.15413,130.14886,310.46,0.45,0.39,2026-09-17,1707,N,nominal,2.0NRT,293.08,0.99,N
-3.15476,130.153,308.31,0.45,0.39,2026-09-17,1707,N,nominal,2.0NRT,293.42,0.99,N
-3.15832,130.15237,308.03,0.45,0.39,2026-09-17,1707,N,nominal,2.0NRT,293.6,0.99,N
-3.15894,130.15637,308.9,0.45,0.39,2026-09-17,1707,N,nominal,2.0NRT,293.42,1.81,N
-3.17323,130.24954,314.03,0.45,0.39,2026-09-17,1707,N,nominal,2.0NRT,293.55,2.39,N
-3.19076,130.36397,311.86,0.46,0.39,2026-09-17,1707,N,nominal,2.0NRT,292.94,1.71,N
-3.19137,130.36794,307.63,0.46,0.39,2026-09-17,1707,N,nominal,2.0NRT,293.07,1.26,N
-3.19197,130.37186,307.23,0.46,0.39,2026-09-17,1707,N,nominal,2.0NRT,293.19,1.26,N
-3.19317,130.37968,303.15,0.46,0.39,2026-09-17,1707,N,nominal,2.0NRT,292.02,1.56,N
-3.20091,130.43031,304.51,0.46,0.39,2026-09-17,1707,N,nominal,2.0NRT,292.38,2.09,N
-3.16311,130.1597,306.2,0.45,0.39,2026-09-17,1707,N,nominal,2.0NRT,291.86,1.38,N
-3.17616,130.24472,309.95,0.45,0.39,2026-09-17,1707,N,nominal,2.0NRT,292.58,1.31,N
-3.20064,130.40428,311.18,0.46,0.39,2026-09-17,1707,N,nominal,2.0NRT,292.76,1.44,N
-3.58797,132.97275,304.99,0.44,0.46,2026-09-17,1707,N,nominal,2.0NRT,291.23,0.98,N
-3.17911,130.23994,303.8,0.45,0.39,2026-09-17,1707,N,nominal,2.0NRT,292.34,1.77,N
-3.17975,130.24414,311.16,0.45,0.39,2026-09-17,1707,N,nominal,2.0NRT,292.48,1.31,N
-3.20161,130.38641,302.66,0.46,0.39,2026-09-17,1707,N,nominal,2.0NRT,291.03,1.18,N
-3.20359,130.39937,308.71,0.46,0.39,2026-09-17,1707,N,nominal,2.0NRT,291.42,1.44,N
-3.18149,130.23157,306.22,0.45,0.39,2026-09-17,1707,N,nominal,2.0NRT,293.18,1.53,N
-3.18208,130.23543,305.79,0.45,0.39,2026-09-17,1707,N,nominal,2.0NRT,292.02,1.14,N
-3.1827,130.23943,317.68,0.45,0.39,2026-09-17,1707,N,nominal,2.0NRT,292.54,1.14,N
-3.17503,130.16582,304.39,0.45,0.39,2026-09-17,1707,N,nominal,2.0NRT,292.89,1.42,N
-3.59957,132.96297,305.47,0.44,0.46,2026-09-17,1707,N,nominal,2.0NRT,291.56,1.94,N
-3.18485,130.20578,326.68,0.45,0.39,2026-09-17,1707,N,nominal,2.0NRT,293.59,1.79,N
-3.17859,130.16516,310.08,0.45,0.39,2026-09-17,1707,N,nominal,2.0NRT,292.92,1.43,N
-3.17988,130.17355,314.34,0.45,0.39,2026-09-17,1707,N,nominal,2.0NRT,293.54,2.59,N
-3.1805,130.1776,314.79,0.45,0.39,2026-09-17,1707,N,nominal,2.0NRT,294.04,2.88,N
-3.18239,130.18983,312.13,0.45,0.39,2026-09-17,1707,N,nominal,2.0NRT,293.18,1.16,N
-3.183,130.1938,307.3,0.45,0.39,2026-09-17,1707,N,nominal,2.0NRT,292.99,1.3,N
-3.18361,130.19775,313.18,0.45,0.39,2026-09-17,1707,N,nominal,2.0NRT,292.6,1.3,N
-3.18422,130.20169,310.34,0.45,0.39,2026-09-17,1707,N,nominal,2.0NRT,292.94,1.79,N
-3.21839,130.42343,309.01,0.46,0.39,2026-09-17,1707,N,nominal,2.0NRT,292.09,1.16,N
-3.60382,132.96234,308.11,0.44,0.46,2026-09-17,1707,N,nominal,2.0NRT,291.66,1.12,N
-3.60441,132.96628,305.86,0.44,0.46,2026-09-17,1707,N,nominal,2.0NRT,291.72,1.12,N
-3.605,132.97021,304.67,0.44,0.46,2026-09-17,1707,N,nominal,2.0NRT,291.19,2.14,N
-3.14399,129.91788,314.61,0.44,0.38,2026-09-17,1707,N,nominal,2.0NRT,292.38,1.53,N
-3.18532,130.18507,308.17,0.45,0.39,2026-09-17,1707,N,nominal,2.0NRT,293.1,1.16,N
-3.18595,130.18916,304.46,0.45,0.39,2026-09-17,1707,N,nominal,2.0NRT,292.27,1.16,N
-3.18845,130.20531,307.92,0.45,0.39,2026-09-17,1707,N,nominal,2.0NRT,292.43,1.79,N
-3.1891,130.20955,310.18,0.45,0.39,2026-09-17,1707,N,nominal,2.0NRT,292.89,1.54,N
-3.22262,130.4268,308.73,0.46,0.39,2026-09-17,1707,N,nominal,2.0NRT,292.52,1.16,N
-3.60569,132.9458,311.09,0.43,0.46,2026-09-17,1707,N,nominal,2.0NRT,291.65,1.5,N
-3.60629,132.94975,306.87,0.43,0.46,2026-09-17,1707,N,nominal,2.0NRT,291.29,1.5,N
-3.60688,132.9537,304.97,0.44,0.46,2026-09-17,1707,N,nominal,2.0NRT,291.29,1.49,N
-3.60748,132.95767,306.54,0.44,0.46,2026-09-17,1707,N,nominal,2.0NRT,291.65,1.49,N
-3.60807,132.96162,314.18,0.44,0.46,2026-09-17,1707,N,nominal,2.0NRT,291.74,1.12,N
-3.60866,132.96561,309.51,0.44,0.46,2026-09-17,1707,N,nominal,2.0NRT,291.49,1.12,N
-3.1469,129.91333,330.58,0.44,0.38,2026-09-17,1707,N,nominal,2.0NRT,293.88,1.75,N
-3.14629,129.90939,306.72,0.44,0.38,2026-09-17,1707,N,nominal,2.0NRT,292.84,1.45,N
-3.1475,129.91722,314.49,0.44,0.38,2026-09-17,1707,N,nominal,2.0NRT,292.58,1.75,N
-3.14811,129.92117,311.16,0.44,0.38,2026-09-17,1707,N,nominal,2.0NRT,292.27,1.11,N
-3.61173,132.95702,312.26,0.44,0.46,2026-09-17,1707,N,nominal,2.0NRT,291.76,2.37,N
-3.61707,132.99254,303.76,0.44,0.46,2026-09-17,1707,N,nominal,2.0NRT,290.92,0.83,N
-3.1504,129.91258,305.57,0.44,0.38,2026-09-17,1707,N,nominal,2.0NRT,292.58,1.75,N
-3.61657,132.96025,310.51,0.44,0.46,2026-09-17,1707,N,nominal,2.0NRT,291.6,1.71,N
-3.61716,132.96419,308.26,0.44,0.46,2026-09-17,1707,N,nominal,2.0NRT,291.25,1.71,N
-3.1539,129.91182,313.66,0.44,0.38,2026-09-17,1707,N,nominal,2.0NRT,292.26,1.53,N
-3.62081,132.95955,304.19,0.44,0.46,2026-09-17,1707,N,nominal,2.0NRT,291.24,0.94,N
-3.62141,132.9635,303.8,0.44,0.46,2026-09-17,1707,N,nominal,2.0NRT,291.08,0.94,N
-3.23634,130.4196,304.52,0.46,0.39,2026-09-17,1707,N,nominal,2.0NRT,291.39,1.26,N
-2.89096,128.1671,308.87,0.39,0.36,2026-09-17,1707,N,nominal,2.0NRT,293.04,1.01,N
-3.24618,130.43524,304.47,0.46,0.39,2026-09-17,1707,N,nominal,2.0NRT,291.08,0.52,N
-2.89429,128.16656,308.73,0.39,0.36,2026-09-17,1707,N,nominal,2.0NRT,293.93,1.38,N
-2.89763,128.16602,318.42,0.39,0.36,2026-09-17,1707,N,nominal,2.0NRT,294.02,1.38,N
-3.22088,130.22516,302.14,0.45,0.39,2026-09-17,1707,N,nominal,2.0NRT,291.91,1.03,N
-2.90041,128.16196,305.08,0.39,0.36,2026-09-17,1707,N,nominal,2.0NRT,293.83,0.72,N
-2.90097,128.16548,309.95,0.39,0.36,2026-09-17,1707,N,nominal,2.0NRT,293.37,0.72,N
-3.25844,130.44243,303.63,0.46,0.39,2026-09-17,1707,N,nominal,2.0NRT,292.3,1.93,N
-2.90375,128.16142,304.13,0.39,0.36,2026-09-17,1707,N,nominal,2.0NRT,292.94,0.72,N
-2.90598,128.15388,324,0.39,0.36,2026-09-17,1707,N,nominal,2.0NRT,292.94,2.21,N
-2.90543,128.15041,305.53,0.39,0.36,2026-09-17,1707,N,nominal,2.0NRT,292.8,1.01,N
-2.90822,128.14639,306.11,0.39,0.36,2026-09-17,1707,N,nominal,2.0NRT,292.86,1.01,N
-3.27724,130.49142,303.98,0.47,0.39,2026-09-17,1707,N,nominal,2.0NRT,292.65,1.55,N
-2.91211,128.14937,315.61,0.39,0.36,2026-09-17,1707,N,nominal,2.0NRT,293.45,1.12,N
-2.91599,128.17389,311.21,0.39,0.36,2026-09-17,1707,N,nominal,2.0NRT,292.16,0.83,N
-3.28151,130.49495,306.77,0.47,0.39,2026-09-17,1707,N,nominal,2.0NRT,292.72,1.27,N
-3.28476,130.5157,304.23,0.47,0.39,2026-09-17,1707,N,nominal,2.0NRT,292.15,0.66,N
-2.91546,128.14891,304.06,0.39,0.36,2026-09-17,1707,N,nominal,2.0NRT,292.67,1.12,N
-2.91657,128.15588,314.2,0.39,0.36,2026-09-17,1707,N,nominal,2.0NRT,293.52,1.72,N
-3.28746,130.48534,305.9,0.47,0.39,2026-09-17,1707,N,nominal,2.0NRT,292.71,1.22,N
-2.9494,128.19014,307.45,0.39,0.36,2026-09-17,1707,N,nominal,2.0NRT,292.09,0.74,N
-6.01035,105.98276,313.14,0.56,0.43,2026-09-17,1847,N,nominal,2.0NRT,292.36,2.81,N
-6.10358,106.16281,312.64,0.38,0.43,2026-09-17,1847,N,nominal,2.0NRT,291.45,1.02,N
-7.30142,111.38685,300.44,0.44,0.63,2026-09-17,1847,N,nominal,2.0NRT,287.82,0.62,N
-7.30727,111.38618,307.49,0.44,0.63,2026-09-17,1847,N,nominal,2.0NRT,287.51,1,N
-7.32244,111.01189,303.83,0.42,0.61,2026-09-17,1847,N,nominal,2.0NRT,287.56,0.35,N
-7.81178,113.28992,304.59,0.61,0.71,2026-09-17,1847,N,nominal,2.0NRT,287.36,0.91,N
-7.8096,113.28738,302.72,0.61,0.71,2026-09-17,1847,N,nominal,2.0NRT,287.57,1.19,N
-7.78776,111.76087,295.35,0.48,0.65,2026-09-17,1847,N,nominal,2.0NRT,283.97,1.03,N
-7.79234,111.74938,311.22,0.48,0.65,2026-09-17,1847,N,nominal,2.0NRT,284.06,1.31,N
-7.79816,111.74715,303.94,0.48,0.65,2026-09-17,1847,N,nominal,2.0NRT,283.3,1.31,N
-7.95552,112.49479,320.25,0.54,0.68,2026-09-17,1847,N,nominal,2.0NRT,285.19,1.95,N
-7.95682,112.50426,306.8,0.54,0.68,2026-09-17,1847,N,nominal,2.0NRT,285.5,1.95,N
-7.95219,112.49271,314.47,0.54,0.68,2026-09-17,1847,N,nominal,2.0NRT,285.02,2.99,N
-7.95363,112.50399,303.91,0.54,0.68,2026-09-17,1847,N,nominal,2.0NRT,285.71,2.86,N
-7.97449,112.46693,328.25,0.54,0.68,2026-09-17,1847,N,nominal,2.0NRT,284.24,7.23,N
-7.97494,112.47035,328.14,0.54,0.68,2026-09-17,1847,N,nominal,2.0NRT,285.29,5.75,N
-7.9817,112.47315,315.62,0.54,0.68,2026-09-17,1847,N,nominal,2.0NRT,284.34,3.21,N
29.76253,120.20705,302.1,0.36,0.57,2026-09-17,1838,N,nominal,2.0NRT,286.67,0.37,N
29.15231,119.53812,303.79,0.34,0.56,2026-09-17,1838,N,nominal,2.0NRT,287.82,0.86,N
28.89074,118.8675,301.92,0.62,0.54,2026-09-17,1838,N,nominal,2.0NRT,289.43,1.28,N
28.88931,118.87372,303.83,0.62,0.54,2026-09-17,1838,N,nominal,2.0NRT,289.43,1.28,N
29.25099,117.17486,306.89,0.49,0.48,2026-09-17,1838,N,nominal,2.0NRT,287.7,1.19,N
28.94915,118.48006,301.87,0.59,0.53,2026-09-17,1838,N,nominal,2.0NRT,288.03,0.75,N
28.62849,117.38093,307.7,0.51,0.5,2026-09-17,1838,N,nominal,2.0NRT,288.86,0.9,N
28.62835,117.37967,309.84,0.52,0.5,2026-09-17,1838,N,nominal,2.0NRT,288.96,1.65,N
28.336,117.21252,304.73,0.51,0.49,2026-09-17,1838,N,nominal,2.0NRT,290.37,1.93,N
28.33605,117.21132,305.7,0.51,0.49,2026-09-17,1838,N,nominal,2.0NRT,289.92,1.08,N
28.33385,117.22157,308.62,0.51,0.49,2026-09-17,1838,N,nominal,2.0NRT,290.18,1.87,N
28.49449,116.05466,303.39,0.44,0.46,2026-09-17,1838,N,nominal,2.0NRT,288.05,0.38,N
28.18171,114.6312,302.8,0.55,0.43,2026-09-17,1838,N,nominal,2.0NRT,285.86,0.55,N
26.73419,119.63464,330.16,0.38,0.59,2026-09-17,1838,N,nominal,2.0NRT,290.97,3.24,N
26.78327,117.77503,301.76,0.59,0.53,2026-09-17,1838,N,nominal,2.0NRT,289.47,0.62,N
26.25998,117.60557,304.95,0.59,0.53,2026-09-17,1838,N,nominal,2.0NRT,290.65,2.49,N
26.66662,106.35712,306.48,0.43,0.38,2026-09-17,1841,N,nominal,2.0NRT,289.26,1.53,N
24.8632,116.19908,306.05,0.52,0.5,2026-09-17,1841,N,nominal,2.0NRT,289.07,0.76,N
24.7386,116.18235,312.57,0.52,0.5,2026-09-17,1841,N,nominal,2.0NRT,289.69,1.73,N
25.63497,110.65911,306.73,0.41,0.37,2026-09-17,1841,N,nominal,2.0NRT,290.7,0.51,N
26.56364,101.67685,308.12,0.49,0.49,2026-09-17,1841,N,nominal,2.0NRT,288.15,4.51,N
24.70932,111.38777,306.63,0.44,0.38,2026-09-17,1841,N,nominal,2.0NRT,291.7,1.35,N
24.18513,113.9522,316.32,0.4,0.44,2026-09-17,1841,N,nominal,2.0NRT,288.52,1.68,N
24.27816,113.42369,309.32,0.55,0.43,2026-09-17,1841,N,nominal,2.0NRT,291.13,2.82,N
24.17298,112.76099,313.61,0.51,0.41,2026-09-17,1841,N,nominal,2.0NRT,288.71,2.45,N
23.66417,114.32094,307.75,0.43,0.46,2026-09-17,1841,N,nominal,2.0NRT,292.25,1.73,N
25.31199,103.87719,297.39,0.53,0.42,2026-09-17,1841,N,nominal,2.0NRT,287.15,0.77,N
25.29389,103.89615,299.62,0.53,0.42,2026-09-17,1841,N,nominal,2.0NRT,287.64,0.74,N
23.60934,114.2049,307.39,0.42,0.45,2026-09-17,1841,N,nominal,2.0NRT,292.32,1.75,N
23.56849,114.29547,307.08,0.43,0.46,2026-09-17,1841,N,nominal,2.0NRT,293.12,1.56,N
25.42208,102.45222,301.07,0.43,0.46,2026-09-17,1841,N,nominal,2.0NRT,285.58,1.22,N
23.70223,113.43261,308.24,0.57,0.43,2026-09-17,1841,N,nominal,2.0NRT,291.64,1.03,N
23.6983,113.43169,309.81,0.57,0.43,2026-09-17,1841,N,nominal,2.0NRT,291.57,1.24,N
24.38831,109.38081,311.43,0.39,0.36,2026-09-17,1841,N,nominal,2.0NRT,292.57,1.05,N
24.38768,109.38464,310.49,0.39,0.36,2026-09-17,1841,N,nominal,2.0NRT,292.04,1.05,N
24.38308,109.39163,311.91,0.39,0.36,2026-09-17,1841,N,nominal,2.0NRT,292.08,1.59,N
23.51958,113.09949,308.33,0.55,0.43,2026-09-17,1841,N,nominal,2.0NRT,292.56,1.55,N
25.38188,99.30583,303.67,0.33,0.56,2026-09-17,1841,N,nominal,2.0NRT,286.36,0.52,N
25.06475,101.56851,301.67,0.48,0.48,2026-09-17,1841,N,nominal,2.0NRT,286.34,1.26,N
24.93366,102.42251,297.97,0.42,0.46,2026-09-17,1841,N,nominal,2.0NRT,286.05,0.69,N
23.8938,109.54512,307.07,0.39,0.37,2026-09-17,1841,N,nominal,2.0NRT,291.93,0.84,N
23.89316,109.549,307,0.4,0.37,2026-09-17,1841,N,nominal,2.0NRT,291.96,1.02,N
25.07108,99.2869,303.23,0.33,0.55,2026-09-17,1841,N,nominal,2.0NRT,284.16,1.26,N
23.49826,110.4946,308.88,0.42,0.38,2026-09-17,1841,N,nominal,2.0NRT,293.04,1.42,N
23.37391,111.1647,312.48,0.45,0.39,2026-09-17,1841,N,nominal,2.0NRT,294.95,1.46,N
23.37196,111.15504,311.87,0.45,0.39,2026-09-17,1841,N,nominal,2.0NRT,294.87,2.19,N
23.36766,111.15865,325.83,0.45,0.39,2026-09-17,1841,N,nominal,2.0NRT,293.61,2.19,N
23.24424,111.57738,317.57,0.47,0.39,2026-09-17,1841,N,nominal,2.0NRT,294.52,1.69,N
23.24145,111.57216,315.6,0.46,0.39,2026-09-17,1841,N,nominal,2.0NRT,294.11,3.49,N
23.56708,109.68169,304.56,0.4,0.37,2026-09-17,1841,N,nominal,2.0NRT,291.31,1.37,N
23.05329,111.99992,304.15,0.49,0.4,2026-09-17,1841,N,nominal,2.0NRT,292.64,0.75,N
23.14389,109.35557,314.3,0.4,0.37,2026-09-17,1841,N,nominal,2.0NRT,292.29,1.61,N
22.76692,110.4231,312.04,0.42,0.38,2026-09-17,1841,N,nominal,2.0NRT,293.82,0.81,N
22.92563,109.46576,309.52,0.4,0.37,2026-09-17,1841,N,nominal,2.0NRT,291.99,0.95,N
23.14468,107.79609,306.91,0.38,0.36,2026-09-17,1841,N,nominal,2.0NRT,291.12,1.06,N
23.1254,107.65794,314.39,0.39,0.36,2026-09-17,1841,N,nominal,2.0NRT,291.68,1.46,N
22.37096,111.96219,306.06,0.5,0.41,2026-09-17,1841,N,nominal,2.0NRT,292.28,0.86,N
22.70756,109.8061,316.53,0.41,0.37,2026-09-17,1841,N,nominal,2.0NRT,292.99,1.42,N
22.66054,107.90099,309.58,0.38,0.36,2026-09-17,1841,N,nominal,2.0NRT,292.36,1.14,N
22.65723,107.90038,317.2,0.38,0.36,2026-09-17,1841,N,nominal,2.0NRT,292.7,1.14,N
22.52309,107.80762,320.18,0.38,0.36,2026-09-17,1841,N,nominal,2.0NRT,291.92,1.52,N
22.5225,107.81134,304.68,0.38,0.36,2026-09-17,1841,N,nominal,2.0NRT,291.28,1.52,N
22.18126,107.78559,306.86,0.38,0.36,2026-09-17,1841,N,nominal,2.0NRT,290.69,0.59,N
21.51983,109.51106,305.99,0.41,0.37,2026-09-17,1841,N,nominal,2.0NRT,292.78,0.98,N
21.68396,108.41376,307.33,0.39,0.36,2026-09-17,1841,N,nominal,2.0NRT,293.78,1.67,N
21.67793,108.40881,315.76,0.39,0.36,2026-09-17,1841,N,nominal,2.0NRT,294.07,2.74,N
21.67732,108.41253,309.61,0.39,0.36,2026-09-17,1841,N,nominal,2.0NRT,294.46,1.68,N
21.56048,108.44126,337.89,0.39,0.36,2026-09-17,1841,N,nominal,2.0NRT,294.88,5.49,N
22.63034,100.73566,297.36,0.5,0.49,2026-09-17,1841,N,nominal,2.0NRT,280.71,0.98,N
21.56051,108.39903,309.41,0.39,0.36,2026-09-17,1841,N,nominal,2.0NRT,295.78,1.95,N
21.5563,108.38293,312.24,0.39,0.36,2026-09-17,1841,N,nominal,2.0NRT,293.01,2.24,N
21.55509,108.39037,310.92,0.39,0.36,2026-09-17,1841,N,nominal,2.0NRT,293.16,2.41,N
21.55388,108.3978,317.96,0.39,0.36,2026-09-17,1841,N,nominal,2.0NRT,292.91,1.87,N
21.54724,108.39658,309.57,0.39,0.36,2026-09-17,1841,N,nominal,2.0NRT,294.41,1.66,N
21.54393,108.39596,308.55,0.39,0.36,2026-09-17,1841,N,nominal,2.0NRT,294.32,2.05,N
21.06105,110.49876,312.59,0.44,0.39,2026-09-17,1841,N,nominal,2.0NRT,294.16,1.94,N
21.0603,110.503,309.73,0.44,0.39,2026-09-17,1841,N,nominal,2.0NRT,294.11,1.94,N
21.05774,110.47617,310.43,0.44,0.39,2026-09-17,1841,N,nominal,2.0NRT,294.35,2.5,N
21.05272,110.48389,332.39,0.44,0.39,2026-09-17,1841,N,nominal,2.0NRT,295.86,4.63,N
21.02675,107.09343,305.42,0.39,0.36,2026-09-17,1841,N,nominal,2.0NRT,290.87,0.76,N
21.02761,107.04425,307.03,0.39,0.36,2026-09-17,1841,N,nominal,2.0NRT,290.96,0.52,N
21.03982,106.58842,309.85,0.39,0.36,2026-09-17,1841,N,nominal,2.0NRT,291.12,1,N
21.01875,106.53153,330.52,0.39,0.36,2026-09-17,1841,N,nominal,2.0NRT,291.18,2.72,N
19.23624,108.94283,305.82,0.41,0.37,2026-09-17,1841,N,nominal,2.0NRT,292.98,1.19,N
20.86695,96.39072,300.01,0.45,0.63,2026-09-17,1841,N,nominal,2.0NRT,275.08,0.64,N
-2.78639,111.82384,303.68,0.41,0.61,2026-09-17,1845,N,nominal,2.0NRT,281.81,1.03,N
-2.85597,102.95873,349.66,0.39,0.36,2026-09-17,1847,N,nominal,2.0NRT,301.19,13.77,N
8.03104,102.31466,318.52,0.42,0.38,2026-09-17,1843,N,nominal,2.0NRT,288.63,4.92,N
8.03258,102.31492,308.56,0.42,0.38,2026-09-17,1843,N,nominal,2.0NRT,288.69,2.83,N
8.02912,102.31438,319.3,0.42,0.38,2026-09-17,1843,N,nominal,2.0NRT,288.79,2.83,N
5.51761,105.67094,309.15,0.41,0.37,2026-09-17,1843,N,nominal,2.0NRT,279.47,0.88,N
4.57685,103.44038,308.28,0.38,0.36,2026-09-17,1845,N,nominal,2.0NRT,280.23,0.31,N
4.57521,103.45074,316.72,0.38,0.36,2026-09-17,1845,N,nominal,2.0NRT,283.98,1.14,N
4.28755,103.4269,310.02,0.38,0.36,2026-09-17,1845,N,nominal,2.0NRT,270.07,1.27,N
1.49764,103.56364,302.6,0.39,0.36,2026-09-17,1845,N,nominal,2.0NRT,279.29,0.39,N
0.61469,101.48866,309.78,0.4,0.37,2026-09-17,1845,N,nominal,2.0NRT,265.91,1.26,N
0.17524,103.64231,301.71,0.39,0.36,2026-09-17,1845,N,nominal,2.0NRT,284.36,0.42,N
0.17189,103.64179,301.75,0.39,0.36,2026-09-17,1845,N,nominal,2.0NRT,283.32,0.42,N
0.08025,103.495,301.06,0.39,0.36,2026-09-17,1845,N,nominal,2.0NRT,282.7,0.39,N
-1.18459,110.04514,310.27,0.59,0.53,2026-09-17,1845,N,nominal,2.0NRT,283.82,3.55,N
-0.10794,103.1664,307.25,0.39,0.36,2026-09-17,1845,N,nominal,2.0NRT,291.94,1.87,N
-0.12344,103.11785,330.99,0.39,0.36,2026-09-17,1845,N,nominal,2.0NRT,293.14,1.97,N
-0.1229,103.11439,306.16,0.39,0.36,2026-09-17,1845,N,nominal,2.0NRT,291.62,1.97,N
-0.12622,103.11387,341.72,0.39,0.36,2026-09-17,1845,N,nominal,2.0NRT,296.46,7.04,N
-0.12677,103.11733,336.16,0.39,0.36,2026-09-17,1845,N,nominal,2.0NRT,294.7,7.04,N
-0.12955,103.11334,345.01,0.39,0.36,2026-09-17,1845,N,nominal,2.0NRT,296.29,7.04,N
-0.1301,103.11681,344.03,0.39,0.36,2026-09-17,1845,N,nominal,2.0NRT,295.57,7.04,N
-0.13288,103.11282,326.97,0.39,0.36,2026-09-17,1845,N,nominal,2.0NRT,293.66,1.81,N
-0.13343,103.11629,317.46,0.39,0.36,2026-09-17,1845,N,nominal,2.0NRT,291.82,1.81,N
-1.12565,109.47759,308.98,0.54,0.5,2026-09-17,1845,N,nominal,2.0NRT,288.68,1.73,N
-1.12713,109.48724,305.56,0.54,0.51,2026-09-17,1845,N,nominal,2.0NRT,288.73,1.65,N
-1.12787,109.49207,309.78,0.54,0.51,2026-09-17,1845,N,nominal,2.0NRT,289.16,1.65,N
-0.13621,103.1123,305.84,0.39,0.36,2026-09-17,1845,N,nominal,2.0NRT,290.91,1.81,N
-0.1357,103.08756,322.69,0.39,0.36,2026-09-17,1845,N,nominal,2.0NRT,292.56,1.53,N
-0.13625,103.09102,322.79,0.39,0.36,2026-09-17,1845,N,nominal,2.0NRT,292.52,2.09,N
-0.13903,103.08704,304.57,0.39,0.36,2026-09-17,1845,N,nominal,2.0NRT,290.7,1.53,N
-1.82045,113.46507,301.48,0.51,0.66,2026-09-17,1845,N,nominal,2.0NRT,281.86,1.51,N
-1.81925,113.46671,299.35,0.51,0.66,2026-09-17,1845,N,nominal,2.0NRT,282.03,1.84,N
0.07487,101.05886,297.82,0.4,0.37,2026-09-17,1845,N,nominal,2.0NRT,279.53,0.83,N
0.07146,101.0584,314.79,0.4,0.37,2026-09-17,1845,N,nominal,2.0NRT,283.67,2.17,N
-1.86119,113.36993,308.88,0.51,0.66,2026-09-17,1845,N,nominal,2.0NRT,285.63,4.36,N
-1.8619,113.37457,305.54,0.51,0.66,2026-09-17,1845,N,nominal,2.0NRT,285.59,1.59,N
-1.86801,113.37352,305.08,0.51,0.66,2026-09-17,1845,N,nominal,2.0NRT,285.02,1.59,N
-1.41715,110.12618,304.03,0.6,0.53,2026-09-17,1845,N,nominal,2.0NRT,288.8,1.62,N
-1.41912,110.12451,319.43,0.6,0.53,2026-09-17,1845,N,nominal,2.0NRT,289.67,3.64,N
-1.46823,110.15012,304.29,0.6,0.53,2026-09-17,1845,N,nominal,2.0NRT,289.24,1.82,N
-1.46907,110.15554,307.05,0.6,0.53,2026-09-17,1845,N,nominal,2.0NRT,289.54,2.11,N
-1.4733,110.18297,315.86,0.6,0.53,2026-09-17,1845,N,nominal,2.0NRT,289.44,3.84,N
-1.4698,110.12774,304.76,0.6,0.53,2026-09-17,1845,N,nominal,2.0NRT,288.99,0.96,N
-1.47398,110.15479,307.99,0.6,0.53,2026-09-17,1845,N,nominal,2.0NRT,289.1,1.66,N
-1.47482,110.16023,303.41,0.6,0.53,2026-09-17,1845,N,nominal,2.0NRT,289.1,1.66,N
-1.47822,110.18218,308.48,0.6,0.53,2026-09-17,1845,N,nominal,2.0NRT,288.83,2.91,N
-1.48957,110.15795,305.23,0.6,0.53,2026-09-17,1845,N,nominal,2.0NRT,289.02,2.23,N
-1.51922,110.28307,319.9,0.62,0.54,2026-09-17,1845,N,nominal,2.0NRT,289.63,3.14,N
-1.52009,110.28867,313.86,0.62,0.54,2026-09-17,1845,N,nominal,2.0NRT,289.19,3.14,N
-1.51982,110.25453,328.83,0.61,0.54,2026-09-17,1845,N,nominal,2.0NRT,290.27,3.66,N
-1.52069,110.26006,352.91,0.61,0.54,2026-09-17,1845,N,nominal,2.0NRT,291.57,11.81,N
-1.52156,110.26559,347.02,0.61,0.54,2026-09-17,1845,N,nominal,2.0NRT,290.9,11.81,N
-1.52243,110.27114,343.37,0.61,0.54,2026-09-17,1845,N,nominal,2.0NRT,290.53,7.55,N
-1.51809,110.24348,309.63,0.61,0.54,2026-09-17,1845,N,nominal,2.0NRT,289.23,4.26,N
-1.51895,110.24901,318.89,0.61,0.54,2026-09-17,1845,N,nominal,2.0NRT,289.65,3.66,N
-1.5233,110.27673,310.39,0.61,0.54,2026-09-17,1845,N,nominal,2.0NRT,289.17,7.55,N
-1.52417,110.2823,317,0.62,0.54,2026-09-17,1845,N,nominal,2.0NRT,289.12,3.89,N
-1.52505,110.28786,316.76,0.62,0.54,2026-09-17,1845,N,nominal,2.0NRT,288.75,3.89,N
-1.52738,110.27038,339.6,0.61,0.54,2026-09-17,1845,N,nominal,2.0NRT,289.86,7.55,N
-1.52826,110.27596,333.09,0.61,0.54,2026-09-17,1845,N,nominal,2.0NRT,290.05,7.55,N
-1.5239,110.24824,310.49,0.61,0.54,2026-09-17,1845,N,nominal,2.0NRT,288.78,3.66,N
-1.52477,110.25377,307.18,0.61,0.54,2026-09-17,1845,N,nominal,2.0NRT,288.88,3.66,N
-1.52564,110.25929,306.82,0.61,0.54,2026-09-17,1845,N,nominal,2.0NRT,288.78,11.81,N
-1.50732,110.11079,308.12,0.6,0.53,2026-09-17,1845,N,nominal,2.0NRT,289.68,2.2,N
-1.53322,110.2752,313.65,0.61,0.54,2026-09-17,1845,N,nominal,2.0NRT,288.75,3.15,N
-2.08219,113.74068,320.42,0.54,0.68,2026-09-17,1845,N,nominal,2.0NRT,279.25,1.88,N
-2.08141,113.73566,301.5,0.54,0.68,2026-09-17,1845,N,nominal,2.0NRT,283.47,1.88,N
-2.08847,113.73969,329.59,0.54,0.68,2026-09-17,1845,N,nominal,2.0NRT,284.47,7.61,N
-1.52747,110.17468,306.02,0.6,0.53,2026-09-17,1845,N,nominal,2.0NRT,289.32,3.1,N
-1.52832,110.18005,310.71,0.61,0.53,2026-09-17,1845,N,nominal,2.0NRT,289.57,4.85,N
-1.52918,110.18551,315.35,0.61,0.53,2026-09-17,1845,N,nominal,2.0NRT,289.62,4.85,N
-1.53005,110.19096,316.8,0.61,0.53,2026-09-17,1845,N,nominal,2.0NRT,289.42,4.85,N
-2.08926,113.74471,300.57,0.54,0.68,2026-09-17,1845,N,nominal,2.0NRT,279.73,3.86,N
-1.53411,110.18474,346.99,0.61,0.53,2026-09-17,1845,N,nominal,2.0NRT,290.11,4.85,N
-1.52546,110.13019,317.47,0.6,0.53,2026-09-17,1845,N,nominal,2.0NRT,289.78,4.39,N
-1.52632,110.13564,317.08,0.6,0.53,2026-09-17,1845,N,nominal,2.0NRT,289.64,3.78,N
-1.53325,110.17928,312.24,0.61,0.53,2026-09-17,1845,N,nominal,2.0NRT,288.93,4.85,N
-1.53123,110.13488,321.08,0.6,0.53,2026-09-17,1845,N,nominal,2.0NRT,289.34,9.1,N
-1.5321,110.14034,349.09,0.6,0.53,2026-09-17,1845,N,nominal,2.0NRT,290.77,9.1,N
-1.53296,110.14574,329.22,0.6,0.53,2026-09-17,1845,N,nominal,2.0NRT,290.03,6.07,N
-1.53383,110.15121,324.84,0.6,0.53,2026-09-17,1845,N,nominal,2.0NRT,289.79,6.07,N
-1.53036,110.12942,313.09,0.6,0.53,2026-09-17,1845,N,nominal,2.0NRT,289.29,2.79,N
-1.5347,110.15668,319.25,0.6,0.53,2026-09-17,1845,N,nominal,2.0NRT,289.74,3.01,N
-1.53558,110.16219,305.01,0.6,0.53,2026-09-17,1845,N,nominal,2.0NRT,288.9,3.01,N
-1.53645,110.16772,304.93,0.6,0.53,2026-09-17,1845,N,nominal,2.0NRT,289.14,1.88,N
-1.54049,110.16142,324.18,0.6,0.53,2026-09-17,1845,N,nominal,2.0NRT,289.31,3.01,N
-1.54137,110.16693,305.65,0.6,0.53,2026-09-17,1845,N,nominal,2.0NRT,288.64,1.88,N
-1.54542,110.16067,339.32,0.6,0.53,2026-09-17,1845,N,nominal,2.0NRT,290.68,22.2,N
-1.54629,110.16615,326.28,0.6,0.53,2026-09-17,1845,N,nominal,2.0NRT,289.13,10.76,N
-1.57242,110.29788,307.38,0.62,0.54,2026-09-17,1845,N,nominal,2.0NRT,288.89,2.13,N
-1.52669,110.1963,305.57,0.61,0.53,2026-09-17,1845,N,nominal,2.0NRT,289.11,1.6,N
-1.52997,110.18456,322.34,0.61,0.53,2026-09-17,1845,N,nominal,2.0NRT,289.98,5.35,N
-1.53079,110.19003,326.41,0.61,0.53,2026-09-17,1845,N,nominal,2.0NRT,289.67,5.35,N
-1.52834,110.17371,303.95,0.61,0.53,2026-09-17,1845,N,nominal,2.0NRT,289.05,2.43,N
-1.52915,110.17912,316.47,0.61,0.53,2026-09-17,1845,N,nominal,2.0NRT,289.73,2.43,N
-1.52748,110.1346,330.93,0.6,0.53,2026-09-17,1845,N,nominal,2.0NRT,290.01,6.41,N
-1.5349,110.18378,340.41,0.61,0.53,2026-09-17,1845,N,nominal,2.0NRT,289.63,9.7,N
-1.52666,110.12914,318.53,0.6,0.53,2026-09-17,1845,N,nominal,2.0NRT,289.58,6.41,N
-1.5283,110.14005,317.36,0.6,0.53,2026-09-17,1845,N,nominal,2.0NRT,290.01,7.21,N
-1.53322,110.1393,338.77,0.6,0.53,2026-09-17,1845,N,nominal,2.0NRT,289.59,7.21,N
-1.53404,110.14471,337.06,0.6,0.53,2026-09-17,1845,N,nominal,2.0NRT,290.2,7.21,N
-1.53486,110.15017,320.5,0.6,0.53,2026-09-17,1845,N,nominal,2.0NRT,289.54,4.83,N
-1.53569,110.15565,324.93,0.6,0.53,2026-09-17,1845,N,nominal,2.0NRT,289.59,4.83,N
-1.53653,110.16119,308.81,0.6,0.53,2026-09-17,1845,N,nominal,2.0NRT,289.13,4.12,N
-1.53819,110.1722,303.98,0.61,0.53,2026-09-17,1845,N,nominal,2.0NRT,288.97,3.44,N
-1.54144,110.16041,326.17,0.6,0.53,2026-09-17,1845,N,nominal,2.0NRT,289.33,9.1,N
-1.54228,110.16592,314.68,0.6,0.53,2026-09-17,1845,N,nominal,2.0NRT,289.05,9.1,N
-1.5821,110.42892,304.93,0.63,0.54,2026-09-17,1845,N,nominal,2.0NRT,282.56,1.71,N
-1.58296,110.43465,302.9,0.63,0.54,2026-09-17,1845,N,nominal,2.0NRT,280.21,1.71,N
-1.58383,110.44039,302.85,0.63,0.54,2026-09-17,1845,N,nominal,2.0NRT,276.53,3.64,N
-1.54637,110.15964,339.17,0.6,0.53,2026-09-17,1845,N,nominal,2.0NRT,289.1,9.1,N
-1.5472,110.16514,338.9,0.6,0.53,2026-09-17,1845,N,nominal,2.0NRT,289.82,9.1,N
-2.08472,113.73952,345.98,0.54,0.68,2026-09-17,1845,N,nominal,2.0NRT,285.34,6.31,N
-2.08547,113.74455,315.51,0.54,0.68,2026-09-17,1845,N,nominal,2.0NRT,279.64,6.31,N
-0.39433,102.7142,324.67,0.38,0.36,2026-09-17,1845,N,nominal,2.0NRT,293.47,1.79,N
-0.39378,102.71075,310.75,0.38,0.36,2026-09-17,1845,N,nominal,2.0NRT,292.11,1.79,N
-1.57233,110.29715,306.62,0.62,0.54,2026-09-17,1845,N,nominal,2.0NRT,288.82,2.01,N
-0.39765,102.71368,329.83,0.38,0.36,2026-09-17,1845,N,nominal,2.0NRT,293.35,1.79,N
-0.3971,102.71024,307.99,0.38,0.36,2026-09-17,1845,N,nominal,2.0NRT,291.93,1.79,N
-0.66408,104.3781,318.87,0.41,0.37,2026-09-17,1845,N,nominal,2.0NRT,294.15,4.64,N
-1.60129,110.42011,306.68,0.63,0.54,2026-09-17,1845,N,nominal,2.0NRT,287.76,1.57,N
-1.60479,110.44302,310.71,0.63,0.54,2026-09-17,1845,N,nominal,2.0NRT,286.57,3.07,N
-1.60568,110.4488,303.56,0.63,0.54,2026-09-17,1845,N,nominal,2.0NRT,285.3,5.73,N
-0.4032,102.70575,320.84,0.38,0.36,2026-09-17,1845,N,nominal,2.0NRT,293.35,1.84,N
-1.55685,110.09659,307.6,0.6,0.53,2026-09-17,1845,N,nominal,2.0NRT,289.12,3.23,N
-1.60631,110.41933,305.45,0.63,0.54,2026-09-17,1845,N,nominal,2.0NRT,286.66,1.57,N
-1.60806,110.4308,303.05,0.63,0.54,2026-09-17,1845,N,nominal,2.0NRT,286.04,3.5,N
-1.60894,110.43651,305.23,0.63,0.54,2026-09-17,1845,N,nominal,2.0NRT,287.48,3.07,N
-1.60982,110.44225,309.38,0.63,0.54,2026-09-17,1845,N,nominal,2.0NRT,287.43,3.07,N
-0.40652,102.70522,333.57,0.38,0.36,2026-09-17,1845,N,nominal,2.0NRT,294.88,4.94,N
-0.40707,102.70867,344.85,0.38,0.36,2026-09-17,1845,N,nominal,2.0NRT,299.38,9.2,N
-1.61396,110.43573,305.22,0.63,0.54,2026-09-17,1845,N,nominal,2.0NRT,287.62,4.89,N
-2.12445,113.7896,307.17,0.55,0.68,2026-09-17,1845,N,nominal,2.0NRT,282.15,4.51,N
-0.40984,102.7047,329.83,0.38,0.36,2026-09-17,1845,N,nominal,2.0NRT,293.52,4.94,N
-0.41039,102.70815,319.16,0.38,0.36,2026-09-17,1845,N,nominal,2.0NRT,291.51,9.2,N
-1.56666,110.09508,315.95,0.6,0.53,2026-09-17,1845,N,nominal,2.0NRT,289.46,4.38,N
-1.56988,110.08348,306.43,0.6,0.53,2026-09-17,1845,N,nominal,2.0NRT,288.94,1.63,N
-2.15752,113.79465,309.9,0.55,0.68,2026-09-17,1845,N,nominal,2.0NRT,285.24,5.93,N
-2.16858,113.78252,302.75,0.55,0.68,2026-09-17,1845,N,nominal,2.0NRT,285.17,3.66,N
-2.178,113.80173,304.23,0.55,0.68,2026-09-17,1845,N,nominal,2.0NRT,285.35,2.61,N
-2.18431,113.80069,307.16,0.55,0.68,2026-09-17,1845,N,nominal,2.0NRT,285.1,2.61,N
-2.1808,113.80032,304.84,0.55,0.68,2026-09-17,1845,N,nominal,2.0NRT,285.24,2.03,N
-2.18711,113.79928,302.86,0.55,0.68,2026-09-17,1845,N,nominal,2.0NRT,284.41,2.03,N
-2.18786,113.80438,301.67,0.55,0.68,2026-09-17,1845,N,nominal,2.0NRT,282.89,2.03,N
-1.68448,110.22756,303.48,0.61,0.54,2026-09-17,1845,N,nominal,2.0NRT,289.56,2.89,N
-1.74369,110.54701,299.63,0.32,0.55,2026-09-17,1845,N,nominal,2.0NRT,282.9,0.74,N
-2.11215,112.96189,301.84,0.48,0.65,2026-09-17,1845,N,nominal,2.0NRT,285.16,1.23,N
-0.48901,102.47692,305.39,0.38,0.36,2026-09-17,1845,N,nominal,2.0NRT,292.41,0.74,N
-1.76818,110.24314,304.17,0.62,0.54,2026-09-17,1845,N,nominal,2.0NRT,288.65,2.77,N
-1.77315,110.24238,304.71,0.62,0.54,2026-09-17,1845,N,nominal,2.0NRT,289.26,1.62,N
-1.77812,110.24164,307.09,0.62,0.54,2026-09-17,1845,N,nominal,2.0NRT,288.97,1.62,N
-0.39078,101.41563,298.1,0.39,0.37,2026-09-17,1845,N,nominal,2.0NRT,275.34,0.2,N
-1.76875,110.24647,302.57,0.62,0.54,2026-09-17,1845,N,nominal,2.0NRT,288.47,1.67,N
-1.77869,110.24493,308,0.62,0.54,2026-09-17,1845,N,nominal,2.0NRT,289.05,1.44,N
-1.78197,110.23306,305.72,0.62,0.54,2026-09-17,1845,N,nominal,2.0NRT,288.89,2.04,N
-1.78281,110.23859,306.03,0.62,0.54,2026-09-17,1845,N,nominal,2.0NRT,288.78,2.04,N
-1.78693,110.23227,314,0.62,0.54,2026-09-17,1845,N,nominal,2.0NRT,289.13,3.17,N
-1.78778,110.23782,314.89,0.62,0.54,2026-09-17,1845,N,nominal,2.0NRT,288.91,3.17,N
-0.66727,102.83353,309.48,0.38,0.36,2026-09-17,1845,N,nominal,2.0NRT,288.63,1.12,N
-1.84007,110.24699,315.7,0.62,0.54,2026-09-17,1845,N,nominal,2.0NRT,289.86,2.78,N
-1.84095,110.25259,303.35,0.62,0.54,2026-09-17,1845,N,nominal,2.0NRT,288.86,2.78,N
-1.84505,110.24623,316.98,0.62,0.54,2026-09-17,1845,N,nominal,2.0NRT,289.88,2.78,N
-1.84914,110.23985,303.77,0.62,0.54,2026-09-17,1845,N,nominal,2.0NRT,289.1,1.95,N
-1.85002,110.24549,306.6,0.62,0.54,2026-09-17,1845,N,nominal,2.0NRT,289.05,1.83,N
-1.85412,110.23911,311.98,0.62,0.54,2026-09-17,1845,N,nominal,2.0NRT,289.36,1.95,N
-0.68389,102.83093,311.14,0.38,0.36,2026-09-17,1845,N,nominal,2.0NRT,287.36,1.23,N
-1.8582,110.23271,308.14,0.62,0.54,2026-09-17,1845,N,nominal,2.0NRT,289.38,2.43,N
-1.85908,110.2383,313.86,0.62,0.54,2026-09-17,1845,N,nominal,2.0NRT,289.43,2.43,N
-1.86198,110.19225,324.25,0.61,0.54,2026-09-17,1845,N,nominal,2.0NRT,289.43,3.2,N
-1.86694,110.1915,307.86,0.61,0.54,2026-09-17,1845,N,nominal,2.0NRT,288.72,3.2,N
-1.88662,110.25132,304.11,0.62,0.54,2026-09-17,1845,N,nominal,2.0NRT,288.94,1.53,N
-1.8546,110.23824,314.89,0.62,0.54,2026-09-17,1845,N,nominal,2.0NRT,289.61,2.51,N
-1.85957,110.23742,315.12,0.62,0.54,2026-09-17,1845,N,nominal,2.0NRT,289.15,2.51,N
-2.00164,111.15398,295.73,0.36,0.57,2026-09-17,1845,N,nominal,2.0NRT,271,0.64,N
-1.8628,110.19125,322.55,0.61,0.54,2026-09-17,1845,N,nominal,2.0NRT,289.51,4,N
-1.86776,110.19048,305.62,0.61,0.54,2026-09-17,1845,N,nominal,2.0NRT,288.85,0.82,N
-1.88698,110.25043,303.01,0.62,0.54,2026-09-17,1845,N,nominal,2.0NRT,289.03,1.06,N
-1.88262,110.18809,307.24,0.61,0.54,2026-09-17,1845,N,nominal,2.0NRT,289.61,2.47,N
-1.88346,110.19362,317.72,0.61,0.54,2026-09-17,1845,N,nominal,2.0NRT,290.03,2.47,N
-1.88757,110.18726,305.86,0.61,0.54,2026-09-17,1845,N,nominal,2.0NRT,289.35,2.88,N
-1.89168,110.18093,311.75,0.61,0.54,2026-09-17,1845,N,nominal,2.0NRT,289.68,4.19,N
-2.63807,114.95747,307.17,0.66,0.73,2026-09-17,1845,N,nominal,2.0NRT,282.5,4.59,N
-2.63899,114.96362,298.46,0.66,0.73,2026-09-17,1845,N,nominal,2.0NRT,281.86,3.6,N
-2.64489,114.95643,311.13,0.66,0.73,2026-09-17,1845,N,nominal,2.0NRT,283.21,3.07,N
-2.65078,114.94926,306.95,0.66,0.73,2026-09-17,1845,N,nominal,2.0NRT,281.72,3.07,N
-2.65171,114.95541,305.84,0.66,0.73,2026-09-17,1845,N,nominal,2.0NRT,283.53,3.07,N
-2.09685,111.1722,307.5,0.36,0.57,2026-09-17,1845,N,nominal,2.0NRT,274.19,0.74,N
-0.70933,102.35013,303.45,0.38,0.36,2026-09-17,1845,N,nominal,2.0NRT,286.95,0.68,N
-1.96374,110.2847,308.43,0.63,0.54,2026-09-17,1845,N,nominal,2.0NRT,289.07,2.81,N
-1.96874,110.28399,320.47,0.63,0.54,2026-09-17,1845,N,nominal,2.0NRT,289.3,2.81,N
-0.82002,102.98331,298.31,0.39,0.36,2026-09-17,1845,N,nominal,2.0NRT,274.11,0.33,N
-2.03946,110.63491,305.36,0.33,0.55,2026-09-17,1845,N,nominal,2.0NRT,288.38,0.7,N
-2.03997,110.63815,309.43,0.33,0.55,2026-09-17,1845,N,nominal,2.0NRT,288.19,0.7,N
-1.96807,110.28339,324.61,0.63,0.54,2026-09-17,1845,N,nominal,2.0NRT,289.54,5.01,N
-2.03656,110.63833,307.88,0.33,0.55,2026-09-17,1845,N,nominal,2.0NRT,288.9,1.27,N
-2.39128,112.82221,308.81,0.47,0.64,2026-09-17,1845,N,nominal,2.0NRT,282.87,2.03,N
-2.41298,112.92637,307.2,0.48,0.65,2026-09-17,1845,N,nominal,2.0NRT,282.72,1.84,N
-0.78779,102.3132,313.25,0.38,0.36,2026-09-17,1845,N,nominal,2.0NRT,288.34,1.26,N
-2.50339,113.27877,302.96,0.51,0.66,2026-09-17,1845,N,nominal,2.0NRT,285.41,1.27,N
-2.24335,111.46545,302.65,0.38,0.59,2026-09-17,1845,N,nominal,2.0NRT,287.3,1.27,N
-2.24388,111.46889,304.74,0.38,0.59,2026-09-17,1845,N,nominal,2.0NRT,287.3,1.06,N
-2.24825,111.46118,321.27,0.38,0.59,2026-09-17,1845,N,nominal,2.0NRT,286.39,1.27,N
-2.24879,111.46462,302.19,0.38,0.59,2026-09-17,1845,N,nominal,2.0NRT,285.22,1.27,N
-2.24985,111.4715,303.07,0.38,0.59,2026-09-17,1845,N,nominal,2.0NRT,286.59,1.06,N
-2.25039,111.47495,310.46,0.38,0.59,2026-09-17,1845,N,nominal,2.0NRT,287.94,1.58,N
-2.25092,111.47839,310.43,0.38,0.59,2026-09-17,1845,N,nominal,2.0NRT,287.89,1.58,N
-2.25146,111.48186,309.35,0.38,0.59,2026-09-17,1845,N,nominal,2.0NRT,287.64,1.71,N
-2.5417,113.36445,302.04,0.52,0.67,2026-09-17,1845,N,nominal,2.0NRT,285.39,1.77,N
-2.25422,111.46378,328.67,0.38,0.59,2026-09-17,1845,N,nominal,2.0NRT,290.27,3.78,N
-2.2553,111.47068,326.88,0.38,0.59,2026-09-17,1845,N,nominal,2.0NRT,290.53,3.44,N
-2.25583,111.47412,320.1,0.38,0.59,2026-09-17,1845,N,nominal,2.0NRT,287.71,1.79,N
-2.25744,111.48448,345.79,0.38,0.59,2026-09-17,1845,N,nominal,2.0NRT,290.12,4.02,N
-2.25798,111.48795,333.11,0.38,0.59,2026-09-17,1845,N,nominal,2.0NRT,288.24,3.67,N
-2.25476,111.46722,319.45,0.38,0.59,2026-09-17,1845,N,nominal,2.0NRT,289.24,3.44,N
-2.25637,111.47757,304.09,0.38,0.59,2026-09-17,1845,N,nominal,2.0NRT,283.75,1.79,N
-2.2569,111.48103,311.75,0.38,0.59,2026-09-17,1845,N,nominal,2.0NRT,284.54,4.02,N
-2.54788,113.3635,302.3,0.52,0.67,2026-09-17,1845,N,nominal,2.0NRT,285.79,1.65,N
-2.25966,111.46294,332.15,0.38,0.59,2026-09-17,1845,N,nominal,2.0NRT,290.13,3.78,N
-2.2602,111.46638,324.55,0.38,0.59,2026-09-17,1845,N,nominal,2.0NRT,289.47,3.44,N
-2.26074,111.46985,320.25,0.38,0.59,2026-09-17,1845,N,nominal,2.0NRT,288.96,3.44,N
-2.26289,111.48368,326.56,0.38,0.59,2026-09-17,1845,N,nominal,2.0NRT,287.93,4.02,N
-2.25912,111.45949,308.06,0.38,0.59,2026-09-17,1845,N,nominal,2.0NRT,288.21,3.78,N
-2.26128,111.4733,311.84,0.38,0.59,2026-09-17,1845,N,nominal,2.0NRT,286.63,1.79,N
-2.26181,111.47676,297.51,0.38,0.59,2026-09-17,1845,N,nominal,2.0NRT,282.69,1.79,N
-2.26235,111.48022,314.94,0.38,0.59,2026-09-17,1845,N,nominal,2.0NRT,286.48,4.02,N
-2.26343,111.48713,316.91,0.38,0.59,2026-09-17,1845,N,nominal,2.0NRT,285.18,3.67,N
-2.55479,113.36732,302.78,0.52,0.67,2026-09-17,1845,N,nominal,2.0NRT,286.1,1.65,N
-2.55625,113.37679,301.98,0.52,0.67,2026-09-17,1845,N,nominal,2.0NRT,285.69,2.34,N
-2.56098,113.36642,301.2,0.52,0.67,2026-09-17,1845,N,nominal,2.0NRT,285.77,2.84,N
-2.56171,113.37113,301.15,0.52,0.67,2026-09-17,1845,N,nominal,2.0NRT,285.94,1.35,N
-2.56244,113.37586,302.07,0.52,0.67,2026-09-17,1845,N,nominal,2.0NRT,285.93,1.35,N
-2.5679,113.37025,304.16,0.52,0.67,2026-09-17,1845,N,nominal,2.0NRT,285.94,1.35,N
-2.56864,113.37497,311.27,0.52,0.67,2026-09-17,1845,N,nominal,2.0NRT,286.18,1.35,N
-2.57483,113.37408,304.51,0.52,0.67,2026-09-17,1845,N,nominal,2.0NRT,285.98,1.48,N
-2.26114,111.46346,326.46,0.38,0.59,2026-09-17,1845,N,nominal,2.0NRT,289.68,2.95,N
-2.26422,111.48425,324.56,0.38,0.59,2026-09-17,1845,N,nominal,2.0NRT,287.73,2.58,N
-2.26063,111.46001,309.47,0.38,0.59,2026-09-17,1845,N,nominal,2.0NRT,288.26,2.95,N
-2.26165,111.46692,317.83,0.38,0.59,2026-09-17,1845,N,nominal,2.0NRT,289.18,2.71,N
-2.26217,111.47038,314.98,0.38,0.59,2026-09-17,1845,N,nominal,2.0NRT,288.38,2.71,N
-2.26268,111.47385,308.1,0.38,0.59,2026-09-17,1845,N,nominal,2.0NRT,286.32,2.45,N
-2.2637,111.48077,309.97,0.38,0.59,2026-09-17,1845,N,nominal,2.0NRT,286.1,2.58,N
-2.26473,111.48773,303.61,0.38,0.59,2026-09-17,1845,N,nominal,2.0NRT,285.6,1.59,N
-2.54061,113.36357,302.49,0.52,0.67,2026-09-17,1845,N,nominal,2.0NRT,286.19,1.41,N
-2.54679,113.36262,300.77,0.52,0.67,2026-09-17,1845,N,nominal,2.0NRT,285.14,1.41,N
-2.55367,113.36641,302,0.52,0.67,2026-09-17,1845,N,nominal,2.0NRT,286.2,1.31,N
-0.86927,102.31458,339.54,0.38,0.36,2026-09-17,1845,N,nominal,2.0NRT,283.17,8.17,N
-0.86982,102.31801,301.14,0.38,0.36,2026-09-17,1845,N,nominal,2.0NRT,279.93,1.35,N
-1.17435,104.2478,309.15,0.41,0.37,2026-09-17,1845,N,nominal,2.0NRT,260.71,0.37,N
-2.55985,113.36549,300.51,0.52,0.67,2026-09-17,1845,N,nominal,2.0NRT,285.72,1.31,N
-2.56055,113.37021,301.85,0.52,0.67,2026-09-17,1845,N,nominal,2.0NRT,285.76,1.31,N
-2.56125,113.37495,302.06,0.52,0.67,2026-09-17,1845,N,nominal,2.0NRT,285.82,2.66,N
-0.8726,102.31406,305.33,0.38,0.36,2026-09-17,1845,N,nominal,2.0NRT,282.92,1.54,N
-1.17778,104.24726,305.26,0.41,0.37,2026-09-17,1845,N,nominal,2.0NRT,258.23,0.88,N
-2.56674,113.36929,303.48,0.52,0.67,2026-09-17,1845,N,nominal,2.0NRT,286.04,3.3,N
-2.56744,113.37404,308.41,0.52,0.67,2026-09-17,1845,N,nominal,2.0NRT,286.37,1.6,N
-2.56814,113.37878,305.38,0.52,0.67,2026-09-17,1845,N,nominal,2.0NRT,286.09,1.6,N
-2.57364,113.37313,306.7,0.52,0.67,2026-09-17,1845,N,nominal,2.0NRT,285.65,1.6,N
-0.87924,102.31303,316.84,0.38,0.36,2026-09-17,1845,N,nominal,2.0NRT,283.59,1.6,N
-1.18348,104.23881,295.31,0.41,0.37,2026-09-17,1845,N,nominal,2.0NRT,254.38,0.17,N
-2.10954,110.23784,305.22,0.62,0.54,2026-09-17,1845,N,nominal,2.0NRT,288.45,1.72,N
-0.88256,102.31252,304.49,0.38,0.36,2026-09-17,1845,N,nominal,2.0NRT,281.43,1.6,N
-0.88365,102.31939,302.08,0.38,0.36,2026-09-17,1845,N,nominal,2.0NRT,277.21,1.94,N
-1.18691,104.23827,296.95,0.41,0.37,2026-09-17,1845,N,nominal,2.0NRT,259.2,0.17,N
-2.51381,112.84637,299.25,0.48,0.64,2026-09-17,1845,N,nominal,2.0NRT,282.03,0.95,N
-2.51979,112.84543,298.66,0.48,0.64,2026-09-17,1845,N,nominal,2.0NRT,281.31,0.95,N
-2.17052,110.46909,301.07,0.32,0.55,2026-09-17,1845,N,nominal,2.0NRT,287.3,0.29,N
-0.85487,102.00923,305.08,0.39,0.36,2026-09-17,1845,N,nominal,2.0NRT,289.83,1.27,N
-0.85929,102.01561,304.52,0.39,0.36,2026-09-17,1845,N,nominal,2.0NRT,289.19,0.64,N
-2.13797,110.12441,310.65,0.61,0.54,2026-09-17,1845,N,nominal,2.0NRT,289.23,3.41,N
-2.63774,113.37823,300.68,0.52,0.67,2026-09-17,1845,N,nominal,2.0NRT,285.82,0.66,N
-2.15767,110.21864,323.53,0.62,0.54,2026-09-17,1845,N,nominal,2.0NRT,288.81,9.32,N
-2.16118,110.24125,323.49,0.63,0.54,2026-09-17,1845,N,nominal,2.0NRT,288.12,7.73,N
-0.90753,102.27682,306.58,0.38,0.36,2026-09-17,1845,N,nominal,2.0NRT,263.32,0.62,N
-2.16206,110.24693,309.53,0.63,0.54,2026-09-17,1845,N,nominal,2.0NRT,286.73,4.17,N
-2.15866,110.12692,307.13,0.61,0.54,2026-09-17,1845,N,nominal,2.0NRT,287.55,1.71,N
-2.46545,112.09811,302.83,0.42,0.61,2026-09-17,1845,N,nominal,2.0NRT,284.45,0.72,N
-2.16362,110.12615,306.13,0.61,0.54,2026-09-17,1845,N,nominal,2.0NRT,288.81,2.83,N
-2.16448,110.1317,303.09,0.61,0.54,2026-09-17,1845,N,nominal,2.0NRT,288.5,2.06,N
-2.76856,114.02179,296.39,0.58,0.69,2026-09-17,1845,N,nominal,2.0NRT,283.48,2.05,N
-0.92632,102.28799,296.32,0.38,0.36,2026-09-17,1845,N,nominal,2.0NRT,261.73,0.73,N
-2.59905,112.88284,310.13,0.48,0.65,2026-09-17,1845,N,nominal,2.0NRT,283.73,2.46,N
-2.60727,112.93583,302.48,0.48,0.65,2026-09-17,1845,N,nominal,2.0NRT,283.93,1.65,N
-2.60505,112.88195,347.03,0.48,0.65,2026-09-17,1845,N,nominal,2.0NRT,285.88,3.43,N
-0.92964,102.28748,301.73,0.38,0.36,2026-09-17,1845,N,nominal,2.0NRT,264.41,0.36,N
-1.00673,102.77343,301.07,0.38,0.36,2026-09-17,1845,N,nominal,2.0NRT,274.99,0.76,N
-2.1744,110.13019,306.85,0.61,0.54,2026-09-17,1845,N,nominal,2.0NRT,289.35,2.57,N
-2.17528,110.13573,313.7,0.61,0.54,2026-09-17,1845,N,nominal,2.0NRT,289.49,2.57,N
-2.60573,112.88634,317.29,0.48,0.65,2026-09-17,1845,N,nominal,2.0NRT,284.3,3.43,N
-2.61105,112.88106,310.09,0.48,0.65,2026-09-17,1845,N,nominal,2.0NRT,283.1,3.43,N
-2.61174,112.88544,304.96,0.48,0.65,2026-09-17,1845,N,nominal,2.0NRT,283.4,3.43,N
-2.68726,113.37047,307.1,0.52,0.67,2026-09-17,1845,N,nominal,2.0NRT,285.48,2.16,N
-2.1884,110.12234,345.54,0.61,0.54,2026-09-17,1845,N,nominal,2.0NRT,291.37,11.34,N
-0.95924,102.30772,298.96,0.38,0.36,2026-09-17,1845,N,nominal,2.0NRT,271.43,0.55,N
-2.15794,110.12064,303.68,0.61,0.54,2026-09-17,1845,N,nominal,2.0NRT,288.98,1.81,N
-2.15877,110.1262,308.66,0.61,0.54,2026-09-17,1845,N,nominal,2.0NRT,288.14,2.07,N
-0.96146,102.3003,298.31,0.38,0.36,2026-09-17,1845,N,nominal,2.0NRT,269.63,0.51,N
-0.962,102.30374,303.49,0.38,0.36,2026-09-17,1845,N,nominal,2.0NRT,271.39,0.55,N
-0.96255,102.3072,295.3,0.38,0.36,2026-09-17,1845,N,nominal,2.0NRT,271.38,0.55,N
-2.16372,110.12542,303.65,0.61,0.54,2026-09-17,1845,N,nominal,2.0NRT,288.66,2.07,N
-0.97084,102.31649,301.92,0.38,0.36,2026-09-17,1845,N,nominal,2.0NRT,270.92,0.51,N
-2.17447,110.12946,305.03,0.61,0.54,2026-09-17,1845,N,nominal,2.0NRT,289.13,3.57,N
-2.1753,110.13502,316.06,0.62,0.54,2026-09-17,1845,N,nominal,2.0NRT,289.6,3,N
-2.46696,112.0996,301.71,0.42,0.61,2026-09-17,1845,N,nominal,2.0NRT,284.79,1.18,N
-0.97415,102.31597,297.14,0.38,0.36,2026-09-17,1845,N,nominal,2.0NRT,272.54,0.55,N
-2.60206,112.93504,303.19,0.49,0.65,2026-09-17,1845,N,nominal,2.0NRT,284.37,1.17,N
-2.18851,110.12156,343.13,0.61,0.54,2026-09-17,1845,N,nominal,2.0NRT,292.13,6.24,N
-2.60023,112.88099,310.73,0.48,0.65,2026-09-17,1845,N,nominal,2.0NRT,283.62,5.49,N
-2.60089,112.88538,312.87,0.48,0.65,2026-09-17,1845,N,nominal,2.0NRT,284.11,3.73,N
-2.60809,112.93413,301.35,0.49,0.65,2026-09-17,1845,N,nominal,2.0NRT,284.24,1.1,N
-2.76814,114.02137,295.96,0.58,0.7,2026-09-17,1845,N,nominal,2.0NRT,283.05,2.39,N
-2.2019,110.17668,322.7,0.62,0.54,2026-09-17,1845,N,nominal,2.0NRT,289.96,5.92,N
-2.60624,112.88009,322.03,0.48,0.65,2026-09-17,1845,N,nominal,2.0NRT,283.39,5.49,N
-2.60689,112.88448,337.76,0.48,0.65,2026-09-17,1845,N,nominal,2.0NRT,284.8,3.73,N
-2.19347,110.12079,316.79,0.61,0.54,2026-09-17,1845,N,nominal,2.0NRT,289.34,6.24,N
-2.1943,110.12631,305.12,0.61,0.54,2026-09-17,1845,N,nominal,2.0NRT,289.03,6.24,N
-2.19514,110.13188,306.34,0.62,0.54,2026-09-17,1845,N,nominal,2.0NRT,289.23,2.42,N
-2.20021,110.16544,314.94,0.62,0.54,2026-09-17,1845,N,nominal,2.0NRT,289.18,2.98,N
-2.38719,111.4095,303.16,0.38,0.59,2026-09-17,1845,N,nominal,2.0NRT,287.31,1.32,N
-2.60754,112.88888,302.32,0.48,0.65,2026-09-17,1845,N,nominal,2.0NRT,283.66,3.73,N
-2.20518,110.16466,324.83,0.62,0.54,2026-09-17,1845,N,nominal,2.0NRT,289.55,5.88,N
-2.20604,110.17032,337.64,0.62,0.54,2026-09-17,1845,N,nominal,2.0NRT,290.03,5.88,N
-2.20688,110.17592,342.09,0.62,0.54,2026-09-17,1845,N,nominal,2.0NRT,291.35,7.2,N
-0.98852,102.32077,299.75,0.38,0.36,2026-09-17,1845,N,nominal,2.0NRT,274.23,0.35,N
-2.19926,110.12556,310.56,0.61,0.54,2026-09-17,1845,N,nominal,2.0NRT,289.17,2.6,N
-2.20011,110.13113,311.43,0.62,0.54,2026-09-17,1845,N,nominal,2.0NRT,289.49,2.98,N
-2.20095,110.13673,315.59,0.62,0.54,2026-09-17,1845,N,nominal,2.0NRT,289.92,2.98,N
-2.61289,112.88357,301.37,0.48,0.65,2026-09-17,1845,N,nominal,2.0NRT,282.79,1.24,N
-2.685,113.36953,306.4,0.52,0.67,2026-09-17,1845,N,nominal,2.0NRT,285.7,2.02,N
-2.21101,110.16953,308.81,0.62,0.54,2026-09-17,1845,N,nominal,2.0NRT,288.95,5.88,N
-2.21186,110.17513,316.87,0.62,0.54,2026-09-17,1845,N,nominal,2.0NRT,289.41,7.2,N
-2.51746,112.2035,296.57,0.43,0.62,2026-09-17,1845,N,nominal,2.0NRT,277.05,0.49,N
-2.51805,112.20746,295.68,0.43,0.62,2026-09-17,1845,N,nominal,2.0NRT,277.7,0.66,N
-2.62087,112.89587,317.45,0.48,0.65,2026-09-17,1845,N,nominal,2.0NRT,283.85,3.56,N
-2.21343,110.15196,329.93,0.62,0.54,2026-09-17,1845,N,nominal,2.0NRT,290.35,6.99,N
-2.5238,112.20661,321.71,0.43,0.62,2026-09-17,1845,N,nominal,2.0NRT,281.07,2.72,N
-2.21173,110.14076,305.91,0.62,0.54,2026-09-17,1845,N,nominal,2.0NRT,289.05,2.95,N
-2.5232,112.20266,307.93,0.43,0.62,2026-09-17,1845,N,nominal,2.0NRT,280.07,3.55,N
-2.62688,112.89497,299.58,0.48,0.65,2026-09-17,1845,N,nominal,2.0NRT,282.15,0.65,N
-2.63757,112.88432,328.95,0.48,0.65,2026-09-17,1845,N,nominal,2.0NRT,284.01,2.85,N
-2.35934,111.00735,297.75,0.36,0.57,2026-09-17,1845,N,nominal,2.0NRT,283.02,1.21,N
-2.64357,112.88339,304.13,0.48,0.65,2026-09-17,1845,N,nominal,2.0NRT,282.76,2.85,N
-2.56516,112.20837,304.84,0.43,0.62,2026-09-17,1845,N,nominal,2.0NRT,284.99,2.28,N
-2.56636,112.21619,302.24,0.43,0.62,2026-09-17,1845,N,nominal,2.0NRT,284.63,1.45,N
-2.57091,112.2075,303.49,0.43,0.62,2026-09-17,1845,N,nominal,2.0NRT,284.69,3.12,N
-2.57725,112.21054,324.99,0.43,0.62,2026-09-17,1845,N,nominal,2.0NRT,286.06,3.12,N
-2.57785,112.21447,315.04,0.43,0.62,2026-09-17,1845,N,nominal,2.0NRT,284.78,3.05,N
-2.583,112.20969,310.86,0.43,0.62,2026-09-17,1845,N,nominal,2.0NRT,284.4,2.18,N
-1.1281,102.85732,300.79,0.39,0.36,2026-09-17,1845,N,nominal,2.0NRT,278.54,1.51,N
-1.12865,102.86078,319.8,0.39,0.36,2026-09-17,1845,N,nominal,2.0NRT,277.4,1.51,N
-2.72479,112.97115,298.7,0.49,0.65,2026-09-17,1845,N,nominal,2.0NRT,273.21,4.35,N
-2.72549,112.97562,299.13,0.49,0.65,2026-09-17,1845,N,nominal,2.0NRT,274.35,3.35,N
-1.13198,102.86026,325.64,0.39,0.36,2026-09-17,1845,N,nominal,2.0NRT,280.34,1.51,N
-1.13252,102.86371,339.54,0.39,0.36,2026-09-17,1845,N,nominal,2.0NRT,278.8,2.96,N
-2.73084,112.97025,329.52,0.49,0.65,2026-09-17,1845,N,nominal,2.0NRT,282.34,4.35,N
-2.73154,112.97472,326.4,0.49,0.65,2026-09-17,1845,N,nominal,2.0NRT,279.96,3.35,N
-1.13143,102.8568,317.39,0.39,0.36,2026-09-17,1845,N,nominal,2.0NRT,279.48,1.51,N
-1.13307,102.86717,297.61,0.39,0.36,2026-09-17,1845,N,nominal,2.0NRT,275.9,2.96,N
-1.1353,102.85974,322.84,0.39,0.36,2026-09-17,1845,N,nominal,2.0NRT,280.21,2.13,N
-1.13585,102.86318,329.52,0.39,0.36,2026-09-17,1845,N,nominal,2.0NRT,278.11,2.02,N
-1.13863,102.85922,317.88,0.39,0.36,2026-09-17,1845,N,nominal,2.0NRT,279.42,2.13,N
-1.13918,102.86267,301,0.39,0.36,2026-09-17,1845,N,nominal,2.0NRT,280.14,2.02,N
-1.13925,102.78062,298.01,0.39,0.36,2026-09-17,1845,N,nominal,2.0NRT,272.29,0.42,N
-1.30462,103.78759,299.37,0.4,0.37,2026-09-17,1845,N,nominal,2.0NRT,246.63,1.09,N
-1.30744,103.78346,297.24,0.4,0.37,2026-09-17,1845,N,nominal,2.0NRT,246.21,0.24,N
-1.308,103.78706,302.6,0.4,0.37,2026-09-17,1845,N,nominal,2.0NRT,246.14,1.45,N
-1.30857,103.79065,308.02,0.4,0.37,2026-09-17,1845,N,nominal,2.0NRT,243.17,1.45,N
-1.30913,103.79425,306.36,0.4,0.37,2026-09-17,1845,N,nominal,2.0NRT,245.96,2.21,N
-2.58405,112.20942,299.82,0.43,0.62,2026-09-17,1845,N,nominal,2.0NRT,284.56,1.2,N
-1.31195,103.79013,331.78,0.4,0.37,2026-09-17,1845,N,nominal,2.0NRT,247.73,1.45,N
-1.31252,103.79372,341.27,0.4,0.37,2026-09-17,1845,N,nominal,2.0NRT,248.95,2.21,N
-1.31083,103.78294,296.58,0.4,0.37,2026-09-17,1845,N,nominal,2.0NRT,243.69,0.24,N
-1.31139,103.78654,301.07,0.4,0.37,2026-09-17,1845,N,nominal,2.0NRT,244.64,1.45,N
-1.31421,103.78241,296.7,0.4,0.37,2026-09-17,1845,N,nominal,2.0NRT,242.49,0.3,N
-1.31478,103.786,298.39,0.4,0.37,2026-09-17,1845,N,nominal,2.0NRT,244.21,0.57,N
-1.31534,103.78961,308.97,0.4,0.37,2026-09-17,1845,N,nominal,2.0NRT,246.54,0.57,N
-1.31591,103.7932,312.38,0.4,0.37,2026-09-17,1845,N,nominal,2.0NRT,245.18,0.38,N
-1.31703,103.77829,295.67,0.4,0.37,2026-09-17,1845,N,nominal,2.0NRT,242.11,0.3,N
-1.3176,103.78189,298.04,0.4,0.37,2026-09-17,1845,N,nominal,2.0NRT,241.09,0.3,N
-1.31873,103.78909,295.12,0.4,0.37,2026-09-17,1845,N,nominal,2.0NRT,245.14,0.57,N
-1.3193,103.79268,297.77,0.4,0.37,2026-09-17,1845,N,nominal,2.0NRT,246.91,0.38,N
-2.72637,112.97167,324.64,0.49,0.65,2026-09-17,1845,N,nominal,2.0NRT,278.1,4.31,N
-1.16586,102.77648,297.99,0.39,0.36,2026-09-17,1845,N,nominal,2.0NRT,275.58,0.39,N
-2.72703,112.97617,313.71,0.49,0.65,2026-09-17,1845,N,nominal,2.0NRT,277.95,3.08,N
-2.73241,112.97074,328.95,0.49,0.65,2026-09-17,1845,N,nominal,2.0NRT,283.41,6.97,N
-2.73308,112.97523,342.64,0.49,0.65,2026-09-17,1845,N,nominal,2.0NRT,283.02,5.55,N
-2.5273,111.55549,311.51,0.39,0.59,2026-09-17,1845,N,nominal,2.0NRT,284.82,1.17,N
-2.52783,111.55904,307,0.39,0.59,2026-09-17,1845,N,nominal,2.0NRT,285.43,1.17,N
-2.73646,112.95639,303.3,0.49,0.65,2026-09-17,1845,N,nominal,2.0NRT,277.97,2.09,N
-2.73846,112.96981,316.72,0.49,0.65,2026-09-17,1845,N,nominal,2.0NRT,282.78,6.97,N
-2.73913,112.9743,311.82,0.49,0.65,2026-09-17,1845,N,nominal,2.0NRT,280.39,5.55,N
-2.53226,111.5511,367,0.39,0.59,2026-09-17,1845,N,high,2.0NRT,283.91,10.97,N
-2.53279,111.55464,330.82,0.39,0.59,2026-09-17,1845,N,nominal,2.0NRT,278.49,3.87,N
-2.53387,111.56178,328,0.39,0.59,2026-09-17,1845,N,nominal,2.0NRT,281.02,2.57,N
-2.53333,111.55821,309,0.39,0.59,2026-09-17,1845,N,nominal,2.0NRT,276.81,3.87,N
-2.60821,112.01817,341.38,0.42,0.61,2026-09-17,1845,N,nominal,2.0NRT,287.19,3.11,N
-2.60878,112.02197,304.96,0.42,0.61,2026-09-17,1845,N,nominal,2.0NRT,285.58,3.11,N
-2.54486,111.56008,324.03,0.39,0.59,2026-09-17,1845,N,nominal,2.0NRT,287.78,2.09,N
-2.5454,111.56364,303.45,0.39,0.59,2026-09-17,1845,N,nominal,2.0NRT,287.13,2.09,N
-2.61388,112.01731,307.18,0.42,0.61,2026-09-17,1845,N,nominal,2.0NRT,285.26,1.18,N
-2.55144,111.56634,312.99,0.39,0.59,2026-09-17,1845,N,nominal,2.0NRT,285.15,1.54,N
-2.55198,111.5699,307.93,0.39,0.59,2026-09-17,1845,N,nominal,2.0NRT,286.91,1.54,N
-2.55251,111.57346,303.46,0.39,0.59,2026-09-17,1845,N,nominal,2.0NRT,286.86,1.58,N
-2.62014,112.02032,300.96,0.42,0.61,2026-09-17,1845,N,nominal,2.0NRT,286.29,1.18,N
-2.5564,111.56193,339.58,0.39,0.59,2026-09-17,1845,N,nominal,2.0NRT,289.4,6.51,N
-2.62581,112.01941,329.82,0.42,0.61,2026-09-17,1845,N,nominal,2.0NRT,287.81,2.88,N
-2.55694,111.56548,319.53,0.39,0.59,2026-09-17,1845,N,nominal,2.0NRT,287.35,2.63,N
-2.55748,111.56905,307.03,0.39,0.59,2026-09-17,1845,N,nominal,2.0NRT,287.42,2.63,N
-2.62523,112.01561,311.39,0.42,0.61,2026-09-17,1845,N,nominal,2.0NRT,286.62,2.88,N
-2.56189,111.56108,334.13,0.39,0.59,2026-09-17,1845,N,nominal,2.0NRT,288.88,6.51,N
-2.56244,111.56464,339.84,0.39,0.59,2026-09-17,1845,N,nominal,2.0NRT,289.64,2.63,N
-2.56298,111.56821,301.59,0.39,0.59,2026-09-17,1845,N,nominal,2.0NRT,285.16,2.63,N
-2.75529,112.79508,302.47,0.48,0.64,2026-09-17,1845,N,nominal,2.0NRT,285.82,2.82,N
-2.75595,112.79945,311.21,0.48,0.64,2026-09-17,1845,N,nominal,2.0NRT,285.63,1.26,N
-2.57726,111.58789,299.2,0.39,0.59,2026-09-17,1845,N,nominal,2.0NRT,283.38,0.67,N
-2.76193,112.7985,300.3,0.48,0.64,2026-09-17,1845,N,nominal,2.0NRT,285.26,1.26,N
-2.58331,111.59062,301.94,0.39,0.59,2026-09-17,1845,N,nominal,2.0NRT,283.54,1.14,N
-2.9507,114.00143,300.54,0.58,0.7,2026-09-17,1845,N,nominal,2.0NRT,282.99,3.25,N
-2.58883,111.58978,310.86,0.39,0.59,2026-09-17,1845,N,nominal,2.0NRT,286.7,1.14,N
-2.77522,112.8054,313.7,0.48,0.65,2026-09-17,1845,N,nominal,2.0NRT,285.09,1.64,N
-2.77589,112.80976,303.4,0.48,0.65,2026-09-17,1845,N,nominal,2.0NRT,285.04,1.64,N
-2.7866,112.83966,367,0.48,0.65,2026-09-17,1845,N,high,2.0NRT,291.82,11.61,N
-2.78726,112.84402,351.04,0.48,0.65,2026-09-17,1845,N,nominal,2.0NRT,288.53,11.61,N
-2.78794,112.84846,337.6,0.48,0.65,2026-09-17,1845,N,nominal,2.0NRT,286.39,9.93,N
-2.78593,112.83528,303.57,0.48,0.65,2026-09-17,1845,N,nominal,2.0NRT,286.25,6.77,N
-2.79259,112.83874,343.23,0.48,0.65,2026-09-17,1845,N,nominal,2.0NRT,287.83,11.61,N
-2.79327,112.84313,343.64,0.48,0.65,2026-09-17,1845,N,nominal,2.0NRT,287.83,11.61,N
-2.79192,112.83433,302.58,0.48,0.65,2026-09-17,1845,N,nominal,2.0NRT,286.44,6.77,N
-2.79599,112.86088,302.16,0.48,0.65,2026-09-17,1845,N,nominal,2.0NRT,285.34,1.8,N
-2.95242,113.88258,306.28,0.57,0.69,2026-09-17,1845,N,nominal,2.0NRT,286.71,2.79,N
-2.95321,113.88776,308.95,0.57,0.69,2026-09-17,1845,N,nominal,2.0NRT,285.89,2.79,N
-2.954,113.89294,301.93,0.57,0.69,2026-09-17,1845,N,nominal,2.0NRT,284.31,2.13,N
-2.80198,112.85985,328.12,0.48,0.65,2026-09-17,1845,N,nominal,2.0NRT,287,4.29,N
-2.95963,113.88677,328.76,0.57,0.69,2026-09-17,1845,N,nominal,2.0NRT,287.92,7,N
-2.96042,113.89196,335.15,0.57,0.69,2026-09-17,1845,N,nominal,2.0NRT,286.46,4.26,N
-2.80267,112.8643,311.28,0.48,0.65,2026-09-17,1845,N,nominal,2.0NRT,285.63,1.99,N
-2.95805,113.87643,303.85,0.57,0.69,2026-09-17,1845,N,nominal,2.0NRT,286.49,6.21,N
-2.95884,113.88163,315.97,0.57,0.69,2026-09-17,1845,N,nominal,2.0NRT,287.69,7,N
-2.96122,113.89718,304.73,0.57,0.69,2026-09-17,1845,N,nominal,2.0NRT,283.68,4.26,N
-2.80867,112.86332,322.93,0.48,0.65,2026-09-17,1845,N,nominal,2.0NRT,285.78,1.99,N
-2.96605,113.8858,329.62,0.57,0.69,2026-09-17,1845,N,nominal,2.0NRT,287.26,7,N
-2.96685,113.89101,326.38,0.57,0.69,2026-09-17,1845,N,nominal,2.0NRT,285.78,4.26,N
-2.80799,112.85889,304.78,0.48,0.65,2026-09-17,1845,N,nominal,2.0NRT,285.76,4.29,N
-2.80936,112.86779,301.22,0.48,0.65,2026-09-17,1845,N,nominal,2.0NRT,284.08,1.99,N
-2.96526,113.88065,318.74,0.57,0.69,2026-09-17,1845,N,nominal,2.0NRT,287.28,7,N
-2.96765,113.89623,300.55,0.57,0.69,2026-09-17,1845,N,nominal,2.0NRT,283.74,4.26,N
-2.58139,111.36105,313.72,0.38,0.59,2026-09-17,1845,N,nominal,2.0NRT,287.47,0.74,N
-2.81399,112.85796,300.61,0.48,0.65,2026-09-17,1845,N,nominal,2.0NRT,283.93,1.06,N
-2.81468,112.86241,304.62,0.48,0.65,2026-09-17,1845,N,nominal,2.0NRT,283.57,1.31,N
-2.97168,113.87967,305.46,0.57,0.69,2026-09-17,1845,N,nominal,2.0NRT,285.95,1.91,N
-2.97247,113.88485,304.18,0.57,0.69,2026-09-17,1845,N,nominal,2.0NRT,284.7,1.91,N
-2.58682,111.36024,303.22,0.38,0.59,2026-09-17,1845,N,nominal,2.0NRT,286.9,0.74,N
-2.9781,113.8787,300.67,0.57,0.69,2026-09-17,1845,N,nominal,2.0NRT,285.34,1.91,N
-2.9789,113.8839,315.15,0.57,0.69,2026-09-17,1845,N,nominal,2.0NRT,285.42,1.91,N
-2.9797,113.88911,304.87,0.57,0.69,2026-09-17,1845,N,nominal,2.0NRT,284.31,2.65,N
-3.00342,114.04288,310.8,0.58,0.7,2026-09-17,1845,N,nominal,2.0NRT,278.63,4.25,N
-2.77722,112.80767,312.5,0.48,0.65,2026-09-17,1845,N,nominal,2.0NRT,285.32,2.31,N
-2.78622,112.86955,302.29,0.48,0.65,2026-09-17,1845,N,nominal,2.0NRT,286.1,1.77,N
-2.95004,114.00076,301.39,0.58,0.7,2026-09-17,1845,N,nominal,2.0NRT,282.69,4.17,N
-2.78771,112.8376,346.39,0.48,0.65,2026-09-17,1845,N,nominal,2.0NRT,289.21,24.46,N
-2.78835,112.84197,367,0.48,0.65,2026-09-17,1845,N,high,2.0NRT,294.55,18.02,N
-2.78899,112.84637,346.63,0.48,0.65,2026-09-17,1845,N,nominal,2.0NRT,287.98,18.02,N
-2.78964,112.85085,307.53,0.48,0.65,2026-09-17,1845,N,nominal,2.0NRT,286.19,3.73,N
-2.79435,112.84106,325.98,0.48,0.65,2026-09-17,1845,N,nominal,2.0NRT,286.93,2.31,N
-2.7937,112.83664,307.17,0.48,0.65,2026-09-17,1845,N,nominal,2.0NRT,286.1,3.56,N
-2.795,112.84547,304.26,0.48,0.65,2026-09-17,1845,N,nominal,2.0NRT,286.66,2.31,N
-2.79695,112.8588,319.59,0.48,0.65,2026-09-17,1845,N,nominal,2.0NRT,286.53,2.49,N
-2.58171,111.35793,300.72,0.38,0.59,2026-09-17,1845,N,nominal,2.0NRT,287.28,1.3,N
-2.58223,111.36138,314.97,0.38,0.59,2026-09-17,1845,N,nominal,2.0NRT,287.18,1.29,N
-2.80294,112.85776,312.43,0.48,0.65,2026-09-17,1845,N,nominal,2.0NRT,286.34,2.49,N
-2.80359,112.86217,319.02,0.48,0.65,2026-09-17,1845,N,nominal,2.0NRT,286.23,2.49,N
-2.95254,113.88157,305.68,0.57,0.69,2026-09-17,1845,N,nominal,2.0NRT,286.55,4.32,N
-2.95329,113.88676,309.69,0.57,0.69,2026-09-17,1845,N,nominal,2.0NRT,285.7,2.16,N
-2.95405,113.89194,305.37,0.57,0.69,2026-09-17,1845,N,nominal,2.0NRT,284.78,2.16,N
-2.80959,112.86121,322.37,0.48,0.65,2026-09-17,1845,N,nominal,2.0NRT,286.21,5.17,N
-2.95971,113.88575,326.95,0.57,0.69,2026-09-17,1845,N,nominal,2.0NRT,288.31,7.47,N
-2.96047,113.89095,337.91,0.57,0.69,2026-09-17,1845,N,nominal,2.0NRT,287.42,7.47,N
-2.61527,111.5464,306.85,0.39,0.59,2026-09-17,1845,N,nominal,2.0NRT,287.42,1.02,N
-2.81024,112.86565,312.92,0.48,0.65,2026-09-17,1845,N,nominal,2.0NRT,284.49,2.74,N
-2.95896,113.8806,314.19,0.57,0.69,2026-09-17,1845,N,nominal,2.0NRT,287.53,6.92,N
-2.96123,113.89616,310.02,0.57,0.69,2026-09-17,1845,N,nominal,2.0NRT,283.98,3.41,N
-2.62875,111.59914,340.58,0.39,0.6,2026-09-17,1845,N,nominal,2.0NRT,288.97,4.88,N
-2.62928,111.60275,333.33,0.39,0.6,2026-09-17,1845,N,nominal,2.0NRT,288.15,4.88,N
-2.96613,113.88476,328.97,0.57,0.69,2026-09-17,1845,N,nominal,2.0NRT,287.3,7.47,N
-2.9669,113.88996,326.77,0.57,0.69,2026-09-17,1845,N,nominal,2.0NRT,285.5,7.47,N
-2.96538,113.8796,314.3,0.57,0.69,2026-09-17,1845,N,nominal,2.0NRT,286.62,6.92,N
-2.96766,113.8952,302.18,0.57,0.69,2026-09-17,1845,N,nominal,2.0NRT,283.84,3.41,N
-2.63427,111.59829,325.98,0.39,0.6,2026-09-17,1845,N,nominal,2.0NRT,286.71,2.16,N
-2.6348,111.60188,302.64,0.39,0.6,2026-09-17,1845,N,nominal,2.0NRT,285.79,2.16,N
-2.9718,113.87859,301.5,0.57,0.69,2026-09-17,1845,N,nominal,2.0NRT,285.24,4.07,N
-2.97256,113.88378,306.44,0.57,0.69,2026-09-17,1845,N,nominal,2.0NRT,285.11,2.19,N
-2.97898,113.88281,312.61,0.57,0.69,2026-09-17,1845,N,nominal,2.0NRT,285.18,2.19,N
-2.97975,113.88803,310.22,0.57,0.69,2026-09-17,1845,N,nominal,2.0NRT,284.41,2.19,N
-3.00242,114.04209,304.91,0.58,0.7,2026-09-17,1845,N,nominal,2.0NRT,278.72,3.31,N
-2.98464,113.87662,308.54,0.57,0.69,2026-09-17,1845,N,nominal,2.0NRT,285.7,4.53,N
-3.00891,114.04111,299,0.58,0.7,2026-09-17,1845,N,nominal,2.0NRT,277.49,3.72,N
-1.26493,102.61246,325.99,0.38,0.36,2026-09-17,1845,N,nominal,2.0NRT,262.38,9.14,N
-1.5468,104.39735,297.5,0.42,0.38,2026-09-17,1845,N,nominal,2.0NRT,264.5,1.01,N
-2.69896,111.87777,298.05,0.41,0.61,2026-09-17,1845,N,nominal,2.0NRT,279.94,1.54,N
-1.26825,102.61194,352.43,0.38,0.36,2026-09-17,1845,N,nominal,2.0NRT,261.34,9.14,N
-2.4884,110.4507,344.18,0.33,0.55,2026-09-17,1845,N,nominal,2.0NRT,291.11,5.09,N
-1.55026,104.39681,314.41,0.42,0.38,2026-09-17,1845,N,nominal,2.0NRT,260.53,1.01,N
-1.71668,105.40897,304.68,0.46,0.39,2026-09-17,1845,N,nominal,2.0NRT,289.11,0.89,N
-2.9321,113.30746,299.74,0.52,0.67,2026-09-17,1845,N,nominal,2.0NRT,280.39,2.17,N
-3.03668,113.91694,312.72,0.57,0.69,2026-09-17,1845,N,nominal,2.0NRT,284.58,1.46,N
-3.03748,113.92221,300.73,0.57,0.69,2026-09-17,1845,N,nominal,2.0NRT,283.29,1.46,N
-3.04312,113.91594,329.31,0.57,0.69,2026-09-17,1845,N,nominal,2.0NRT,286.31,8,N
-3.04392,113.92122,342.83,0.57,0.69,2026-09-17,1845,N,nominal,2.0NRT,288.46,8,N
-1.31499,102.79934,317.69,0.39,0.36,2026-09-17,1845,N,nominal,2.0NRT,285.94,1.77,N
-3.04471,113.92649,305.64,0.57,0.69,2026-09-17,1845,N,nominal,2.0NRT,284.07,3.82,N
-3.04956,113.91494,321.01,0.57,0.69,2026-09-17,1845,N,nominal,2.0NRT,284.7,8,N
-3.05036,113.92023,343.53,0.57,0.69,2026-09-17,1845,N,nominal,2.0NRT,287.27,8,N
-3.05116,113.92552,314.48,0.57,0.69,2026-09-17,1845,N,nominal,2.0NRT,284.9,3.82,N
-1.74404,105.46458,327.53,0.47,0.39,2026-09-17,1845,N,nominal,2.0NRT,287.78,3.14,N
-3.0568,113.91925,347.04,0.57,0.69,2026-09-17,1845,N,nominal,2.0NRT,286.42,7.98,N
-2.90122,112.89732,303.62,0.49,0.65,2026-09-17,1845,N,nominal,2.0NRT,277.33,1.25,N
-3.056,113.91398,312.8,0.57,0.69,2026-09-17,1845,N,nominal,2.0NRT,283.8,7.98,N
-3.05761,113.92458,315.72,0.57,0.69,2026-09-17,1845,N,nominal,2.0NRT,284.78,3.08,N
-3.05842,113.92992,305.22,0.57,0.69,2026-09-17,1845,N,nominal,2.0NRT,283.39,3.08,N
-2.64392,111.18514,320.03,0.37,0.58,2026-09-17,1845,N,nominal,2.0NRT,288.61,2.15,N
-3.06488,113.92902,321.71,0.57,0.69,2026-09-17,1845,N,nominal,2.0NRT,284.25,3.08,N
-2.6434,111.18182,307.81,0.37,0.58,2026-09-17,1845,N,nominal,2.0NRT,287.8,2.57,N
-2.90725,112.89639,313.59,0.49,0.65,2026-09-17,1845,N,nominal,2.0NRT,274.97,1.25,N
-3.06407,113.92365,301.85,0.57,0.69,2026-09-17,1845,N,nominal,2.0NRT,283.84,3.08,N
-3.06569,113.93434,309.36,0.57,0.69,2026-09-17,1845,N,nominal,2.0NRT,283.18,3.48,N
-2.64929,111.18434,302.37,0.37,0.58,2026-09-17,1845,N,nominal,2.0NRT,287.4,0.8,N
-3.07698,113.92186,306.47,0.57,0.69,2026-09-17,1845,N,nominal,2.0NRT,284.24,2.27,N
-3.0794,113.9377,309.1,0.58,0.69,2026-09-17,1845,N,nominal,2.0NRT,284.01,2.52,N
-2.83605,112.31602,300.51,0.44,0.63,2026-09-17,1845,N,nominal,2.0NRT,283.83,0.55,N
-2.95756,113.10243,306.38,0.5,0.66,2026-09-17,1845,N,nominal,2.0NRT,282.62,3.78,N
-3.08584,113.93662,318.77,0.58,0.69,2026-09-17,1845,N,nominal,2.0NRT,285.28,9.21,N
-3.08665,113.94189,318.63,0.58,0.69,2026-09-17,1845,N,nominal,2.0NRT,283.93,4.04,N
-3.10142,114.03822,295.25,0.58,0.7,2026-09-17,1845,N,nominal,2.0NRT,280.76,4.26,N
-3.0931,113.94092,324.72,0.58,0.69,2026-09-17,1845,N,nominal,2.0NRT,285.89,4.04,N
-3.10709,114.03188,300.56,0.58,0.7,2026-09-17,1845,N,nominal,2.0NRT,282.15,4.64,N
-1.83002,105.86412,306.37,0.49,0.4,2026-09-17,1845,N,nominal,2.0NRT,289.05,1.1,N
-3.04398,113.9154,323.05,0.57,0.69,2026-09-17,1845,N,nominal,2.0NRT,284.92,8.93,N
-3.04474,113.92068,344.78,0.57,0.69,2026-09-17,1845,N,nominal,2.0NRT,288.3,6.52,N
-2.64629,111.18191,312.45,0.37,0.58,2026-09-17,1845,N,nominal,2.0NRT,288.4,3.18,N
-2.64678,111.18524,319.56,0.37,0.58,2026-09-17,1845,N,nominal,2.0NRT,288.68,2.23,N
-2.80141,112.2411,300.39,0.44,0.62,2026-09-17,1845,N,nominal,2.0NRT,283.66,0.54,N
-3.0455,113.92597,312.12,0.57,0.69,2026-09-17,1845,N,nominal,2.0NRT,284.64,6.52,N
-3.05118,113.91968,347.11,0.57,0.69,2026-09-17,1845,N,nominal,2.0NRT,287.98,6.52,N
-2.90278,112.89554,304.01,0.49,0.65,2026-09-17,1845,N,nominal,2.0NRT,278.82,2.34,N
-2.90344,112.90006,310.01,0.49,0.65,2026-09-17,1845,N,nominal,2.0NRT,276.65,2.5,N
-3.05042,113.91439,313.61,0.57,0.69,2026-09-17,1845,N,nominal,2.0NRT,284.2,8.93,N
-3.05194,113.92498,315.22,0.57,0.69,2026-09-17,1845,N,nominal,2.0NRT,285.32,6.52,N
-3.05762,113.91869,344.16,0.57,0.69,2026-09-17,1845,N,nominal,2.0NRT,285.16,7.18,N
-3.05686,113.91341,304.04,0.57,0.69,2026-09-17,1845,N,nominal,2.0NRT,283.5,6.06,N
-3.05839,113.92403,318.7,0.57,0.69,2026-09-17,1845,N,nominal,2.0NRT,284.47,7.18,N
-3.05917,113.92937,307.64,0.57,0.69,2026-09-17,1845,N,nominal,2.0NRT,283.27,2.6,N
-1.78707,105.40389,305.55,0.46,0.39,2026-09-17,1845,N,nominal,2.0NRT,292.72,0.98,N
-2.64611,111.06958,302.82,0.36,0.58,2026-09-17,1845,N,nominal,2.0NRT,287.51,0.61,N
-3.06562,113.92844,316.07,0.57,0.69,2026-09-17,1845,N,nominal,2.0NRT,283.95,2.6,N
-3.0664,113.93377,314.43,0.58,0.69,2026-09-17,1845,N,nominal,2.0NRT,283.21,2.6,N
-2.83578,112.31402,303.06,0.44,0.63,2026-09-17,1845,N,nominal,2.0NRT,284.24,0.89,N
-1.62779,104.33546,308.18,0.42,0.37,2026-09-17,1845,N,nominal,2.0NRT,266.43,1.15,N
-2.95833,113.10563,303,0.5,0.66,2026-09-17,1845,N,nominal,2.0NRT,280.53,3.42,N
-3.07776,113.92123,306.83,0.57,0.69,2026-09-17,1845,N,nominal,2.0NRT,284.24,2.51,N
-3.08007,113.93708,311.25,0.58,0.69,2026-09-17,1845,N,nominal,2.0NRT,284.63,2.27,N
-1.63124,104.33492,321.68,0.42,0.37,2026-09-17,1845,N,nominal,2.0NRT,266.02,2.58,N
-2.67952,111.18372,324.9,0.37,0.58,2026-09-17,1845,N,nominal,2.0NRT,289.34,3.16,N
-3.08728,113.94125,325.48,0.58,0.69,2026-09-17,1845,N,nominal,2.0NRT,285.17,3.93,N
-2.68001,111.18707,315.36,0.37,0.58,2026-09-17,1845,N,nominal,2.0NRT,288.52,1.82,N
-3.08651,113.93597,310.62,0.58,0.69,2026-09-17,1845,N,nominal,2.0NRT,284.74,3.93,N
-3.09374,113.94025,325.55,0.58,0.69,2026-09-17,1845,N,nominal,2.0NRT,286.03,3.93,N
-2.68488,111.18288,316.96,0.37,0.58,2026-09-17,1845,N,nominal,2.0NRT,288.65,3.16,N
-2.68538,111.18621,310.24,0.37,0.58,2026-09-17,1845,N,nominal,2.0NRT,288.29,1.82,N
-2.69076,111.1854,303.68,0.37,0.58,2026-09-17,1845,N,nominal,2.0NRT,288.11,0.78,N
-3.09632,113.913,310.21,0.57,0.69,2026-09-17,1845,N,nominal,2.0NRT,285.34,5.06,N
-3.0971,113.91824,314.78,0.57,0.69,2026-09-17,1845,N,nominal,2.0NRT,285.43,5.06,N
-3.09787,113.92348,306.46,0.57,0.69,2026-09-17,1845,N,nominal,2.0NRT,285.57,3.96,N
-3.1002,113.9393,307.25,0.58,0.69,2026-09-17,1845,N,nominal,2.0NRT,284.7,4.13,N
-3.10277,113.912,327.41,0.57,0.69,2026-09-17,1845,N,nominal,2.0NRT,285.17,5.06,N
-3.10355,113.91728,337.52,0.57,0.69,2026-09-17,1845,N,nominal,2.0NRT,286.29,5.06,N
-3.10432,113.92255,312,0.57,0.69,2026-09-17,1845,N,nominal,2.0NRT,284.86,3.96,N
-3.10821,113.94891,302.49,0.58,0.7,2026-09-17,1845,N,nominal,2.0NRT,283.95,2.48,N
-3.10921,113.91102,323.92,0.57,0.69,2026-09-17,1845,N,nominal,2.0NRT,285.02,8.88,N
-3.10999,113.91631,351.08,0.57,0.69,2026-09-17,1845,N,nominal,2.0NRT,287.05,8.88,N
-3.11078,113.92159,327.37,0.57,0.69,2026-09-17,1845,N,nominal,2.0NRT,285.8,4.96,N
-3.10453,113.87942,300.78,0.57,0.69,2026-09-17,1845,N,nominal,2.0NRT,283.07,2.92,N
-3.11468,113.94794,307.95,0.58,0.7,2026-09-17,1845,N,nominal,2.0NRT,284.64,4.82,N
-3.11546,113.95325,308.23,0.58,0.7,2026-09-17,1845,N,nominal,2.0NRT,283.4,2.21,N
-3.11723,113.92063,329.27,0.57,0.69,2026-09-17,1845,N,nominal,2.0NRT,285.69,4.96,N
-1.81413,105.3869,306.56,0.46,0.39,2026-09-17,1845,N,nominal,2.0NRT,292.7,0.85,N
-2.62269,110.6274,303.66,0.34,0.56,2026-09-17,1845,N,nominal,2.0NRT,288.56,0.77,N
-3.11644,113.91534,303.13,0.57,0.69,2026-09-17,1845,N,nominal,2.0NRT,284.34,8.88,N
-3.11802,113.92593,303.29,0.58,0.69,2026-09-17,1845,N,nominal,2.0NRT,284.34,4.96,N
-3.11662,113.87226,305.94,0.57,0.69,2026-09-17,1845,N,nominal,2.0NRT,282.95,2.22,N
-1.90067,105.89133,320.81,0.49,0.4,2026-09-17,1845,N,nominal,2.0NRT,291.36,1.95,N
-3.12305,113.87126,304.58,0.57,0.69,2026-09-17,1845,N,nominal,2.0NRT,281.71,2.22,N
-1.9044,105.89075,305.33,0.49,0.4,2026-09-17,1845,N,nominal,2.0NRT,290.52,0.64,N
-3.12948,113.87027,301.08,0.57,0.69,2026-09-17,1845,N,nominal,2.0NRT,280.69,1.95,N
-1.56217,103.69663,298.77,0.4,0.37,2026-09-17,1845,N,nominal,2.0NRT,278.31,0.22,N
-1.56556,103.69611,300.75,0.4,0.37,2026-09-17,1845,N,nominal,2.0NRT,276.77,0.27,N
-2.70084,110.96412,302.25,0.36,0.57,2026-09-17,1845,N,nominal,2.0NRT,287.81,1.61,N
-3.13761,113.83692,297.07,0.57,0.69,2026-09-17,1845,N,nominal,2.0NRT,278.46,2.88,N
-2.70613,110.96332,306.36,0.36,0.57,2026-09-17,1845,N,nominal,2.0NRT,287.47,1.61,N
-3.1456,113.84637,301.56,0.57,0.69,2026-09-17,1845,N,nominal,2.0NRT,274.9,1.73,N
-2.75541,111.24806,356.5,0.37,0.58,2026-09-17,1845,N,nominal,2.0NRT,288.58,7.88,N
-2.75593,111.25146,302.31,0.37,0.58,2026-09-17,1845,N,nominal,2.0NRT,287.24,2.92,N
-3.14176,113.77761,303.03,0.56,0.69,2026-09-17,1845,N,nominal,2.0NRT,281.16,1.61,N
-3.14254,113.78277,305.35,0.56,0.69,2026-09-17,1845,N,nominal,2.0NRT,281.2,1.61,N
-1.574,103.68378,301.54,0.4,0.37,2026-09-17,1845,N,nominal,2.0NRT,278.18,0.26,N
-3.14815,113.77664,298.47,0.56,0.69,2026-09-17,1845,N,nominal,2.0NRT,279.16,1.61,N
-3.14894,113.78183,307.43,0.56,0.69,2026-09-17,1845,N,nominal,2.0NRT,280.07,1.61,N
-3.15131,113.79739,302.16,0.56,0.69,2026-09-17,1845,N,nominal,2.0NRT,281.67,1.12,N
-3.15456,113.77573,312.21,0.56,0.69,2026-09-17,1845,N,nominal,2.0NRT,280.38,3.48,N
-3.17853,113.88988,314.82,0.57,0.69,2026-09-17,1845,N,nominal,2.0NRT,283.76,2.03,N
-3.17933,113.89515,305.86,0.57,0.69,2026-09-17,1845,N,nominal,2.0NRT,283.55,2.03,N
-3.18497,113.88892,337.54,0.57,0.69,2026-09-17,1845,N,nominal,2.0NRT,284,11.9,N
-3.18578,113.8942,367,0.57,0.69,2026-09-17,1845,N,high,2.0NRT,285.38,11.9,N
-3.18659,113.89948,303.87,0.57,0.69,2026-09-17,1845,N,nominal,2.0NRT,283.11,5.08,N
-3.19223,113.89326,329.19,0.57,0.69,2026-09-17,1845,N,nominal,2.0NRT,281.63,11.9,N
-3.19304,113.89853,320.33,0.57,0.69,2026-09-17,1845,N,nominal,2.0NRT,282.16,5.08,N
-2.98783,112.56689,314.98,0.46,0.64,2026-09-17,1845,N,nominal,2.0NRT,282.86,1.12,N
-1.71423,104.31133,297.15,0.42,0.37,2026-09-17,1845,N,nominal,2.0NRT,254.56,0.65,N
-3.14589,113.84613,298.64,0.57,0.69,2026-09-17,1845,N,nominal,2.0NRT,274.29,2.33,N
-3.14325,113.78242,312.1,0.56,0.69,2026-09-17,1845,N,nominal,2.0NRT,281.98,2.68,N
-3.14965,113.78146,303.38,0.56,0.69,2026-09-17,1845,N,nominal,2.0NRT,278.79,2.68,N
-3.15191,113.79705,303.55,0.56,0.69,2026-09-17,1845,N,nominal,2.0NRT,281.27,2.38,N
-3.1553,113.77534,311,0.56,0.69,2026-09-17,1845,N,nominal,2.0NRT,280.91,4.25,N
-2.98476,112.56571,305.65,0.46,0.64,2026-09-17,1845,N,nominal,2.0NRT,282.64,1.5,N
-2.99989,112.66863,300.31,0.47,0.64,2026-09-17,1845,N,nominal,2.0NRT,283.3,0.95,N
-3.03087,112.87959,299.84,0.49,0.65,2026-09-17,1845,N,nominal,2.0NRT,277.93,0.54,N
-3.1785,113.88969,314.25,0.57,0.69,2026-09-17,1845,N,nominal,2.0NRT,283.52,4,N
-3.17927,113.89498,306.34,0.57,0.69,2026-09-17,1845,N,nominal,2.0NRT,284,3.14,N
-3.18571,113.894,367,0.57,0.69,2026-09-17,1845,N,high,2.0NRT,285.19,7.74,N
-3.18494,113.88872,319.34,0.57,0.69,2026-09-17,1845,N,nominal,2.0NRT,282.4,18.28,N
-3.18649,113.89929,307.71,0.57,0.69,2026-09-17,1845,N,nominal,2.0NRT,282.51,7.74,N
-3.19216,113.89304,324.39,0.57,0.69,2026-09-17,1845,N,nominal,2.0NRT,280.73,7.74,N
-3.19294,113.89834,324.92,0.57,0.69,2026-09-17,1845,N,nominal,2.0NRT,281.98,7.74,N
-2.84731,111.52055,303.79,0.39,0.59,2026-09-17,1845,N,nominal,2.0NRT,287.23,1.73,N
-2.85282,111.51969,303.78,0.39,0.59,2026-09-17,1845,N,nominal,2.0NRT,287.47,1.73,N
-2.85335,111.52326,303.27,0.39,0.59,2026-09-17,1845,N,nominal,2.0NRT,287.74,2.49,N
-2.98873,112.38968,367,0.45,0.63,2026-09-17,1845,N,high,2.0NRT,288.83,9.86,N
-2.98935,112.39384,335.76,0.45,0.63,2026-09-17,1845,N,nominal,2.0NRT,287.34,9.86,N
-2.85779,111.51529,303.88,0.39,0.59,2026-09-17,1845,N,nominal,2.0NRT,288.07,1.33,N
-2.85833,111.51885,304.96,0.39,0.59,2026-09-17,1845,N,nominal,2.0NRT,288.04,1.33,N
-2.85886,111.52242,307.43,0.39,0.59,2026-09-17,1845,N,nominal,2.0NRT,288.45,1.83,N
-3.20839,113.869,301.79,0.57,0.69,2026-09-17,1845,N,nominal,2.0NRT,277.24,1.47,N
-3.20917,113.87429,304.22,0.57,0.69,2026-09-17,1845,N,nominal,2.0NRT,279.9,1.47,N
-2.9952,112.39296,345.2,0.45,0.63,2026-09-17,1845,N,nominal,2.0NRT,286.16,9.86,N
-2.66803,110.2235,303.24,0.63,0.54,2026-09-17,1845,N,nominal,2.0NRT,288.46,1.41,N
-2.8633,111.51446,305.59,0.39,0.59,2026-09-17,1845,N,nominal,2.0NRT,287.26,1.33,N
-2.99582,112.3971,318.39,0.45,0.63,2026-09-17,1845,N,nominal,2.0NRT,284.97,6.67,N
-3.21561,113.87331,301.69,0.57,0.69,2026-09-17,1845,N,nominal,2.0NRT,279.72,1.47,N
-2.70041,110.40239,302.73,0.33,0.55,2026-09-17,1845,N,nominal,2.0NRT,288.08,0.58,N
-2.82178,111.16611,312.98,0.37,0.58,2026-09-17,1845,N,nominal,2.0NRT,288.28,1.56,N
-2.82228,111.16943,317,0.37,0.58,2026-09-17,1845,N,nominal,2.0NRT,288.15,1.56,N
-2.79891,110.97968,322.03,0.36,0.57,2026-09-17,1845,N,nominal,2.0NRT,278.18,2.58,N
-2.79841,110.97641,312.63,0.36,0.57,2026-09-17,1845,N,nominal,2.0NRT,276.49,2.98,N
-2.82767,111.16864,302.87,0.37,0.58,2026-09-17,1845,N,nominal,2.0NRT,288.29,1.94,N
-2.82818,111.17199,306.71,0.37,0.58,2026-09-17,1845,N,nominal,2.0NRT,287.86,1.41,N
-2.83406,111.17447,317.98,0.37,0.58,2026-09-17,1845,N,nominal,2.0NRT,289.07,1.41,N
-2.83944,111.17364,307.71,0.37,0.58,2026-09-17,1845,N,nominal,2.0NRT,288.82,1.74,N
-2.83995,111.17702,303.19,0.37,0.58,2026-09-17,1845,N,nominal,2.0NRT,287.91,1.15,N
-2.84431,111.16949,310.21,0.37,0.58,2026-09-17,1845,N,nominal,2.0NRT,288.19,1.74,N
-2.78607,110.75512,313.34,0.35,0.56,2026-09-17,1845,N,nominal,2.0NRT,289.35,2.88,N
-2.78656,110.75827,308.42,0.35,0.56,2026-09-17,1845,N,nominal,2.0NRT,287.84,1.62,N
-2.8497,111.16871,306.3,0.37,0.58,2026-09-17,1845,N,nominal,2.0NRT,288.26,0.91,N
-2.79227,110.76061,308.9,0.35,0.56,2026-09-17,1845,N,nominal,2.0NRT,289.06,1.62,N
-2.79617,110.78589,312.9,0.35,0.57,2026-09-17,1845,N,nominal,2.0NRT,287.73,1.92,N
-3.06756,112.55322,301.23,0.46,0.64,2026-09-17,1845,N,nominal,2.0NRT,283.56,0.61,N
-1.77322,104.23701,304.84,0.42,0.37,2026-09-17,1845,N,nominal,2.0NRT,279.54,0.72,N
-1.775,104.2482,299.64,0.42,0.37,2026-09-17,1845,N,nominal,2.0NRT,279.02,1.12,N
-1.77904,104.2514,320.95,0.42,0.37,2026-09-17,1845,N,nominal,2.0NRT,281.11,1.12,N
-2.80469,110.77164,332.98,0.35,0.57,2026-09-17,1845,N,nominal,2.0NRT,288.43,2.19,N
-1.77667,104.23648,302.38,0.42,0.37,2026-09-17,1845,N,nominal,2.0NRT,279.51,0.72,N
-1.77726,104.2402,303.03,0.42,0.37,2026-09-17,1845,N,nominal,2.0NRT,279.73,0.67,N
-1.77785,104.24393,300.86,0.42,0.37,2026-09-17,1845,N,nominal,2.0NRT,280.29,0.67,N
-1.77844,104.24766,299.09,0.42,0.37,2026-09-17,1845,N,nominal,2.0NRT,278.38,1.12,N
-2.04029,105.89931,303.74,0.49,0.41,2026-09-17,1845,N,nominal,2.0NRT,291.65,0.96,N
-2.8042,110.76849,307.72,0.35,0.56,2026-09-17,1845,N,nominal,2.0NRT,288.37,2.19,N
-2.80518,110.77482,306.28,0.35,0.57,2026-09-17,1845,N,nominal,2.0NRT,287.99,1.38,N
-3.1316,112.89188,303.87,0.49,0.65,2026-09-17,1845,N,nominal,2.0NRT,280.51,1.94,N
-1.78248,104.25085,302.36,0.42,0.37,2026-09-17,1845,N,nominal,2.0NRT,280.33,0.62,N
-1.79426,104.3027,321.62,0.42,0.37,2026-09-17,1845,N,nominal,2.0NRT,272.33,1.94,N
-1.78771,104.26153,303.2,0.42,0.37,2026-09-17,1845,N,nominal,2.0NRT,281.33,0.87,N
-1.79366,104.29896,301.14,0.42,0.37,2026-09-17,1845,N,nominal,2.0NRT,267.54,1.94,N
-1.79486,104.30646,316.98,0.42,0.37,2026-09-17,1845,N,nominal,2.0NRT,273.37,2.21,N
-1.79533,104.28717,305.26,0.42,0.37,2026-09-17,1845,N,nominal,2.0NRT,276.04,2.15,N
-1.79771,104.30216,306.25,0.42,0.37,2026-09-17,1845,N,nominal,2.0NRT,269.42,1.09,N
-1.79831,104.30592,299.35,0.42,0.37,2026-09-17,1845,N,nominal,2.0NRT,270.68,0.67,N
-1.79925,104.2674,308.4,0.42,0.37,2026-09-17,1845,N,nominal,2.0NRT,285.3,1.44,N
-1.8027,104.26686,308.75,0.42,0.37,2026-09-17,1845,N,nominal,2.0NRT,285.62,1.44,N
-1.80389,104.27433,308.51,0.42,0.37,2026-09-17,1845,N,nominal,2.0NRT,284.01,1.96,N
-1.80156,104.26693,316.25,0.42,0.37,2026-09-17,1845,N,nominal,2.0NRT,286.22,2.81,N
-1.80272,104.27441,311.16,0.42,0.37,2026-09-17,1845,N,nominal,2.0NRT,284.84,1.9,N
-2.80508,110.77291,329.37,0.35,0.57,2026-09-17,1845,N,nominal,2.0NRT,288.3,2.97,N
-2.80462,110.76974,316.4,0.35,0.57,2026-09-17,1845,N,nominal,2.0NRT,288.52,3.35,N
-3.12704,112.89292,301.72,0.49,0.65,2026-09-17,1845,N,nominal,2.0NRT,280.27,0.85,N
-2.07787,105.86299,304.76,0.49,0.4,2026-09-17,1845,N,nominal,2.0NRT,291.53,0.66,N
-1.45151,101.82612,313.5,0.39,0.36,2026-09-17,1845,N,nominal,2.0NRT,290.44,1.44,N
-3.1323,112.59586,297.21,0.47,0.64,2026-09-17,1845,N,nominal,2.0NRT,281.8,0.43,N
-3.13823,112.59497,308.18,0.47,0.64,2026-09-17,1845,N,nominal,2.0NRT,281.56,0.96,N
-1.81472,103.96923,301.06,0.41,0.37,2026-09-17,1845,N,nominal,2.0NRT,273.26,0.65,N
-1.81813,103.9687,341.37,0.41,0.37,2026-09-17,1845,N,nominal,2.0NRT,280.82,3.01,N
-1.81755,103.96504,312.81,0.41,0.37,2026-09-17,1845,N,nominal,2.0NRT,274.84,1.64,N
-1.81871,103.97236,314.4,0.41,0.37,2026-09-17,1845,N,nominal,2.0NRT,273.36,3.01,N
-1.81929,103.97602,299.58,0.41,0.37,2026-09-17,1845,N,nominal,2.0NRT,270.34,1.58,N
-1.82155,103.96817,326.34,0.41,0.37,2026-09-17,1845,N,nominal,2.0NRT,278.8,3.01,N
-1.82271,103.97549,322.6,0.41,0.37,2026-09-17,1845,N,nominal,2.0NRT,272.23,1.58,N
-1.82039,103.96085,304.11,0.41,0.37,2026-09-17,1845,N,nominal,2.0NRT,272.29,1.64,N
-1.82097,103.96451,315.82,0.41,0.37,2026-09-17,1845,N,nominal,2.0NRT,275.82,1.64,N
-1.82213,103.97182,318.62,0.41,0.37,2026-09-17,1845,N,nominal,2.0NRT,275.03,3.01,N
-1.82034,103.9384,302.25,0.41,0.37,2026-09-17,1845,N,nominal,2.0NRT,275.91,1.22,N
-1.82092,103.94205,301.63,0.41,0.37,2026-09-17,1845,N,nominal,2.0NRT,273.52,1.22,N
-1.8215,103.9457,299.42,0.41,0.37,2026-09-17,1845,N,nominal,2.0NRT,272.52,0.84,N
-1.82381,103.96032,300.78,0.41,0.37,2026-09-17,1845,N,nominal,2.0NRT,273.2,1.27,N
-1.82439,103.96397,303.6,0.41,0.37,2026-09-17,1845,N,nominal,2.0NRT,275.09,1.27,N
-1.82496,103.96764,306.07,0.41,0.37,2026-09-17,1845,N,nominal,2.0NRT,276.63,1.09,N
-1.82554,103.9713,310.15,0.41,0.37,2026-09-17,1845,N,nominal,2.0NRT,277.87,1.09,N
-1.82612,103.97495,312.99,0.41,0.37,2026-09-17,1845,N,nominal,2.0NRT,273.32,1.43,N
-2.81956,110.34273,302.93,0.32,0.55,2026-09-17,1845,N,nominal,2.0NRT,288.38,1.52,N
-2.82002,110.34568,307.8,0.32,0.55,2026-09-17,1845,N,nominal,2.0NRT,288.62,1.51,N
-1.8226,103.93056,326.82,0.41,0.37,2026-09-17,1845,N,nominal,2.0NRT,273.47,2.73,N
-1.82202,103.92691,297.21,0.41,0.37,2026-09-17,1845,N,nominal,2.0NRT,273.01,0.74,N
-1.82318,103.93421,314.64,0.41,0.37,2026-09-17,1845,N,nominal,2.0NRT,274.93,2.73,N
-1.82375,103.93787,317.77,0.41,0.37,2026-09-17,1845,N,nominal,2.0NRT,275.99,1.22,N
-1.82433,103.94152,311.86,0.41,0.37,2026-09-17,1845,N,nominal,2.0NRT,273.01,1.22,N
-1.82491,103.94518,310.9,0.41,0.37,2026-09-17,1845,N,nominal,2.0NRT,272.1,0.84,N
-1.82549,103.94883,300.61,0.41,0.37,2026-09-17,1845,N,nominal,2.0NRT,270.99,0.84,N
-1.82607,103.95248,301.54,0.41,0.37,2026-09-17,1845,N,nominal,2.0NRT,271.93,1.66,N
-1.82838,103.9671,303.99,0.41,0.37,2026-09-17,1845,N,nominal,2.0NRT,277.04,1.09,N
-1.82896,103.97076,309.41,0.41,0.37,2026-09-17,1845,N,nominal,2.0NRT,279.43,1.09,N
-1.82954,103.97443,310.29,0.41,0.37,2026-09-17,1845,N,nominal,2.0NRT,277.64,1.43,N
-1.82601,103.93003,331.33,0.41,0.37,2026-09-17,1845,N,nominal,2.0NRT,274.19,8.69,N
-1.82659,103.93369,339.09,0.41,0.37,2026-09-17,1845,N,nominal,2.0NRT,276.18,8.69,N
-1.82717,103.93733,342.68,0.41,0.37,2026-09-17,1845,N,nominal,2.0NRT,276.15,4.18,N
-1.82775,103.94099,322.61,0.41,0.37,2026-09-17,1845,N,nominal,2.0NRT,271.81,4.18,N
-1.82543,103.92638,307.34,0.41,0.37,2026-09-17,1845,N,nominal,2.0NRT,273.21,2.05,N
-1.82832,103.94464,314.7,0.41,0.37,2026-09-17,1845,N,nominal,2.0NRT,270.66,1.63,N
-1.8289,103.9483,306.27,0.41,0.37,2026-09-17,1845,N,nominal,2.0NRT,270.21,1.63,N
-1.82948,103.95196,306.85,0.41,0.37,2026-09-17,1845,N,nominal,2.0NRT,271.46,1.25,N
-1.83006,103.95561,301.57,0.41,0.37,2026-09-17,1845,N,nominal,2.0NRT,271.2,1.25,N
-1.83064,103.95927,303.01,0.41,0.37,2026-09-17,1845,N,nominal,2.0NRT,274.37,1.25,N
-1.83122,103.96291,305.05,0.41,0.37,2026-09-17,1845,N,nominal,2.0NRT,276.18,1.25,N
-1.8318,103.96657,309.84,0.41,0.37,2026-09-17,1845,N,nominal,2.0NRT,277.6,1.83,N
-1.83238,103.97023,312.37,0.41,0.37,2026-09-17,1845,N,nominal,2.0NRT,279.24,1.83,N
-1.83296,103.97389,316.93,0.41,0.37,2026-09-17,1845,N,nominal,2.0NRT,276.91,2.51,N
-1.83354,103.97756,313.35,0.41,0.37,2026-09-17,1845,N,nominal,2.0NRT,275.18,2.51,N
-2.8343,110.37081,305.6,0.33,0.55,2026-09-17,1845,N,nominal,2.0NRT,286.27,0.47,N
-1.82884,103.92585,330.23,0.41,0.37,2026-09-17,1845,N,nominal,2.0NRT,273.57,2.05,N
-1.82942,103.9295,367,0.41,0.37,2026-09-17,1845,N,high,2.0NRT,280.64,8.69,N
-1.83,103.93315,353.12,0.41,0.37,2026-09-17,1845,N,nominal,2.0NRT,276.87,8.69,N
-1.83058,103.93681,341.82,0.41,0.37,2026-09-17,1845,N,nominal,2.0NRT,272.66,4.18,N
-1.83579,103.9697,325.01,0.41,0.37,2026-09-17,1845,N,nominal,2.0NRT,279.66,1.83,N
-1.83637,103.97337,330.16,0.41,0.37,2026-09-17,1845,N,nominal,2.0NRT,279.38,2.51,N
-1.83695,103.97703,331.69,0.41,0.37,2026-09-17,1845,N,nominal,2.0NRT,279.18,2.51,N
-1.82827,103.9222,296.63,0.41,0.37,2026-09-17,1845,N,nominal,2.0NRT,271.24,2.05,N
-1.83116,103.94045,319.62,0.41,0.37,2026-09-17,1845,N,nominal,2.0NRT,268.74,4.18,N
-1.83174,103.94411,316.81,0.41,0.37,2026-09-17,1845,N,nominal,2.0NRT,269.39,1.63,N
-1.83232,103.94777,317.94,0.41,0.37,2026-09-17,1845,N,nominal,2.0NRT,270.14,1.63,N
-1.8329,103.95142,316.66,0.41,0.37,2026-09-17,1845,N,nominal,2.0NRT,269.97,1.25,N
-1.83348,103.95507,315.45,0.41,0.37,2026-09-17,1845,N,nominal,2.0NRT,271.93,1.25,N
-1.83405,103.95873,317.43,0.41,0.37,2026-09-17,1845,N,nominal,2.0NRT,276.59,1.25,N
-1.83463,103.96239,315.2,0.41,0.37,2026-09-17,1845,N,nominal,2.0NRT,276.66,1.25,N
-1.83521,103.96605,318.62,0.41,0.37,2026-09-17,1845,N,nominal,2.0NRT,277.35,1.83,N
-2.83939,110.37004,301.21,0.33,0.55,2026-09-17,1845,N,nominal,2.0NRT,281.79,0.47,N
-3.07592,111.90843,307.35,0.42,0.61,2026-09-17,1845,N,nominal,2.0NRT,286.22,1.81,N
-3.07651,111.91228,306.16,0.42,0.61,2026-09-17,1845,N,nominal,2.0NRT,285.59,1.2,N
-1.83226,103.92532,333.71,0.41,0.37,2026-09-17,1845,N,nominal,2.0NRT,272.29,2.29,N
-1.83283,103.92896,356.06,0.41,0.37,2026-09-17,1845,N,nominal,2.0NRT,275.29,4.8,N
-1.83341,103.93262,336.74,0.41,0.37,2026-09-17,1845,N,nominal,2.0NRT,270.87,4.8,N
-1.83515,103.94358,324.6,0.41,0.37,2026-09-17,1845,N,nominal,2.0NRT,269.1,8.15,N
-1.83573,103.94724,351.19,0.41,0.37,2026-09-17,1845,N,nominal,2.0NRT,272.88,8.15,N
-1.83631,103.95089,336.39,0.41,0.37,2026-09-17,1845,N,nominal,2.0NRT,272.68,5.7,N
-1.83689,103.95454,325.75,0.41,0.37,2026-09-17,1845,N,nominal,2.0NRT,275.54,5.7,N
-1.83747,103.9582,327.73,0.41,0.37,2026-09-17,1845,N,nominal,2.0NRT,278.51,5.76,N
-1.83805,103.96186,325.63,0.41,0.37,2026-09-17,1845,N,nominal,2.0NRT,279.3,5.76,N
-1.83863,103.96552,333.98,0.41,0.37,2026-09-17,1845,N,nominal,2.0NRT,278.73,16.17,N
-1.83921,103.96918,352.06,0.41,0.37,2026-09-17,1845,N,nominal,2.0NRT,282.45,16.17,N
-1.83979,103.97283,367,0.41,0.37,2026-09-17,1845,N,high,2.0NRT,286.7,25.19,N
-1.84037,103.97649,347.85,0.41,0.37,2026-09-17,1845,N,nominal,2.0NRT,284.15,25.19,N
-1.83168,103.92167,297.06,0.41,0.37,2026-09-17,1845,N,nominal,2.0NRT,270.72,2.29,N
-1.83399,103.93627,317.6,0.41,0.37,2026-09-17,1845,N,nominal,2.0NRT,266.82,1.21,N
-1.83457,103.93993,312.24,0.41,0.37,2026-09-17,1845,N,nominal,2.0NRT,265.09,1.21,N
-1.83856,103.94305,332.83,0.41,0.37,2026-09-17,1845,N,nominal,2.0NRT,266.62,8.15,N
-1.83914,103.9467,367,0.41,0.37,2026-09-17,1845,N,high,2.0NRT,273.5,8.15,N
-1.83972,103.95036,353.51,0.41,0.37,2026-09-17,1845,N,nominal,2.0NRT,277.28,5.7,N
-1.8403,103.95401,337.43,0.41,0.37,2026-09-17,1845,N,nominal,2.0NRT,278.21,5.7,N
-1.84088,103.95766,347.66,0.41,0.37,2026-09-17,1845,N,nominal,2.0NRT,281.11,5.76,N
-1.84147,103.96133,356.03,0.41,0.37,2026-09-17,1845,N,nominal,2.0NRT,286.04,5.76,N
-1.84205,103.96498,356.48,0.41,0.37,2026-09-17,1845,N,nominal,2.0NRT,284.72,16.17,N
-1.84263,103.96864,356.23,0.41,0.37,2026-09-17,1845,N,nominal,2.0NRT,288.07,16.17,N
-1.84321,103.97231,345.11,0.41,0.37,2026-09-17,1845,N,nominal,2.0NRT,295.8,25.19,N
-1.84379,103.97596,346.05,0.41,0.37,2026-09-17,1845,N,nominal,2.0NRT,285.21,25.19,N
-1.83567,103.92478,299.04,0.41,0.37,2026-09-17,1845,N,nominal,2.0NRT,266.41,2.29,N
-1.83625,103.92844,304.12,0.41,0.37,2026-09-17,1845,N,nominal,2.0NRT,265.02,4.8,N
-1.83683,103.93208,302.83,0.41,0.37,2026-09-17,1845,N,nominal,2.0NRT,264.45,4.8,N
-1.83741,103.93574,300.65,0.41,0.37,2026-09-17,1845,N,nominal,2.0NRT,261.32,1.21,N
-1.83799,103.93939,304.65,0.41,0.37,2026-09-17,1845,N,nominal,2.0NRT,261.52,1.21,N
-2.85928,110.43103,310.14,0.33,0.55,2026-09-17,1845,N,nominal,2.0NRT,286.43,0.89,N
-1.84198,103.94251,332.22,0.41,0.37,2026-09-17,1845,N,nominal,2.0NRT,265.63,8.74,N
-1.84256,103.94617,367,0.41,0.37,2026-09-17,1845,N,high,2.0NRT,274.99,8.74,N
-1.84314,103.94982,367,0.41,0.37,2026-09-17,1845,N,high,2.0NRT,276.83,26.77,N
-1.84372,103.95348,351.41,0.41,0.37,2026-09-17,1845,N,nominal,2.0NRT,277.67,26.77,N
-1.8443,103.95714,367,0.41,0.37,2026-09-17,1845,N,high,2.0NRT,285.32,36.85,N
-1.84488,103.96079,356.71,0.41,0.37,2026-09-17,1845,N,nominal,2.0NRT,293.69,36.85,N
-1.84546,103.96445,367,0.41,0.37,2026-09-17,1845,N,high,2.0NRT,288.47,29.72,N
-1.84604,103.96811,350.01,0.41,0.37,2026-09-17,1845,N,nominal,2.0NRT,290.39,29.72,N
-1.84662,103.97177,352.98,0.41,0.37,2026-09-17,1845,N,nominal,2.0NRT,279.08,10.03,N
-1.8414,103.93886,300.73,0.41,0.37,2026-09-17,1845,N,nominal,2.0NRT,261.47,0.92,N
-1.84721,103.97543,319.03,0.41,0.37,2026-09-17,1845,N,nominal,2.0NRT,280.6,10.03,N
-1.84597,103.94564,348.21,0.41,0.37,2026-09-17,1845,N,nominal,2.0NRT,268.05,8.74,N
-1.84655,103.94929,349.38,0.41,0.37,2026-09-17,1845,N,nominal,2.0NRT,282.02,26.77,N
-1.84713,103.95294,351.87,0.41,0.37,2026-09-17,1845,N,nominal,2.0NRT,286.99,26.77,N
-1.84772,103.9566,356.48,0.41,0.37,2026-09-17,1845,N,nominal,2.0NRT,283.73,36.85,N
-1.8483,103.96026,348.83,0.41,0.37,2026-09-17,1845,N,nominal,2.0NRT,297.14,36.85,N
-1.84888,103.96391,336.12,0.41,0.37,2026-09-17,1845,N,nominal,2.0NRT,284.28,29.72,N
-1.84946,103.96758,332.68,0.41,0.37,2026-09-17,1845,N,nominal,2.0NRT,275.06,29.72,N
-1.84539,103.94199,312.56,0.41,0.37,2026-09-17,1845,N,nominal,2.0NRT,262.94,8.74,N
-1.85004,103.97124,319.42,0.41,0.37,2026-09-17,1845,N,nominal,2.0NRT,277.88,10.03,N
-3.38596,113.77431,309.43,0.57,0.69,2026-09-17,1845,N,nominal,2.0NRT,282.51,1.82,N
-1.84997,103.94876,350.71,0.41,0.37,2026-09-17,1845,N,nominal,2.0NRT,272.65,17.96,N
-1.85055,103.95242,355.25,0.41,0.37,2026-09-17,1845,N,nominal,2.0NRT,279.98,17.96,N
-1.85113,103.95607,348.07,0.41,0.37,2026-09-17,1845,N,nominal,2.0NRT,274.79,4.39,N
-1.85171,103.95973,335.81,0.41,0.37,2026-09-17,1845,N,nominal,2.0NRT,275.86,4.39,N
-1.85229,103.96339,324.81,0.41,0.37,2026-09-17,1845,N,nominal,2.0NRT,276.27,2.01,N
-1.84881,103.94146,302.63,0.41,0.37,2026-09-17,1845,N,nominal,2.0NRT,262.2,1.42,N
-1.84939,103.94511,319.78,0.41,0.37,2026-09-17,1845,N,nominal,2.0NRT,265.66,1.42,N
-1.85288,103.96704,312.63,0.41,0.37,2026-09-17,1845,N,nominal,2.0NRT,276.26,2.01,N
-1.85396,103.95189,321.92,0.41,0.37,2026-09-17,1845,N,nominal,2.0NRT,270.54,17.96,N
-1.8528,103.94457,306.14,0.41,0.37,2026-09-17,1845,N,nominal,2.0NRT,265.33,1.42,N
-1.85338,103.94823,317.74,0.41,0.37,2026-09-17,1845,N,nominal,2.0NRT,268.5,17.96,N
-1.85455,103.95554,316.41,0.41,0.37,2026-09-17,1845,N,nominal,2.0NRT,272.5,4.39,N
-1.85513,103.9592,311.68,0.41,0.37,2026-09-17,1845,N,nominal,2.0NRT,273.7,4.39,N
-1.85571,103.96285,308.05,0.41,0.37,2026-09-17,1845,N,nominal,2.0NRT,274.19,2.01,N
-1.8568,103.9477,301.77,0.41,0.37,2026-09-17,1845,N,nominal,2.0NRT,266.57,0.92,N
-1.85738,103.95135,303.81,0.41,0.37,2026-09-17,1845,N,nominal,2.0NRT,269.96,0.92,N
-1.85796,103.95502,303.3,0.41,0.37,2026-09-17,1845,N,nominal,2.0NRT,272.02,1.02,N
-1.85854,103.95866,302.09,0.41,0.37,2026-09-17,1845,N,nominal,2.0NRT,272.6,1.02,N
-2.85605,110.43131,312.83,0.33,0.55,2026-09-17,1845,N,nominal,2.0NRT,286.38,0.87,N
-3.07786,111.90981,321.57,0.42,0.61,2026-09-17,1845,N,nominal,2.0NRT,286.69,2.81,N
-1.72836,102.93366,320.3,0.39,0.36,2026-09-17,1845,N,nominal,2.0NRT,291.14,1.25,N
-1.72781,102.93018,303.24,0.39,0.36,2026-09-17,1845,N,nominal,2.0NRT,290.77,1.03,N
-2.96227,110.93349,302.34,0.36,0.57,2026-09-17,1845,N,nominal,2.0NRT,288.62,0.7,N
-2.96276,110.93675,302.03,0.36,0.57,2026-09-17,1845,N,nominal,2.0NRT,288.07,0.7,N
-3.10227,111.87865,310.24,0.42,0.61,2026-09-17,1845,N,nominal,2.0NRT,285.11,2.33,N
-3.10284,111.88249,318.77,0.42,0.61,2026-09-17,1845,N,nominal,2.0NRT,286.27,2.33,N
-3.1034,111.88633,310.33,0.42,0.61,2026-09-17,1845,N,nominal,2.0NRT,285.61,1.85,N
-3.10397,111.89017,307.31,0.42,0.61,2026-09-17,1845,N,nominal,2.0NRT,286.11,1.85,N
-3.1903,112.47662,302.74,0.46,0.64,2026-09-17,1845,N,nominal,2.0NRT,283.45,0.71,N
-3.38632,113.77354,309.25,0.57,0.69,2026-09-17,1845,N,nominal,2.0NRT,282.31,1.6,N
-3.37986,113.68449,310.11,0.56,0.69,2026-09-17,1845,N,nominal,2.0NRT,279.32,1.95,N
-2.95788,110.79556,307.82,0.35,0.57,2026-09-17,1845,N,nominal,2.0NRT,287.73,1.01,N
-3.14918,112.03795,306.88,0.43,0.62,2026-09-17,1845,N,nominal,2.0NRT,284.25,1.71,N
-2.97854,110.86136,337.84,0.35,0.57,2026-09-17,1845,N,nominal,2.0NRT,282.55,2.83,N
-2.97903,110.86459,321.47,0.35,0.57,2026-09-17,1845,N,nominal,2.0NRT,287.08,1.83,N
-2.97806,110.85812,305.43,0.35,0.57,2026-09-17,1845,N,nominal,2.0NRT,283.73,2.83,N
-2.97951,110.8678,304.05,0.35,0.57,2026-09-17,1845,N,nominal,2.0NRT,285.43,1.83,N
-3.12718,111.85153,301.37,0.42,0.61,2026-09-17,1845,N,nominal,2.0NRT,285.11,0.55,N
-3.12774,111.85529,304.48,0.42,0.61,2026-09-17,1845,N,nominal,2.0NRT,284.9,0.55,N
-3.15433,112.03318,300.92,0.43,0.62,2026-09-17,1845,N,nominal,2.0NRT,284.22,1.55,N
-2.98382,110.86056,330.95,0.35,0.57,2026-09-17,1845,N,nominal,2.0NRT,285.99,4.96,N
-2.98431,110.86378,322.57,0.35,0.57,2026-09-17,1845,N,nominal,2.0NRT,282.39,1.78,N
-2.9848,110.86701,305.71,0.35,0.57,2026-09-17,1845,N,nominal,2.0NRT,286.27,1.78,N
-3.1334,111.85445,310.85,0.42,0.61,2026-09-17,1845,N,nominal,2.0NRT,285.71,2.51,N
-3.15242,111.98132,305.21,0.43,0.62,2026-09-17,1845,N,nominal,2.0NRT,285.05,1.24,N
-3.16281,112.01165,324.1,0.43,0.62,2026-09-17,1845,N,nominal,2.0NRT,286.53,1.67,N
-3.15812,111.98046,307.8,0.43,0.62,2026-09-17,1845,N,nominal,2.0NRT,285.17,1.24,N
-3.1587,111.98433,303.37,0.43,0.62,2026-09-17,1845,N,nominal,2.0NRT,285.07,1.24,N
-3.16222,112.00774,302.85,0.43,0.62,2026-09-17,1845,N,nominal,2.0NRT,284.86,2.55,N
-3.16341,112.01563,300.63,0.43,0.62,2026-09-17,1845,N,nominal,2.0NRT,284.05,1.67,N
-3.16793,112.00682,333.38,0.43,0.62,2026-09-17,1845,N,nominal,2.0NRT,287.27,3.68,N
-3.16852,112.01073,340.82,0.43,0.62,2026-09-17,1845,N,nominal,2.0NRT,286.44,6.82,N
-3.1545,111.91767,303.55,0.42,0.61,2026-09-17,1845,N,nominal,2.0NRT,284.21,5.26,N
-3.15508,111.92152,314.39,0.42,0.61,2026-09-17,1845,N,nominal,2.0NRT,285.01,5.26,N
-3.15566,111.92536,306.85,0.42,0.61,2026-09-17,1845,N,nominal,2.0NRT,284.15,3.48,N
-3.16383,111.97962,306.41,0.43,0.62,2026-09-17,1845,N,nominal,2.0NRT,285.61,2.45,N
-3.16675,111.99901,305.13,0.43,0.62,2026-09-17,1845,N,nominal,2.0NRT,285.23,3.26,N
-3.16734,112.00292,317.39,0.43,0.62,2026-09-17,1845,N,nominal,2.0NRT,286.1,3.68,N
-3.25537,112.58873,311.74,0.47,0.64,2026-09-17,1845,N,nominal,2.0NRT,282.71,2.25,N
-3.15555,111.88616,325.86,0.42,0.61,2026-09-17,1845,N,nominal,2.0NRT,285.13,3.38,N
-3.16076,111.92065,356.5,0.42,0.61,2026-09-17,1845,N,nominal,2.0NRT,286.83,5.26,N
-3.16134,111.9245,341.77,0.42,0.61,2026-09-17,1845,N,nominal,2.0NRT,286.5,3.48,N
-3.16954,111.97878,327.98,0.43,0.62,2026-09-17,1845,N,nominal,2.0NRT,286.61,2.45,N
-3.15439,111.8785,305.29,0.42,0.61,2026-09-17,1845,N,nominal,2.0NRT,285.13,2.57,N
-3.15497,111.88233,316.72,0.42,0.61,2026-09-17,1845,N,nominal,2.0NRT,285.24,2.57,N
-3.16193,111.92836,307.64,0.42,0.61,2026-09-17,1845,N,nominal,2.0NRT,284.21,3.48,N
-3.16251,111.93222,302.89,0.42,0.61,2026-09-17,1845,N,nominal,2.0NRT,283.88,1.68,N
-3.16896,111.97494,318.44,0.43,0.62,2026-09-17,1845,N,nominal,2.0NRT,286.53,6.41,N
-3.17305,112.00205,302.25,0.43,0.62,2026-09-17,1845,N,nominal,2.0NRT,284.25,3.68,N
-3.16122,111.88532,329,0.42,0.61,2026-09-17,1845,N,nominal,2.0NRT,285.06,2.31,N
-3.16645,111.91979,367,0.42,0.61,2026-09-17,1845,N,high,2.0NRT,287.15,42.81,N
-3.16703,111.92365,337.61,0.42,0.61,2026-09-17,1845,N,nominal,2.0NRT,294.39,70.96,N
-3.16761,111.92751,355.99,0.42,0.61,2026-09-17,1845,N,nominal,2.0NRT,291.37,70.96,N
-3.1682,111.93136,337.3,0.42,0.61,2026-09-17,1845,N,nominal,2.0NRT,285.88,39.07,N
-3.17466,111.97406,334.74,0.43,0.62,2026-09-17,1845,N,nominal,2.0NRT,287.21,4.53,N
-3.17525,111.97793,323.99,0.43,0.62,2026-09-17,1845,N,nominal,2.0NRT,284.62,5.7,N
-3.1618,111.88914,303.82,0.42,0.61,2026-09-17,1845,N,nominal,2.0NRT,284.38,2.31,N
-3.16586,111.91595,309.28,0.42,0.61,2026-09-17,1845,N,nominal,2.0NRT,283.56,42.81,N
-3.16878,111.9352,314.32,0.42,0.61,2026-09-17,1845,N,nominal,2.0NRT,284.33,39.07,N
-3.16936,111.93907,304.22,0.42,0.61,2026-09-17,1845,N,nominal,2.0NRT,283.9,9.09,N
-3.16748,111.88831,321.9,0.42,0.61,2026-09-17,1845,N,nominal,2.0NRT,283.91,2.31,N
-3.17272,111.92279,367,0.42,0.61,2026-09-17,1845,N,high,2.0NRT,284.03,70.96,N
-3.1733,111.92665,367,0.42,0.61,2026-09-17,1845,N,high,2.0NRT,289.26,70.96,N
-3.17389,111.9305,341.76,0.42,0.61,2026-09-17,1845,N,nominal,2.0NRT,291.33,39.07,N
-3.17447,111.93436,356.29,0.42,0.61,2026-09-17,1845,N,nominal,2.0NRT,291.41,39.07,N
-3.17506,111.93822,367,0.42,0.61,2026-09-17,1845,N,high,2.0NRT,288.21,9.09,N
-3.17565,111.94209,321.54,0.42,0.61,2026-09-17,1845,N,nominal,2.0NRT,284.69,9.09,N
-3.18037,111.97319,335.06,0.43,0.62,2026-09-17,1845,N,nominal,2.0NRT,285.65,4.53,N
-3.1669,111.88448,310.48,0.42,0.61,2026-09-17,1845,N,nominal,2.0NRT,284.23,2.31,N
-3.17213,111.91895,315.99,0.42,0.61,2026-09-17,1845,N,nominal,2.0NRT,283.24,42.81,N
-3.17623,111.94598,303.47,0.42,0.61,2026-09-17,1845,N,nominal,2.0NRT,284.13,2.69,N
-3.17978,111.96932,309.74,0.42,0.61,2026-09-17,1845,N,nominal,2.0NRT,284.95,4.53,N
-3.2745,112.59466,300.71,0.47,0.64,2026-09-17,1845,N,nominal,2.0NRT,278.14,1.06,N
-3.27515,112.59897,295.57,0.47,0.64,2026-09-17,1845,N,nominal,2.0NRT,278.99,0.9,N
-3.17958,111.92968,325.63,0.42,0.61,2026-09-17,1845,N,nominal,2.0NRT,283.52,9.15,N
-3.18017,111.93353,338.8,0.42,0.61,2026-09-17,1845,N,nominal,2.0NRT,283.68,9.15,N
-3.18075,111.9374,367,0.42,0.61,2026-09-17,1845,N,high,2.0NRT,284.23,19.15,N
-3.18134,111.94125,367,0.42,0.61,2026-09-17,1845,N,high,2.0NRT,287.28,19.15,N
-3.18193,111.94514,326.87,0.42,0.61,2026-09-17,1845,N,nominal,2.0NRT,284.67,6.1,N
-3.18371,111.9568,324.7,0.42,0.61,2026-09-17,1845,N,nominal,2.0NRT,285.95,3.76,N
-3.1843,111.96069,354.57,0.42,0.61,2026-09-17,1845,N,nominal,2.0NRT,286.98,3.54,N
-1.8755,103.56018,295.96,0.4,0.37,2026-09-17,1845,N,nominal,2.0NRT,273.18,0.38,N
-3.17315,111.88747,315.98,0.42,0.61,2026-09-17,1845,N,nominal,2.0NRT,284.06,4.97,N
-3.17373,111.89128,304.51,0.42,0.61,2026-09-17,1845,N,nominal,2.0NRT,283.63,2.2,N
-3.17899,111.92581,307.37,0.42,0.61,2026-09-17,1845,N,nominal,2.0NRT,283.24,5.17,N
-3.18252,111.94901,312.69,0.42,0.61,2026-09-17,1845,N,nominal,2.0NRT,284.49,6.1,N
-3.18312,111.9529,315.12,0.42,0.61,2026-09-17,1845,N,nominal,2.0NRT,285.1,3.76,N
-3.18489,111.96458,311.56,0.42,0.61,2026-09-17,1845,N,nominal,2.0NRT,285.46,3.54,N
-3.18548,111.96846,305.56,0.42,0.61,2026-09-17,1845,N,nominal,2.0NRT,284.88,1.16,N
-3.18607,111.97235,303.08,0.43,0.62,2026-09-17,1845,N,nominal,2.0NRT,284.11,1.16,N
-3.17941,111.89043,334.27,0.42,0.61,2026-09-17,1845,N,nominal,2.0NRT,284.24,2.2,N
-3.19,111.95981,322.61,0.42,0.61,2026-09-17,1845,N,nominal,2.0NRT,283.94,3.54,N
-1.59538,101.77191,307.49,0.39,0.36,2026-09-17,1845,N,nominal,2.0NRT,290.02,0.59,N
-3.18881,111.95204,304.98,0.42,0.61,2026-09-17,1845,N,nominal,2.0NRT,283.78,3.76,N
-3.1894,111.95591,306.61,0.42,0.61,2026-09-17,1845,N,nominal,2.0NRT,284.12,3.76,N
-3.19059,111.96371,303.14,0.42,0.61,2026-09-17,1845,N,nominal,2.0NRT,283.76,3.54,N
-3.19118,111.96759,304.07,0.42,0.61,2026-09-17,1845,N,nominal,2.0NRT,283.73,1.16,N
-1.60145,101.78867,321.57,0.39,0.36,2026-09-17,1845,N,nominal,2.0NRT,291.23,2.24,N
-3.18508,111.88959,318.37,0.42,0.61,2026-09-17,1845,N,nominal,2.0NRT,283.73,1.39,N
-3.19017,111.88491,304.4,0.42,0.61,2026-09-17,1845,N,nominal,2.0NRT,283.53,2.78,N
-3.19076,111.88874,309.93,0.42,0.61,2026-09-17,1845,N,nominal,2.0NRT,282.8,1.39,N
-3.19584,111.88406,305.14,0.42,0.61,2026-09-17,1845,N,nominal,2.0NRT,283.65,1.05,N
-3.20093,111.87943,311.47,0.42,0.61,2026-09-17,1845,N,nominal,2.0NRT,283.84,1.05,N
-1.76421,102.7289,305.92,0.39,0.36,2026-09-17,1845,N,nominal,2.0NRT,277.41,0.41,N
-1.78243,102.74024,304.84,0.39,0.36,2026-09-17,1845,N,nominal,2.0NRT,287.93,0.64,N
-3.17583,111.88864,321.6,0.42,0.61,2026-09-17,1845,N,nominal,2.0NRT,284.28,2.67,N
-3.18308,111.93868,322.09,0.42,0.61,2026-09-17,1845,N,nominal,2.0NRT,283.79,5.04,N
-3.18364,111.94254,333.23,0.42,0.61,2026-09-17,1845,N,nominal,2.0NRT,283.54,5.04,N
-3.18533,111.95422,322.13,0.42,0.61,2026-09-17,1845,N,nominal,2.0NRT,285.15,8.22,N
-3.18589,111.95811,351.18,0.42,0.61,2026-09-17,1845,N,nominal,2.0NRT,286.24,8.22,N
-3.18646,111.96202,342.6,0.42,0.61,2026-09-17,1845,N,nominal,2.0NRT,286.27,5.8,N
-3.17639,111.89246,311.56,0.42,0.61,2026-09-17,1845,N,nominal,2.0NRT,283.79,1.94,N
-3.18196,111.93095,300.62,0.42,0.61,2026-09-17,1845,N,nominal,2.0NRT,282.77,1.87,N
-3.18252,111.93481,302.21,0.42,0.61,2026-09-17,1845,N,nominal,2.0NRT,283.26,1.87,N
-3.1842,111.94641,307.78,0.42,0.61,2026-09-17,1845,N,nominal,2.0NRT,284.02,2.93,N
-3.18477,111.95031,318.03,0.42,0.61,2026-09-17,1845,N,nominal,2.0NRT,284.78,2.93,N
-3.18703,111.96593,315.77,0.43,0.62,2026-09-17,1845,N,nominal,2.0NRT,285.29,5.8,N
-3.18759,111.96983,303.88,0.43,0.62,2026-09-17,1845,N,nominal,2.0NRT,284.14,1.88,N
-1.87053,103.21253,301.63,0.39,0.36,2026-09-17,1845,N,nominal,2.0NRT,288.9,0.32,N
-3.18151,111.88777,302.74,0.42,0.61,2026-09-17,1845,N,nominal,2.0NRT,283.51,2.67,N
-3.18206,111.8916,314.6,0.42,0.61,2026-09-17,1845,N,nominal,2.0NRT,283.42,1.94,N
-1.87388,103.212,310.36,0.39,0.36,2026-09-17,1845,N,nominal,2.0NRT,288.37,0.79,N
-3.18718,111.88691,307.09,0.42,0.61,2026-09-17,1845,N,nominal,2.0NRT,284.05,1.84,N
-3.18774,111.89074,315.5,0.42,0.61,2026-09-17,1845,N,nominal,2.0NRT,283.06,2.11,N
-3.19285,111.88604,314.57,0.42,0.61,2026-09-17,1845,N,nominal,2.0NRT,283.31,1.84,N
-3.19853,111.88522,301.41,0.42,0.61,2026-09-17,1845,N,nominal,2.0NRT,282.81,2.33,N
-3.20365,111.88055,336.19,0.42,0.61,2026-09-17,1845,N,nominal,2.0NRT,284.54,2.33,N
-3.20309,111.87671,308.07,0.42,0.61,2026-09-17,1845,N,nominal,2.0NRT,283.91,4.06,N
-3.20819,111.87201,305.82,0.42,0.61,2026-09-17,1845,N,nominal,2.0NRT,284.41,1.47,N
-3.20876,111.87587,316.31,0.42,0.61,2026-09-17,1845,N,nominal,2.0NRT,283.66,1.47,N
-2.36707,106.2623,326.22,0.52,0.42,2026-09-17,1845,N,nominal,2.0NRT,292.66,2.48,N
-2.3678,106.26701,311.44,0.52,0.42,2026-09-17,1845,N,nominal,2.0NRT,292.08,2.48,N
-3.21443,111.87499,310.91,0.42,0.61,2026-09-17,1845,N,nominal,2.0NRT,283.89,1.47,N
-2.37091,106.2617,318.56,0.52,0.42,2026-09-17,1845,N,nominal,2.0NRT,292.2,2.73,N
-2.37163,106.26641,318.57,0.52,0.42,2026-09-17,1845,N,nominal,2.0NRT,292.37,2.73,N
-2.60925,107.81286,312.45,0.44,0.46,2026-09-17,1845,N,nominal,2.0NRT,288.35,1.59,N
-3.21953,111.87028,300.62,0.42,0.61,2026-09-17,1845,N,nominal,2.0NRT,283.81,0.84,N
-2.02577,104.00145,296.21,0.41,0.37,2026-09-17,1845,N,nominal,2.0NRT,279.81,0.67,N
-2.37804,106.2318,336.16,0.52,0.42,2026-09-17,1845,N,nominal,2.0NRT,297.36,7.32,N
-3.23085,111.8296,303.73,0.42,0.61,2026-09-17,1845,N,nominal,2.0NRT,284.89,0.62,N
-2.38187,106.23121,319.84,0.52,0.42,2026-09-17,1845,N,nominal,2.0NRT,294.01,3.3,N
-2.3826,106.23589,305.11,0.52,0.42,2026-09-17,1845,N,nominal,2.0NRT,292.4,3.3,N
-3.23595,111.82498,301.65,0.42,0.61,2026-09-17,1845,N,nominal,2.0NRT,285.29,1.7,N
-3.23651,111.82877,309.35,0.42,0.61,2026-09-17,1845,N,nominal,2.0NRT,285.93,2.35,N
-2.38643,106.2353,333.71,0.52,0.42,2026-09-17,1845,N,nominal,2.0NRT,296.14,3.3,N
-2.38716,106.23998,311.52,0.52,0.42,2026-09-17,1845,N,nominal,2.0NRT,292.39,1.86,N
-2.39026,106.2347,304.97,0.52,0.42,2026-09-17,1845,N,nominal,2.0NRT,291.79,1.28,N
-3.34753,112.45105,302.19,0.46,0.64,2026-09-17,1845,N,nominal,2.0NRT,284.05,2.12,N
-2.39938,106.2429,311.73,0.52,0.42,2026-09-17,1845,N,nominal,2.0NRT,293.12,2.02,N
-2.40248,106.23761,311.11,0.52,0.42,2026-09-17,1845,N,nominal,2.0NRT,290.94,2.02,N
-3.73091,114.88599,311.84,0.68,0.74,2026-09-17,1845,N,nominal,2.0NRT,287.99,1.77,N
-3.73775,114.88464,305.62,0.68,0.74,2026-09-17,1845,N,nominal,2.0NRT,288.13,1.77,N
-3.73863,114.89057,310.71,0.68,0.74,2026-09-17,1845,N,nominal,2.0NRT,287.87,1.77,N
-2.4376,106.26106,304.52,0.52,0.42,2026-09-17,1845,N,nominal,2.0NRT,286.12,1.95,N
-2.38662,105.91573,304.45,0.5,0.41,2026-09-17,1845,N,nominal,2.0NRT,291.74,0.59,N
-2.387,105.91815,306.17,0.5,0.41,2026-09-17,1845,N,nominal,2.0NRT,291.67,0.62,N
-3.73039,114.88721,309.1,0.68,0.74,2026-09-17,1845,N,nominal,2.0NRT,287.7,1.3,N
-3.73723,114.88579,310.81,0.68,0.74,2026-09-17,1845,N,nominal,2.0NRT,287.93,3.95,N
-3.73809,114.89184,307.86,0.68,0.74,2026-09-17,1845,N,nominal,2.0NRT,287.65,2.84,N
-2.07409,103.68835,304.89,0.4,0.37,2026-09-17,1845,N,nominal,2.0NRT,290.44,0.54,N
-2.07748,103.68782,304.8,0.4,0.37,2026-09-17,1845,N,nominal,2.0NRT,290.09,0.69,N
-2.43562,105.93374,306.96,0.5,0.41,2026-09-17,1845,N,nominal,2.0NRT,293.92,1.3,N
-2.43632,105.93826,310.92,0.5,0.41,2026-09-17,1845,N,nominal,2.0NRT,294.2,1.3,N
-2.44009,105.93766,307.03,0.5,0.41,2026-09-17,1845,N,nominal,2.0NRT,293.8,1.3,N
-2.44079,105.94219,311.61,0.5,0.41,2026-09-17,1845,N,nominal,2.0NRT,293.22,1.59,N
-2.44385,105.93707,327.25,0.5,0.41,2026-09-17,1845,N,nominal,2.0NRT,296.79,3.24,N
-2.44455,105.9416,335.22,0.5,0.41,2026-09-17,1845,N,nominal,2.0NRT,295.39,5.72,N
-2.44761,105.93649,309.88,0.5,0.41,2026-09-17,1845,N,nominal,2.0NRT,292.88,3.24,N
-2.77768,108.01025,309.5,0.45,0.47,2026-09-17,1845,N,nominal,2.0NRT,290.63,1.13,N
-2.47896,105.96409,314.63,0.5,0.41,2026-09-17,1845,N,nominal,2.0NRT,293,2.06,N
-2.48489,105.97715,311.3,0.5,0.41,2026-09-17,1845,N,nominal,2.0NRT,292.55,1.67,N
-2.06657,103.20389,301.37,0.39,0.36,2026-09-17,1845,N,nominal,2.0NRT,286.06,0.59,N
-2.23179,104.13716,301.43,0.42,0.37,2026-09-17,1845,N,nominal,2.0NRT,281.74,1.99,N
-2.23237,104.1409,305.51,0.42,0.37,2026-09-17,1845,N,nominal,2.0NRT,280.67,0.82,N
-2.23582,104.14036,304.57,0.42,0.37,2026-09-17,1845,N,nominal,2.0NRT,279.74,0.83,N
-2.8456,108.09721,324.59,0.46,0.47,2026-09-17,1845,N,nominal,2.0NRT,290.85,2.82,N
-2.84995,108.09656,338.76,0.46,0.47,2026-09-17,1845,N,nominal,2.0NRT,290.66,5.85,N
-2.8364,107.77586,304.67,0.44,0.46,2026-09-17,1845,N,nominal,2.0NRT,290.32,0.45,N
-2.04652,102.67375,343.7,0.39,0.36,2026-09-17,1845,N,nominal,2.0NRT,294.07,3.9,N
-2.04985,102.67323,326.31,0.39,0.36,2026-09-17,1845,N,nominal,2.0NRT,289.81,3.9,N
-2.0504,102.67669,308.22,0.39,0.36,2026-09-17,1845,N,nominal,2.0NRT,289,1.49,N
-2.06252,102.73164,337.68,0.39,0.36,2026-09-17,1845,N,nominal,2.0NRT,292.83,4.05,N
-2.36247,104.58458,305.44,0.43,0.38,2026-09-17,1845,N,nominal,2.0NRT,289.16,0.86,N
-2.36309,104.58846,302.72,0.43,0.38,2026-09-17,1845,N,nominal,2.0NRT,288.87,0.65,N
-2.32284,104.28851,307.76,0.42,0.38,2026-09-17,1845,N,nominal,2.0NRT,281.99,1.33,N
-2.94824,108.24072,321.54,0.47,0.48,2026-09-17,1845,N,nominal,2.0NRT,291.31,1.76,N
-2.94758,108.23646,305.56,0.47,0.48,2026-09-17,1845,N,nominal,2.0NRT,291.08,1.76,N
-2.23073,103.52772,306.1,0.4,0.37,2026-09-17,1845,N,nominal,2.0NRT,283.86,0.86,N
-2.95146,108.23811,321.08,0.47,0.48,2026-09-17,1845,N,nominal,2.0NRT,291.17,2.49,N
-2.23411,103.52718,301.94,0.4,0.37,2026-09-17,1845,N,nominal,2.0NRT,283.86,1.03,N
-2.23132,103.48725,302.21,0.4,0.37,2026-09-17,1845,N,nominal,2.0NRT,284.28,0.44,N
-2.26342,103.51524,322.67,0.4,0.37,2026-09-17,1845,N,nominal,2.0NRT,284.09,1.99,N
-2.26285,103.51165,302.21,0.4,0.37,2026-09-17,1845,N,nominal,2.0NRT,284.54,0.86,N
-2.39092,104.30604,340.72,0.42,0.38,2026-09-17,1845,N,nominal,2.0NRT,286.95,4.83,N
-2.39151,104.30983,330.35,0.42,0.38,2026-09-17,1845,N,nominal,2.0NRT,285.93,3.42,N
-2.26624,103.51113,304.05,0.4,0.37,2026-09-17,1845,N,nominal,2.0NRT,283.72,1.45,N
-2.38855,104.29087,300.93,0.42,0.38,2026-09-17,1845,N,nominal,2.0NRT,279.77,0.56,N
-2.39439,104.3055,340.43,0.42,0.38,2026-09-17,1845,N,nominal,2.0NRT,283.85,4.83,N
-2.39499,104.30929,324.94,0.42,0.38,2026-09-17,1845,N,nominal,2.0NRT,285.37,3.42,N
-2.27018,103.51419,308.42,0.4,0.37,2026-09-17,1845,N,nominal,2.0NRT,281.87,1.23,N
-2.27075,103.51778,313.04,0.4,0.37,2026-09-17,1845,N,nominal,2.0NRT,281.69,1.23,N
-2.3938,104.3017,300.64,0.42,0.38,2026-09-17,1845,N,nominal,2.0NRT,280.26,4.83,N
-2.40501,104.35057,326.73,0.42,0.38,2026-09-17,1845,N,nominal,2.0NRT,287.91,6.17,N
-2.27413,103.51726,301.21,0.4,0.37,2026-09-17,1845,N,nominal,2.0NRT,280.2,1.01,N
-2.39727,104.30116,300.94,0.42,0.38,2026-09-17,1845,N,nominal,2.0NRT,278.8,0.85,N
-2.39787,104.30496,314.17,0.42,0.38,2026-09-17,1845,N,nominal,2.0NRT,280.59,0.85,N
-2.40561,104.35439,303.69,0.42,0.38,2026-09-17,1845,N,nominal,2.0NRT,284.58,2.18,N
-2.40849,104.35003,345.99,0.42,0.38,2026-09-17,1845,N,nominal,2.0NRT,291.77,6.17,N
-2.40909,104.35384,325.8,0.42,0.38,2026-09-17,1845,N,nominal,2.0NRT,288.13,2.18,N
-2.41257,104.35329,333.48,0.42,0.38,2026-09-17,1845,N,nominal,2.0NRT,286.88,2.29,N
-2.41197,104.34949,319.48,0.42,0.38,2026-09-17,1845,N,nominal,2.0NRT,285.07,2.65,N
-2.41317,104.3571,310.73,0.42,0.38,2026-09-17,1845,N,nominal,2.0NRT,284.9,2.29,N
-2.41665,104.35656,304.54,0.42,0.38,2026-09-17,1845,N,nominal,2.0NRT,283.14,2.29,N
-2.41725,104.36037,306.78,0.42,0.38,2026-09-17,1845,N,nominal,2.0NRT,283.64,1.24,N
-2.41236,104.30659,300.89,0.42,0.38,2026-09-17,1845,N,nominal,2.0NRT,279.8,0.54,N
-2.42073,104.35983,300.47,0.42,0.38,2026-09-17,1845,N,nominal,2.0NRT,281.36,1.63,N
-2.41523,104.30225,299.88,0.42,0.38,2026-09-17,1845,N,nominal,2.0NRT,280.74,0.81,N
-2.42541,104.36692,300.8,0.42,0.38,2026-09-17,1845,N,nominal,2.0NRT,282.86,0.56,N
-2.28763,103.4492,296.99,0.4,0.37,2026-09-17,1845,N,nominal,2.0NRT,277.78,0.48,N
-2.42937,104.34679,300.91,0.42,0.38,2026-09-17,1845,N,nominal,2.0NRT,280.57,0.49,N
-2.42997,104.35061,298.47,0.42,0.38,2026-09-17,1845,N,nominal,2.0NRT,278.96,0.59,N
-2.28874,103.43439,297.89,0.4,0.37,2026-09-17,1845,N,nominal,2.0NRT,279.93,0.23,N
-2.43285,104.34625,299.16,0.42,0.38,2026-09-17,1845,N,nominal,2.0NRT,279.52,1.11,N
-2.43345,104.35007,297.64,0.42,0.38,2026-09-17,1845,N,nominal,2.0NRT,278.56,0.82,N
-2.7467,106.34309,309.74,0.53,0.42,2026-09-17,1845,N,nominal,2.0NRT,291.95,1.37,N
-2.43681,104.32616,311.61,0.42,0.38,2026-09-17,1845,N,nominal,2.0NRT,282.32,1.79,N
-2.4504,104.36697,326.62,0.42,0.38,2026-09-17,1845,N,nominal,2.0NRT,282.46,2.04,N
-2.44543,104.31313,301.38,0.42,0.38,2026-09-17,1845,N,nominal,2.0NRT,282.66,0.35,N
-2.45207,104.35499,301.93,0.42,0.38,2026-09-17,1845,N,nominal,2.0NRT,281.33,1.74,N
-2.31296,103.45623,295.82,0.4,0.37,2026-09-17,1845,N,nominal,2.0NRT,274.48,0.44,N
-2.31353,103.45979,295.64,0.4,0.37,2026-09-17,1845,N,nominal,2.0NRT,274.41,0.44,N
-2.42342,104.08527,316.82,0.41,0.37,2026-09-17,1845,N,nominal,2.0NRT,290.33,2.09,N
-2.42249,104.08594,318.31,0.42,0.37,2026-09-17,1845,N,nominal,2.0NRT,290.83,2.76,N
-2.34621,103.44022,320,0.4,0.37,2026-09-17,1845,N,nominal,2.0NRT,282.52,2.32,N
-2.81161,106.45002,316.51,0.54,0.42,2026-09-17,1845,N,nominal,2.0NRT,287.56,1.4,N
-2.81236,106.45493,303.42,0.54,0.42,2026-09-17,1845,N,nominal,2.0NRT,285.08,1.4,N
-2.30665,103.16642,329.34,0.39,0.36,2026-09-17,1845,N,nominal,2.0NRT,271.84,1.55,N
-2.3072,103.16995,322.46,0.39,0.36,2026-09-17,1845,N,nominal,2.0NRT,272.88,1.55,N
-2.31,103.16589,302.96,0.39,0.36,2026-09-17,1845,N,nominal,2.0NRT,272.62,1.55,N
-2.31056,103.16942,301.51,0.39,0.36,2026-09-17,1845,N,nominal,2.0NRT,273.7,1.55,N
-2.33849,103.2157,300.26,0.39,0.36,2026-09-17,1845,N,nominal,2.0NRT,280.45,0.4,N
-2.81812,106.08317,311.56,0.52,0.41,2026-09-17,1845,N,nominal,2.0NRT,291.74,3,N
-2.81885,106.08783,309.2,0.52,0.41,2026-09-17,1845,N,nominal,2.0NRT,290.51,0.69,N
-2.85364,106.30988,307.04,0.53,0.42,2026-09-17,1845,N,nominal,2.0NRT,285.79,0.86,N
-2.86223,106.28889,306.78,0.53,0.42,2026-09-17,1845,N,nominal,2.0NRT,288.69,3.03,N
-2.89684,106.38226,307.73,0.54,0.42,2026-09-17,1845,N,nominal,2.0NRT,291.97,2.25,N
-2.89662,106.38058,307.93,0.54,0.42,2026-09-17,1845,N,nominal,2.0NRT,291.93,1.66,N
-2.60171,104.43172,299.32,0.43,0.38,2026-09-17,1845,N,nominal,2.0NRT,280.21,0.59,N
-2.51338,103.79619,300,0.41,0.37,2026-09-17,1845,N,nominal,2.0NRT,273.29,0.55,N
-2.45842,103.42323,301.2,0.4,0.37,2026-09-17,1845,N,nominal,2.0NRT,283.04,0.85,N
-2.45899,103.42681,302.17,0.4,0.37,2026-09-17,1845,N,nominal,2.0NRT,282.64,0.88,N
-2.4618,103.42271,340.11,0.4,0.37,2026-09-17,1845,N,nominal,2.0NRT,284.58,3.08,N
-3.16199,107.96998,322.38,0.45,0.47,2026-09-17,1845,N,nominal,2.0NRT,290.51,2.42,N
-2.46349,103.43345,300.84,0.4,0.37,2026-09-17,1845,N,nominal,2.0NRT,279.03,0.74,N
-2.46518,103.4222,306.45,0.4,0.37,2026-09-17,1845,N,nominal,2.0NRT,283.53,3.08,N
-2.46631,103.42935,302.95,0.4,0.37,2026-09-17,1845,N,nominal,2.0NRT,281.86,1.99,N
-2.43445,103.18303,312.35,0.39,0.36,2026-09-17,1845,N,nominal,2.0NRT,279.74,1.81,N
-2.4378,103.18251,332.4,0.39,0.36,2026-09-17,1847,N,nominal,2.0NRT,280.11,4.76,N
-2.44228,103.18906,333.4,0.39,0.36,2026-09-17,1847,N,nominal,2.0NRT,282.05,6.46,N
-2.7622,105.20657,302.15,0.46,0.39,2026-09-17,1847,N,nominal,2.0NRT,282.05,0.78,N
-2.76285,105.21074,300.56,0.46,0.39,2026-09-17,1847,N,nominal,2.0NRT,282.12,0.78,N
-2.76677,105.23586,303.2,0.47,0.39,2026-09-17,1847,N,nominal,2.0NRT,284.6,1.2,N
-2.76583,105.206,303.36,0.46,0.39,2026-09-17,1847,N,nominal,2.0NRT,280.82,0.78,N
-2.77012,105.20962,307.26,0.46,0.39,2026-09-17,1847,N,nominal,2.0NRT,282,1.95,N
-2.77506,105.21741,304.13,0.46,0.39,2026-09-17,1847,N,nominal,2.0NRT,280.95,2.01,N
-2.77702,105.22998,302.59,0.47,0.39,2026-09-17,1847,N,nominal,2.0NRT,284.74,1.41,N
-2.51081,103.44809,299.8,0.4,0.37,2026-09-17,1847,N,nominal,2.0NRT,281.65,0.96,N
-2.81945,105.1651,300.44,0.46,0.39,2026-09-17,1847,N,nominal,2.0NRT,285.45,0.67,N
-2.82307,105.16454,301.69,0.46,0.39,2026-09-17,1847,N,nominal,2.0NRT,284.96,0.67,N
-2.68972,104.27768,318.89,0.42,0.38,2026-09-17,1847,N,nominal,2.0NRT,283.29,2.27,N
-2.69319,104.27714,318.41,0.42,0.38,2026-09-17,1847,N,nominal,2.0NRT,282.51,2.27,N
-2.85378,105.147,304.84,0.46,0.39,2026-09-17,1847,N,nominal,2.0NRT,286.3,0.92,N
-2.77276,104.28431,303.69,0.42,0.38,2026-09-17,1847,N,nominal,2.0NRT,277.58,0.47,N
-2.77624,104.28378,332.14,0.42,0.38,2026-09-17,1847,N,nominal,2.0NRT,277.01,1.9,N
-2.77684,104.28759,301.9,0.42,0.38,2026-09-17,1847,N,nominal,2.0NRT,278.89,1.9,N
-2.60641,103.19268,304.61,0.39,0.36,2026-09-17,1847,N,nominal,2.0NRT,272.56,0.8,N
-2.77972,104.28323,295.13,0.42,0.38,2026-09-17,1847,N,nominal,2.0NRT,276.19,1.9,N
-2.77713,104.28387,322.08,0.42,0.38,2026-09-17,1847,N,nominal,2.0NRT,275.82,1.44,N
-2.60751,103.19218,303.83,0.39,0.36,2026-09-17,1847,N,nominal,2.0NRT,273.41,0.75,N
-2.60806,103.19572,297.95,0.39,0.36,2026-09-17,1847,N,nominal,2.0NRT,273.18,0.75,N
-2.77772,104.2877,298.73,0.42,0.38,2026-09-17,1847,N,nominal,2.0NRT,279.81,1.44,N
-2.61541,103.1547,295.81,0.39,0.36,2026-09-17,1847,N,nominal,2.0NRT,268.85,0.28,N
-2.96123,105.21706,301.93,0.47,0.4,2026-09-17,1847,N,nominal,2.0NRT,289.3,0.96,N
-2.64512,103.12473,299.98,0.39,0.36,2026-09-17,1847,N,nominal,2.0NRT,277.62,1.02,N
-2.91437,104.82007,299.5,0.45,0.39,2026-09-17,1847,N,nominal,2.0NRT,279.48,0.55,N
-2.66302,103.15089,302.63,0.39,0.36,2026-09-17,1847,N,nominal,2.0NRT,278.19,0.59,N
-2.64188,102.99532,302.23,0.39,0.36,2026-09-17,1847,N,nominal,2.0NRT,279.87,1.46,N
-2.64971,102.97971,299.57,0.39,0.36,2026-09-17,1847,N,nominal,2.0NRT,282.03,0.67,N
-2.65306,102.97919,302.15,0.39,0.36,2026-09-17,1847,N,nominal,2.0NRT,281.94,0.67,N
-2.65975,102.97814,320.43,0.39,0.36,2026-09-17,1847,N,nominal,2.0NRT,283.07,2.02,N
-2.68319,103.08264,312.42,0.39,0.36,2026-09-17,1847,N,nominal,2.0NRT,285.51,1.51,N
-2.68375,103.08617,308.28,0.39,0.36,2026-09-17,1847,N,nominal,2.0NRT,283.59,0.99,N
-2.82428,103.84306,300.42,0.41,0.37,2026-09-17,1847,N,nominal,2.0NRT,287.3,0.62,N
-2.68529,102.93119,326.2,0.39,0.36,2026-09-17,1847,N,nominal,2.0NRT,284.76,2.43,N
-2.70406,103.0507,335.76,0.39,0.36,2026-09-17,1847,N,nominal,2.0NRT,288.24,4.49,N
-2.68585,102.93469,305.13,0.39,0.36,2026-09-17,1847,N,nominal,2.0NRT,284.37,0.98,N
-2.75242,103.35954,296.81,0.4,0.37,2026-09-17,1847,N,nominal,2.0NRT,274.2,0.78,N
-2.70741,103.05017,318.33,0.39,0.36,2026-09-17,1847,N,nominal,2.0NRT,287.62,2.8,N
-2.70963,103.06429,302.05,0.39,0.36,2026-09-17,1847,N,nominal,2.0NRT,285.05,1.35,N
-2.75582,103.33704,299.62,0.4,0.37,2026-09-17,1847,N,nominal,2.0NRT,277.18,0.83,N
-2.75976,103.34009,300.78,0.4,0.37,2026-09-17,1847,N,nominal,2.0NRT,276.91,0.74,N
-2.76032,103.34366,307.11,0.4,0.37,2026-09-17,1847,N,nominal,2.0NRT,277.48,1.76,N
-3.07988,105.30887,305.41,0.47,0.4,2026-09-17,1847,N,nominal,2.0NRT,291.19,1.67,N
-3.08053,105.31313,314.9,0.47,0.4,2026-09-17,1847,N,nominal,2.0NRT,292.03,1.67,N
-3.08119,105.3174,313.87,0.47,0.4,2026-09-17,1847,N,nominal,2.0NRT,291.67,4.73,N
-3.08223,105.29978,331.98,0.47,0.4,2026-09-17,1847,N,nominal,2.0NRT,294.06,3.4,N
-3.08552,105.32109,349.67,0.47,0.4,2026-09-17,1847,N,nominal,2.0NRT,297.11,4.73,N
-3.08288,105.30405,318.27,0.47,0.4,2026-09-17,1847,N,nominal,2.0NRT,292.36,3.4,N
-3.08354,105.3083,306.26,0.47,0.4,2026-09-17,1847,N,nominal,2.0NRT,291.6,1.67,N
-3.08486,105.31684,309.56,0.47,0.4,2026-09-17,1847,N,nominal,2.0NRT,291.75,4.73,N
-3.08617,105.32537,316.05,0.47,0.4,2026-09-17,1847,N,nominal,2.0NRT,291.2,3.2,N
-3.08589,105.29922,331.04,0.47,0.4,2026-09-17,1847,N,nominal,2.0NRT,293.91,3.24,N
-3.08918,105.32053,327.22,0.47,0.4,2026-09-17,1847,N,nominal,2.0NRT,292.25,8.96,N
-3.08984,105.3248,352.27,0.47,0.4,2026-09-17,1847,N,nominal,2.0NRT,304.97,28.45,N
-3.08523,105.29496,313.99,0.47,0.4,2026-09-17,1847,N,nominal,2.0NRT,292.3,2.34,N
-3.08655,105.30348,309.06,0.47,0.4,2026-09-17,1847,N,nominal,2.0NRT,291.67,3.24,N
-3.09351,105.32423,350.46,0.47,0.4,2026-09-17,1847,N,nominal,2.0NRT,295.5,28.45,N
-3.08758,105.2859,316.44,0.47,0.4,2026-09-17,1847,N,nominal,2.0NRT,292.8,3.15,N
-3.08824,105.29015,309.53,0.47,0.4,2026-09-17,1847,N,nominal,2.0NRT,292.3,2.34,N
-3.09124,105.28533,336.07,0.47,0.4,2026-09-17,1847,N,nominal,2.0NRT,294.98,6.33,N
-3.0919,105.28958,323.26,0.47,0.4,2026-09-17,1847,N,nominal,2.0NRT,293.42,3.86,N
-3.09718,105.32367,303.66,0.47,0.4,2026-09-17,1847,N,nominal,2.0NRT,290.5,1.02,N
-2.77892,103.24207,310.2,0.4,0.37,2026-09-17,1847,N,nominal,2.0NRT,272.05,1.19,N
-3.09857,105.28419,309.87,0.47,0.4,2026-09-17,1847,N,nominal,2.0NRT,291.01,1.69,N
-2.78228,103.24153,310.27,0.4,0.37,2026-09-17,1847,N,nominal,2.0NRT,270.97,1.19,N
-2.92131,104.103,312.3,0.42,0.38,2026-09-17,1847,N,nominal,2.0NRT,284.6,1.5,N
-3.1003,105.22321,310.07,0.47,0.4,2026-09-17,1847,N,nominal,2.0NRT,287.76,1.61,N
-3.10162,105.23166,302.29,0.47,0.4,2026-09-17,1847,N,nominal,2.0NRT,284.28,1.55,N
-3.10228,105.23588,313.55,0.47,0.4,2026-09-17,1847,N,nominal,2.0NRT,284.74,0.96,N
-3.10294,105.2401,297.46,0.47,0.4,2026-09-17,1847,N,nominal,2.0NRT,282.72,0.96,N
-2.88019,103.79665,306.71,0.41,0.37,2026-09-17,1847,N,nominal,2.0NRT,285.36,1.06,N
-3.10593,105.23531,317.03,0.47,0.4,2026-09-17,1847,N,nominal,2.0NRT,282.7,1.33,N
-3.10659,105.23954,302.28,0.47,0.4,2026-09-17,1847,N,nominal,2.0NRT,280.33,1.33,N
-2.80759,103.31433,296.93,0.4,0.37,2026-09-17,1847,N,nominal,2.0NRT,274.76,0.71,N
-2.94189,104.05362,305.52,0.42,0.37,2026-09-17,1847,N,nominal,2.0NRT,285.26,1.04,N
-2.94248,104.05737,301.39,0.42,0.38,2026-09-17,1847,N,nominal,2.0NRT,286.39,0.76,N
-3.10736,105.10188,303.41,0.46,0.39,2026-09-17,1847,N,nominal,2.0NRT,289.03,1.37,N
-3.08956,104.91889,317.93,0.45,0.39,2026-09-17,1847,N,nominal,2.0NRT,284.47,2.05,N
-3.12681,105.10741,302.88,0.46,0.39,2026-09-17,1847,N,nominal,2.0NRT,288.29,0.74,N
-3.0902,104.91608,311.59,0.45,0.39,2026-09-17,1847,N,nominal,2.0NRT,284.14,1.01,N
-3.09083,104.92017,302.58,0.45,0.39,2026-09-17,1847,N,nominal,2.0NRT,283.81,1.01,N
-3.12706,105.10904,307.23,0.46,0.39,2026-09-17,1847,N,nominal,2.0NRT,288.6,1.65,N
-2.92628,103.78253,306.34,0.41,0.37,2026-09-17,1847,N,nominal,2.0NRT,286.79,1.32,N
-2.92686,103.78621,305.02,0.41,0.37,2026-09-17,1847,N,nominal,2.0NRT,285.98,0.87,N
-2.92971,103.782,321.09,0.41,0.37,2026-09-17,1847,N,nominal,2.0NRT,288.32,7.15,N
-3.04004,104.49438,300.21,0.43,0.38,2026-09-17,1847,N,nominal,2.0NRT,273.72,0.93,N
-2.93313,103.78146,343.73,0.41,0.37,2026-09-17,1847,N,nominal,2.0NRT,289.81,7.15,N
-2.93256,103.77779,304.91,0.41,0.37,2026-09-17,1847,N,nominal,2.0NRT,287.47,7.15,N
-2.9452,103.85902,306.47,0.41,0.37,2026-09-17,1847,N,nominal,2.0NRT,289.17,1.89,N
-3.02076,104.34622,305.3,0.43,0.38,2026-09-17,1847,N,nominal,2.0NRT,280.43,0.88,N
-2.94863,103.85847,313.22,0.41,0.37,2026-09-17,1847,N,nominal,2.0NRT,290.19,1.33,N
-2.94921,103.86219,304.01,0.41,0.37,2026-09-17,1847,N,nominal,2.0NRT,288.74,1.33,N
-3.03024,104.38432,311.61,0.43,0.38,2026-09-17,1847,N,nominal,2.0NRT,280.96,1.7,N
-3.03084,104.38819,314.36,0.43,0.38,2026-09-17,1847,N,nominal,2.0NRT,281.63,2.96,N
-3.03434,104.38765,339.73,0.43,0.38,2026-09-17,1847,N,nominal,2.0NRT,283.96,2.96,N
-2.95149,103.85424,306.39,0.41,0.37,2026-09-17,1847,N,nominal,2.0NRT,289.14,1.85,N
-2.95264,103.86166,308.52,0.41,0.37,2026-09-17,1847,N,nominal,2.0NRT,289.65,1.33,N
-2.977,104.01816,305.49,0.42,0.37,2026-09-17,1847,N,nominal,2.0NRT,287.2,1.62,N
-2.97758,104.02192,303.18,0.42,0.37,2026-09-17,1847,N,nominal,2.0NRT,287.28,0.61,N
-3.03374,104.38378,305.06,0.43,0.38,2026-09-17,1847,N,nominal,2.0NRT,280.73,1.7,N
-3.03494,104.39153,317.31,0.43,0.38,2026-09-17,1847,N,nominal,2.0NRT,282.56,2.96,N
-3.08422,104.71021,302,0.44,0.39,2026-09-17,1847,N,nominal,2.0NRT,279.82,0.63,N
-3.08778,104.70965,330.7,0.44,0.39,2026-09-17,1847,N,nominal,2.0NRT,280.24,3.63,N
-3.03785,104.38711,302.7,0.43,0.38,2026-09-17,1847,N,nominal,2.0NRT,279.89,1.38,N
-3.03845,104.39098,312.24,0.43,0.38,2026-09-17,1847,N,nominal,2.0NRT,281.07,1.38,N
-3.08716,104.70565,301.3,0.44,0.39,2026-09-17,1847,N,nominal,2.0NRT,279.55,1.92,N
-2.95893,103.85688,306.47,0.41,0.37,2026-09-17,1847,N,nominal,2.0NRT,288.09,1.42,N
-2.95951,103.86058,310.04,0.41,0.37,2026-09-17,1847,N,nominal,2.0NRT,288.85,1.42,N
-2.96009,103.86429,318.45,0.41,0.37,2026-09-17,1847,N,nominal,2.0NRT,289.19,1.57,N
-2.96066,103.86799,306.66,0.41,0.37,2026-09-17,1847,N,nominal,2.0NRT,287.8,1.57,N
-3.09257,104.7171,300.21,0.44,0.39,2026-09-17,1847,N,nominal,2.0NRT,280.68,0.65,N
-3.09319,104.72109,304.14,0.44,0.39,2026-09-17,1847,N,nominal,2.0NRT,281.86,0.65,N
-2.96294,103.86005,337.57,0.41,0.37,2026-09-17,1847,N,nominal,2.0NRT,292.24,3.53,N
-2.96352,103.86375,331.03,0.41,0.37,2026-09-17,1847,N,nominal,2.0NRT,290.45,5.49,N
-2.96179,103.85265,314.02,0.41,0.37,2026-09-17,1847,N,nominal,2.0NRT,288.95,2.79,N
-2.96236,103.85635,318.26,0.41,0.37,2026-09-17,1847,N,nominal,2.0NRT,289.6,3.53,N
-2.9641,103.86746,303.06,0.41,0.37,2026-09-17,1847,N,nominal,2.0NRT,287.38,5.49,N
-2.98794,104.02029,306.24,0.42,0.37,2026-09-17,1847,N,nominal,2.0NRT,287.27,0.79,N
-2.98853,104.02406,303.27,0.42,0.37,2026-09-17,1847,N,nominal,2.0NRT,286.23,0.79,N
-3.09427,104.70455,297.62,0.44,0.39,2026-09-17,1847,N,nominal,2.0NRT,280.29,1.67,N
-2.96638,103.85951,337.41,0.41,0.37,2026-09-17,1847,N,nominal,2.0NRT,288.82,3.53,N
-2.96695,103.86322,355.66,0.41,0.37,2026-09-17,1847,N,nominal,2.0NRT,295.44,5.49,N
-3.09783,104.704,325.52,0.44,0.39,2026-09-17,1847,N,nominal,2.0NRT,280.35,1.67,N
-2.82913,102.98454,302.02,0.39,0.36,2026-09-17,1847,N,nominal,2.0NRT,285.95,0.45,N
-2.9658,103.85581,307.05,0.41,0.37,2026-09-17,1847,N,nominal,2.0NRT,286.13,3.53,N
-3.04776,104.3816,300.35,0.43,0.38,2026-09-17,1847,N,nominal,2.0NRT,278.7,0.83,N
-3.05803,104.44762,304.31,0.43,0.38,2026-09-17,1847,N,nominal,2.0NRT,270.43,0.97,N
-3.09845,104.70799,308.31,0.44,0.39,2026-09-17,1847,N,nominal,2.0NRT,279.75,1.66,N
-2.83248,102.98401,331.61,0.39,0.36,2026-09-17,1847,N,nominal,2.0NRT,287.28,3.15,N
-2.96981,103.85899,320.9,0.41,0.37,2026-09-17,1847,N,nominal,2.0NRT,286.23,3.22,N
-2.97039,103.86269,353.4,0.41,0.37,2026-09-17,1847,N,nominal,2.0NRT,288.3,11.1,N
-3.10139,104.70345,324.81,0.44,0.39,2026-09-17,1847,N,nominal,2.0NRT,280.05,3.57,N
-2.83193,102.9805,306.39,0.39,0.36,2026-09-17,1847,N,nominal,2.0NRT,286.36,1.43,N
-3.06154,104.44707,302.9,0.43,0.38,2026-09-17,1847,N,nominal,2.0NRT,268.01,1.89,N
-3.06215,104.45096,314.95,0.43,0.38,2026-09-17,1847,N,nominal,2.0NRT,270.61,1.89,N
-3.10201,104.70745,301.85,0.44,0.39,2026-09-17,1847,N,nominal,2.0NRT,279.78,0.88,N
-3.06627,104.45432,325.59,0.43,0.38,2026-09-17,1847,N,nominal,2.0NRT,271.42,2.91,N
-2.83473,102.97646,313.38,0.39,0.36,2026-09-17,1847,N,nominal,2.0NRT,287.11,1.43,N
-2.83528,102.97997,314.35,0.39,0.36,2026-09-17,1847,N,nominal,2.0NRT,287.35,1.43,N
-3.06567,104.45042,318.02,0.43,0.38,2026-09-17,1847,N,nominal,2.0NRT,272.22,1.89,N
-3.1977,105.30132,307.68,0.47,0.4,2026-09-17,1847,N,nominal,2.0NRT,288.1,1.05,N
-2.83863,102.97945,322.69,0.39,0.36,2026-09-17,1847,N,nominal,2.0NRT,288.26,2.41,N
-3.06979,104.45377,328.66,0.43,0.38,2026-09-17,1847,N,nominal,2.0NRT,272.21,1.98,N
-3.20137,105.30075,322.55,0.47,0.4,2026-09-17,1847,N,nominal,2.0NRT,288.51,2.86,N
-3.06615,104.43041,300.47,0.43,0.38,2026-09-17,1847,N,nominal,2.0NRT,273.39,0.68,N
-3.06675,104.4343,298.69,0.43,0.38,2026-09-17,1847,N,nominal,2.0NRT,271.45,0.68,N
-3.06918,104.44987,307.59,0.43,0.38,2026-09-17,1847,N,nominal,2.0NRT,270.25,1.15,N
-3.0704,104.45767,296.27,0.43,0.38,2026-09-17,1847,N,nominal,2.0NRT,267.99,1.98,N
-3.07331,104.45323,323.49,0.43,0.38,2026-09-17,1847,N,nominal,2.0NRT,270.19,1.98,N
-3.06966,104.42987,297.89,0.43,0.38,2026-09-17,1847,N,nominal,2.0NRT,272.64,0.68,N
-3.07027,104.43375,311.26,0.43,0.38,2026-09-17,1847,N,nominal,2.0NRT,272.13,0.68,N
-3.0727,104.44933,299.37,0.43,0.38,2026-09-17,1847,N,nominal,2.0NRT,269.24,1.15,N
-3.07392,104.45713,308.88,0.43,0.38,2026-09-17,1847,N,nominal,2.0NRT,267.26,1.98,N
-3.01279,104.04337,330.08,0.42,0.38,2026-09-17,1847,N,nominal,2.0NRT,287.68,8.98,N
-3.07743,104.45658,329.34,0.43,0.38,2026-09-17,1847,N,nominal,2.0NRT,270.14,2.55,N
-2.84756,102.99246,306.91,0.39,0.36,2026-09-17,1847,N,nominal,2.0NRT,287.26,2.51,N
-2.84811,102.99599,319.04,0.39,0.36,2026-09-17,1847,N,nominal,2.0NRT,288.27,1.62,N
-2.84867,102.99951,306.24,0.39,0.36,2026-09-17,1847,N,nominal,2.0NRT,287.2,1.62,N
-3.0122,104.0396,301.6,0.42,0.38,2026-09-17,1847,N,nominal,2.0NRT,286.05,8.98,N
-3.03231,104.16805,299.91,0.42,0.38,2026-09-17,1847,N,nominal,2.0NRT,283.24,0.4,N
-3.07257,104.42544,314.68,0.43,0.38,2026-09-17,1847,N,nominal,2.0NRT,273.62,1.7,N
-3.07317,104.42932,317.31,0.43,0.38,2026-09-17,1847,N,nominal,2.0NRT,274.29,1.48,N
-3.07378,104.43322,303.38,0.43,0.38,2026-09-17,1847,N,nominal,2.0NRT,274.07,1.48,N
-3.07622,104.44879,297.53,0.43,0.38,2026-09-17,1847,N,nominal,2.0NRT,270.92,0.53,N
-3.07682,104.45268,319.43,0.43,0.38,2026-09-17,1847,N,nominal,2.0NRT,271.16,2.55,N
-3.08292,104.49174,305.82,0.43,0.38,2026-09-17,1847,N,nominal,2.0NRT,277.28,1.7,N
-2.85035,102.98842,333.24,0.39,0.36,2026-09-17,1847,N,nominal,2.0NRT,288.09,2.51,N
-2.85091,102.99194,324.22,0.39,0.36,2026-09-17,1847,N,nominal,2.0NRT,288.23,2.51,N
-3.01565,104.03907,345.23,0.42,0.38,2026-09-17,1847,N,nominal,2.0NRT,291.54,8.98,N
-3.01625,104.04283,355.86,0.42,0.38,2026-09-17,1847,N,nominal,2.0NRT,299.02,8.98,N
-3.01684,104.04659,316.93,0.42,0.38,2026-09-17,1847,N,nominal,2.0NRT,288.06,2.33,N
-3.03519,104.1637,303.6,0.42,0.38,2026-09-17,1847,N,nominal,2.0NRT,284.08,1.02,N
-3.07912,104.44435,296.86,0.43,0.38,2026-09-17,1847,N,nominal,2.0NRT,271.18,0.53,N
-3.07973,104.44824,304.27,0.43,0.38,2026-09-17,1847,N,nominal,2.0NRT,272.34,0.53,N
-3.08034,104.45214,315.39,0.43,0.38,2026-09-17,1847,N,nominal,2.0NRT,272.38,2.55,N
-3.08095,104.45604,319.5,0.43,0.38,2026-09-17,1847,N,nominal,2.0NRT,272.94,2.55,N
-3.08522,104.48337,302.7,0.43,0.38,2026-09-17,1847,N,nominal,2.0NRT,275.16,2.11,N
-2.85371,102.9879,352.16,0.39,0.36,2026-09-17,1847,N,nominal,2.0NRT,292.02,7.11,N
-2.85426,102.99142,326.7,0.39,0.36,2026-09-17,1847,N,nominal,2.0NRT,286.21,7.11,N
-3.01911,104.03854,326.05,0.42,0.38,2026-09-17,1847,N,nominal,2.0NRT,287.53,6.27,N
-3.0197,104.0423,367,0.42,0.38,2026-09-17,1847,N,high,2.0NRT,297.27,6.27,N
-3.02029,104.04607,330.71,0.42,0.38,2026-09-17,1847,N,nominal,2.0NRT,288.56,4.91,N
-3.08325,104.4477,348.58,0.43,0.38,2026-09-17,1847,N,nominal,2.0NRT,284,8.54,N
-3.08386,104.4516,340.27,0.43,0.38,2026-09-17,1847,N,nominal,2.0NRT,279.35,7.6,N
-2.84927,102.95978,308.36,0.39,0.36,2026-09-17,1847,N,nominal,2.0NRT,287.07,3.59,N
-2.85593,103.00199,304.19,0.39,0.36,2026-09-17,1847,N,nominal,2.0NRT,286.57,1.08,N
-3.01734,104.02728,305.84,0.42,0.37,2026-09-17,1847,N,nominal,2.0NRT,288.27,9.92,N
-3.01793,104.03104,303.53,0.42,0.37,2026-09-17,1847,N,nominal,2.0NRT,287.53,4.18,N
-3.08264,104.44379,309.69,0.43,0.38,2026-09-17,1847,N,nominal,2.0NRT,276.85,8.54,N
-3.08447,104.4555,299.84,0.43,0.38,2026-09-17,1847,N,nominal,2.0NRT,275.26,7.6,N
-2.85262,102.95925,355.58,0.39,0.36,2026-09-17,1847,N,nominal,2.0NRT,295.28,3.59,N
-2.85706,102.98737,337.54,0.39,0.36,2026-09-17,1847,N,nominal,2.0NRT,288.5,7.11,N
-3.0208,104.02675,356.84,0.42,0.37,2026-09-17,1847,N,nominal,2.0NRT,295.87,9.92,N
-3.02139,104.03049,332.05,0.42,0.37,2026-09-17,1847,N,nominal,2.0NRT,289.42,4.18,N
-3.02198,104.03425,329.03,0.42,0.37,2026-09-17,1847,N,nominal,2.0NRT,289.08,4.18,N
-3.08676,104.44715,346.74,0.43,0.38,2026-09-17,1847,N,nominal,2.0NRT,284.81,8.54,N
-3.08737,104.45104,333.58,0.43,0.38,2026-09-17,1847,N,nominal,2.0NRT,282.03,7.6,N
-2.85206,102.95573,311.94,0.39,0.36,2026-09-17,1847,N,nominal,2.0NRT,286.74,2.79,N
-2.85317,102.96278,315.87,0.39,0.36,2026-09-17,1847,N,nominal,2.0NRT,287.96,3.59,N
-3.02021,104.02298,308.67,0.42,0.37,2026-09-17,1847,N,nominal,2.0NRT,288.42,9.92,N
-3.02257,104.03801,310.78,0.42,0.38,2026-09-17,1847,N,nominal,2.0NRT,287.41,6.27,N
-3.02316,104.04176,302.76,0.42,0.38,2026-09-17,1847,N,nominal,2.0NRT,286.71,6.27,N
-3.04274,104.16642,301.03,0.42,0.38,2026-09-17,1847,N,nominal,2.0NRT,284.39,0.49,N
-3.08615,104.44326,311.07,0.43,0.38,2026-09-17,1847,N,nominal,2.0NRT,280,8.54,N
-2.85652,102.96225,334.8,0.39,0.36,2026-09-17,1847,N,nominal,2.0NRT,292.36,13.77,N
-3.02367,104.02245,336.64,0.42,0.37,2026-09-17,1847,N,nominal,2.0NRT,295.44,25.88,N
-3.02426,104.02621,346.04,0.42,0.37,2026-09-17,1847,N,nominal,2.0NRT,306.14,25.88,N
-3.02485,104.02997,367,0.42,0.37,2026-09-17,1847,N,high,2.0NRT,295.8,17.29,N
-3.02544,104.03372,367,0.42,0.37,2026-09-17,1847,N,high,2.0NRT,301.61,17.29,N
-3.02603,104.03748,347.67,0.42,0.38,2026-09-17,1847,N,nominal,2.0NRT,294.74,4.56,N
-3.09028,104.4466,342.31,0.43,0.38,2026-09-17,1847,N,nominal,2.0NRT,283.67,12.15,N
-2.85541,102.95522,313.39,0.39,0.36,2026-09-17,1847,N,nominal,2.0NRT,287.09,1.84,N
-3.02662,104.04124,310.29,0.42,0.38,2026-09-17,1847,N,nominal,2.0NRT,288.14,4.56,N
-3.02721,104.045,313.13,0.42,0.38,2026-09-17,1847,N,nominal,2.0NRT,287.87,1.56,N
-3.0278,104.04877,315.63,0.42,0.38,2026-09-17,1847,N,nominal,2.0NRT,286.36,1.56,N
-3.16336,104.91315,304.16,0.45,0.39,2026-09-17,1847,N,nominal,2.0NRT,287.37,0.93,N
-2.85932,102.95821,335.73,0.39,0.36,2026-09-17,1847,N,nominal,2.0NRT,294.76,13.77,N
-3.02712,104.02192,333.54,0.42,0.37,2026-09-17,1847,N,nominal,2.0NRT,287.15,25.88,N
-3.02771,104.02567,367,0.42,0.37,2026-09-17,1847,N,high,2.0NRT,289.94,25.88,N
-3.0283,104.02943,353.29,0.42,0.37,2026-09-17,1847,N,nominal,2.0NRT,290.66,17.29,N
-3.02889,104.03319,349.58,0.42,0.37,2026-09-17,1847,N,nominal,2.0NRT,292.03,17.29,N
-3.02949,104.03694,342.85,0.42,0.38,2026-09-17,1847,N,nominal,2.0NRT,291.43,4.56,N
-3.03008,104.0407,321.8,0.42,0.38,2026-09-17,1847,N,nominal,2.0NRT,288.81,4.56,N
-2.84766,102.88448,312.66,0.39,0.36,2026-09-17,1847,N,nominal,2.0NRT,284.19,1.76,N
-2.85876,102.95469,306.19,0.39,0.36,2026-09-17,1847,N,nominal,2.0NRT,286.34,1.84,N
-2.85987,102.96172,306.49,0.39,0.36,2026-09-17,1847,N,nominal,2.0NRT,288.84,13.77,N
-3.03067,104.04447,309.37,0.42,0.38,2026-09-17,1847,N,nominal,2.0NRT,287.35,1.56,N
-3.03778,104.08966,311.37,0.42,0.38,2026-09-17,1847,N,nominal,2.0NRT,285.84,1.14,N
-3.06227,104.24538,301.44,0.43,0.38,2026-09-17,1847,N,nominal,2.0NRT,282.97,0.84,N
-2.86267,102.95769,323.37,0.39,0.36,2026-09-17,1847,N,nominal,2.0NRT,292.56,2.83,N
-3.03294,104.03641,350.98,0.42,0.38,2026-09-17,1847,N,nominal,2.0NRT,292.47,5.23,N
-3.09609,104.43772,336.84,0.43,0.38,2026-09-17,1847,N,nominal,2.0NRT,283.39,3.88,N
-3.0967,104.44162,355.92,0.43,0.38,2026-09-17,1847,N,nominal,2.0NRT,293.47,11.99,N
-3.09731,104.44552,336.8,0.43,0.38,2026-09-17,1847,N,nominal,2.0NRT,286.58,11.99,N
-2.85101,102.88395,316.57,0.39,0.36,2026-09-17,1847,N,nominal,2.0NRT,284.08,2.12,N
-2.85156,102.88747,297,0.39,0.36,2026-09-17,1847,N,nominal,2.0NRT,283.08,0.77,N
-2.86211,102.95417,300.08,0.39,0.36,2026-09-17,1847,N,nominal,2.0NRT,285.44,1.97,N
-3.03117,104.02514,302.31,0.42,0.37,2026-09-17,1847,N,nominal,2.0NRT,286.53,1.11,N
-3.03354,104.04018,307.83,0.42,0.38,2026-09-17,1847,N,nominal,2.0NRT,288.07,5.23,N
-3.03413,104.04393,306.02,0.42,0.38,2026-09-17,1847,N,nominal,2.0NRT,287.33,0.94,N
-3.08389,104.36015,299.32,0.43,0.38,2026-09-17,1847,N,nominal,2.0NRT,276.6,0.73,N
-3.09548,104.43383,314.14,0.43,0.38,2026-09-17,1847,N,nominal,2.0NRT,278.26,3.88,N
-3.0996,104.43718,325.89,0.43,0.38,2026-09-17,1847,N,nominal,2.0NRT,279.64,3.88,N
-3.10022,104.44107,335.1,0.43,0.38,2026-09-17,1847,N,nominal,2.0NRT,280.73,11.99,N
-2.86602,102.95717,318.47,0.39,0.36,2026-09-17,1847,N,nominal,2.0NRT,291.93,2.83,N
-3.09899,104.43329,315.52,0.43,0.38,2026-09-17,1847,N,nominal,2.0NRT,276.89,3.88,N
-3.10083,104.44497,313.78,0.43,0.38,2026-09-17,1847,N,nominal,2.0NRT,280.85,11.99,N
-3.16329,104.8423,304.95,0.45,0.39,2026-09-17,1847,N,nominal,2.0NRT,283.63,0.55,N
-3.16687,104.84175,332.67,0.45,0.39,2026-09-17,1847,N,nominal,2.0NRT,285.28,3.21,N
-2.86937,102.95664,304.87,0.39,0.36,2026-09-17,1847,N,nominal,2.0NRT,288.01,1.85,N
-3.07681,104.24704,301.64,0.43,0.38,2026-09-17,1847,N,nominal,2.0NRT,281.66,0.64,N
-3.13386,104.60881,296.02,0.44,0.38,2026-09-17,1847,N,nominal,2.0NRT,277.46,0.75,N
-3.16982,104.83715,299.61,0.45,0.39,2026-09-17,1847,N,nominal,2.0NRT,283.31,3.21,N
-3.04321,104.01174,324.78,0.42,0.37,2026-09-17,1847,N,nominal,2.0NRT,289.67,3.48,N
-3.0803,104.2465,322.86,0.43,0.38,2026-09-17,1847,N,nominal,2.0NRT,281.92,1.66,N
-3.08091,104.25034,314.06,0.43,0.38,2026-09-17,1847,N,nominal,2.0NRT,282.88,1.66,N
-3.13678,104.60432,311.12,0.44,0.38,2026-09-17,1847,N,nominal,2.0NRT,283.13,1.18,N
-3.1374,104.60827,312.43,0.44,0.38,2026-09-17,1847,N,nominal,2.0NRT,282.88,1.18,N
-3.08439,104.2498,300.55,0.43,0.38,2026-09-17,1847,N,nominal,2.0NRT,280.29,1.66,N
-3.10202,104.36131,299.99,0.43,0.38,2026-09-17,1847,N,nominal,2.0NRT,274.56,0.88,N
-3.14032,104.60377,302.04,0.44,0.38,2026-09-17,1847,N,nominal,2.0NRT,280.94,1.18,N
-3.14094,104.60772,302.44,0.44,0.38,2026-09-17,1847,N,nominal,2.0NRT,281.67,1.18,N
-3.10552,104.36076,300.97,0.43,0.38,2026-09-17,1847,N,nominal,2.0NRT,274.45,0.7,N
-3.10613,104.36463,299.05,0.43,0.38,2026-09-17,1847,N,nominal,2.0NRT,274.09,0.7,N
-3.10964,104.36408,300.22,0.43,0.38,2026-09-17,1847,N,nominal,2.0NRT,273.65,0.7,N
-3.01756,103.76077,329.36,0.41,0.37,2026-09-17,1847,N,nominal,2.0NRT,288.79,2.42,N
-3.11314,104.36354,296.63,0.43,0.38,2026-09-17,1847,N,nominal,2.0NRT,271.12,0.57,N
-3.12113,104.41393,300.47,0.43,0.38,2026-09-17,1847,N,nominal,2.0NRT,275.43,2.33,N
-3.12174,104.41782,305.39,0.43,0.38,2026-09-17,1847,N,nominal,2.0NRT,276.67,2.33,N
-3.12464,104.41339,335.1,0.43,0.38,2026-09-17,1847,N,nominal,2.0NRT,276.99,2.33,N
-3.12526,104.41727,332.42,0.43,0.38,2026-09-17,1847,N,nominal,2.0NRT,278.74,2.33,N
-3.02099,103.76024,315.33,0.41,0.37,2026-09-17,1847,N,nominal,2.0NRT,288.55,2.42,N
-3.12402,104.40951,298.95,0.43,0.38,2026-09-17,1847,N,nominal,2.0NRT,274.97,1.13,N
-3.02078,103.76079,318.22,0.41,0.37,2026-09-17,1847,N,nominal,2.0NRT,288.46,2.24,N
-3.12172,104.4148,307.37,0.43,0.38,2026-09-17,1847,N,nominal,2.0NRT,275.68,3.28,N
-3.12231,104.41869,301.19,0.43,0.38,2026-09-17,1847,N,nominal,2.0NRT,276.84,3.28,N
-3.12523,104.41426,349.88,0.43,0.38,2026-09-17,1847,N,nominal,2.0NRT,281.17,3.28,N
-3.12583,104.41815,325.68,0.43,0.38,2026-09-17,1847,N,nominal,2.0NRT,279.04,3.28,N
-3.08672,104.16428,302.01,0.42,0.38,2026-09-17,1847,N,nominal,2.0NRT,283.3,0.69,N
-3.12463,104.41037,302.48,0.43,0.38,2026-09-17,1847,N,nominal,2.0NRT,276.18,1.55,N
-3.12814,104.40982,328.19,0.43,0.38,2026-09-17,1847,N,nominal,2.0NRT,278.35,4.57,N
-3.12874,104.41372,356.15,0.43,0.38,2026-09-17,1847,N,nominal,2.0NRT,280.77,7.09,N
-3.12934,104.41761,308.2,0.43,0.38,2026-09-17,1847,N,nominal,2.0NRT,277.37,7.09,N
-3.18658,104.79028,304.3,0.45,0.39,2026-09-17,1847,N,nominal,2.0NRT,283.12,1.17,N
-3.13166,104.40929,334.57,0.43,0.38,2026-09-17,1847,N,nominal,2.0NRT,278.8,4.57,N
-3.12507,104.36658,300.53,0.43,0.38,2026-09-17,1847,N,nominal,2.0NRT,264.84,0.2,N
-3.13226,104.41317,301.92,0.43,0.38,2026-09-17,1847,N,nominal,2.0NRT,278.11,7.09,N
-3.11481,104.25377,326.98,0.43,0.38,2026-09-17,1847,N,nominal,2.0NRT,282.07,3.32,N
-3.1154,104.2576,301.26,0.43,0.38,2026-09-17,1847,N,nominal,2.0NRT,280.57,0.9,N
-3.13209,104.36549,305.79,0.43,0.38,2026-09-17,1847,N,nominal,2.0NRT,269.75,0.87,N
-3.22614,104.9764,303.64,0.46,0.39,2026-09-17,1847,N,nominal,2.0NRT,289.66,0.86,N
-3.25167,105.14295,308.89,0.47,0.39,2026-09-17,1847,N,nominal,2.0NRT,289.35,1.65,N
-3.1183,104.25323,306.47,0.43,0.38,2026-09-17,1847,N,nominal,2.0NRT,281.63,1.47,N
-3.13559,104.36494,305.16,0.43,0.38,2026-09-17,1847,N,nominal,2.0NRT,273.85,1.21,N
-3.22975,104.97585,303.74,0.46,0.39,2026-09-17,1847,N,nominal,2.0NRT,289.43,1.12,N
-3.08119,103.99113,303.46,0.42,0.37,2026-09-17,1847,N,nominal,2.0NRT,285.86,1.12,N
-3.08177,103.99489,309.28,0.42,0.37,2026-09-17,1847,N,nominal,2.0NRT,286.98,1.12,N
-3.08235,103.99864,301.99,0.42,0.37,2026-09-17,1847,N,nominal,2.0NRT,286.23,1.18,N
-3.1379,104.35666,309.27,0.43,0.38,2026-09-17,1847,N,nominal,2.0NRT,274.49,1.25,N
-3.1385,104.36053,305.83,0.43,0.38,2026-09-17,1847,N,nominal,2.0NRT,275.31,1.25,N
-3.1396,104.34451,300.75,0.43,0.38,2026-09-17,1847,N,nominal,2.0NRT,265.68,0.95,N
-3.1402,104.34838,303.34,0.43,0.38,2026-09-17,1847,N,nominal,2.0NRT,272.4,1.25,N
-3.1414,104.35611,319.49,0.43,0.38,2026-09-17,1847,N,nominal,2.0NRT,278.92,1.72,N
-3.142,104.35999,307.97,0.43,0.38,2026-09-17,1847,N,nominal,2.0NRT,276.43,1.72,N
-3.14371,104.34783,303.44,0.43,0.38,2026-09-17,1847,N,nominal,2.0NRT,276.84,1.25,N
-3.14551,104.35944,304.55,0.43,0.38,2026-09-17,1847,N,nominal,2.0NRT,279.34,1.72,N
-3.26817,105.15331,317.38,0.47,0.4,2026-09-17,1847,N,nominal,2.0NRT,290.9,1.82,N
-3.26882,105.15752,308.43,0.47,0.4,2026-09-17,1847,N,nominal,2.0NRT,289.31,1.82,N
-3.26947,105.16173,306.61,0.47,0.4,2026-09-17,1847,N,nominal,2.0NRT,287.7,0.84,N
-3.13107,104.2434,305.38,0.43,0.38,2026-09-17,1847,N,nominal,2.0NRT,282.04,0.84,N
-3.13166,104.24724,307.31,0.43,0.38,2026-09-17,1847,N,nominal,2.0NRT,282.09,1.76,N
-3.27117,105.14855,304.62,0.47,0.4,2026-09-17,1847,N,nominal,2.0NRT,287.42,1.75,N
-3.27182,105.15276,309.02,0.47,0.4,2026-09-17,1847,N,nominal,2.0NRT,289.36,1.59,N
-3.27247,105.15696,312.19,0.47,0.4,2026-09-17,1847,N,nominal,2.0NRT,289.19,1.59,N
-3.27311,105.16116,302.54,0.47,0.4,2026-09-17,1847,N,nominal,2.0NRT,288.28,1.46,N
-3.13455,104.24286,301.35,0.43,0.38,2026-09-17,1847,N,nominal,2.0NRT,280.48,0.84,N
-3.27546,105.15219,318.69,0.47,0.4,2026-09-17,1847,N,nominal,2.0NRT,290.35,1.59,N
-3.27611,105.15639,307.7,0.47,0.4,2026-09-17,1847,N,nominal,2.0NRT,289.01,1.59,N
-3.27911,105.15163,320.4,0.47,0.4,2026-09-17,1847,N,nominal,2.0NRT,290.22,2.11,N
-3.28041,105.16003,324.54,0.47,0.4,2026-09-17,1847,N,nominal,2.0NRT,290.17,2.27,N
-3.15844,104.37332,309.39,0.43,0.38,2026-09-17,1847,N,nominal,2.0NRT,281.06,1.65,N
-3.27846,105.14743,311.21,0.47,0.4,2026-09-17,1847,N,nominal,2.0NRT,288.19,2.28,N
-3.27976,105.15584,319.58,0.47,0.4,2026-09-17,1847,N,nominal,2.0NRT,290.3,2.11,N
-3.28106,105.16425,314.43,0.47,0.4,2026-09-17,1847,N,nominal,2.0NRT,289.38,2.27,N
-3.14093,104.23795,315.88,0.43,0.38,2026-09-17,1847,N,nominal,2.0NRT,281.8,2.25,N
-3.16134,104.3689,314.59,0.43,0.38,2026-09-17,1847,N,nominal,2.0NRT,283,1.65,N
-3.16194,104.37278,310.96,0.43,0.38,2026-09-17,1847,N,nominal,2.0NRT,281.18,1.65,N
-3.16255,104.37666,318.11,0.43,0.38,2026-09-17,1847,N,nominal,2.0NRT,280.53,2.3,N
-3.2834,105.15527,308.39,0.47,0.4,2026-09-17,1847,N,nominal,2.0NRT,288.17,2.11,N
-3.28405,105.15948,304.94,0.47,0.4,2026-09-17,1847,N,nominal,2.0NRT,288.13,2.27,N
-3.14382,104.23358,330.21,0.43,0.38,2026-09-17,1847,N,nominal,2.0NRT,282.78,2.81,N
-3.14442,104.23741,332.46,0.43,0.38,2026-09-17,1847,N,nominal,2.0NRT,283.07,2.17,N
-3.14502,104.24125,300.06,0.43,0.38,2026-09-17,1847,N,nominal,2.0NRT,278.7,2.17,N
-3.16485,104.36835,310.89,0.43,0.38,2026-09-17,1847,N,nominal,2.0NRT,281.54,1.48,N
-3.28444,105.1379,312.87,0.47,0.39,2026-09-17,1847,N,nominal,2.0NRT,289.66,2.01,N
-3.00151,103.30307,311.07,0.4,0.37,2026-09-17,1847,N,nominal,2.0NRT,263.69,0.67,N
-3.14731,104.23305,311.13,0.43,0.38,2026-09-17,1847,N,nominal,2.0NRT,280.69,2.81,N
-3.14791,104.23687,307.1,0.43,0.38,2026-09-17,1847,N,nominal,2.0NRT,279.38,2.17,N
-3.29592,105.18788,299.09,0.47,0.4,2026-09-17,1847,N,nominal,2.0NRT,285.14,0.53,N
-3.29892,105.18311,336.32,0.47,0.4,2026-09-17,1847,N,nominal,2.0NRT,289.17,3.6,N
-3.1514,104.23633,299.53,0.43,0.38,2026-09-17,1847,N,nominal,2.0NRT,279.3,0.77,N
-3.29958,105.18732,300.15,0.47,0.4,2026-09-17,1847,N,nominal,2.0NRT,284.83,3.6,N
-3.30192,105.17831,333.4,0.47,0.4,2026-09-17,1847,N,nominal,2.0NRT,289.83,3.66,N
-3.30257,105.18254,340.93,0.47,0.4,2026-09-17,1847,N,nominal,2.0NRT,288.69,3.6,N
-3.1961,104.49934,302.1,0.44,0.38,2026-09-17,1847,N,nominal,2.0NRT,281.7,1.57,N
-3.30126,105.1741,308.93,0.47,0.4,2026-09-17,1847,N,nominal,2.0NRT,288.43,3.66,N
-3.01277,103.30865,321.77,0.4,0.37,2026-09-17,1847,N,nominal,2.0NRT,263.47,1.83,N
-3.35299,105.43398,305.58,0.48,0.4,2026-09-17,1847,N,nominal,2.0NRT,287.99,1.25,N
-3.35806,105.44213,324.32,0.48,0.4,2026-09-17,1847,N,nominal,2.0NRT,288.12,2.82,N
-3.17293,104.23692,297.54,0.43,0.38,2026-09-17,1847,N,nominal,2.0NRT,277.27,0.57,N
-3.34046,105.28119,327.94,0.47,0.4,2026-09-17,1847,N,nominal,2.0NRT,291.91,4.02,N
-3.34113,105.28546,329.86,0.48,0.4,2026-09-17,1847,N,nominal,2.0NRT,291.4,4.02,N
-3.34413,105.28063,303.16,0.47,0.4,2026-09-17,1847,N,nominal,2.0NRT,289.69,1.36,N
-3.3448,105.2849,310.61,0.48,0.4,2026-09-17,1847,N,nominal,2.0NRT,289.84,1.36,N
-2.99146,102.97742,306.08,0.39,0.36,2026-09-17,1847,N,nominal,2.0NRT,285.8,0.91,N
-3.1777,104.15406,303.02,0.42,0.38,2026-09-17,1847,N,nominal,2.0NRT,286.68,1.27,N
-3.04543,103.29623,295.99,0.4,0.37,2026-09-17,1847,N,nominal,2.0NRT,264.58,0.56,N
-3.21284,104.2858,347.24,0.43,0.38,2026-09-17,1847,N,nominal,2.0NRT,292.56,14.66,N
-3.21345,104.28965,327.91,0.43,0.38,2026-09-17,1847,N,nominal,2.0NRT,286.78,4.37,N
-3.21332,104.28606,348.71,0.43,0.38,2026-09-17,1847,N,nominal,2.0NRT,292.54,17.11,N
-3.21391,104.28992,319.54,0.43,0.38,2026-09-17,1847,N,nominal,2.0NRT,286.2,3.3,N
-3.38067,105.30697,301.86,0.48,0.4,2026-09-17,1847,N,nominal,2.0NRT,287.68,0.77,N
-3.41931,105.46092,301.06,0.49,0.4,2026-09-17,1847,N,nominal,2.0NRT,288.42,1.68,N
-3.45659,105.60448,329.21,0.5,0.41,2026-09-17,1847,N,nominal,2.0NRT,292.17,4.92,N
-3.01891,102.74992,303.32,0.39,0.36,2026-09-17,1847,N,nominal,2.0NRT,285.96,0.77,N
-3.2654,104.32146,318,0.43,0.38,2026-09-17,1847,N,nominal,2.0NRT,290.38,1.4,N
-3.14481,103.52795,301.67,0.4,0.37,2026-09-17,1847,N,nominal,2.0NRT,285.96,0.67,N
-3.49366,105.69534,318.21,0.5,0.41,2026-09-17,1847,N,nominal,2.0NRT,292.78,4.19,N
-3.49813,105.69927,318.27,0.5,0.41,2026-09-17,1847,N,nominal,2.0NRT,292.61,2.22,N
-3.25695,104.13033,323.98,0.42,0.38,2026-09-17,1847,N,nominal,2.0NRT,284.62,1.54,N
-3.25636,104.12653,303.31,0.42,0.38,2026-09-17,1847,N,nominal,2.0NRT,282.59,1.54,N
-3.5019,105.6987,314.62,0.5,0.41,2026-09-17,1847,N,nominal,2.0NRT,292.33,2.52,N
-3.14128,103.35093,324.2,0.4,0.37,2026-09-17,1847,N,nominal,2.0NRT,276.44,2.9,N
-3.12883,103.27207,302.51,0.4,0.37,2026-09-17,1847,N,nominal,2.0NRT,268.9,0.84,N
-3.14467,103.3504,339.8,0.4,0.37,2026-09-17,1847,N,nominal,2.0NRT,277.41,2.9,N
-3.14524,103.354,303.75,0.4,0.37,2026-09-17,1847,N,nominal,2.0NRT,276.37,2.9,N
-3.52002,105.69131,312.75,0.5,0.41,2026-09-17,1847,N,nominal,2.0NRT,291.23,2.2,N
-3.44718,105.17872,303.74,0.47,0.4,2026-09-17,1847,N,nominal,2.0NRT,290.05,0.96,N
-3.44785,105.18295,306.63,0.47,0.4,2026-09-17,1847,N,nominal,2.0NRT,290.65,0.96,N
-3.40551,104.89061,305.43,0.46,0.39,2026-09-17,1847,N,nominal,2.0NRT,288.65,0.98,N
-3.52424,105.64457,310.48,0.5,0.41,2026-09-17,1847,N,nominal,2.0NRT,292.37,1.4,N
-3.25011,103.88462,300.89,0.41,0.37,2026-09-17,1847,N,nominal,2.0NRT,289.55,0.8,N
-3.528,105.644,304.01,0.5,0.41,2026-09-17,1847,N,nominal,2.0NRT,292.19,1.4,N
-3.52448,105.64226,309.58,0.5,0.41,2026-09-17,1847,N,nominal,2.0NRT,292.32,3.44,N
-3.41773,104.86503,314.43,0.45,0.39,2026-09-17,1847,N,nominal,2.0NRT,289.25,1.7,N
-3.42133,104.86447,337.26,0.45,0.39,2026-09-17,1847,N,nominal,2.0NRT,290.28,5.59,N
-3.42852,104.86337,303.59,0.45,0.39,2026-09-17,1847,N,nominal,2.0NRT,289.36,1.95,N
-3.43275,104.86691,342.14,0.45,0.39,2026-09-17,1847,N,nominal,2.0NRT,291.68,4.04,N
-3.31773,104.12177,303.24,0.42,0.38,2026-09-17,1847,N,nominal,2.0NRT,291.3,0.63,N
-3.43212,104.86281,316.07,0.45,0.39,2026-09-17,1847,N,nominal,2.0NRT,289.96,1.95,N
-3.43338,104.87099,306.76,0.46,0.39,2026-09-17,1847,N,nominal,2.0NRT,289.55,4.04,N
-3.43635,104.86635,347.31,0.45,0.39,2026-09-17,1847,N,nominal,2.0NRT,305.63,24,N
-3.43698,104.87045,332.4,0.46,0.39,2026-09-17,1847,N,nominal,2.0NRT,292.76,24,N
-3.43509,104.85815,307.84,0.45,0.39,2026-09-17,1847,N,nominal,2.0NRT,289.8,1.66,N
-3.43572,104.86225,317.36,0.45,0.39,2026-09-17,1847,N,nominal,2.0NRT,289.53,1.66,N
-3.43995,104.86579,345.87,0.45,0.39,2026-09-17,1847,N,nominal,2.0NRT,294.72,24,N
-3.44058,104.86989,355.09,0.46,0.39,2026-09-17,1847,N,nominal,2.0NRT,301.72,24,N
-3.43869,104.8576,304.76,0.45,0.39,2026-09-17,1847,N,nominal,2.0NRT,288.85,1.66,N
-3.43932,104.86169,314.5,0.45,0.39,2026-09-17,1847,N,nominal,2.0NRT,289.75,1.66,N
-3.44121,104.87399,310.11,0.46,0.39,2026-09-17,1847,N,nominal,2.0NRT,289.98,2.41,N
-3.44418,104.86933,343.28,0.46,0.39,2026-09-17,1847,N,nominal,2.0NRT,291.53,3.09,N
-3.44291,104.86115,304.67,0.45,0.39,2026-09-17,1847,N,nominal,2.0NRT,288.83,1.12,N
-3.44355,104.86524,319.33,0.45,0.39,2026-09-17,1847,N,nominal,2.0NRT,289.77,3.09,N
-3.44481,104.87343,318.82,0.46,0.39,2026-09-17,1847,N,nominal,2.0NRT,289.13,2.09,N
-3.44544,104.87753,311,0.46,0.39,2026-09-17,1847,N,nominal,2.0NRT,288.93,2.09,N
-3.44904,104.87698,323.78,0.46,0.39,2026-09-17,1847,N,nominal,2.0NRT,290.37,2.09,N
-3.44651,104.86059,303.92,0.45,0.39,2026-09-17,1847,N,nominal,2.0NRT,289.26,1.12,N
-3.44714,104.86468,310.26,0.45,0.39,2026-09-17,1847,N,nominal,2.0NRT,290,3.09,N
-3.44778,104.86877,313.17,0.46,0.39,2026-09-17,1847,N,nominal,2.0NRT,290.07,3.09,N
-3.44841,104.87287,314.96,0.46,0.39,2026-09-17,1847,N,nominal,2.0NRT,290.2,2.09,N
-3.44968,104.88108,312.79,0.46,0.39,2026-09-17,1847,N,nominal,2.0NRT,289.44,1.35,N
-3.45031,104.88519,303.39,0.46,0.39,2026-09-17,1847,N,nominal,2.0NRT,289.82,1.35,N
-3.45328,104.88052,323.75,0.46,0.39,2026-09-17,1847,N,nominal,2.0NRT,291.01,2.25,N
-3.44948,104.85593,307.59,0.45,0.39,2026-09-17,1847,N,nominal,2.0NRT,292.39,3.57,N
-3.45074,104.86413,307.87,0.45,0.39,2026-09-17,1847,N,nominal,2.0NRT,292.23,1.23,N
-3.45138,104.86823,305.67,0.46,0.39,2026-09-17,1847,N,nominal,2.0NRT,289.9,1.23,N
-3.45201,104.87232,305.46,0.46,0.39,2026-09-17,1847,N,nominal,2.0NRT,288.48,1.29,N
-3.45264,104.87642,317.95,0.46,0.39,2026-09-17,1847,N,nominal,2.0NRT,290.43,1.29,N
-3.45391,104.88463,314.69,0.46,0.39,2026-09-17,1847,N,nominal,2.0NRT,290.59,2.25,N
-3.45752,104.88407,330.09,0.46,0.39,2026-09-17,1847,N,nominal,2.0NRT,292.35,2.25,N
-3.45498,104.86767,304.65,0.46,0.39,2026-09-17,1847,N,nominal,2.0NRT,292.04,1.23,N
-3.45561,104.87177,306.72,0.46,0.39,2026-09-17,1847,N,nominal,2.0NRT,291.65,1.29,N
-3.45625,104.87586,307.59,0.46,0.39,2026-09-17,1847,N,nominal,2.0NRT,290.27,1.29,N
-3.45688,104.87997,301.09,0.46,0.39,2026-09-17,1847,N,nominal,2.0NRT,287.14,2.25,N
-3.45815,104.88818,302.73,0.46,0.39,2026-09-17,1847,N,nominal,2.0NRT,289.1,1.46,N
-3.45794,104.86302,310.34,0.45,0.39,2026-09-17,1847,N,nominal,2.0NRT,293.45,1.73,N
-3.45858,104.86711,304.63,0.46,0.39,2026-09-17,1847,N,nominal,2.0NRT,291.81,1.73,N
-3.45921,104.87122,304.41,0.46,0.39,2026-09-17,1847,N,nominal,2.0NRT,291.84,1.1,N
-3.45985,104.87531,304.55,0.46,0.39,2026-09-17,1847,N,nominal,2.0NRT,291.65,1.1,N
-3.46048,104.87941,305.27,0.46,0.39,2026-09-17,1847,N,nominal,2.0NRT,290.31,1.22,N
-3.46112,104.88351,315.48,0.46,0.39,2026-09-17,1847,N,nominal,2.0NRT,291.96,1.22,N
-3.46176,104.88763,319.85,0.46,0.39,2026-09-17,1847,N,nominal,2.0NRT,292.62,3.3,N
-3.46154,104.86246,325.31,0.45,0.39,2026-09-17,1847,N,nominal,2.0NRT,294.98,1.73,N
-3.46091,104.85837,306.83,0.45,0.39,2026-09-17,1847,N,nominal,2.0NRT,292.22,2.27,N
-3.46218,104.86656,310.23,0.46,0.39,2026-09-17,1847,N,nominal,2.0NRT,292.87,1.73,N
-3.46345,104.87476,306.43,0.46,0.39,2026-09-17,1847,N,nominal,2.0NRT,290.88,1.1,N
-3.46408,104.87886,308.39,0.46,0.39,2026-09-17,1847,N,nominal,2.0NRT,290.69,1.22,N
-3.46472,104.88297,305.34,0.46,0.39,2026-09-17,1847,N,nominal,2.0NRT,290.53,1.22,N
-3.57598,105.60218,303.48,0.5,0.41,2026-09-17,1847,N,nominal,2.0NRT,290.62,1.3,N
-3.59967,105.75593,306.65,0.51,0.41,2026-09-17,1847,N,nominal,2.0NRT,292.61,2.06,N
-3.46514,104.8619,312.31,0.45,0.39,2026-09-17,1847,N,nominal,2.0NRT,291.32,1.15,N
-3.46578,104.866,308.15,0.46,0.39,2026-09-17,1847,N,nominal,2.0NRT,291.81,1.15,N
-3.46641,104.87009,303.94,0.46,0.39,2026-09-17,1847,N,nominal,2.0NRT,289.8,2.65,N
-3.46705,104.8742,305.45,0.46,0.39,2026-09-17,1847,N,nominal,2.0NRT,289.97,2.65,N
-3.46769,104.8783,303.37,0.46,0.39,2026-09-17,1847,N,nominal,2.0NRT,290.35,1.22,N
-3.47065,104.87364,346.12,0.46,0.39,2026-09-17,1847,N,nominal,2.0NRT,297.79,2.65,N
-3.47001,104.86954,307.06,0.46,0.39,2026-09-17,1847,N,nominal,2.0NRT,289.27,2.65,N
-3.5967,105.68659,303.45,0.5,0.41,2026-09-17,1847,N,nominal,2.0NRT,289.21,1.1,N
-3.47425,104.87309,327.58,0.46,0.39,2026-09-17,1847,N,nominal,2.0NRT,291.86,2.84,N
-3.47361,104.86899,312.59,0.46,0.39,2026-09-17,1847,N,nominal,2.0NRT,290.59,2.84,N
-3.49277,104.92078,304.65,0.46,0.39,2026-09-17,1847,N,nominal,2.0NRT,291.77,1.02,N
-3.5009,104.94913,320.07,0.46,0.39,2026-09-17,1847,N,nominal,2.0NRT,293.07,3.75,N
-3.46257,104.70425,305.36,0.45,0.39,2026-09-17,1847,N,nominal,2.0NRT,290.57,0.64,N
-3.50155,104.95328,316.23,0.46,0.39,2026-09-17,1847,N,nominal,2.0NRT,292.69,3.75,N
-3.50452,104.94858,348.38,0.46,0.39,2026-09-17,1847,N,nominal,2.0NRT,295.4,3.75,N
-3.50517,104.95272,323.61,0.46,0.39,2026-09-17,1847,N,nominal,2.0NRT,292.64,3.75,N
-3.50582,104.95686,327.94,0.46,0.39,2026-09-17,1847,N,nominal,2.0NRT,291.98,3.55,N
-3.62214,105.70126,305.84,0.5,0.41,2026-09-17,1847,N,nominal,2.0NRT,292.49,1.71,N
-3.50748,104.94387,321.15,0.46,0.39,2026-09-17,1847,N,nominal,2.0NRT,291.83,2.75,N
-3.50943,104.95631,331.33,0.46,0.39,2026-09-17,1847,N,nominal,2.0NRT,292.34,4.48,N
-3.51008,104.96045,327.54,0.46,0.39,2026-09-17,1847,N,nominal,2.0NRT,291.34,4.48,N
-3.50813,104.94801,303.98,0.46,0.39,2026-09-17,1847,N,nominal,2.0NRT,291.25,1.77,N
-3.51305,104.95575,331.57,0.46,0.39,2026-09-17,1847,N,nominal,2.0NRT,291.54,4.48,N
-3.5137,104.95989,305.16,0.46,0.39,2026-09-17,1847,N,nominal,2.0NRT,290.58,4.48,N
-3.64386,105.71653,308.56,0.5,0.41,2026-09-17,1847,N,nominal,2.0NRT,291.42,0.99,N
-3.64692,105.71141,305.75,0.5,0.41,2026-09-17,1847,N,nominal,2.0NRT,291.15,1.94,N
-3.64763,105.71595,303.92,0.5,0.41,2026-09-17,1847,N,nominal,2.0NRT,290.71,0.99,N
-3.65519,105.7148,305.24,0.5,0.41,2026-09-17,1847,N,nominal,2.0NRT,290.68,1.94,N
-3.64301,105.71436,306.29,0.5,0.41,2026-09-17,1847,N,nominal,2.0NRT,291.52,1.63,N
-3.38777,104.01457,338.2,0.42,0.38,2026-09-17,1847,N,nominal,2.0NRT,293.44,4.4,N
-3.64679,105.71378,313.34,0.5,0.41,2026-09-17,1847,N,nominal,2.0NRT,291.69,1.63,N
-3.39123,104.01404,316.97,0.42,0.38,2026-09-17,1847,N,nominal,2.0NRT,290.43,1.74,N
-3.65503,105.71716,306.39,0.5,0.41,2026-09-17,1847,N,nominal,2.0NRT,290.71,1.23,N
-3.57811,105.13604,321.11,0.47,0.4,2026-09-17,1847,N,nominal,2.0NRT,293.75,2.8,N
-3.57746,105.13181,319.15,0.47,0.4,2026-09-17,1847,N,nominal,2.0NRT,292.51,2.86,N
-3.61947,105.23442,321.54,0.48,0.4,2026-09-17,1847,N,nominal,2.0NRT,290.45,2.27,N
-3.38041,103.69469,303.18,0.41,0.37,2026-09-17,1847,N,nominal,2.0NRT,290.28,2.09,N
-3.38441,103.69785,306.23,0.41,0.37,2026-09-17,1847,N,nominal,2.0NRT,290.2,2.19,N
-3.69505,105.65062,305.56,0.5,0.41,2026-09-17,1847,N,nominal,2.0NRT,287.07,0.7,N
-3.71356,105.74555,343.48,0.51,0.41,2026-09-17,1847,N,nominal,2.0NRT,288.7,5.55,N
-3.71427,105.75012,306.77,0.51,0.41,2026-09-17,1847,N,nominal,2.0NRT,287.46,5.55,N
-3.71805,105.74953,329.37,0.51,0.41,2026-09-17,1847,N,nominal,2.0NRT,287.56,2.24,N
-3.71735,105.74496,301.01,0.51,0.41,2026-09-17,1847,N,nominal,2.0NRT,287.59,2.24,N
-3.71876,105.75411,306.53,0.51,0.41,2026-09-17,1847,N,nominal,2.0NRT,286.6,1.2,N
-3.56919,104.67255,304.88,0.45,0.39,2026-09-17,1847,N,nominal,2.0NRT,290.79,0.91,N
-3.68787,105.33436,340.52,0.48,0.4,2026-09-17,1847,N,nominal,2.0NRT,295.44,6.79,N
-3.69156,105.33379,312.39,0.48,0.4,2026-09-17,1847,N,nominal,2.0NRT,291.13,2.49,N
-3.76117,105.75233,321.96,0.51,0.41,2026-09-17,1847,N,nominal,2.0NRT,286.65,1.87,N
-3.5868,104.64513,305.04,0.45,0.39,2026-09-17,1847,N,nominal,2.0NRT,290.04,1.39,N
-3.76045,105.74775,309.69,0.51,0.41,2026-09-17,1847,N,nominal,2.0NRT,286.3,1.87,N
-3.76189,105.75691,313.12,0.51,0.41,2026-09-17,1847,N,nominal,2.0NRT,287.17,1.21,N
-3.7141,105.42874,345.44,0.49,0.4,2026-09-17,1847,N,nominal,2.0NRT,296.59,3.91,N
-3.76568,105.75633,322.13,0.51,0.41,2026-09-17,1847,N,nominal,2.0NRT,287.52,2.49,N
-3.71341,105.42435,303.4,0.49,0.4,2026-09-17,1847,N,nominal,2.0NRT,290.63,3.91,N
-3.60093,104.68827,316.83,0.45,0.39,2026-09-17,1847,N,nominal,2.0NRT,293.19,2.3,N
-3.71782,105.42818,317.89,0.49,0.4,2026-09-17,1847,N,nominal,2.0NRT,293.27,3.91,N
-3.71852,105.43259,319.21,0.49,0.4,2026-09-17,1847,N,nominal,2.0NRT,293.66,2.52,N
-3.71921,105.43699,310.94,0.49,0.4,2026-09-17,1847,N,nominal,2.0NRT,292.81,2.52,N
-3.7206,105.44579,304.85,0.49,0.4,2026-09-17,1847,N,nominal,2.0NRT,292.18,1.59,N
-3.71233,105.43108,321.09,0.49,0.4,2026-09-17,1847,N,nominal,2.0NRT,292.3,2.52,N
-3.71167,105.42667,315.51,0.49,0.4,2026-09-17,1847,N,nominal,2.0NRT,291.39,2.52,N
-3.75975,105.74563,306.87,0.51,0.41,2026-09-17,1847,N,nominal,2.0NRT,286.19,0.76,N
-3.76044,105.75023,313.35,0.51,0.41,2026-09-17,1847,N,nominal,2.0NRT,286.49,1.56,N
-3.76113,105.75481,314.07,0.51,0.41,2026-09-17,1847,N,nominal,2.0NRT,286.92,1.56,N
-3.60331,104.68918,322.37,0.45,0.39,2026-09-17,1847,N,nominal,2.0NRT,293.36,3.03,N
-3.71605,105.43052,326.12,0.49,0.4,2026-09-17,1847,N,nominal,2.0NRT,293.56,3.49,N
-3.76492,105.75423,334.45,0.51,0.41,2026-09-17,1847,N,nominal,2.0NRT,287.55,3.95,N
-3.71539,105.42612,318.95,0.49,0.4,2026-09-17,1847,N,nominal,2.0NRT,292.07,3.49,N
-3.72877,105.51463,302.92,0.49,0.41,2026-09-17,1847,N,nominal,2.0NRT,290.49,0.63,N
-3.72044,105.43436,321.01,0.49,0.4,2026-09-17,1847,N,nominal,2.0NRT,293.7,3.01,N
-3.71978,105.42995,319.71,0.49,0.4,2026-09-17,1847,N,nominal,2.0NRT,293.22,3.49,N
-3.72111,105.43877,314.7,0.49,0.4,2026-09-17,1847,N,nominal,2.0NRT,293.98,3.01,N
-3.72178,105.44318,312.87,0.49,0.4,2026-09-17,1847,N,nominal,2.0NRT,293.8,1.54,N
-3.72245,105.44758,303.83,0.49,0.4,2026-09-17,1847,N,nominal,2.0NRT,291.65,1.54,N
-3.72483,105.4382,341.35,0.49,0.4,2026-09-17,1847,N,nominal,2.0NRT,297.32,3.21,N
-3.7255,105.4426,346.53,0.49,0.4,2026-09-17,1847,N,nominal,2.0NRT,298.56,5.63,N
-3.72416,105.4338,310.91,0.49,0.4,2026-09-17,1847,N,nominal,2.0NRT,292.06,3.21,N
-3.72789,105.43323,304.28,0.49,0.4,2026-09-17,1847,N,nominal,2.0NRT,291.07,3.21,N
-3.72856,105.43763,306.57,0.49,0.4,2026-09-17,1847,N,nominal,2.0NRT,291,3.21,N
-3.72923,105.44204,315.37,0.49,0.4,2026-09-17,1847,N,nominal,2.0NRT,291.22,5.63,N
-3.72425,105.38434,312.94,0.49,0.4,2026-09-17,1847,N,nominal,2.0NRT,288.64,1.83,N
-3.66635,104.95646,306.78,0.46,0.39,2026-09-17,1847,N,nominal,2.0NRT,289.07,1.75,N
-3.66699,104.96061,318.63,0.46,0.39,2026-09-17,1847,N,nominal,2.0NRT,290.63,2.56,N
-3.77438,105.56252,325.89,0.5,0.41,2026-09-17,1847,N,nominal,2.0NRT,291.74,2.06,N
-3.63594,104.66348,319.48,0.45,0.39,2026-09-17,1847,N,nominal,2.0NRT,293.79,1.79,N
-3.77507,105.56699,304.1,0.5,0.41,2026-09-17,1847,N,nominal,2.0NRT,288.94,2.06,N
-3.64014,104.66696,304.77,0.45,0.39,2026-09-17,1847,N,nominal,2.0NRT,290.8,1.79,N
-3.64076,104.671,303.66,0.45,0.39,2026-09-17,1847,N,nominal,2.0NRT,289.99,0.62,N
-3.64327,104.68718,303.05,0.45,0.39,2026-09-17,1847,N,nominal,2.0NRT,291.61,0.83,N
-3.77401,105.5351,305.66,0.5,0.41,2026-09-17,1847,N,nominal,2.0NRT,291.85,2.12,N
-3.77813,105.56194,311.31,0.5,0.41,2026-09-17,1847,N,nominal,2.0NRT,291.09,2.06,N
-3.77882,105.56641,316.61,0.5,0.41,2026-09-17,1847,N,nominal,2.0NRT,291.2,2.06,N
-3.64371,104.66641,320.26,0.45,0.39,2026-09-17,1847,N,nominal,2.0NRT,292.96,2.23,N
-3.78188,105.56136,330.15,0.5,0.41,2026-09-17,1847,N,nominal,2.0NRT,294.03,6.15,N
-3.78257,105.56584,367,0.5,0.41,2026-09-17,1847,N,high,2.0NRT,300.86,6.15,N
-3.64308,104.66238,302.72,0.45,0.39,2026-09-17,1847,N,nominal,2.0NRT,291.56,2.23,N
-3.64433,104.67045,316.84,0.45,0.39,2026-09-17,1847,N,nominal,2.0NRT,288.43,0.92,N
-3.77844,105.53899,308.07,0.5,0.41,2026-09-17,1847,N,nominal,2.0NRT,292.74,1.9,N
-3.77913,105.54346,308.35,0.5,0.41,2026-09-17,1847,N,nominal,2.0NRT,293.05,1.83,N
-3.78119,105.55688,306.61,0.5,0.41,2026-09-17,1847,N,nominal,2.0NRT,291.59,2.53,N
-3.78326,105.57032,305.5,0.5,0.41,2026-09-17,1847,N,nominal,2.0NRT,290.18,2.4,N
-3.7877,105.57423,325.29,0.5,0.41,2026-09-17,1847,N,nominal,2.0NRT,291.71,2.4,N
-3.78219,105.53841,307.08,0.5,0.41,2026-09-17,1847,N,nominal,2.0NRT,292.21,1.9,N
-3.78287,105.54289,305.83,0.5,0.41,2026-09-17,1847,N,nominal,2.0NRT,292.21,1.83,N
-3.78494,105.5563,315.34,0.5,0.41,2026-09-17,1847,N,nominal,2.0NRT,292.9,2.53,N
-3.78563,105.56078,313.32,0.5,0.41,2026-09-17,1847,N,nominal,2.0NRT,291.92,6.15,N
-3.78632,105.56527,318.23,0.5,0.41,2026-09-17,1847,N,nominal,2.0NRT,291.76,6.15,N
-3.78701,105.56974,309.63,0.5,0.41,2026-09-17,1847,N,nominal,2.0NRT,291.42,2.4,N
-3.78869,105.55573,307.07,0.5,0.41,2026-09-17,1847,N,nominal,2.0NRT,291.41,2.11,N
-3.78938,105.56021,304.48,0.5,0.41,2026-09-17,1847,N,nominal,2.0NRT,290.49,2.13,N
-3.79007,105.56469,317.47,0.5,0.41,2026-09-17,1847,N,nominal,2.0NRT,291.79,2.13,N
-3.79076,105.56918,310.49,0.5,0.41,2026-09-17,1847,N,nominal,2.0NRT,291.69,2.09,N
-3.79145,105.57365,313.43,0.5,0.41,2026-09-17,1847,N,nominal,2.0NRT,290.93,2.09,N
-3.7959,105.57758,307.31,0.5,0.41,2026-09-17,1847,N,nominal,2.0NRT,291.23,2.08,N
-3.80035,105.58149,304.84,0.5,0.41,2026-09-17,1847,N,nominal,2.0NRT,290.83,1.28,N
-3.80411,105.58092,303.75,0.5,0.41,2026-09-17,1847,N,nominal,2.0NRT,290.46,1.28,N
-3.86636,105.85707,305.47,0.52,0.41,2026-09-17,1847,N,nominal,2.0NRT,290.97,1.96,N
-3.80361,105.2232,300.4,0.48,0.4,2026-09-17,1847,N,nominal,2.0NRT,289.65,1.88,N
-3.80427,105.22751,298.92,0.48,0.4,2026-09-17,1847,N,nominal,2.0NRT,288.91,2.1,N
-3.80664,105.21832,308.03,0.48,0.4,2026-09-17,1847,N,nominal,2.0NRT,289.61,1.44,N
-3.80729,105.22263,304.96,0.48,0.4,2026-09-17,1847,N,nominal,2.0NRT,291.1,1.44,N
-3.80795,105.22694,305.29,0.48,0.4,2026-09-17,1847,N,nominal,2.0NRT,291.24,1.13,N
-3.80861,105.23125,299.58,0.48,0.4,2026-09-17,1847,N,nominal,2.0NRT,289.36,1.13,N
-3.81097,105.22206,302.32,0.48,0.4,2026-09-17,1847,N,nominal,2.0NRT,289.49,1.44,N
-3.90205,105.51793,301.98,0.5,0.41,2026-09-17,1847,N,nominal,2.0NRT,289.5,0.34,N
-3.82627,104.7108,307.76,0.45,0.39,2026-09-17,1847,N,nominal,2.0NRT,291.32,1.11,N
-3.94802,105.46196,309.13,0.49,0.41,2026-09-17,1847,N,nominal,2.0NRT,287.76,1.93,N
-3.6885,103.65543,302.71,0.41,0.37,2026-09-17,1847,N,nominal,2.0NRT,290.65,1.4,N
-3.7126,103.69722,308.82,0.41,0.37,2026-09-17,1847,N,nominal,2.0NRT,293.28,1.89,N
-3.72639,103.71785,315.91,0.41,0.37,2026-09-17,1847,N,nominal,2.0NRT,292.68,1.93,N
-3.72982,103.71731,310.64,0.41,0.37,2026-09-17,1847,N,nominal,2.0NRT,292.74,1.93,N
-3.7517,103.74441,303.04,0.41,0.37,2026-09-17,1847,N,nominal,2.0NRT,291.84,2.04,N
-3.8066,103.65302,313.79,0.41,0.37,2026-09-17,1847,N,nominal,2.0NRT,292.38,2.25,N
-3.81003,103.65249,325.55,0.41,0.37,2026-09-17,1847,N,nominal,2.0NRT,291.32,3.01,N
-3.80946,103.6488,304.89,0.41,0.37,2026-09-17,1847,N,nominal,2.0NRT,289.7,1.52,N
-3.91048,103.87467,310.01,0.42,0.38,2026-09-17,1847,N,nominal,2.0NRT,289.49,1.05,N
-3.97337,103.86867,303.56,0.42,0.38,2026-09-17,1847,N,nominal,2.0NRT,291.14,1.46,N
-3.97683,103.86813,313.22,0.42,0.38,2026-09-17,1847,N,nominal,2.0NRT,290.91,1.46,N
-4.23525,104.20702,309.06,0.43,0.38,2026-09-17,1847,N,nominal,2.0NRT,291.96,1.36,N
-4.23877,104.20647,311.19,0.43,0.38,2026-09-17,1847,N,nominal,2.0NRT,291.8,1.36,N
-4.24229,104.20592,309.91,0.43,0.38,2026-09-17,1847,N,nominal,2.0NRT,291.21,1.93,N
-4.25239,104.22443,303.81,0.43,0.38,2026-09-17,1847,N,nominal,2.0NRT,291.25,0.55,N
-4.28056,104.22001,325.28,0.43,0.38,2026-09-17,1847,N,nominal,2.0NRT,292.26,3.42,N
-4.28036,104.22121,322.36,0.43,0.38,2026-09-17,1847,N,nominal,2.0NRT,292.04,2.68,N
-4.27976,104.21728,304.59,0.43,0.38,2026-09-17,1847,N,nominal,2.0NRT,291.73,1.64,N
-4.28149,104.20501,305.67,0.43,0.38,2026-09-17,1847,N,nominal,2.0NRT,291.48,1.72,N
-4.29573,104.25097,311.08,0.44,0.38,2026-09-17,1847,N,nominal,2.0NRT,290.42,1.42,N
-4.29609,104.18269,306.15,0.43,0.38,2026-09-17,1847,N,nominal,2.0NRT,291.09,1.08,N
-4.31299,104.15221,333.98,0.43,0.38,2026-09-17,1847,N,nominal,2.0NRT,291.93,3.37,N
-4.31359,104.1561,332.52,0.43,0.38,2026-09-17,1847,N,nominal,2.0NRT,292.58,3.37,N
-4.3165,104.15165,304.91,0.43,0.38,2026-09-17,1847,N,nominal,2.0NRT,291.37,3.37,N
-4.3171,104.15555,305.27,0.43,0.38,2026-09-17,1847,N,nominal,2.0NRT,291.32,3.37,N
-4.31941,104.1472,305.42,0.43,0.38,2026-09-17,1847,N,nominal,2.0NRT,291.17,1.36,N
-4.44744,104.68902,298.98,0.46,0.39,2026-09-17,1847,N,nominal,2.0NRT,287.37,1.06,N
-4.38068,104.19354,307.34,0.43,0.38,2026-09-17,1847,N,nominal,2.0NRT,288.67,2.14,N
-4.60983,105.65613,306.65,0.51,0.41,2026-09-17,1847,N,nominal,2.0NRT,290.62,0.98,N
-4.3842,104.19302,313.59,0.43,0.38,2026-09-17,1847,N,nominal,2.0NRT,288.95,1.83,N
-4.3871,104.18855,304.97,0.43,0.38,2026-09-17,1847,N,nominal,2.0NRT,290.4,1.83,N
-4.38445,104.19391,317.54,0.43,0.38,2026-09-17,1847,N,nominal,2.0NRT,289.47,1.15,N
-4.38737,104.18943,305.53,0.43,0.38,2026-09-17,1847,N,nominal,2.0NRT,290.36,1.15,N
-4.38798,104.19337,301.62,0.43,0.38,2026-09-17,1847,N,nominal,2.0NRT,290.03,1.15,N
-4.61291,105.6581,307.92,0.51,0.41,2026-09-17,1847,N,nominal,2.0NRT,290.36,0.86,N
-4.77124,105.83962,305.46,0.53,0.42,2026-09-17,1847,N,nominal,2.0NRT,291.57,2.03,N
-4.5192,104.13427,304.16,0.43,0.38,2026-09-17,1847,N,nominal,2.0NRT,289.44,1.28,N
-4.52272,104.13374,311.56,0.43,0.38,2026-09-17,1847,N,nominal,2.0NRT,290.68,1.28,N
-4.59764,104.26701,308.06,0.44,0.38,2026-09-17,1847,N,nominal,2.0NRT,290.88,2.22,N
-4.59825,104.27096,303.41,0.44,0.38,2026-09-17,1847,N,nominal,2.0NRT,290.63,2.15,N
-4.60118,104.26646,324.36,0.44,0.38,2026-09-17,1847,N,nominal,2.0NRT,291.33,2.22,N
-4.60179,104.2704,330.36,0.44,0.38,2026-09-17,1847,N,nominal,2.0NRT,291.18,2.15,N
29.37393,91.15168,296.69,0.45,0.47,2026-09-17,2019,N,nominal,2.0NRT,279.91,1.53,N
29.22585,88.34896,295.18,0.48,0.4,2026-09-17,2019,N,nominal,2.0NRT,280.17,0.83,N
25.54002,91.23613,301.7,0.54,0.51,2026-09-17,2019,N,nominal,2.0NRT,284.95,0.76,N
24.66724,91.59554,310.44,0.59,0.53,2026-09-17,2019,N,nominal,2.0NRT,283.76,0.97,N
22.05408,88.12284,310.15,0.41,0.45,2026-09-17,2021,N,nominal,2.0NRT,279.94,0.93,N
22.05333,88.12676,300.01,0.41,0.45,2026-09-17,2021,N,nominal,2.0NRT,279.35,0.93,N
-11.97163,142.59421,333.23,0.46,0.39,2026-09-18,0402,N,nominal,2.0NRT,294.2,5.91,D
-10.6712,152.8576,344.47,0.54,0.51,2026-09-18,0402,N,nominal,2.0NRT,294.42,8.31,D
-10.66899,152.8587,340.16,0.54,0.51,2026-09-18,0402,N,nominal,2.0NRT,294.21,9.89,D
-11.99042,142.59253,342.14,0.46,0.39,2026-09-18,0402,N,nominal,2.0NRT,300.43,11.25,D
-11.98617,142.59625,346.13,0.46,0.39,2026-09-18,0402,N,nominal,2.0NRT,298.28,11.25,D
-11.98678,142.59201,337.36,0.46,0.39,2026-09-18,0402,N,nominal,2.0NRT,298.17,11.25,D
-11.98254,142.59573,344.07,0.46,0.39,2026-09-18,0402,N,nominal,2.0NRT,298.6,9.39,D
-11.9789,142.59521,342.87,0.46,0.39,2026-09-18,0402,N,nominal,2.0NRT,297.1,9.39,D
-11.97527,142.59471,334.04,0.46,0.39,2026-09-18,0402,N,nominal,2.0NRT,296.6,5.91,D
-11.97224,142.58997,337.51,0.46,0.39,2026-09-18,0402,N,nominal,2.0NRT,296.99,5.91,D
-11.97591,142.56436,336.26,0.46,0.39,2026-09-18,0402,N,nominal,2.0NRT,297.76,4.28,D
-11.97227,142.56383,347.16,0.46,0.39,2026-09-18,0402,N,nominal,2.0NRT,296.47,5.21,D
-11.96256,142.57983,343.41,0.46,0.39,2026-09-18,0402,N,nominal,2.0NRT,291.87,25.3,D
-11.34046,142.12086,333.89,0.48,0.4,2026-09-18,0402,N,nominal,2.0NRT,301.6,2.27,D
-11.33614,142.12476,334.59,0.48,0.4,2026-09-18,0402,N,nominal,2.0NRT,303.19,9.56,D
-11.33676,142.12032,331.76,0.48,0.4,2026-09-18,0402,N,nominal,2.0NRT,300.8,7.67,D
-11.32813,142.15512,338.83,0.48,0.4,2026-09-18,0402,N,nominal,2.0NRT,299.07,7.52,D
-11.32875,142.15071,353.44,0.48,0.4,2026-09-18,0402,N,nominal,2.0NRT,304.11,7.52,D
-11.32936,142.1463,353.83,0.48,0.4,2026-09-18,0402,N,nominal,2.0NRT,308.49,19.61,D
-11.32998,142.14188,339.21,0.48,0.4,2026-09-18,0402,N,nominal,2.0NRT,304.24,19.61,D
-11.32383,142.159,351.61,0.48,0.4,2026-09-18,0402,N,nominal,2.0NRT,302.33,12.51,D
-11.32444,142.15459,342.98,0.48,0.4,2026-09-18,0402,N,nominal,2.0NRT,301.93,6.94,D
-11.32506,142.15018,348.41,0.48,0.4,2026-09-18,0402,N,nominal,2.0NRT,302.1,6.94,D
-11.32629,142.14133,352.59,0.48,0.4,2026-09-18,0402,N,nominal,2.0NRT,304.11,8.63,D
-11.3269,142.13692,350.3,0.48,0.4,2026-09-18,0402,N,nominal,2.0NRT,305.17,9.66,D
-11.31952,142.16287,356,0.48,0.4,2026-09-18,0402,N,nominal,2.0NRT,308.27,12.51,D
-11.32014,142.15845,343.85,0.48,0.4,2026-09-18,0402,N,nominal,2.0NRT,301.7,12.51,D
-11.3226,142.14079,338.23,0.48,0.4,2026-09-18,0402,N,nominal,2.0NRT,303.71,8.63,D
-11.31523,142.1667,367,0.48,0.4,2026-09-18,0402,N,high,2.0NRT,308.46,17.3,D
-11.3189,142.14027,352.69,0.48,0.4,2026-09-18,0402,N,nominal,2.0NRT,308.76,41.31,D
-11.31251,142.16846,337.45,0.48,0.4,2026-09-18,0402,N,nominal,2.0NRT,302.02,2.45,D
-11.98395,135.67307,332.91,0.42,0.61,2026-09-18,0402,N,nominal,2.0NRT,295.21,5.04,D
-11.97824,135.67242,347.07,0.42,0.61,2026-09-18,0402,N,nominal,2.0NRT,294.72,5.04,D
-11.97207,135.67577,335.07,0.42,0.61,2026-09-18,0402,N,nominal,2.0NRT,293,2.92,D
-11.96638,135.67505,333.91,0.42,0.61,2026-09-18,0402,N,nominal,2.0NRT,292.39,2.92,D
-11.96116,135.67027,334.06,0.42,0.61,2026-09-18,0402,N,nominal,2.0NRT,294.29,5.17,D
-11.95905,135.6711,330.37,0.42,0.61,2026-09-18,0402,N,nominal,2.0NRT,294.59,5.85,D
-11.94827,133.94647,332.62,0.55,0.68,2026-09-18,0402,N,nominal,2.0NRT,297.17,2.94,D
-11.80324,133.24283,334.92,0.61,0.71,2026-09-18,0402,N,nominal,2.0NRT,297.65,5.65,D
-10.66322,142.13423,340.13,0.47,0.4,2026-09-18,0402,N,nominal,2.0NRT,299.16,6.61,D
-10.66381,142.12997,337.41,0.47,0.4,2026-09-18,0402,N,nominal,2.0NRT,295.74,3.97,D
-10.66441,142.12569,331.38,0.47,0.4,2026-09-18,0402,N,nominal,2.0NRT,296.28,3.97,D
-10.66352,142.13527,330.67,0.47,0.4,2026-09-18,0402,N,nominal,2.0NRT,298.06,6.88,D
-10.66413,142.13104,345.42,0.47,0.4,2026-09-18,0402,N,nominal,2.0NRT,298.3,6.57,D
-10.66475,142.12679,332.87,0.47,0.4,2026-09-18,0402,N,nominal,2.0NRT,295.68,6.57,D
-10.65682,142.1299,329.96,0.47,0.4,2026-09-18,0402,N,nominal,2.0NRT,298.77,7.63,D
-10.65744,142.12558,347.28,0.47,0.4,2026-09-18,0402,N,nominal,2.0NRT,299.83,7.63,D
-10.65807,142.12125,340.57,0.47,0.4,2026-09-18,0402,N,nominal,2.0NRT,296.7,3.92,D
-10.61924,142.31201,343.09,0.46,0.39,2026-09-18,0402,N,nominal,2.0NRT,298.11,6.84,D
-10.61501,142.31566,335.1,0.46,0.39,2026-09-18,0402,N,nominal,2.0NRT,299.99,7.46,D
-11.80537,133.24045,334.52,0.6,0.71,2026-09-18,0402,N,nominal,2.0NRT,297.74,6.26,D
-10.61138,142.31514,338.15,0.46,0.39,2026-09-18,0402,N,nominal,2.0NRT,299.17,7.46,D
-10.60775,142.31462,342.22,0.46,0.39,2026-09-18,0402,N,nominal,2.0NRT,298.94,5.82,D
-10.60835,142.31044,334.75,0.46,0.39,2026-09-18,0402,N,nominal,2.0NRT,300.13,5.82,D
-10.60473,142.30991,340.27,0.46,0.39,2026-09-18,0402,N,nominal,2.0NRT,297.6,5.82,D
-10.60533,142.30574,348.71,0.46,0.39,2026-09-18,0402,N,nominal,2.0NRT,299.97,6.56,D
-10.6017,142.30521,347.23,0.46,0.39,2026-09-18,0402,N,nominal,2.0NRT,302.6,33.19,D
-9.25518,150.30176,330.91,0.39,0.44,2026-09-18,0402,N,nominal,2.0NRT,298.27,6.36,D
-9.41307,148.78101,331.99,0.48,0.4,2026-09-18,0402,N,nominal,2.0NRT,294.97,14.25,D
-9.40794,148.7892,330.96,0.48,0.4,2026-09-18,0402,N,nominal,2.0NRT,292.87,8.78,D
-9.40866,148.78479,349.44,0.48,0.4,2026-09-18,0402,N,nominal,2.0NRT,299.5,14.25,D
-9.38764,148.89067,336.28,0.49,0.4,2026-09-18,0402,N,nominal,2.0NRT,295.73,4.28,D
-9.37576,148.89326,331.06,0.49,0.4,2026-09-18,0402,N,nominal,2.0NRT,295.09,6.02,D
-9.60358,147.43652,331.88,0.42,0.38,2026-09-18,0402,N,nominal,2.0NRT,299.04,2.95,D
-9.35762,148.77188,330.28,0.48,0.4,2026-09-18,0402,N,nominal,2.0NRT,294.58,2.9,D
-9.32441,148.94928,335.07,0.49,0.41,2026-09-18,0402,N,nominal,2.0NRT,294.79,2.62,D
-9.31097,148.93785,337.35,0.49,0.4,2026-09-18,0402,N,nominal,2.0NRT,300.22,3.98,D
-9.30724,148.93724,331.89,0.49,0.4,2026-09-18,0402,N,nominal,2.0NRT,298.5,3.98,D
-9.3035,148.93663,333.09,0.49,0.4,2026-09-18,0402,N,nominal,2.0NRT,298.18,5.58,D
-9.56223,147.34015,346.91,0.42,0.37,2026-09-18,0402,N,nominal,2.0NRT,300.31,11.32,D
-9.29604,148.93539,348.1,0.49,0.4,2026-09-18,0402,N,nominal,2.0NRT,300.91,11.8,D
-9.55695,147.35092,330.02,0.42,0.38,2026-09-18,0402,N,nominal,2.0NRT,299,2.78,D
-9.29498,148.93555,336.92,0.49,0.41,2026-09-18,0402,N,nominal,2.0NRT,300.04,9.11,D
-9.26474,149.00352,335.45,0.5,0.41,2026-09-18,0402,N,nominal,2.0NRT,297.01,5.66,D
-9.26547,148.99905,355.15,0.5,0.41,2026-09-18,0402,N,nominal,2.0NRT,302.94,28.72,D
-9.2662,148.99455,334.84,0.5,0.41,2026-09-18,0402,N,nominal,2.0NRT,294.87,28.72,D
-9.27156,148.84433,334.49,0.49,0.4,2026-09-18,0402,N,nominal,2.0NRT,296.09,8.16,D
-9.26493,148.86151,331.53,0.49,0.4,2026-09-18,0402,N,nominal,2.0NRT,295.05,5.91,D
-9.50178,147.30603,333.57,0.42,0.37,2026-09-18,0402,N,nominal,2.0NRT,302.72,2.44,D
-10.18485,142.22528,331.14,0.46,0.39,2026-09-18,0402,N,low,2.0NRT,296.39,4.02,D
-9.36142,147.21729,334.38,0.42,0.37,2026-09-18,0402,N,nominal,2.0NRT,299.56,2.09,D
-9.35798,147.21674,335.05,0.42,0.37,2026-09-18,0402,N,nominal,2.0NRT,297.87,2.09,D
-9.35922,147.21617,334.86,0.42,0.37,2026-09-18,0402,N,nominal,2.0NRT,299.01,3.86,D
-9.34022,147.22459,333.82,0.42,0.37,2026-09-18,0402,N,nominal,2.0NRT,302.13,1.71,D
-11.31438,132.46791,349.05,0.67,0.74,2026-09-18,0402,N,nominal,2.0NRT,291.56,11.78,D
-11.31507,132.46176,346.84,0.67,0.74,2026-09-18,0402,N,nominal,2.0NRT,291.3,11.78,D
-9.29614,147.19055,337.73,0.42,0.37,2026-09-18,0402,N,nominal,2.0NRT,299.54,3.75,D
-9.29855,147.17546,334.72,0.41,0.37,2026-09-18,0402,N,nominal,2.0NRT,299.31,6.03,D
-9.2762,147.09474,346.79,0.41,0.37,2026-09-18,0402,N,nominal,2.0NRT,300.54,13.41,D
-9.22408,147.20596,335.09,0.42,0.37,2026-09-18,0402,N,nominal,2.0NRT,297.82,2.28,D
-9.22542,147.17513,330.52,0.42,0.37,2026-09-18,0402,N,nominal,2.0NRT,295.56,6.22,D
-9.24325,147.06233,338.22,0.41,0.37,2026-09-18,0402,N,nominal,2.0NRT,300.1,4.47,D
-9.24502,147.0511,331.55,0.41,0.37,2026-09-18,0402,N,nominal,2.0NRT,298.08,3.24,D
-9.23981,147.06178,353.5,0.41,0.37,2026-09-18,0402,N,nominal,2.0NRT,300.58,15.16,D
-11.21905,132.44351,331.86,0.67,0.74,2026-09-18,0402,N,nominal,2.0NRT,290.95,7.89,D
-9.19529,147.20909,331.77,0.42,0.37,2026-09-18,0402,N,nominal,2.0NRT,296.5,2.32,D
-9.19184,147.20853,336.76,0.42,0.37,2026-09-18,0402,N,nominal,2.0NRT,295.23,2.32,D
-9.19745,147.06267,343.85,0.41,0.37,2026-09-18,0402,N,nominal,2.0NRT,296.23,3.66,D
-9.16523,147.15387,330.13,0.41,0.37,2026-09-18,0402,N,nominal,2.0NRT,294.32,1.64,D
-9.17821,147.0289,333.92,0.41,0.37,2026-09-18,0402,N,nominal,2.0NRT,298.5,3.81,D
-9.17478,147.02837,355.17,0.41,0.37,2026-09-18,0402,N,nominal,2.0NRT,301.48,18.07,D
-9.17538,147.02461,330.25,0.41,0.37,2026-09-18,0402,N,nominal,2.0NRT,298.25,18.07,D
-9.173,147.02448,334.13,0.41,0.37,2026-09-18,0402,N,nominal,2.0NRT,296.93,4.84,D
-8.97514,146.79431,342.11,0.41,0.37,2026-09-18,0402,N,nominal,2.0NRT,294.86,7.63,D
-8.97572,146.79063,344.62,0.41,0.37,2026-09-18,0402,N,nominal,2.0NRT,294.62,6.71,D
-8.97173,146.79379,351.91,0.41,0.37,2026-09-18,0402,N,nominal,2.0NRT,291.92,11.17,D
-8.97231,146.79008,345.89,0.41,0.37,2026-09-18,0402,N,nominal,2.0NRT,292.52,7.63,D
-8.99868,140.8983,336.51,0.52,0.42,2026-09-18,0402,N,nominal,2.0NRT,294.35,3,D
-8.77796,142.35545,328.26,0.44,0.38,2026-09-18,0402,N,low,2.0NRT,294.68,5.19,D
-8.91974,140.78891,349.57,0.53,0.42,2026-09-18,0402,N,nominal,2.0NRT,297.41,9.15,D
-8.91334,140.77809,344.14,0.53,0.42,2026-09-18,0402,N,nominal,2.0NRT,295.28,9.8,D
-8.91834,140.79126,341.19,0.53,0.42,2026-09-18,0402,N,nominal,2.0NRT,295.14,7.24,D
-8.91905,140.78644,339.05,0.53,0.42,2026-09-18,0402,N,nominal,2.0NRT,295.04,7.24,D
-8.91588,140.78105,336.26,0.53,0.42,2026-09-18,0402,N,nominal,2.0NRT,295.89,7.38,D
-8.90955,140.77026,334.95,0.53,0.42,2026-09-18,0402,N,nominal,2.0NRT,298.48,11.24,D
-8.69849,140.57574,346.11,0.54,0.42,2026-09-18,0402,N,nominal,2.0NRT,292.02,12.68,D
-8.58253,141.0042,340.75,0.51,0.41,2026-09-18,0402,N,nominal,2.0NRT,295.35,6.93,D
-8.6059,140.81027,336.9,0.52,0.42,2026-09-18,0402,N,nominal,2.0NRT,295.17,6.34,D
-8.50903,140.98628,341.74,0.51,0.41,2026-09-18,0402,N,nominal,2.0NRT,298.02,27.95,D
-8.44627,140.96976,341.23,0.51,0.41,2026-09-18,0402,N,nominal,2.0NRT,294.49,9.65,D
-8.44179,140.97388,336.35,0.51,0.41,2026-09-18,0402,N,nominal,2.0NRT,294.98,9.65,D
-8.44247,140.96922,351.99,0.51,0.41,2026-09-18,0402,N,nominal,2.0NRT,298.85,9.65,D
-8.43867,140.96867,337.89,0.51,0.41,2026-09-18,0402,N,low,2.0NRT,308.29,197.23,D
-8.43487,140.96812,313.84,0.51,0.41,2026-09-18,0402,N,low,2.0NRT,318.71,197.23,D
-8.06685,143.18143,337.15,0.41,0.37,2026-09-18,0402,N,nominal,2.0NRT,294.65,3.96,D
-8.37169,140.92088,331.14,0.51,0.41,2026-09-18,0402,N,nominal,2.0NRT,294.99,3.2,D
-8.37235,140.9162,337.54,0.51,0.41,2026-09-18,0402,N,nominal,2.0NRT,295.23,4.34,D
-8.36969,140.91733,338.5,0.51,0.41,2026-09-18,0402,N,nominal,2.0NRT,295.08,4.5,D
-8.37038,140.91264,337.02,0.51,0.41,2026-09-18,0402,N,nominal,2.0NRT,296.19,4.5,D
-8.32595,140.97751,343.88,0.51,0.41,2026-09-18,0402,N,nominal,2.0NRT,296.79,4.22,D
-8.32216,140.97696,339.09,0.51,0.41,2026-09-18,0402,N,nominal,2.0NRT,297.23,4.94,D
-8.31836,140.97641,342.65,0.51,0.41,2026-09-18,0402,N,nominal,2.0NRT,297.28,4.94,D
-8.31457,140.97588,340.12,0.51,0.41,2026-09-18,0402,N,nominal,2.0NRT,297.11,9.46,D
-7.17954,146.66881,330.46,0.41,0.37,2026-09-18,0402,N,nominal,2.0NRT,291.48,2.03,D
-8.24768,138.25299,345.58,0.5,0.49,2026-09-18,0402,N,nominal,2.0NRT,294.51,129.58,D
-8.26716,137.7979,348.05,0.54,0.5,2026-09-18,0402,N,nominal,2.0NRT,289.58,17.92,D
-8.0778,139.10201,347.82,0.44,0.46,2026-09-18,0402,N,nominal,2.0NRT,294.6,10.04,D
-7.74362,141.42398,347.07,0.47,0.4,2026-09-18,0402,N,nominal,2.0NRT,295.06,42.07,D
-7.74426,141.41966,345.88,0.47,0.4,2026-09-18,0402,N,nominal,2.0NRT,292.78,12.11,D
-8.26901,137.80002,333.73,0.53,0.5,2026-09-18,0402,N,nominal,2.0NRT,286.62,11.13,D
-8.2697,137.79514,340.45,0.54,0.5,2026-09-18,0402,N,nominal,2.0NRT,289.77,13.83,D
-8.0787,139.10231,342.59,0.44,0.46,2026-09-18,0402,N,nominal,2.0NRT,295.38,9.22,D
-8.24174,137.75632,336.03,0.54,0.51,2026-09-18,0402,N,nominal,2.0NRT,288.2,4.04,D
-8.23706,137.75568,329.9,0.54,0.51,2026-09-18,0402,N,nominal,2.0NRT,288.33,4.04,D
-8.21414,137.88672,331.86,0.53,0.5,2026-09-18,0402,N,nominal,2.0NRT,284.33,5.67,D
-8.20949,137.88608,337.04,0.53,0.5,2026-09-18,0402,N,nominal,2.0NRT,284.38,5.67,D
-7.94599,139.73303,351.28,0.4,0.44,2026-09-18,0402,N,nominal,2.0NRT,292.35,8.11,D
-8.06332,138.90251,331.8,0.45,0.47,2026-09-18,0402,N,nominal,2.0NRT,293.12,4.98,D
-8.19423,137.89383,345.45,0.53,0.5,2026-09-18,0402,N,nominal,2.0NRT,284.77,11.54,D
-8.18827,137.90282,330.91,0.53,0.5,2026-09-18,0402,N,nominal,2.0NRT,285.87,5.69,D
-7.69919,141.34235,335.57,0.48,0.4,2026-09-18,0402,N,nominal,2.0NRT,294.26,8.36,D
-8.05719,138.72353,341.41,0.46,0.47,2026-09-18,0402,N,nominal,2.0NRT,292.23,2.75,D
-8.05282,138.72292,342.36,0.46,0.47,2026-09-18,0402,N,nominal,2.0NRT,296.78,5.93,D
-8.0534,138.7187,351.5,0.46,0.47,2026-09-18,0402,N,nominal,2.0NRT,294.86,8.36,D
-8.04844,138.72231,342.13,0.46,0.47,2026-09-18,0402,N,nominal,2.0NRT,294.97,5.93,D
-7.89709,139.75555,330.48,0.39,0.44,2026-09-18,0402,N,nominal,2.0NRT,291.94,1.48,D
-8.03969,138.7211,353.04,0.46,0.47,2026-09-18,0402,N,nominal,2.0NRT,299.46,27.46,D
-8.04084,138.71266,342.42,0.46,0.47,2026-09-18,0402,N,nominal,2.0NRT,296.16,9.46,D
-8.042,138.70419,330.63,0.46,0.47,2026-09-18,0402,N,nominal,2.0NRT,294.04,3.64,D
-7.99131,138.11569,341.7,0.5,0.49,2026-09-18,0402,N,nominal,2.0NRT,293.8,12.95,D
-7.99196,138.11107,342.19,0.51,0.49,2026-09-18,0402,N,nominal,2.0NRT,293.35,11.32,D
-6.74719,145.79436,339.31,0.4,0.37,2026-09-18,0402,N,nominal,2.0NRT,303.73,12.15,D
-7.90193,137.99091,346.65,0.51,0.5,2026-09-18,0402,N,nominal,2.0NRT,292.8,9.89,D
-7.86258,137.97119,333.3,0.51,0.5,2026-09-18,0402,N,nominal,2.0NRT,291.18,5.9,D
-7.79561,138.38812,341.12,0.48,0.48,2026-09-18,0402,N,nominal,2.0NRT,294.52,4.8,D
-7.79622,138.38373,333.91,0.48,0.48,2026-09-18,0402,N,nominal,2.0NRT,291.55,4.8,D
-6.70721,145.65352,332.76,0.39,0.36,2026-09-18,0402,N,nominal,2.0NRT,298.96,4.36,D
-7.58626,139.64455,367,0.4,0.44,2026-09-18,0402,N,high,2.0NRT,296.99,15.23,D
-7.58676,139.64096,347.22,0.4,0.44,2026-09-18,0402,N,nominal,2.0NRT,295.54,8.34,D
-6.52366,146.72903,338.19,0.42,0.38,2026-09-18,0402,N,nominal,2.0NRT,291.23,2.91,D
-7.43079,140.63911,338.9,0.52,0.41,2026-09-18,0402,N,nominal,2.0NRT,293.55,6.69,D
-6.66617,145.66098,343.84,0.39,0.36,2026-09-18,0402,N,nominal,2.0NRT,309.01,23.07,D
-6.6628,145.6606,354.66,0.39,0.36,2026-09-18,0402,N,nominal,2.0NRT,305.37,23.07,D
-7.68056,138.85179,334.02,0.45,0.47,2026-09-18,0402,N,nominal,2.0NRT,292.26,2.89,D
-6.03822,149.31328,337.82,0.57,0.43,2026-09-18,0402,N,nominal,2.0NRT,293.51,11.18,D
-7.62738,138.82362,353.2,0.45,0.47,2026-09-18,0402,N,nominal,2.0NRT,297.82,6.15,D
-7.62306,138.82301,332.3,0.45,0.47,2026-09-18,0402,N,nominal,2.0NRT,295.36,6.15,D
-7.62063,138.71332,333.4,0.46,0.47,2026-09-18,0402,N,nominal,2.0NRT,295.07,2.84,D
-6.28241,147.5777,335.3,0.46,0.39,2026-09-18,0402,N,nominal,2.0NRT,300.21,5.28,D
-6.27879,147.57722,339.93,0.46,0.39,2026-09-18,0402,N,nominal,2.0NRT,298.55,7.27,D
-7.26127,141.10022,345.49,0.49,0.4,2026-09-18,0402,N,nominal,2.0NRT,294.25,9.18,D
-7.57656,138.84145,338.66,0.45,0.47,2026-09-18,0402,N,nominal,2.0NRT,293.97,3.89,D
-6.26211,147.60599,330.04,0.46,0.39,2026-09-18,0402,N,nominal,2.0NRT,294.19,3.67,D
-6.26256,147.57951,350.16,0.46,0.39,2026-09-18,0402,N,nominal,2.0NRT,305.78,55.39,D
-6.5507,145.70802,333.61,0.39,0.37,2026-09-18,0402,N,nominal,2.0NRT,293.6,3.88,D
-7.5789,138.84288,348.42,0.45,0.47,2026-09-18,0402,N,nominal,2.0NRT,295.06,7.16,D
-6.53414,145.74832,334.19,0.4,0.37,2026-09-18,0402,N,nominal,2.0NRT,297.08,7.47,D
-6.4721,145.90364,334.09,0.4,0.37,2026-09-18,0402,N,nominal,2.0NRT,300.02,3.57,D
-7.47347,139.15569,343.32,0.42,0.46,2026-09-18,0402,N,nominal,2.0NRT,296.16,14.8,D
-7.47401,139.15181,356.93,0.42,0.46,2026-09-18,0402,N,nominal,2.0NRT,298.93,19.97,D
-5.88116,149.56096,357.33,0.4,0.44,2026-09-18,0402,N,low,2.0NRT,283.93,10.76,D
-5.87711,149.56018,353.43,0.4,0.44,2026-09-18,0402,N,nominal,2.0NRT,284.52,16.43,D
-5.7438,150.23119,330.65,0.44,0.46,2026-09-18,0402,N,nominal,2.0NRT,294.23,4.22,D
-5.73527,150.2298,330.08,0.44,0.46,2026-09-18,0402,N,nominal,2.0NRT,294.03,2.61,D
-7.38288,139.53018,342.6,0.4,0.44,2026-09-18,0402,N,nominal,2.0NRT,294.09,4.07,D
-7.38129,139.48126,340.74,0.4,0.45,2026-09-18,0402,N,nominal,2.0NRT,298.9,10.29,D
-7.38181,139.47757,340.02,0.4,0.45,2026-09-18,0402,N,nominal,2.0NRT,294.44,4.7,D
-6.44008,145.84364,334.54,0.4,0.37,2026-09-18,0402,N,nominal,2.0NRT,301.64,2.65,D
-5.73664,150.22964,332.7,0.44,0.46,2026-09-18,0402,N,nominal,2.0NRT,293.29,2.1,D
-6.43628,145.76854,331.54,0.4,0.37,2026-09-18,0402,N,nominal,2.0NRT,292.59,3.57,D
-7.38314,139.47737,338.48,0.4,0.45,2026-09-18,0402,N,nominal,2.0NRT,294.47,4.13,D
-7.37849,139.48047,347.11,0.4,0.44,2026-09-18,0402,N,nominal,2.0NRT,300.28,24.96,D
-7.37902,139.47679,356.86,0.4,0.45,2026-09-18,0402,N,nominal,2.0NRT,299.98,19.34,D
-7.37956,139.47311,333.66,0.4,0.45,2026-09-18,0402,N,nominal,2.0NRT,293.98,19.34,D
-5.72504,150.22008,336.03,0.44,0.46,2026-09-18,0402,N,nominal,2.0NRT,296.42,3.07,D
-5.72569,150.21606,332.34,0.44,0.46,2026-09-18,0402,N,nominal,2.0NRT,293.73,3.07,D
-7.37491,139.47621,356.24,0.4,0.45,2026-09-18,0402,N,nominal,2.0NRT,297.81,19.34,D
-7.37544,139.47253,355.11,0.4,0.45,2026-09-18,0402,N,nominal,2.0NRT,296.08,19.34,D
-7.35872,139.52998,341.11,0.4,0.44,2026-09-18,0402,N,nominal,2.0NRT,294.79,3.38,D
-5.71663,150.19107,342.57,0.44,0.46,2026-09-18,0402,N,nominal,2.0NRT,296.03,9.7,D
-5.71066,150.17403,337.71,0.44,0.46,2026-09-18,0402,N,nominal,2.0NRT,294.94,7.18,D
-7.19446,140.54826,331.72,0.52,0.42,2026-09-18,0402,N,nominal,2.0NRT,295,6.08,D
-7.19515,140.54353,337.08,0.52,0.42,2026-09-18,0402,N,nominal,2.0NRT,296.55,6.08,D
-5.66278,150.41234,336.68,0.45,0.47,2026-09-18,0402,N,nominal,2.0NRT,292.94,6.08,D
-7.19062,140.54773,331.74,0.52,0.42,2026-09-18,0402,N,nominal,2.0NRT,294.28,13.28,D
-7.19131,140.543,344.31,0.52,0.42,2026-09-18,0402,N,nominal,2.0NRT,296.91,13.28,D
-7.43702,138.8358,332.18,0.44,0.46,2026-09-18,0402,N,nominal,2.0NRT,297.04,2.8,D
-7.42211,138.81715,334.49,0.45,0.47,2026-09-18,0402,N,nominal,2.0NRT,297.89,2.74,D
-7.49259,138.28271,343.46,0.48,0.48,2026-09-18,0402,N,nominal,2.0NRT,295.15,9.52,D
-6.40133,145.6615,330.03,0.39,0.36,2026-09-18,0402,N,nominal,2.0NRT,298.6,2.07,D
-7.49181,138.25549,334.47,0.49,0.48,2026-09-18,0402,N,nominal,2.0NRT,292.29,4.11,D
-5.68964,150.03763,367,0.43,0.46,2026-09-18,0402,N,high,2.0NRT,294.5,10.52,D
-7.47979,138.27641,349.96,0.48,0.48,2026-09-18,0402,N,nominal,2.0NRT,294.37,8.42,D
-7.48101,138.26756,334.38,0.49,0.48,2026-09-18,0402,N,nominal,2.0NRT,294.62,5.42,D
-7.28398,139.64471,334.6,0.39,0.44,2026-09-18,0402,N,nominal,2.0NRT,294.77,3.46,D
-7.47654,138.26697,343.34,0.49,0.48,2026-09-18,0402,N,nominal,2.0NRT,293.54,5.42,D
-7.47715,138.26253,332.29,0.49,0.48,2026-09-18,0402,N,nominal,2.0NRT,292.73,5.42,D
-7.43114,138.46503,348.94,0.47,0.48,2026-09-18,0402,N,nominal,2.0NRT,298.2,9.28,D
-5.62137,150.28868,343.22,0.45,0.47,2026-09-18,0402,N,nominal,2.0NRT,297.72,9.67,D
-7.42673,138.46442,342.6,0.47,0.48,2026-09-18,0402,N,nominal,2.0NRT,296.62,14.99,D
-7.42732,138.4601,349.14,0.47,0.48,2026-09-18,0402,N,nominal,2.0NRT,297.96,14.99,D
-5.61708,150.28798,355.95,0.45,0.47,2026-09-18,0402,N,nominal,2.0NRT,299.36,9.67,D
-7.42349,138.4552,341.52,0.47,0.48,2026-09-18,0402,N,nominal,2.0NRT,296.81,5.8,D
-5.75376,149.44923,336,0.39,0.44,2026-09-18,0402,N,nominal,2.0NRT,295.77,7.79,D
-7.39992,138.59488,336.32,0.46,0.47,2026-09-18,0402,N,nominal,2.0NRT,299.3,7.46,D
-7.39498,138.59846,344.35,0.46,0.47,2026-09-18,0402,N,nominal,2.0NRT,299.79,7.46,D
-7.39555,138.59427,349.54,0.46,0.47,2026-09-18,0402,N,nominal,2.0NRT,298.13,7.46,D
-7.39612,138.59006,340.16,0.46,0.47,2026-09-18,0402,N,nominal,2.0NRT,295.96,5.8,D
-7.39727,138.58165,352.07,0.46,0.47,2026-09-18,0402,N,nominal,2.0NRT,298.4,9.16,D
-6.37363,145.51894,332.4,0.39,0.36,2026-09-18,0402,N,nominal,2.0NRT,298.84,2.85,D
-5.61953,150.28842,351.69,0.45,0.47,2026-09-18,0402,N,nominal,2.0NRT,301.65,9.98,D
-5.75363,149.452,341.74,0.39,0.44,2026-09-18,0402,N,nominal,2.0NRT,295.35,7.09,D
-6.34023,145.71323,336.3,0.4,0.37,2026-09-18,0402,N,nominal,2.0NRT,298.58,14,D
-7.42744,138.46532,341.03,0.47,0.48,2026-09-18,0402,N,nominal,2.0NRT,296.7,17.77,D
-7.42806,138.46103,348.49,0.47,0.48,2026-09-18,0402,N,nominal,2.0NRT,299.79,17.77,D
-5.61006,150.31979,336.82,0.45,0.47,2026-09-18,0402,N,nominal,2.0NRT,296.75,5.39,D
-5.61523,150.28773,337.12,0.45,0.47,2026-09-18,0402,N,nominal,2.0NRT,296.25,9.98,D
-5.74901,149.4549,330.39,0.39,0.44,2026-09-18,0402,N,nominal,2.0NRT,292.66,3.28,D
-6.33687,145.71271,343.96,0.4,0.37,2026-09-18,0402,N,nominal,2.0NRT,296.77,14,D
-7.40645,138.5793,333.93,0.46,0.47,2026-09-18,0402,N,nominal,2.0NRT,296.67,5.45,D
-7.42426,138.45613,344.29,0.47,0.48,2026-09-18,0402,N,nominal,2.0NRT,297.01,6.69,D
-5.72221,149.59608,331.23,0.4,0.44,2026-09-18,0402,N,nominal,2.0NRT,295.64,2.93,D
-5.74555,149.45052,336.87,0.39,0.44,2026-09-18,0402,N,nominal,2.0NRT,290.81,2.34,D
-7.39965,138.5955,339.19,0.46,0.47,2026-09-18,0402,N,nominal,2.0NRT,300,7.94,D
-7.24542,139.62773,331.27,0.39,0.44,2026-09-18,0402,N,nominal,2.0NRT,294.47,2.91,D
-7.39467,138.59908,341.52,0.46,0.47,2026-09-18,0402,N,nominal,2.0NRT,298.28,7.94,D
-7.39528,138.59489,352.03,0.46,0.47,2026-09-18,0402,N,nominal,2.0NRT,296.75,7.94,D
-7.39588,138.5907,342.48,0.46,0.47,2026-09-18,0402,N,nominal,2.0NRT,296.41,10.86,D
-7.39709,138.58231,345.73,0.46,0.47,2026-09-18,0402,N,nominal,2.0NRT,297.71,6.26,D
-7.3977,138.57811,330.7,0.46,0.47,2026-09-18,0402,N,nominal,2.0NRT,295.69,6.26,D
-7.24136,139.62714,336.43,0.39,0.44,2026-09-18,0402,N,nominal,2.0NRT,294.41,4.28,D
-7.39212,138.58589,330.32,0.46,0.47,2026-09-18,0402,N,nominal,2.0NRT,297.42,4.75,D
-7.40979,138.46291,336.69,0.47,0.48,2026-09-18,0402,N,nominal,2.0NRT,295.71,5.6,D
-7.41041,138.45863,345.58,0.47,0.48,2026-09-18,0402,N,nominal,2.0NRT,296.23,5.6,D
-5.54354,150.5645,343.81,0.47,0.48,2026-09-18,0402,N,nominal,2.0NRT,296.08,15.65,D
-5.73098,149.41191,335.11,0.39,0.44,2026-09-18,0402,N,nominal,2.0NRT,293.17,3.89,D
-6.33259,145.58496,332.69,0.39,0.36,2026-09-18,0402,N,nominal,2.0NRT,299.33,1.25,D
-5.73311,149.34753,332.4,0.39,0.44,2026-09-18,0402,N,nominal,2.0NRT,295.18,5.21,D
-5.68765,149.60181,346.86,0.4,0.44,2026-09-18,0402,N,nominal,2.0NRT,296.47,10.93,D
-5.71711,149.42065,334.26,0.39,0.44,2026-09-18,0402,N,nominal,2.0NRT,296.09,5.12,D
-5.72167,149.36705,331.93,0.39,0.44,2026-09-18,0402,N,nominal,2.0NRT,294.42,2.68,D
-5.68361,149.57506,342.89,0.4,0.44,2026-09-18,0402,N,nominal,2.0NRT,299.5,7.6,D
-5.6842,149.5714,339.72,0.4,0.44,2026-09-18,0402,N,nominal,2.0NRT,297.88,7.6,D
-6.98874,141.14066,339.01,0.48,0.4,2026-09-18,0402,N,low,2.0NRT,292.01,5.54,D
-5.53274,150.4666,348.28,0.46,0.47,2026-09-18,0402,N,nominal,2.0NRT,294.44,7.4,D
-5.53342,150.46249,342.79,0.46,0.47,2026-09-18,0402,N,nominal,2.0NRT,294.29,7.4,D
-5.7153,149.35536,338.18,0.39,0.44,2026-09-18,0402,N,nominal,2.0NRT,291.04,6.15,D
-5.71699,149.345,344.74,0.39,0.44,2026-09-18,0402,N,nominal,2.0NRT,292.51,5.57,D
-6.28545,145.77805,334.29,0.4,0.37,2026-09-18,0402,N,nominal,2.0NRT,295.94,5.36,D
-6.28601,145.77446,331.72,0.4,0.37,2026-09-18,0402,N,nominal,2.0NRT,293.61,3.34,D
-5.52836,150.46603,333.76,0.46,0.47,2026-09-18,0402,N,nominal,2.0NRT,290.84,5.79,D
-5.70781,149.35054,349.48,0.39,0.44,2026-09-18,0402,N,nominal,2.0NRT,294.65,7.73,D
-7.19615,139.59505,348.3,0.4,0.44,2026-09-18,0402,N,nominal,2.0NRT,296.66,18.24,D
-5.50253,150.54048,334.18,0.47,0.47,2026-09-18,0402,N,nominal,2.0NRT,289.99,3.54,D
-5.51109,150.48917,342.13,0.46,0.47,2026-09-18,0402,N,nominal,2.0NRT,293.07,4,D
-6.0023,147.48315,351.41,0.46,0.39,2026-09-18,0402,N,nominal,2.0NRT,302.95,11.69,D
-6.02954,147.31279,333.61,0.45,0.39,2026-09-18,0402,N,nominal,2.0NRT,295.35,4.19,D
-7.05345,140.56326,334.04,0.52,0.41,2026-09-18,0402,N,nominal,2.0NRT,291.08,5.6,D
-5.55699,150.18697,336.58,0.44,0.46,2026-09-18,0402,N,nominal,2.0NRT,298.26,3.96,D
-6.02596,147.3123,340.91,0.45,0.39,2026-09-18,0402,N,nominal,2.0NRT,295.13,8.31,D
-5.49814,150.53986,355.17,0.47,0.47,2026-09-18,0402,N,low,2.0NRT,289.81,8,D
-5.55334,150.18259,333.09,0.44,0.46,2026-09-18,0402,N,nominal,2.0NRT,298.81,3.96,D
-5.58498,149.96655,356.26,0.43,0.46,2026-09-18,0402,N,nominal,2.0NRT,287.96,7.27,D
-5.67832,149.40385,335.64,0.39,0.44,2026-09-18,0402,N,nominal,2.0NRT,295.17,4.39,D
-6.96932,141.06618,337.1,0.49,0.4,2026-09-18,0402,N,nominal,2.0NRT,295.11,5.19,D
-6.97187,141.04854,339.18,0.49,0.4,2026-09-18,0402,N,nominal,2.0NRT,299.74,8.79,D
-5.49358,150.48674,335.89,0.46,0.47,2026-09-18,0404,N,nominal,2.0NRT,295.62,7.34,D
-5.58077,149.96588,343.76,0.43,0.46,2026-09-18,0404,N,nominal,2.0NRT,290.83,7.27,D
-6.96561,141.06563,334.4,0.49,0.4,2026-09-18,0404,N,low,2.0NRT,295.12,5.19,D
-6.96624,141.06123,336.19,0.49,0.4,2026-09-18,0404,N,low,2.0NRT,296.07,5.19,D
-5.57657,149.96519,330.7,0.43,0.46,2026-09-18,0404,N,nominal,2.0NRT,288.55,2.51,D
-6.2807,145.60979,341.96,0.39,0.36,2026-09-18,0404,N,nominal,2.0NRT,309.42,7.29,D
-6.9619,141.06508,341.5,0.49,0.4,2026-09-18,0404,N,low,2.0NRT,295.56,14.97,D
-7.10706,140.04951,346.97,0.56,0.43,2026-09-18,0404,N,nominal,2.0NRT,297.92,9.66,D
-6.95818,141.06456,347.66,0.49,0.4,2026-09-18,0404,N,low,2.0NRT,299.05,14.97,D
-7.1024,140.05399,355.98,0.55,0.43,2026-09-18,0404,N,nominal,2.0NRT,300.1,38.35,D
-7.10311,140.04895,333.43,0.56,0.43,2026-09-18,0404,N,nominal,2.0NRT,296.47,9.66,D
-7.10383,140.04388,338.19,0.56,0.43,2026-09-18,0404,N,nominal,2.0NRT,295.14,9.66,D
-7.09916,140.04837,367,0.56,0.43,2026-09-18,0404,N,high,2.0NRT,300.4,66.11,D
-7.09845,140.05341,348.93,0.55,0.43,2026-09-18,0404,N,nominal,2.0NRT,298.74,18.76,D
-7.09987,140.04333,345.43,0.56,0.43,2026-09-18,0404,N,nominal,2.0NRT,305.32,66.11,D
-6.95139,141.05907,341.44,0.49,0.4,2026-09-18,0404,N,nominal,2.0NRT,295.41,18.71,D
-7.0945,140.05286,334.56,0.55,0.43,2026-09-18,0404,N,nominal,2.0NRT,294.76,18.76,D
-7.09592,140.04276,343.35,0.56,0.43,2026-09-18,0404,N,nominal,2.0NRT,296.44,66.11,D
-7.25965,138.86873,342.46,0.44,0.46,2026-09-18,0404,N,nominal,2.0NRT,293.14,7.06,D
-5.67793,149.25665,335.99,0.38,0.43,2026-09-18,0404,N,nominal,2.0NRT,288.47,2.39,D
-6.94768,141.05852,347.24,0.49,0.4,2026-09-18,0404,N,nominal,2.0NRT,297.69,39.16,D
-5.46536,150.49455,330.19,0.46,0.47,2026-09-18,0404,N,nominal,2.0NRT,296.27,3.22,D
-6.93335,141.10576,332.39,0.48,0.4,2026-09-18,0404,N,low,2.0NRT,295.08,12.89,D
-6.93153,141.09207,367,0.48,0.4,2026-09-18,0404,N,high,2.0NRT,292.18,24.84,D
-6.94624,141.05499,344.41,0.49,0.4,2026-09-18,0404,N,nominal,2.0NRT,294.6,28.22,D
-7.09575,140.05035,349.08,0.55,0.43,2026-09-18,0404,N,nominal,2.0NRT,298.06,62.27,D
-7.0965,140.04532,346.19,0.55,0.43,2026-09-18,0404,N,nominal,2.0NRT,304.6,62.27,D
-5.49175,150.4104,333.53,0.46,0.47,2026-09-18,0404,N,nominal,2.0NRT,293.03,3.15,D
-6.93098,141.10655,339.07,0.48,0.4,2026-09-18,0404,N,low,2.0NRT,294.61,5.4,D
-5.66715,149.28961,339.47,0.39,0.44,2026-09-18,0404,N,nominal,2.0NRT,288.95,4.81,D
-6.23262,145.68555,335.01,0.4,0.37,2026-09-18,0404,N,nominal,2.0NRT,300.18,6.86,D
-5.98126,147.23268,341.38,0.45,0.39,2026-09-18,0404,N,nominal,2.0NRT,296.64,3.97,D
-5.65837,149.24161,333.54,0.38,0.43,2026-09-18,0404,N,nominal,2.0NRT,283.02,2.15,D
-5.97583,147.244,331.26,0.45,0.39,2026-09-18,0404,N,nominal,2.0NRT,295.4,4.46,D
-5.97768,147.23225,337.24,0.45,0.39,2026-09-18,0404,N,nominal,2.0NRT,296.99,3.97,D
-6.291,145.19611,330.37,0.39,0.36,2026-09-18,0404,N,nominal,2.0NRT,294.85,5.93,D
-7.13594,139.55304,339.28,0.4,0.44,2026-09-18,0404,N,nominal,2.0NRT,293.91,6.36,D
-7.13752,139.54218,334.63,0.4,0.44,2026-09-18,0404,N,nominal,2.0NRT,295.04,4.73,D
-5.96161,147.28792,338,0.45,0.39,2026-09-18,0404,N,nominal,2.0NRT,299.41,5.3,D
-5.95803,147.28738,340.25,0.45,0.39,2026-09-18,0404,N,nominal,2.0NRT,298.97,5.53,D
-5.96121,147.26723,341.27,0.45,0.39,2026-09-18,0404,N,nominal,2.0NRT,303.55,43.61,D
-5.96185,147.26318,353.57,0.45,0.39,2026-09-18,0404,N,nominal,2.0NRT,305.05,43.61,D
-7.12518,139.56984,345.37,0.4,0.44,2026-09-18,0404,N,nominal,2.0NRT,297.6,4.81,D
-7.14886,139.40598,344.08,0.41,0.45,2026-09-18,0404,N,nominal,2.0NRT,294.72,11.75,D
-5.95954,147.25464,342.34,0.45,0.39,2026-09-18,0404,N,nominal,2.0NRT,298.28,6.73,D
-7.12111,139.56924,339.25,0.4,0.44,2026-09-18,0404,N,nominal,2.0NRT,295.26,4.81,D
-5.58764,149.49933,331.23,0.4,0.44,2026-09-18,0404,N,nominal,2.0NRT,288.27,4.12,D
-5.94232,147.24805,341.71,0.45,0.39,2026-09-18,0404,N,nominal,2.0NRT,298.96,5.09,D
-7.06327,139.77069,330.15,0.38,0.43,2026-09-18,0404,N,nominal,2.0NRT,292.21,3.92,D
-5.5843,149.36705,330.28,0.39,0.44,2026-09-18,0404,N,nominal,2.0NRT,289.61,6.04,D
-6.88486,140.95569,347.79,0.49,0.4,2026-09-18,0404,N,low,2.0NRT,294.93,5.7,D
-6.86895,141.03928,345.45,0.49,0.4,2026-09-18,0404,N,nominal,2.0NRT,295,9.07,D
-6.88113,140.95514,333.63,0.49,0.4,2026-09-18,0404,N,low,2.0NRT,293.36,5.7,D
-5.94741,147.0562,340.23,0.44,0.38,2026-09-18,0404,N,nominal,2.0NRT,299.87,6.12,D
-7.04466,139.75737,331.35,0.38,0.44,2026-09-18,0404,N,nominal,2.0NRT,293.37,4.2,D
-7.0773,139.49661,348.12,0.4,0.44,2026-09-18,0404,N,nominal,2.0NRT,299.64,9.57,D
-5.5582,149.39923,331.95,0.39,0.44,2026-09-18,0404,N,nominal,2.0NRT,292.12,3.52,D
-5.72254,148.35408,348.96,0.51,0.41,2026-09-18,0404,N,nominal,2.0NRT,292.16,16.73,D
-5.71876,148.35345,350.48,0.51,0.41,2026-09-18,0404,N,nominal,2.0NRT,292.35,27.07,D
-5.71971,148.35509,341.71,0.51,0.41,2026-09-18,0404,N,nominal,2.0NRT,295.17,40.97,D
-7.13284,138.92508,330.85,0.43,0.46,2026-09-18,0404,N,nominal,2.0NRT,286.87,2.82,D
-5.91854,146.92282,335.77,0.43,0.38,2026-09-18,0404,N,nominal,2.0NRT,297.97,4.88,D
-5.91378,146.93019,336.2,0.43,0.38,2026-09-18,0404,N,nominal,2.0NRT,302.05,4.62,D
-6.05795,145.87256,335.03,0.4,0.37,2026-09-18,0404,N,nominal,2.0NRT,294.4,4.98,D
-5.53796,149.11838,336.96,0.57,0.43,2026-09-18,0404,N,nominal,2.0NRT,296.3,7.42,D
-5.62833,148.56021,331.2,0.53,0.42,2026-09-18,0404,N,nominal,2.0NRT,292.2,3.79,D
-6.81124,140.85536,332.67,0.5,0.41,2026-09-18,0404,N,nominal,2.0NRT,293.17,4.89,D
-5.58315,148.81505,335.78,0.54,0.42,2026-09-18,0404,N,nominal,2.0NRT,295.33,7.01,D
-5.58398,148.80994,345.75,0.54,0.42,2026-09-18,0404,N,nominal,2.0NRT,295.43,7.01,D
-5.52792,149.07982,334.52,0.56,0.43,2026-09-18,0404,N,nominal,2.0NRT,299.52,3.34,D
-5.56724,148.8389,339.65,0.55,0.42,2026-09-18,0404,N,nominal,2.0NRT,300.24,40.42,D
-7.08564,138.82906,338.15,0.44,0.46,2026-09-18,0404,N,nominal,2.0NRT,294.99,3.92,D
-6.92737,139.91531,336.33,0.56,0.43,2026-09-18,0404,N,nominal,2.0NRT,293.19,9.53,D
-7.08136,138.82845,335.2,0.44,0.46,2026-09-18,0404,N,nominal,2.0NRT,295.32,7.37,D
-5.63024,148.33121,336.63,0.51,0.41,2026-09-18,0404,N,nominal,2.0NRT,299.37,7.19,D
-5.85611,146.88515,350.06,0.43,0.38,2026-09-18,0404,N,nominal,2.0NRT,303.14,24.42,D
-6.83925,140.25357,335.15,0.54,0.42,2026-09-18,0404,N,nominal,2.0NRT,291.8,5.25,D
-5.59994,148.34995,331.46,0.51,0.41,2026-09-18,0404,N,nominal,2.0NRT,295.31,2.12,D
-6.83879,140.2518,332.02,0.54,0.42,2026-09-18,0404,N,nominal,2.0NRT,291.22,2.76,D
-5.59661,148.35205,335.85,0.51,0.41,2026-09-18,0404,N,nominal,2.0NRT,296.94,5.97,D
-5.59732,148.34753,337.42,0.51,0.41,2026-09-18,0404,N,nominal,2.0NRT,296.28,5.97,D
-5.57435,148.39398,333.14,0.52,0.41,2026-09-18,0404,N,nominal,2.0NRT,295.73,4.6,D
-6.72178,140.88585,331.45,0.49,0.4,2026-09-18,0404,N,low,2.0NRT,299.46,8.88,D
-6.84953,139.8766,333.86,0.56,0.43,2026-09-18,0404,N,nominal,2.0NRT,292.76,5.04,D
-6.94332,139.19534,333.04,0.42,0.45,2026-09-18,0404,N,nominal,2.0NRT,292.85,2.77,D
-6.94386,139.19154,331.11,0.42,0.45,2026-09-18,0404,N,nominal,2.0NRT,293.69,2.77,D
-6.90626,139.4249,332.52,0.4,0.44,2026-09-18,0404,N,nominal,2.0NRT,294.59,2.9,D
-6.69384,140.86806,336.46,0.49,0.41,2026-09-18,0404,N,low,2.0NRT,295.38,16.05,D
-6.69971,140.82776,333.29,0.5,0.41,2026-09-18,0404,N,low,2.0NRT,293.63,5.51,D
-6.69924,140.80467,367,0.5,0.41,2026-09-18,0404,N,high,2.0NRT,302.24,21.9,D
-5.26573,150.04411,331.65,0.44,0.46,2026-09-18,0404,N,nominal,2.0NRT,292.32,4.81,D
-5.26638,150.04022,342.24,0.44,0.46,2026-09-18,0404,N,nominal,2.0NRT,294.9,4.81,D
-5.94589,145.8083,340.56,0.4,0.37,2026-09-18,0404,N,nominal,2.0NRT,304.31,18.61,D
-6.69596,140.82722,347.57,0.5,0.41,2026-09-18,0404,N,nominal,2.0NRT,296.77,33.2,D
-5.94251,145.80779,342.98,0.4,0.37,2026-09-18,0404,N,nominal,2.0NRT,309.86,18.61,D
-5.94307,145.8042,334.06,0.4,0.37,2026-09-18,0404,N,low,2.0NRT,304.51,5.89,D
-5.94363,145.80061,340.12,0.4,0.37,2026-09-18,0404,N,nominal,2.0NRT,303.94,5.89,D
-5.93913,145.80725,338.36,0.4,0.37,2026-09-18,0404,N,nominal,2.0NRT,301.56,10.89,D
-5.93969,145.80367,353.11,0.4,0.37,2026-09-18,0404,N,nominal,2.0NRT,307.57,57.32,D
-6.78328,140.16899,338.64,0.54,0.42,2026-09-18,0404,N,nominal,2.0NRT,296.08,6.9,D
-5.01957,151.43619,341.6,0.54,0.51,2026-09-18,0404,N,nominal,2.0NRT,293.02,6.35,D
-5.93632,145.80313,340.42,0.4,0.37,2026-09-18,0404,N,nominal,2.0NRT,308.92,57.32,D
-5.93744,145.79596,341.03,0.4,0.37,2026-09-18,0404,N,nominal,2.0NRT,303.73,5.34,D
-5.9335,145.79903,349.11,0.4,0.37,2026-09-18,0404,N,nominal,2.0NRT,302.75,25.43,D
-5.93406,145.79544,353.06,0.4,0.37,2026-09-18,0404,N,nominal,2.0NRT,307.67,34.65,D
-6.67903,140.8385,340.29,0.5,0.41,2026-09-18,0404,N,nominal,2.0NRT,296.47,9.23,D
-6.67967,140.83403,338.77,0.5,0.41,2026-09-18,0404,N,nominal,2.0NRT,295.77,9.23,D
-6.88064,139.42863,332.5,0.4,0.44,2026-09-18,0404,N,nominal,2.0NRT,292.9,3.65,D
-5.92563,145.82722,347.45,0.4,0.37,2026-09-18,0404,N,nominal,2.0NRT,302.2,5.5,D
-6.67528,140.83794,346.84,0.5,0.41,2026-09-18,0404,N,nominal,2.0NRT,294.58,9.23,D
-6.67593,140.83348,341.04,0.5,0.41,2026-09-18,0404,N,low,2.0NRT,295.85,9.23,D
-6.67657,140.82903,345.02,0.5,0.41,2026-09-18,0404,N,low,2.0NRT,295.64,14.34,D
-6.87654,139.42805,350.98,0.4,0.44,2026-09-18,0404,N,nominal,2.0NRT,291.36,3.65,D
-6.98028,138.62534,349.08,0.45,0.47,2026-09-18,0404,N,nominal,2.0NRT,287.75,9.08,D
-6.97595,138.62471,347.16,0.45,0.47,2026-09-18,0404,N,nominal,2.0NRT,293.37,19.45,D
-6.97652,138.62059,345.18,0.45,0.47,2026-09-18,0404,N,nominal,2.0NRT,288.38,13.85,D
-5.22601,150.0208,334.25,0.43,0.46,2026-09-18,0404,N,nominal,2.0NRT,293.19,3.51,D
-5.48243,148.47804,337.29,0.52,0.42,2026-09-18,0404,N,nominal,2.0NRT,300.41,5.03,D
-5.48056,148.47922,342.3,0.52,0.42,2026-09-18,0404,N,nominal,2.0NRT,298.64,9.49,D
-6.97494,138.62515,331.55,0.45,0.47,2026-09-18,0404,N,nominal,2.0NRT,290.34,8.74,D
-6.97554,138.62103,350.57,0.45,0.47,2026-09-18,0404,N,nominal,2.0NRT,292.08,14.44,D
-6.63834,140.85213,346.52,0.49,0.41,2026-09-18,0404,N,low,2.0NRT,298.17,33.65,D
-6.639,140.84767,348.77,0.49,0.41,2026-09-18,0404,N,low,2.0NRT,299.54,33.65,D
-6.71611,140.16658,338.13,0.54,0.42,2026-09-18,0404,N,nominal,2.0NRT,296.59,5.04,D
-6.82959,139.38747,343.32,0.4,0.44,2026-09-18,0404,N,nominal,2.0NRT,294.19,11.78,D
-6.82601,139.38321,367,0.4,0.44,2026-09-18,0404,N,high,2.0NRT,296.73,90.83,D
-5.45274,148.40741,342.61,0.52,0.41,2026-09-18,0404,N,nominal,2.0NRT,303.93,7.75,D
-6.82244,139.37895,367,0.4,0.44,2026-09-18,0404,N,high,2.0NRT,298.6,79.64,D
-6.82297,139.37529,367,0.4,0.44,2026-09-18,0404,N,high,2.0NRT,328.18,87.95,D
-6.81886,139.37471,367,0.4,0.44,2026-09-18,0404,N,high,2.0NRT,290.14,87.95,D
-6.81938,139.37103,332.27,0.4,0.44,2026-09-18,0404,N,nominal,2.0NRT,289.01,87.95,D
-6.59768,140.86902,336.33,0.49,0.4,2026-09-18,0404,N,low,2.0NRT,299.24,11.57,D
-5.16982,150.05275,331.07,0.44,0.46,2026-09-18,0404,N,nominal,2.0NRT,295.31,4.28,D
-6.59394,140.86847,345.18,0.49,0.4,2026-09-18,0404,N,low,2.0NRT,298.42,11.57,D
-6.56329,140.89581,332.67,0.49,0.4,2026-09-18,0404,N,low,2.0NRT,295.3,5.18,D
-5.46691,147.80643,333.54,0.48,0.4,2026-09-18,0404,N,nominal,2.0NRT,297.12,3.91,D
-6.52614,140.85577,334.31,0.49,0.4,2026-09-18,0404,N,low,2.0NRT,292.95,9.05,D
-6.10309,143.64534,339.12,0.39,0.36,2026-09-18,0404,N,nominal,2.0NRT,300.55,4.32,D
-6.72745,139.43605,367,0.4,0.44,2026-09-18,0404,N,high,2.0NRT,295.13,14.96,D
-6.72692,139.43965,341.89,0.4,0.44,2026-09-18,0404,N,nominal,2.0NRT,293.35,6.26,D
-6.72389,139.43184,367,0.4,0.44,2026-09-18,0404,N,high,2.0NRT,296.25,12.75,D
-6.72284,139.43907,350.13,0.4,0.44,2026-09-18,0404,N,nominal,2.0NRT,295.18,9.88,D
-6.72336,139.43546,347.61,0.4,0.44,2026-09-18,0404,N,nominal,2.0NRT,296.05,12.75,D
-6.72442,139.42822,334.98,0.4,0.44,2026-09-18,0404,N,nominal,2.0NRT,292.44,5.25,D
-5.40558,148.04993,334.99,0.5,0.41,2026-09-18,0404,N,nominal,2.0NRT,294.98,5.54,D
-6.71729,139.41983,344.06,0.4,0.44,2026-09-18,0404,N,nominal,2.0NRT,293.89,15.05,D
-6.71782,139.4162,330.29,0.4,0.44,2026-09-18,0404,N,nominal,2.0NRT,291.19,15.05,D
-6.7132,139.41924,354.29,0.4,0.44,2026-09-18,0404,N,nominal,2.0NRT,295.05,15.05,D
-6.71373,139.41562,353.45,0.4,0.44,2026-09-18,0404,N,nominal,2.0NRT,301.72,15.05,D
-6.71425,139.412,334.98,0.4,0.44,2026-09-18,0404,N,nominal,2.0NRT,292.77,10.27,D
-5.0652,150.11363,341.74,0.44,0.46,2026-09-18,0404,N,nominal,2.0NRT,299.57,12.62,D
-6.70911,139.41867,349.35,0.4,0.44,2026-09-18,0404,N,nominal,2.0NRT,295.27,111,D
-5.06093,150.11282,347.22,0.44,0.46,2026-09-18,0404,N,nominal,2.0NRT,298.13,12.62,D
-6.70502,139.41808,331.22,0.4,0.44,2026-09-18,0404,N,nominal,2.0NRT,294.19,111,D
-5.05741,150.1075,367,0.44,0.46,2026-09-18,0404,N,high,2.0NRT,300.13,20.27,D
-5.05668,150.11192,342.06,0.44,0.46,2026-09-18,0404,N,nominal,2.0NRT,299.33,11.22,D
-6.70522,139.35864,367,0.4,0.44,2026-09-18,0404,N,high,2.0NRT,297.02,12.33,D
-6.69112,139.45668,338.33,0.4,0.44,2026-09-18,0404,N,nominal,2.0NRT,290.08,2.65,D
-5.0279,150.15302,330.78,0.45,0.47,2026-09-18,0404,N,nominal,2.0NRT,296.13,2.81,D
-5.04162,150.04352,332.52,0.44,0.46,2026-09-18,0404,N,nominal,2.0NRT,292.21,5.51,D
-6.64732,139.33458,331.04,0.4,0.44,2026-09-18,0404,N,nominal,2.0NRT,297.37,4.34,D
-6.62117,139.42735,332.54,0.4,0.44,2026-09-18,0404,N,nominal,2.0NRT,296.21,4.89,D
-6.6217,139.42375,356.78,0.4,0.44,2026-09-18,0404,N,nominal,2.0NRT,299.06,4.89,D
-6.59772,139.41666,339.91,0.4,0.44,2026-09-18,0404,N,nominal,2.0NRT,295.84,2.54,D
-6.59791,139.35739,341.33,0.4,0.44,2026-09-18,0404,N,nominal,2.0NRT,295.09,6.85,D
-6.59844,139.35378,352.08,0.4,0.44,2026-09-18,0404,N,nominal,2.0NRT,299.37,6.85,D
-5.91493,143.94794,332.82,0.39,0.36,2026-09-18,0404,N,nominal,2.0NRT,298.54,10.44,D
-5.91162,143.94742,334.55,0.39,0.36,2026-09-18,0404,N,nominal,2.0NRT,295.74,10.44,D
-6.58295,139.40341,330.83,0.4,0.44,2026-09-18,0404,N,nominal,2.0NRT,296.74,3.14,D
-6.57523,139.42815,344.48,0.4,0.44,2026-09-18,0404,N,nominal,2.0NRT,295.78,7.01,D
-6.5594,139.45168,339.77,0.4,0.44,2026-09-18,0404,N,nominal,2.0NRT,292.23,5.33,D
-6.56248,139.43001,332.7,0.4,0.44,2026-09-18,0404,N,nominal,2.0NRT,295.59,3.81,D
-6.55789,139.43304,330.29,0.4,0.44,2026-09-18,0404,N,nominal,2.0NRT,295.12,3.48,D
-6.54618,139.48627,344.06,0.39,0.44,2026-09-18,0404,N,nominal,2.0NRT,292.65,4.5,D
-6.56358,139.33392,343.94,0.4,0.44,2026-09-18,0404,N,nominal,2.0NRT,296.15,4.54,D
-6.56103,139.32236,340.63,0.4,0.44,2026-09-18,0404,N,nominal,2.0NRT,294.8,3.32,D
-6.56154,139.31871,332.81,0.4,0.44,2026-09-18,0404,N,nominal,2.0NRT,295.57,3.32,D
-5.29531,147.56851,335.15,0.47,0.4,2026-09-18,0404,N,nominal,2.0NRT,299.12,4.8,D
-5.2956,147.56567,338.06,0.47,0.4,2026-09-18,0404,N,nominal,2.0NRT,298.92,5.44,D
-5.89612,143.67085,340.78,0.39,0.36,2026-09-18,0404,N,nominal,2.0NRT,303.18,34.47,D
-6.51134,139.49619,343.78,0.39,0.44,2026-09-18,0404,N,nominal,2.0NRT,294.59,4.78,D
-6.50781,139.49205,367,0.39,0.44,2026-09-18,0404,N,high,2.0NRT,296.68,8.47,D
-6.51306,139.45627,350.96,0.39,0.44,2026-09-18,0404,N,nominal,2.0NRT,294.7,6.98,D
-6.50323,139.49501,337.62,0.39,0.44,2026-09-18,0404,N,nominal,2.0NRT,296.95,10.34,D
-6.50375,139.49147,336.55,0.39,0.44,2026-09-18,0404,N,nominal,2.0NRT,296.37,8.47,D
-6.5048,139.48434,353.58,0.39,0.44,2026-09-18,0404,N,nominal,2.0NRT,300.2,15.45,D
-6.50532,139.48077,339.21,0.39,0.44,2026-09-18,0404,N,nominal,2.0NRT,295.44,15.45,D
-6.54636,139.20035,340.75,0.41,0.45,2026-09-18,0404,N,nominal,2.0NRT,293.51,4.15,D
-6.50022,139.4873,367,0.39,0.44,2026-09-18,0404,N,high,2.0NRT,298.43,22.89,D
-6.50074,139.48376,367,0.39,0.44,2026-09-18,0404,N,high,2.0NRT,296.77,11.36,D
-6.50126,139.48019,332.85,0.39,0.44,2026-09-18,0404,N,nominal,2.0NRT,293.61,11.36,D
-6.55149,139.13615,333.44,0.41,0.45,2026-09-18,0404,N,nominal,2.0NRT,295.61,9.02,D
-6.50225,139.35907,330.17,0.4,0.44,2026-09-18,0404,N,nominal,2.0NRT,297.09,3.85,D
-6.47129,139.48679,350.69,0.39,0.44,2026-09-18,0404,N,nominal,2.0NRT,293.2,9.97,D
-6.49426,139.29839,330.67,0.4,0.44,2026-09-18,0404,N,nominal,2.0NRT,297.91,3.18,D
-6.49478,139.29477,332.32,0.4,0.44,2026-09-18,0404,N,nominal,2.0NRT,295.85,3.18,D
-5.74538,144.23685,334.31,0.38,0.36,2026-09-18,0404,N,nominal,2.0NRT,293.64,4.05,D
-5.30558,147.03508,343.17,0.44,0.39,2026-09-18,0404,N,nominal,2.0NRT,297.12,7.31,D
-6.47854,139.2021,331.2,0.41,0.45,2026-09-18,0404,N,nominal,2.0NRT,298.83,2.78,D
-6.52702,138.85869,341.62,0.43,0.46,2026-09-18,0404,N,nominal,2.0NRT,296.3,4.58,D
-5.55323,145.39508,332.64,0.39,0.36,2026-09-18,0404,N,nominal,2.0NRT,297.63,4.16,D
-6.42017,139.55539,341.75,0.39,0.44,2026-09-18,0404,N,nominal,2.0NRT,293.46,40.86,D
-5.73575,143.94775,343.46,0.39,0.36,2026-09-18,0404,N,nominal,2.0NRT,302.94,15.4,D
-5.51325,145.37706,338.67,0.39,0.36,2026-09-18,0404,N,nominal,2.0NRT,296.93,3.58,D
-5.73243,143.94724,336.81,0.39,0.36,2026-09-18,0404,N,nominal,2.0NRT,300.29,36.97,D
-5.73296,143.94376,330.96,0.39,0.36,2026-09-18,0404,N,nominal,2.0NRT,296.64,2.75,D
-5.81527,143.40297,343.72,0.39,0.36,2026-09-18,0404,N,nominal,2.0NRT,303.44,19.51,D
-5.79092,143.33798,334.39,0.39,0.36,2026-09-18,0404,N,nominal,2.0NRT,302.23,7.04,D
-5.79144,143.33452,332.65,0.39,0.36,2026-09-18,0404,N,nominal,2.0NRT,300.8,7.04,D
-5.60488,144.24969,331.66,0.38,0.36,2026-09-18,0404,N,nominal,2.0NRT,298.13,3.16,D
-5.73894,143.28293,333.35,0.39,0.36,2026-09-18,0404,N,nominal,2.0NRT,299.53,6.67,D
-5.71298,143.40872,328.93,0.39,0.36,2026-09-18,0404,N,nominal,2.0NRT,297.08,2.12,D
-6.29072,139.56039,350.63,0.39,0.44,2026-09-18,0404,N,nominal,2.0NRT,292.28,15.46,D
-6.29124,139.55688,347.26,0.39,0.44,2026-09-18,0404,N,nominal,2.0NRT,293.28,15.46,D
-6.2867,139.55981,346.64,0.39,0.44,2026-09-18,0404,N,nominal,2.0NRT,291.24,15.46,D
-6.28721,139.5563,354.62,0.39,0.44,2026-09-18,0404,N,nominal,2.0NRT,302.48,15.46,D
-6.43217,138.53943,346.01,0.45,0.47,2026-09-18,0404,N,nominal,2.0NRT,295.13,6.74,D
-6.28019,139.54816,367,0.39,0.44,2026-09-18,0404,N,high,2.0NRT,293.62,30.74,D
-6.27916,139.55516,336.57,0.39,0.44,2026-09-18,0404,N,nominal,2.0NRT,290.08,53.17,D
-6.27967,139.55165,346.49,0.39,0.44,2026-09-18,0404,N,nominal,2.0NRT,291.86,30.74,D
-6.34308,139.09048,367,0.41,0.45,2026-09-18,0404,N,high,2.0NRT,300.87,26.22,D
-6.34363,139.08675,352.01,0.41,0.45,2026-09-18,0404,N,nominal,2.0NRT,297.9,20.28,D
-5.38768,145.4223,333.48,0.39,0.36,2026-09-18,0404,N,nominal,2.0NRT,296.13,2.39,D
-6.33893,139.0899,342.84,0.41,0.45,2026-09-18,0404,N,nominal,2.0NRT,294.95,26.22,D
-6.33947,139.08615,348.54,0.41,0.45,2026-09-18,0404,N,nominal,2.0NRT,295.49,20.28,D
-6.33641,139.07805,342.57,0.41,0.45,2026-09-18,0404,N,nominal,2.0NRT,294.56,6.95,D
-5.32982,145.72919,334.98,0.4,0.37,2026-09-18,0404,N,nominal,2.0NRT,299.21,5.47,D
-6.32719,139.05367,339.94,0.42,0.45,2026-09-18,0404,N,nominal,2.0NRT,292.82,5.57,D
-6.36217,138.7511,340.48,0.44,0.46,2026-09-18,0404,N,nominal,2.0NRT,295.92,5.29,D
-6.31415,139.05565,350.56,0.42,0.45,2026-09-18,0404,N,nominal,2.0NRT,300.74,42.55,D
-6.31469,139.05188,334.67,0.42,0.45,2026-09-18,0404,N,nominal,2.0NRT,294.34,10.4,D
-6.35791,138.7505,353.58,0.44,0.46,2026-09-18,0404,N,nominal,2.0NRT,297.35,12.86,D
-6.30999,139.05504,367,0.42,0.45,2026-09-18,0404,N,high,2.0NRT,295.84,42.55,D
-6.31053,139.05127,341.74,0.42,0.45,2026-09-18,0404,N,nominal,2.0NRT,294.19,10.4,D
-5.5339,144.07202,335.19,0.38,0.36,2026-09-18,0404,N,nominal,2.0NRT,296.42,5.53,D
-6.29206,138.8492,348.27,0.43,0.46,2026-09-18,0404,N,nominal,2.0NRT,296.73,11.86,D
-5.75275,142.54765,329.02,0.41,0.37,2026-09-18,0404,N,low,2.0NRT,302.15,4.29,D
-6.18467,139.63165,341.29,0.57,0.43,2026-09-18,0404,N,nominal,2.0NRT,293.77,8.62,D
-6.29237,138.84846,345.34,0.43,0.46,2026-09-18,0404,N,nominal,2.0NRT,296.83,13.37,D
-6.24014,139.17363,329.74,0.41,0.45,2026-09-18,0404,N,nominal,2.0NRT,293.16,2.53,D
-5.70821,142.68079,343.57,0.41,0.37,2026-09-18,0404,N,nominal,2.0NRT,303.26,8.33,D
-5.22471,145.77484,336.33,0.4,0.37,2026-09-18,0404,N,nominal,2.0NRT,298.28,2.73,D
-5.3054,145.25294,345.79,0.39,0.36,2026-09-18,0404,N,nominal,2.0NRT,297.85,8.33,D
-5.30088,144.97202,333.16,0.39,0.36,2026-09-18,0404,N,nominal,2.0NRT,299.67,8.15,D
-5.5833,143.07436,326.72,0.4,0.37,2026-09-18,0404,N,nominal,2.0NRT,292.86,4.54,D
-6.18305,138.65311,367,0.44,0.46,2026-09-18,0404,N,high,2.0NRT,299.89,25.21,D
-6.18363,138.64911,340.51,0.44,0.46,2026-09-18,0404,N,nominal,2.0NRT,295.86,25.21,D
-5.62022,142.40851,327.4,0.41,0.37,2026-09-18,0404,N,low,2.0NRT,298.01,6.27,D
-5.09076,144.77872,338.11,0.39,0.36,2026-09-18,0404,N,nominal,2.0NRT,297.53,6.23,D
-5.38641,142.45886,333.99,0.41,0.37,2026-09-18,0404,N,nominal,2.0NRT,303.47,9.44,D
-4.85783,145.75888,333.25,0.4,0.37,2026-09-18,0404,N,nominal,2.0NRT,297.23,11.19,D
-5.71625,139.24429,331.34,0.4,0.44,2026-09-18,0404,N,nominal,2.0NRT,293.04,17.37,D
-5.71269,139.2401,336.62,0.4,0.44,2026-09-18,0404,N,nominal,2.0NRT,291.56,17.37,D
-4.79339,144.7562,335.91,0.39,0.36,2026-09-18,0404,N,nominal,2.0NRT,295.64,5.9,D
-4.75624,144.78645,347.4,0.39,0.36,2026-09-18,0404,N,nominal,2.0NRT,298.05,6.23,D
-4.75677,144.78297,332.35,0.39,0.36,2026-09-18,0404,N,nominal,2.0NRT,296.65,3.5,D
-4.75693,144.71526,335.04,0.39,0.36,2026-09-18,0404,N,nominal,2.0NRT,297.89,4.34,D
-3.54218,152.34741,331.17,0.33,0.55,2026-09-18,0404,N,nominal,2.0NRT,290.63,2.08,D
-4.70013,144.88503,337.57,0.39,0.36,2026-09-18,0404,N,nominal,2.0NRT,298.84,9.07,D
-4.69484,144.72003,333.7,0.39,0.36,2026-09-18,0404,N,nominal,2.0NRT,296.79,3.69,D
-4.71787,144.48192,338.71,0.38,0.36,2026-09-18,0404,N,nominal,2.0NRT,299.69,6.56,D
-4.60411,144.77975,345.8,0.39,0.36,2026-09-18,0404,N,nominal,2.0NRT,295.92,7.79,D
-4.59836,144.63994,348.78,0.39,0.36,2026-09-18,0404,N,nominal,2.0NRT,301.14,10.04,D
-4.5961,144.63246,330.76,0.39,0.36,2026-09-18,0404,N,low,2.0NRT,301.92,8.38,D
-4.52012,144.64476,334.62,0.39,0.36,2026-09-18,0404,N,nominal,2.0NRT,297.16,3.32,D
-4.53358,144.31339,336.19,0.38,0.36,2026-09-18,0404,N,nominal,2.0NRT,297.76,2.99,D
-4.63602,143.48547,332.87,0.39,0.36,2026-09-18,0404,N,nominal,2.0NRT,298.61,1.85,D
-4.48328,144.47258,343.09,0.39,0.36,2026-09-18,0404,N,nominal,2.0NRT,298.31,4.94,D
-4.49388,144.40335,332.96,0.38,0.36,2026-09-18,0404,N,nominal,2.0NRT,293.93,1.91,D
-4.63418,143.48566,331.77,0.39,0.36,2026-09-18,0404,N,nominal,2.0NRT,296.78,1.71,D
-4.47355,144.42506,340.01,0.38,0.36,2026-09-18,0404,N,nominal,2.0NRT,299.01,3.48,D
-4.56868,143.55766,334.09,0.39,0.36,2026-09-18,0404,N,nominal,2.0NRT,297.97,5.61,D
-4.47389,144.0677,331.44,0.38,0.36,2026-09-18,0404,N,nominal,2.0NRT,294.81,1.68,D
-4.59159,143.27187,333.24,0.39,0.36,2026-09-18,0404,N,nominal,2.0NRT,298.29,5.91,D
-4.58825,143.27133,333.18,0.39,0.36,2026-09-18,0404,N,nominal,2.0NRT,297.32,5.91,D
-4.5655,143.35393,333.84,0.39,0.36,2026-09-18,0404,N,nominal,2.0NRT,297.07,2.28,D
-4.34288,144.64711,348.51,0.39,0.36,2026-09-18,0404,N,nominal,2.0NRT,298.62,12.83,D
-4.37805,144.35075,334.32,0.38,0.36,2026-09-18,0404,N,nominal,2.0NRT,298.15,3.97,D
-4.37858,144.34727,340.83,0.38,0.36,2026-09-18,0404,N,nominal,2.0NRT,295.93,2.4,D
-4.38196,144.03651,332.5,0.38,0.36,2026-09-18,0404,N,nominal,2.0NRT,295.93,1.87,D
-4.26565,144.72803,339.14,0.39,0.36,2026-09-18,0404,N,nominal,2.0NRT,298.77,6.22,D
-4.36415,144.01967,333.56,0.38,0.36,2026-09-18,0404,N,nominal,2.0NRT,298.38,2.42,D
-4.36083,144.01917,334.47,0.38,0.36,2026-09-18,0404,N,nominal,2.0NRT,299.41,2.42,D
-4.19374,144.84148,332.94,0.39,0.36,2026-09-18,0404,N,nominal,2.0NRT,298.27,3.32,D
-4.29751,144.16426,335,0.38,0.36,2026-09-18,0404,N,nominal,2.0NRT,299.62,2.94,D
-4.30861,144.09169,337.01,0.38,0.36,2026-09-18,0404,N,nominal,2.0NRT,299.32,3.46,D
-4.22388,144.57835,344.43,0.39,0.36,2026-09-18,0404,N,nominal,2.0NRT,297.57,5.97,D
-4.18618,144.77943,332.56,0.39,0.36,2026-09-18,0404,N,nominal,2.0NRT,297.91,3.33,D
-4.18284,144.77892,338.7,0.39,0.36,2026-09-18,0404,N,nominal,2.0NRT,298.57,3.33,D
-4.18072,144.59312,336.94,0.39,0.36,2026-09-18,0404,N,nominal,2.0NRT,302.19,3.38,D
-4.18125,144.58966,334.72,0.39,0.36,2026-09-18,0404,N,nominal,2.0NRT,300.63,3.38,D
-4.3058,143.77652,335.27,0.38,0.36,2026-09-18,0404,N,nominal,2.0NRT,298.91,3.07,D
-4.24568,144.10335,345.47,0.38,0.36,2026-09-18,0404,N,nominal,2.0NRT,298.81,8.81,D
-4.12864,144.84227,342.7,0.39,0.36,2026-09-18,0404,N,nominal,2.0NRT,301.08,9.46,D
-4.28096,143.78337,332.01,0.38,0.36,2026-09-18,0404,N,nominal,2.0NRT,298.08,2.1,D
-4.15974,144.50815,345.51,0.39,0.36,2026-09-18,0404,N,nominal,2.0NRT,298.5,9.07,D
-4.16027,144.50467,335.88,0.39,0.36,2026-09-18,0404,N,nominal,2.0NRT,301.07,7.94,D
-4.15862,144.45775,332.2,0.39,0.36,2026-09-18,0404,N,low,2.0NRT,305.77,3.64,D
-4.15476,144.46071,335.55,0.39,0.36,2026-09-18,0404,N,low,2.0NRT,308.93,4.62,D
-4.1553,144.45724,334.74,0.39,0.36,2026-09-18,0404,N,low,2.0NRT,308.61,4.62,D
-4.2669,143.72757,346.82,0.38,0.36,2026-09-18,0404,N,nominal,2.0NRT,298.09,18.83,D
-4.31407,143.41873,339.05,0.39,0.36,2026-09-18,0404,N,nominal,2.0NRT,297.9,7.28,D
-4.15197,144.45674,335.34,0.39,0.36,2026-09-18,0404,N,low,2.0NRT,308.08,4.62,D
-4.26305,143.73055,353.69,0.38,0.36,2026-09-18,0404,N,nominal,2.0NRT,299.56,15.27,D
-4.14864,144.45624,331.88,0.39,0.36,2026-09-18,0404,N,low,2.0NRT,306.19,8.23,D
-4.25973,143.73004,341.35,0.38,0.36,2026-09-18,0404,N,nominal,2.0NRT,300.24,7.83,D
-4.32871,143.27812,337.55,0.39,0.36,2026-09-18,0404,N,nominal,2.0NRT,297.29,4.69,D
-4.25255,143.7325,343.97,0.38,0.36,2026-09-18,0404,N,nominal,2.0NRT,303.48,10.24,D
-4.24923,143.73199,338.67,0.38,0.36,2026-09-18,0404,N,nominal,2.0NRT,299.13,10.24,D
-4.09425,144.722,334.01,0.39,0.36,2026-09-18,0404,N,nominal,2.0NRT,299.01,4.15,D
-4.21895,143.7522,340.05,0.38,0.36,2026-09-18,0404,N,nominal,2.0NRT,303.72,38.33,D
-4.21563,143.75168,337.4,0.38,0.36,2026-09-18,0404,N,nominal,2.0NRT,297.55,41.72,D
-4.28803,143.186,331.51,0.39,0.36,2026-09-18,0404,N,nominal,2.0NRT,296.33,4.6,D
-4.28469,143.1855,350.5,0.39,0.36,2026-09-18,0404,N,nominal,2.0NRT,298.52,4.6,D
-4.19042,143.78326,334.67,0.38,0.36,2026-09-18,0404,N,nominal,2.0NRT,298.54,17.59,D
-4.16968,143.89685,336.5,0.38,0.36,2026-09-18,0404,N,nominal,2.0NRT,298.79,1.87,D
-4.18657,143.78622,344.42,0.38,0.36,2026-09-18,0404,N,nominal,2.0NRT,300.04,17.59,D
-4.18709,143.78276,335.65,0.38,0.36,2026-09-18,0404,N,nominal,2.0NRT,301.88,17.59,D
-4.20239,143.6824,335.21,0.38,0.36,2026-09-18,0404,N,nominal,2.0NRT,300.35,2.74,D
-4.20292,143.67894,333.62,0.38,0.36,2026-09-18,0404,N,nominal,2.0NRT,299.16,2.74,D
-4.16583,143.89981,337.5,0.38,0.36,2026-09-18,0404,N,nominal,2.0NRT,301.27,6.41,D
-4.0888,144.35843,332.37,0.39,0.36,2026-09-18,0404,N,low,2.0NRT,306.58,7.93,D
-4.26038,143.21054,334.63,0.39,0.36,2026-09-18,0404,N,nominal,2.0NRT,297.61,10.29,D
-4.23519,143.33192,334.03,0.39,0.36,2026-09-18,0404,N,nominal,2.0NRT,297.87,2.64,D
-4.26928,143.06093,353.88,0.39,0.36,2026-09-18,0404,N,nominal,2.0NRT,300.38,8.79,D
-4.26751,143.0603,342.41,0.39,0.36,2026-09-18,0404,N,nominal,2.0NRT,297.92,4.17,D
-4.03443,144.56267,348.8,0.39,0.36,2026-09-18,0404,N,nominal,2.0NRT,304.09,96.63,D
-4.17149,143.66663,330.76,0.38,0.36,2026-09-18,0404,N,nominal,2.0NRT,296.29,1.66,D
-4.1736,143.65277,333.78,0.39,0.36,2026-09-18,0404,N,nominal,2.0NRT,300.22,3.33,D
-4.0311,144.56215,331.82,0.39,0.36,2026-09-18,0404,N,nominal,2.0NRT,296.59,2.97,D
-4.03163,144.55867,333.7,0.39,0.36,2026-09-18,0404,N,nominal,2.0NRT,297.07,2.97,D
-4.17081,143.64879,338.41,0.39,0.36,2026-09-18,0404,N,nominal,2.0NRT,299.39,6.44,D
-4.19199,143.51013,333.95,0.39,0.36,2026-09-18,0404,N,nominal,2.0NRT,299.69,1.88,D
-4.10513,144.05618,335.92,0.38,0.36,2026-09-18,0404,N,nominal,2.0NRT,300.7,3.07,D
-4.17435,143.60329,340.27,0.39,0.36,2026-09-18,0404,N,nominal,2.0NRT,299.98,9.94,D
-4.17488,143.59982,332.14,0.39,0.36,2026-09-18,0404,N,nominal,2.0NRT,301.34,16.43,D
-4.09389,144.1075,347.61,0.38,0.36,2026-09-18,0404,N,nominal,2.0NRT,296.19,6.34,D
-4.10974,144.00389,337.22,0.38,0.36,2026-09-18,0404,N,nominal,2.0NRT,302.54,3.27,D
-4.17103,143.60278,334.13,0.39,0.36,2026-09-18,0404,N,nominal,2.0NRT,298.4,18.31,D
-4.17156,143.59932,336.59,0.39,0.36,2026-09-18,0404,N,nominal,2.0NRT,301.14,27.25,D
-4.10589,144.00684,333.21,0.38,0.36,2026-09-18,0404,N,nominal,2.0NRT,302.84,3.27,D
-4.10642,144.00337,343.66,0.38,0.36,2026-09-18,0404,N,nominal,2.0NRT,302.77,3.27,D
-4.20866,143.26678,340.67,0.39,0.36,2026-09-18,0404,N,nominal,2.0NRT,305.38,6.43,D
-4.11765,143.79652,331.95,0.38,0.36,2026-09-18,0404,N,nominal,2.0NRT,304.54,2.87,D
-4.1316,143.66058,341.67,0.38,0.36,2026-09-18,0404,N,nominal,2.0NRT,300.54,7.98,D
-4.12827,143.66008,333.71,0.38,0.36,2026-09-18,0404,N,nominal,2.0NRT,299.11,3.52,D
-4.0322,144.22191,336.01,0.38,0.36,2026-09-18,0404,N,nominal,2.0NRT,299.05,4.41,D
-4.11798,143.61606,347.95,0.39,0.36,2026-09-18,0404,N,nominal,2.0NRT,299.02,8.92,D
-4.16298,143.25275,331.22,0.39,0.36,2026-09-18,0404,N,nominal,2.0NRT,296.47,2.75,D
-4.16351,143.24924,336.54,0.39,0.36,2026-09-18,0404,N,nominal,2.0NRT,298.67,4.39,D
-4.0597,143.88675,339.86,0.38,0.36,2026-09-18,0404,N,nominal,2.0NRT,301.75,6.79,D
-4.14307,143.33904,339.4,0.39,0.36,2026-09-18,0404,N,nominal,2.0NRT,298.52,13.85,D
-4.13974,143.33853,350.87,0.39,0.36,2026-09-18,0404,N,nominal,2.0NRT,298.08,13.85,D
-4.1537,143.20125,340.79,0.39,0.36,2026-09-18,0404,N,nominal,2.0NRT,300.03,5.51,D
-4.17264,143.05324,333.58,0.39,0.36,2026-09-18,0404,N,nominal,2.0NRT,298.37,4.93,D
-4.18685,142.93623,331.14,0.39,0.36,2026-09-18,0404,N,nominal,2.0NRT,297.81,2.45,D
-4.12837,143.21767,345.42,0.39,0.36,2026-09-18,0404,N,nominal,2.0NRT,299.11,13.48,D
-4.11447,143.21915,333.12,0.39,0.36,2026-09-18,0404,N,nominal,2.0NRT,298.84,3.21,D
-4.05592,143.58058,334.62,0.39,0.36,2026-09-18,0404,N,nominal,2.0NRT,301.4,3.44,D
-4.0269,143.54781,332.12,0.39,0.36,2026-09-18,0404,N,low,2.0NRT,307.06,4.95,D
-4.07402,143.23811,333.14,0.39,0.36,2026-09-18,0404,N,nominal,2.0NRT,296.15,2.76,D
-4.07068,143.23761,330.91,0.39,0.36,2026-09-18,0404,N,nominal,2.0NRT,296.58,3.55,D
-4.08967,143.08995,338.41,0.39,0.36,2026-09-18,0404,N,nominal,2.0NRT,303.33,12.67,D
-4.0902,143.08643,331.56,0.39,0.36,2026-09-18,0404,N,low,2.0NRT,302.17,6.16,D
-3.83154,144.51266,336.45,0.39,0.36,2026-09-18,0404,N,nominal,2.0NRT,297.87,5.45,D
-4.03954,143.02115,336.1,0.39,0.36,2026-09-18,0404,N,nominal,2.0NRT,300.03,4.53,D
-3.99343,143.21155,337.02,0.39,0.36,2026-09-18,0404,N,nominal,2.0NRT,304.03,24.08,D
-3.9606,143.35995,341.83,0.39,0.36,2026-09-18,0404,N,nominal,2.0NRT,299.6,9.16,D
-3.99455,143.04677,337.74,0.39,0.36,2026-09-18,0404,N,nominal,2.0NRT,298.11,5.85,D
-3.8378,143.43248,338.46,0.39,0.36,2026-09-18,0404,N,nominal,2.0NRT,303.73,19.64,D
-3.85686,143.30734,340.94,0.39,0.36,2026-09-18,0404,N,nominal,2.0NRT,300.77,3.72,D
-4.05641,141.99077,328.33,0.42,0.37,2026-09-18,0404,N,nominal,2.0NRT,295.28,2.79,D
-3.81947,143.35155,334.92,0.39,0.36,2026-09-18,0404,N,nominal,2.0NRT,303.65,3.14,D
-3.82923,143.17473,334.77,0.39,0.36,2026-09-18,0404,N,nominal,2.0NRT,302.37,3.44,D
-3.84231,143.06569,335.98,0.39,0.36,2026-09-18,0404,N,nominal,2.0NRT,302.14,3.28,D
-3.84284,143.06218,330.66,0.39,0.36,2026-09-18,0404,N,nominal,2.0NRT,300.42,2.1,D
-3.89691,142.65762,334.05,0.4,0.37,2026-09-18,0404,N,nominal,2.0NRT,296.56,3.05,D
-3.72685,143.62764,333.15,0.38,0.36,2026-09-18,0404,N,nominal,2.0NRT,298.55,21.34,D
-3.81808,143.00757,341.83,0.39,0.36,2026-09-18,0404,N,nominal,2.0NRT,300.35,6.73,D
-2.60234,150.81192,351.54,0.54,0.51,2026-09-18,0404,N,nominal,2.0NRT,296.33,10.65,D
-2.59843,150.80632,342.23,0.54,0.51,2026-09-18,0404,N,nominal,2.0NRT,296.63,10.65,D
-3.69847,143.67996,332.09,0.38,0.36,2026-09-18,0404,N,nominal,2.0NRT,297.29,3.56,D
-3.70313,143.56036,346.65,0.38,0.36,2026-09-18,0404,N,nominal,2.0NRT,297.92,8.06,D
-3.76824,143.13277,338.67,0.39,0.36,2026-09-18,0404,N,nominal,2.0NRT,304.72,8.78,D
-3.76877,143.12926,341.77,0.39,0.36,2026-09-18,0404,N,nominal,2.0NRT,302.39,5.98,D
-3.66326,143.77701,332.47,0.38,0.36,2026-09-18,0404,N,nominal,2.0NRT,297.88,4.77,D
-3.88835,142.29413,340.95,0.41,0.37,2026-09-18,0404,N,nominal,2.0NRT,298.08,6.5,D
-3.90891,142.04106,336.31,0.41,0.37,2026-09-18,0404,N,nominal,2.0NRT,299.14,3.42,D
-3.88918,141.9848,345.96,0.41,0.37,2026-09-18,0404,N,low,2.0NRT,300.56,13.7,D
-3.88974,141.98106,330.43,0.41,0.37,2026-09-18,0404,N,low,2.0NRT,297.3,13.7,D
-3.74922,142.65996,331.94,0.4,0.37,2026-09-18,0404,N,nominal,2.0NRT,298.1,1.9,D
-3.81253,142.17372,336.76,0.41,0.37,2026-09-18,0404,N,nominal,2.0NRT,297.85,3.85,D
-4.27915,139.0564,349.73,0.39,0.44,2026-09-18,0404,N,nominal,2.0NRT,294.56,15.4,D
-3.808,142.18059,328.79,0.41,0.37,2026-09-18,0404,N,nominal,2.0NRT,300.06,3.91,D
-2.47924,150.43806,337.96,0.51,0.49,2026-09-18,0404,N,nominal,2.0NRT,293.97,3.73,D
-4.28539,138.72972,334.19,0.41,0.45,2026-09-18,0404,N,nominal,2.0NRT,290.39,5.64,D
-3.66401,142.59564,335.42,0.4,0.37,2026-09-18,0404,N,nominal,2.0NRT,297.8,5.01,D
-3.58378,142.94237,331.85,0.39,0.36,2026-09-18,0404,N,nominal,2.0NRT,295.19,2.12,D
-4.17302,138.98546,337.58,0.39,0.44,2026-09-18,0404,N,nominal,2.0NRT,297.54,14.31,D
-4.17349,138.9823,353.8,0.39,0.44,2026-09-18,0404,N,nominal,2.0NRT,307.11,14.31,D
-4.16902,138.98459,342.52,0.39,0.44,2026-09-18,0404,N,nominal,2.0NRT,297.72,14.31,D
-4.1695,138.98131,342.55,0.39,0.44,2026-09-18,0404,N,nominal,2.0NRT,297.53,14.31,D
-4.16997,138.9781,350.17,0.39,0.44,2026-09-18,0404,N,nominal,2.0NRT,302.6,157.48,D
-4.17087,138.97202,326.97,0.39,0.44,2026-09-18,0404,N,nominal,2.0NRT,296.14,12.49,D
-4.17042,138.97504,367,0.39,0.44,2026-09-18,0404,N,low,2.0NRT,334.33,157.48,D
-3.57397,142.89418,339.51,0.39,0.36,2026-09-18,0404,N,nominal,2.0NRT,295.92,4.41,D
-4.13265,138.92151,334.64,0.4,0.44,2026-09-18,0404,N,nominal,2.0NRT,300.85,4.17,D
-4.13307,138.9207,325.42,0.4,0.44,2026-09-18,0404,N,low,2.0NRT,300.01,2.8,D
-4.12023,138.95071,334.85,0.39,0.44,2026-09-18,0404,N,nominal,2.0NRT,299.84,4.89,D
-4.07891,138.75221,340.87,0.41,0.45,2026-09-18,0404,N,nominal,2.0NRT,293.66,5.57,D
-4.06123,138.84454,330.32,0.4,0.44,2026-09-18,0404,N,nominal,2.0NRT,291.96,7.26,D
-4.06172,138.84116,341.27,0.4,0.44,2026-09-18,0404,N,nominal,2.0NRT,293.53,7.26,D
-3.39098,143.12288,334.88,0.39,0.36,2026-09-18,0404,N,nominal,2.0NRT,300.02,3.55,D
-3.98779,138.49208,325.3,0.42,0.45,2026-09-18,0404,N,nominal,2.0NRT,294.39,4.13,D
-4.07871,137.76775,333.47,0.47,0.48,2026-09-18,0404,N,nominal,2.0NRT,273.33,5.57,D
-4.07757,137.71774,345.27,0.47,0.48,2026-09-18,0404,N,nominal,2.0NRT,283.59,21.04,D
-4.07814,137.71396,340.37,0.47,0.48,2026-09-18,0404,N,nominal,2.0NRT,291.87,21.04,D
-4.07701,137.7215,357.78,0.47,0.48,2026-09-18,0404,N,low,2.0NRT,283.32,16.95,D
-4.07194,137.7254,347.75,0.47,0.48,2026-09-18,0404,N,nominal,2.0NRT,278.47,11.08,D
-4.07249,137.72168,351.97,0.47,0.48,2026-09-18,0404,N,nominal,2.0NRT,277.81,11.08,D
-4.07372,137.71341,343.11,0.47,0.48,2026-09-18,0404,N,nominal,2.0NRT,286.67,30.18,D
-3.93031,138.50093,340.07,0.42,0.45,2026-09-18,0404,N,nominal,2.0NRT,294.72,14.09,D
-4.02975,137.79849,356.63,0.47,0.48,2026-09-18,0404,N,low,2.0NRT,289.47,68.9,D
-4.026,137.79364,350.89,0.47,0.48,2026-09-18,0404,N,nominal,2.0NRT,279.29,15.82,D
-3.51294,141.19508,331.22,0.44,0.38,2026-09-18,0404,N,low,2.0NRT,294.36,4.5,D
-3.23898,142.52206,356.49,0.4,0.37,2026-09-18,0404,N,nominal,2.0NRT,303.9,12.58,D
-3.37115,141.41809,331.57,0.43,0.38,2026-09-18,0404,N,nominal,2.0NRT,294.82,4.4,D
-3.46983,140.68604,341.67,0.46,0.39,2026-09-18,0404,N,low,2.0NRT,297.12,10.88,D
-3.46557,140.68967,329.82,0.46,0.39,2026-09-18,0404,N,low,2.0NRT,296.99,6.38,D
-3.99048,136.11681,340.89,0.61,0.53,2026-09-18,0404,N,nominal,2.0NRT,294.19,5.87,D
-3.98893,136.11488,345.19,0.61,0.53,2026-09-18,0404,N,nominal,2.0NRT,295.45,9.57,D
-3.69667,137.8631,325.54,0.46,0.47,2026-09-18,0404,N,nominal,2.0NRT,289.62,2.68,D
-3.67468,137.25764,327.17,0.5,0.49,2026-09-18,0404,N,nominal,2.0NRT,285.55,4.28,D
-3.70451,136.69518,334.95,0.55,0.51,2026-09-18,0404,N,nominal,2.0NRT,276.54,5.17,D
-2.16049,146.65825,334.66,0.46,0.39,2026-09-18,0404,N,nominal,2.0NRT,298.2,4.23,D
-2.11857,146.737,333.61,0.46,0.39,2026-09-18,0404,N,nominal,2.0NRT,297.58,2.72,D
-2.12249,146.71193,335.79,0.46,0.39,2026-09-18,0404,N,nominal,2.0NRT,299.44,4.22,D
-2.12433,146.65288,330.14,0.46,0.39,2026-09-18,0404,N,nominal,2.0NRT,295.08,3.01,D
-2.11248,146.63414,334.81,0.46,0.39,2026-09-18,0404,N,nominal,2.0NRT,300.14,22.8,D
-2.11313,146.62999,355.25,0.46,0.39,2026-09-18,0404,N,nominal,2.0NRT,306.5,32.71,D
-2.10953,146.62943,348.87,0.46,0.39,2026-09-18,0404,N,nominal,2.0NRT,304.87,69.02,D
-2.07867,146.6089,331.97,0.46,0.39,2026-09-18,0404,N,nominal,2.0NRT,298.3,2.29,D
-2.06489,146.60245,331.82,0.46,0.39,2026-09-18,0404,N,nominal,2.0NRT,298.89,4.94,D
-2.06129,146.60188,332.24,0.46,0.39,2026-09-18,0404,N,nominal,2.0NRT,299.28,4.94,D
-2.05237,146.58794,333.87,0.46,0.39,2026-09-18,0404,N,nominal,2.0NRT,297.83,3.32,D
-3.74036,135.01192,328.17,0.36,0.57,2026-09-18,0404,N,nominal,2.0NRT,291.9,2.62,D
-2.86586,140.13567,344.45,0.49,0.4,2026-09-18,0404,N,nominal,2.0NRT,295.36,17.72,D
-2.86434,140.13644,343.41,0.49,0.4,2026-09-18,0404,N,nominal,2.0NRT,293.23,18.59,D
-3.47768,135.43106,347.14,0.33,0.55,2026-09-18,0404,N,nominal,2.0NRT,291.53,4.26,D
-3.39615,135.36195,330.69,0.33,0.56,2026-09-18,0404,N,nominal,2.0NRT,291.26,1.23,D
-3.36175,134.82785,325.97,0.36,0.58,2026-09-18,0404,N,nominal,2.0NRT,283.37,2.61,D
-3.36217,134.82492,327.67,0.36,0.58,2026-09-18,0404,N,nominal,2.0NRT,283.78,2.61,D
-3.38518,134.08205,327.81,0.41,0.6,2026-09-18,0404,N,nominal,2.0NRT,289.13,4.72,D
-3.3856,134.07919,328.34,0.41,0.61,2026-09-18,0404,N,nominal,2.0NRT,288.93,3.7,D
-3.37982,134.07961,367,0.41,0.61,2026-09-18,0404,N,high,2.0NRT,291.09,13.5,D
-3.37454,134.07658,352.72,0.41,0.61,2026-09-18,0404,N,nominal,2.0NRT,288.4,13.5,D
-3.37503,134.07321,357.22,0.41,0.61,2026-09-18,0404,N,low,2.0NRT,289.7,13.59,D
-3.36884,134.07646,356.73,0.41,0.61,2026-09-18,0404,N,nominal,2.0NRT,290.03,12.55,D
-3.30676,134.38945,335.88,0.39,0.59,2026-09-18,0404,N,nominal,2.0NRT,292.71,4.37,D
-3.30678,134.38731,331.62,0.39,0.59,2026-09-18,0404,N,nominal,2.0NRT,292.47,6.42,D
-3.20052,130.54269,330.26,0.7,0.75,2026-09-18,0404,N,nominal,2.0NRT,288.46,4.27,D
-3.05081,130.37505,331.82,0.72,0.75,2026-09-18,0404,N,nominal,2.0NRT,290.4,4.27,D
-1.81764,136.74977,329.19,0.51,0.49,2026-09-18,0404,N,nominal,2.0NRT,283.19,3.77,D
-1.88294,132.36263,335.73,0.51,0.66,2026-09-18,0404,N,nominal,2.0NRT,288.9,2.77,D
-1.51077,132.22118,332.43,0.51,0.66,2026-09-18,0404,N,nominal,2.0NRT,292.4,6.37,D
-0.59335,133.14909,333.97,0.43,0.62,2026-09-18,0404,N,nominal,2.0NRT,294.1,3.67,D
-4.29523,122.65688,337.53,0.51,0.41,2026-09-18,0544,N,nominal,2.0NRT,304.68,6.72,D
-3.13235,112.33459,341.66,0.46,0.47,2026-09-18,0546,N,nominal,2.0NRT,275.89,6.65,D
-1.78292,110.20172,331.02,0.61,0.53,2026-09-18,0546,N,nominal,2.0NRT,298.78,9.1,D
-1.60812,110.44933,332.14,0.58,0.52,2026-09-18,0546,N,nominal,2.0NRT,288.18,6.04,D
0.58494,121.61684,344.04,0.52,0.41,2026-09-18,0546,N,nominal,2.0NRT,295.03,16.73,D
-11.81324,130.46375,332.19,0.41,0.61,2026-09-18,0542,N,nominal,2.0NRT,291.33,4.78,D
-11.80698,130.46608,331.02,0.41,0.61,2026-09-18,0542,N,nominal,2.0NRT,292.09,6.96,D
-11.80769,130.46249,341.39,0.41,0.61,2026-09-18,0542,N,nominal,2.0NRT,292.09,5.41,D
-11.80841,130.45885,331.98,0.41,0.61,2026-09-18,0542,N,nominal,2.0NRT,290.25,5.41,D
-11.81143,130.4612,330.47,0.41,0.61,2026-09-18,0542,N,nominal,2.0NRT,290.91,4.73,D
-11.80518,130.46356,338.49,0.41,0.61,2026-09-18,0542,N,nominal,2.0NRT,291.78,5.17,D
-11.80587,130.45992,352.42,0.41,0.61,2026-09-18,0542,N,nominal,2.0NRT,291.94,5.17,D
-11.31689,132.46556,340.69,0.56,0.69,2026-09-18,0542,N,nominal,2.0NRT,296.61,7.47,D
-11.30941,132.4697,348.65,0.56,0.69,2026-09-18,0542,N,nominal,2.0NRT,297.16,8.25,D
-11.31051,132.46429,338.08,0.56,0.69,2026-09-18,0542,N,nominal,2.0NRT,296.76,8.25,D
-11.2934,132.48296,334.06,0.57,0.69,2026-09-18,0542,N,nominal,2.0NRT,295.98,12.75,D
-11.2945,132.47765,339.37,0.56,0.69,2026-09-18,0542,N,nominal,2.0NRT,296.37,7.95,D
-11.31479,132.4668,344.26,0.56,0.69,2026-09-18,0542,N,nominal,2.0NRT,296.75,9.6,D
-11.31587,132.46133,348.33,0.56,0.69,2026-09-18,0542,N,nominal,2.0NRT,297.16,9.72,D
-11.30736,132.47087,334.84,0.56,0.69,2026-09-18,0542,N,nominal,2.0NRT,296.25,6.64,D
-11.30843,132.46545,337.3,0.56,0.69,2026-09-18,0542,N,nominal,2.0NRT,297.14,6.64,D
-11.29994,132.47485,338.49,0.57,0.69,2026-09-18,0542,N,nominal,2.0NRT,296.6,6.65,D
-11.29253,132.47876,338.96,0.57,0.69,2026-09-18,0542,N,nominal,2.0NRT,296.16,9.72,D
-11.28512,132.48264,333.54,0.57,0.69,2026-09-18,0542,N,nominal,2.0NRT,295.31,9.68,D
-11.59136,130.64632,334.18,0.42,0.61,2026-09-18,0542,N,nominal,2.0NRT,293.72,7.36,D
-11.58488,130.64932,330.11,0.42,0.61,2026-09-18,0542,N,nominal,2.0NRT,293.03,5.73,D
-11.22018,132.44255,333.13,0.56,0.69,2026-09-18,0542,N,nominal,2.0NRT,296.6,3.36,D
-11.21929,132.44244,332.57,0.56,0.69,2026-09-18,0542,N,nominal,2.0NRT,295.75,3.93,D
-11.54591,130.53842,350.57,0.42,0.61,2026-09-18,0542,N,nominal,2.0NRT,294.34,4.63,D
-11.54666,130.53456,336.33,0.42,0.61,2026-09-18,0542,N,nominal,2.0NRT,293.76,4.63,D
-11.5474,130.5307,337.27,0.42,0.61,2026-09-18,0542,N,nominal,2.0NRT,293.27,5.63,D
-11.54176,130.5296,367,0.42,0.61,2026-09-18,0542,N,high,2.0NRT,298.16,26.21,D
-11.54027,130.53734,349.73,0.42,0.61,2026-09-18,0542,N,nominal,2.0NRT,293.31,23,D
-11.54101,130.53346,355.19,0.42,0.61,2026-09-18,0542,N,nominal,2.0NRT,295.03,23,D
-11.5425,130.52576,354.82,0.42,0.61,2026-09-18,0542,N,nominal,2.0NRT,294.46,26.21,D
-11.4471,130.98738,340.98,0.45,0.63,2026-09-18,0542,N,nominal,2.0NRT,288.9,6.6,D
-11.47904,130.52086,352.86,0.42,0.61,2026-09-18,0542,N,nominal,2.0NRT,295.14,7.37,D
-11.47669,130.52036,352.16,0.42,0.61,2026-09-18,0542,N,nominal,2.0NRT,295.59,8.16,D
-11.36867,130.92952,335.07,0.45,0.63,2026-09-18,0542,N,nominal,2.0NRT,286.76,6.14,D
-9.81848,130.26802,347.26,0.43,0.62,2026-09-18,0544,N,nominal,2.0NRT,287.36,5.1,D
-9.82331,130.27028,339.63,0.43,0.62,2026-09-18,0544,N,nominal,2.0NRT,287.81,4.7,D
-10.86545,122.83132,330.51,0.44,0.38,2026-09-18,0544,N,low,2.0NRT,301.77,3.06,D
-10.78488,122.87972,337.15,0.44,0.38,2026-09-18,0544,N,low,2.0NRT,308.33,4.82,D
-10.78589,122.88074,339.71,0.44,0.38,2026-09-18,0544,N,nominal,2.0NRT,309.47,5.78,D
-10.61802,123.32389,334.61,0.46,0.39,2026-09-18,0544,N,low,2.0NRT,305.28,14.04,D
-10.61872,123.31966,346.38,0.46,0.39,2026-09-18,0544,N,nominal,2.0NRT,307.53,14.04,D
-10.32197,123.5814,336.5,0.48,0.4,2026-09-18,0544,N,nominal,2.0NRT,302.32,4.04,D
-10.15444,124.35944,338.37,0.53,0.42,2026-09-18,0544,N,low,2.0NRT,308.61,12.11,D
-10.14717,124.30845,340.81,0.53,0.42,2026-09-18,0544,N,nominal,2.0NRT,309.3,12.88,D
-10.13432,124.36098,339.02,0.53,0.42,2026-09-18,0544,N,nominal,2.0NRT,306.04,6.67,D
-10.53782,121.82127,349.79,0.41,0.37,2026-09-18,0544,N,nominal,2.0NRT,309.72,4.64,D
-10.23073,123.38517,335.68,0.47,0.4,2026-09-18,0544,N,nominal,2.0NRT,302.95,4.06,D
-10.17975,123.65007,331.2,0.49,0.4,2026-09-18,0544,N,low,2.0NRT,301.35,4.38,D
-10.08378,124.13557,333.48,0.52,0.41,2026-09-18,0544,N,nominal,2.0NRT,301.84,4.73,D
-10.06783,124.1138,337.49,0.52,0.41,2026-09-18,0544,N,nominal,2.0NRT,306.73,5.24,D
-10.0646,124.04027,340.26,0.51,0.41,2026-09-18,0544,N,nominal,2.0NRT,304.73,5.79,D
-10.07772,123.93942,336.32,0.5,0.41,2026-09-18,0544,N,nominal,2.0NRT,305.17,15.94,D
-10.06407,123.97427,335.55,0.51,0.41,2026-09-18,0544,N,nominal,2.0NRT,303.54,4.29,D
-10.06409,123.97545,335.71,0.51,0.41,2026-09-18,0544,N,nominal,2.0NRT,303.44,3.66,D
-9.99639,124.22117,340.63,0.52,0.42,2026-09-18,0544,N,nominal,2.0NRT,306.65,13.76,D
-9.99253,124.22063,340.75,0.52,0.42,2026-09-18,0544,N,nominal,2.0NRT,302.71,13.76,D
-10.03298,123.88161,338.44,0.5,0.41,2026-09-18,0544,N,low,2.0NRT,309.44,5.82,D
-9.93521,124.03281,340.71,0.51,0.41,2026-09-18,0544,N,nominal,2.0NRT,303.58,3.71,D
-9.98533,123.70207,331,0.49,0.4,2026-09-18,0544,N,nominal,2.0NRT,300.03,1.75,D
-9.96381,123.66989,330.94,0.49,0.4,2026-09-18,0544,N,nominal,2.0NRT,300.65,4.12,D
-9.9553,123.6057,332.78,0.49,0.4,2026-09-18,0544,N,nominal,2.0NRT,301.83,2.06,D
-9.82782,124.06666,335.71,0.52,0.41,2026-09-18,0544,N,nominal,2.0NRT,304.47,2.12,D
-9.82992,124.06438,334.38,0.52,0.41,2026-09-18,0544,N,nominal,2.0NRT,303.98,3.5,D
-9.81915,124.0823,330.24,0.52,0.41,2026-09-18,0544,N,low,2.0NRT,303.44,3.4,D
-9.86385,123.78491,343.93,0.5,0.41,2026-09-18,0544,N,nominal,2.0NRT,301.1,5.35,D
-9.82402,123.79272,337.73,0.5,0.41,2026-09-18,0544,N,nominal,2.0NRT,305.68,22.91,D
-9.77182,124.08376,342.12,0.52,0.41,2026-09-18,0544,N,nominal,2.0NRT,303.39,6.06,D
-9.82025,123.79217,330.54,0.5,0.41,2026-09-18,0544,N,low,2.0NRT,302,4.84,D
-9.71334,124.1507,349.64,0.52,0.42,2026-09-18,0544,N,nominal,2.0NRT,309.11,31.85,D
-9.71538,124.15324,335,0.52,0.42,2026-09-18,0544,N,low,2.0NRT,305.39,15.59,D
-9.71224,124.14838,335.32,0.52,0.42,2026-09-18,0544,N,nominal,2.0NRT,304.12,13.66,D
-9.65566,124.22787,335.01,0.53,0.42,2026-09-18,0544,N,nominal,2.0NRT,298.42,5.76,D
-10.23767,120.57504,334.1,0.39,0.36,2026-09-18,0544,N,low,2.0NRT,308.59,1.83,D
-10.20999,120.59947,334.32,0.39,0.36,2026-09-18,0544,N,low,2.0NRT,306.34,3.65,D
-9.66989,123.76827,336.2,0.5,0.41,2026-09-18,0544,N,nominal,2.0NRT,303.9,8.87,D
-9.67065,123.76378,352.84,0.5,0.41,2026-09-18,0544,N,nominal,2.0NRT,302.85,8.87,D
-9.65683,123.82283,331.85,0.5,0.41,2026-09-18,0544,N,nominal,2.0NRT,299.59,3.25,D
-9.66689,123.76316,336.11,0.5,0.41,2026-09-18,0544,N,nominal,2.0NRT,297.69,8.87,D
-9.65776,123.79443,338.31,0.5,0.41,2026-09-18,0544,N,nominal,2.0NRT,299.46,6.17,D
-9.65698,123.77607,342.89,0.5,0.41,2026-09-18,0544,N,nominal,2.0NRT,302.17,8.78,D
-9.66989,123.76464,353.52,0.5,0.41,2026-09-18,0544,N,nominal,2.0NRT,304.73,23.04,D
-9.65643,123.82391,331.21,0.5,0.41,2026-09-18,0544,N,nominal,2.0NRT,298.96,3.31,D
-9.65718,123.79543,333.43,0.5,0.41,2026-09-18,0544,N,nominal,2.0NRT,299.09,5.61,D
-9.65707,123.77237,336.4,0.5,0.41,2026-09-18,0544,N,nominal,2.0NRT,300.04,8.11,D
-9.6533,123.7718,343.12,0.5,0.41,2026-09-18,0544,N,nominal,2.0NRT,303.62,10.02,D
-9.6541,123.76688,341.62,0.5,0.41,2026-09-18,0544,N,nominal,2.0NRT,304.25,12.66,D
-9.64219,123.81624,332.13,0.5,0.41,2026-09-18,0544,N,nominal,2.0NRT,298.12,5.54,D
-9.64954,123.77121,337.85,0.5,0.41,2026-09-18,0544,N,nominal,2.0NRT,301.73,10.02,D
-10.20499,120.25922,332.89,0.38,0.36,2026-09-18,0544,N,low,2.0NRT,307.68,1.81,D
-9.63766,123.82027,332.45,0.5,0.41,2026-09-18,0544,N,nominal,2.0NRT,298.61,3.95,D
-9.63841,123.81566,336.1,0.5,0.41,2026-09-18,0544,N,nominal,2.0NRT,297.25,3.95,D
-9.5013,124.62467,339.61,0.56,0.43,2026-09-18,0544,N,nominal,2.0NRT,305,8.51,D
-9.44314,124.82558,335.66,0.39,0.44,2026-09-18,0544,N,nominal,2.0NRT,302.66,3.45,D
-10.18799,120.17036,335.86,0.38,0.36,2026-09-18,0544,N,nominal,2.0NRT,305.44,3.23,D
-10.09112,120.77558,341.25,0.39,0.36,2026-09-18,0544,N,nominal,2.0NRT,309.47,1.86,D
-10.10708,120.67281,339.52,0.39,0.36,2026-09-18,0544,N,nominal,2.0NRT,305.96,6.18,D
-10.15933,120.33463,344.82,0.38,0.36,2026-09-18,0544,N,nominal,2.0NRT,310.03,5.38,D
-9.42452,124.86241,332.28,0.39,0.44,2026-09-18,0544,N,nominal,2.0NRT,300.43,1.88,D
-9.42934,124.83395,338.39,0.39,0.44,2026-09-18,0544,N,nominal,2.0NRT,302.49,4.94,D
-9.42532,124.83322,341.4,0.39,0.44,2026-09-18,0544,N,nominal,2.0NRT,303.39,4.94,D
-9.51898,124.27692,330.02,0.54,0.42,2026-09-18,0544,N,nominal,2.0NRT,299.27,5.27,D
-10.16832,120.2319,335.58,0.38,0.36,2026-09-18,0544,N,low,2.0NRT,307.89,2.5,D
-10.17317,120.20033,335.26,0.38,0.36,2026-09-18,0544,N,nominal,2.0NRT,304.78,3.05,D
-10.13944,120.35313,335.17,0.38,0.36,2026-09-18,0544,N,nominal,2.0NRT,308.05,3.81,D
-10.13999,120.34962,335.05,0.38,0.36,2026-09-18,0544,N,nominal,2.0NRT,305.83,2.13,D
-10.14649,120.30744,338.37,0.38,0.36,2026-09-18,0544,N,nominal,2.0NRT,304.71,3.15,D
-10.11549,120.48621,333.46,0.39,0.36,2026-09-18,0544,N,nominal,2.0NRT,302.53,2.06,D
-10.12382,120.32188,332.38,0.38,0.36,2026-09-18,0544,N,low,2.0NRT,306.96,5,D
-10.12437,120.31836,334.57,0.38,0.36,2026-09-18,0544,N,low,2.0NRT,305.83,3.38,D
-10.12105,120.31783,347.11,0.38,0.36,2026-09-18,0544,N,nominal,2.0NRT,308.48,3.38,D
-9.43946,124.5145,330.79,0.56,0.43,2026-09-18,0544,N,nominal,2.0NRT,299.8,4.31,D
-10.0907,120.29714,338.29,0.38,0.36,2026-09-18,0544,N,nominal,2.0NRT,302.16,6.36,D
-10.04067,120.57771,339.61,0.39,0.36,2026-09-18,0544,N,nominal,2.0NRT,305.18,3.93,D
-9.4021,124.47129,333.28,0.55,0.43,2026-09-18,0544,N,nominal,2.0NRT,301.63,4.48,D
-9.44901,124.11702,335.13,0.53,0.42,2026-09-18,0544,N,nominal,2.0NRT,302.97,6.74,D
-9.38463,124.47913,336.25,0.55,0.43,2026-09-18,0544,N,nominal,2.0NRT,301.29,10.52,D
-10.01729,120.55231,334,0.39,0.36,2026-09-18,0544,N,nominal,2.0NRT,307.16,2.68,D
-9.41767,124.04492,339.81,0.52,0.42,2026-09-18,0544,N,nominal,2.0NRT,303.7,5.54,D
-9.99962,120.38002,333.03,0.39,0.36,2026-09-18,0544,N,low,2.0NRT,307.05,2.8,D
-9.07338,125.94284,339.28,0.46,0.47,2026-09-18,0544,N,nominal,2.0NRT,299.07,3.13,D
-9.97618,120.35731,331.98,0.39,0.36,2026-09-18,0544,N,low,2.0NRT,305.87,2.49,D
-9.0722,125.9423,336.46,0.46,0.47,2026-09-18,0544,N,nominal,2.0NRT,298.98,3.34,D
-9.38602,124.00674,341.52,0.52,0.42,2026-09-18,0544,N,nominal,2.0NRT,302.69,5.14,D
-9.98597,120.18297,333.04,0.38,0.36,2026-09-18,0544,N,low,2.0NRT,307.14,4.85,D
-9.07735,125.75459,330.06,0.45,0.47,2026-09-18,0544,N,nominal,2.0NRT,297,4.18,D
-9.01922,126.06866,337.17,0.47,0.48,2026-09-18,0544,N,nominal,2.0NRT,297.46,6.82,D
-9.17316,125.13867,333.29,0.41,0.45,2026-09-18,0544,N,nominal,2.0NRT,296,4.4,D
-9.29874,124.29417,335.63,0.54,0.42,2026-09-18,0544,N,nominal,2.0NRT,302.05,2.97,D
-9.9696,120.11229,336.71,0.38,0.36,2026-09-18,0544,N,nominal,2.0NRT,305.68,3.56,D
-9.09167,125.1832,343.86,0.41,0.45,2026-09-18,0544,N,nominal,2.0NRT,301.79,5.99,D
-8.91734,126.1935,342.87,0.48,0.48,2026-09-18,0544,N,nominal,2.0NRT,299.08,11.01,D
-8.9129,126.19277,367,0.48,0.48,2026-09-18,0544,N,high,2.0NRT,300.29,11.01,D
-8.90847,126.19202,343.9,0.48,0.48,2026-09-18,0544,N,nominal,2.0NRT,298.8,7.24,D
-9.05239,125.11419,342.97,0.41,0.45,2026-09-18,0544,N,nominal,2.0NRT,303.55,10.53,D
-9.86391,119.91941,347.46,0.38,0.36,2026-09-18,0544,N,nominal,2.0NRT,305.38,6.16,D
-8.82648,126.19054,343.26,0.48,0.48,2026-09-18,0544,N,nominal,2.0NRT,299.33,3.79,D
-8.82771,126.19299,340.67,0.48,0.48,2026-09-18,0544,N,nominal,2.0NRT,298.69,6.87,D
-9.02503,124.88347,330.85,0.39,0.44,2026-09-18,0544,N,nominal,2.0NRT,298.66,0.87,D
-9.0186,124.89704,333.08,0.4,0.44,2026-09-18,0544,N,nominal,2.0NRT,299.34,2.68,D
-9.77057,120.17741,332.79,0.38,0.36,2026-09-18,0544,N,low,2.0NRT,306.44,2.88,D
-8.78602,126.11641,335.63,0.48,0.48,2026-09-18,0544,N,nominal,2.0NRT,297.34,4.11,D
-9.73896,120.16161,339.03,0.38,0.36,2026-09-18,0544,N,low,2.0NRT,309.77,3.3,D
-8.79816,125.88927,330.04,0.46,0.47,2026-09-18,0544,N,nominal,2.0NRT,294.02,2.8,D
-9.76269,119.91808,335.96,0.38,0.36,2026-09-18,0544,N,low,2.0NRT,309.36,3.05,D
-9.74918,119.98406,341.58,0.38,0.36,2026-09-18,0544,N,nominal,2.0NRT,308.24,4.52,D
-9.74585,119.98356,340.55,0.38,0.36,2026-09-18,0544,N,nominal,2.0NRT,309.61,4.52,D
-8.89314,125.18849,335.32,0.41,0.45,2026-09-18,0544,N,nominal,2.0NRT,303.83,3.96,D
-9.731,119.99191,335.86,0.38,0.36,2026-09-18,0544,N,nominal,2.0NRT,307.79,1.63,D
-9.71014,119.93414,337.31,0.38,0.36,2026-09-18,0544,N,low,2.0NRT,307.48,3.03,D
-9.72938,119.8082,336.53,0.38,0.36,2026-09-18,0544,N,low,2.0NRT,309,2,D
-9.69468,119.83498,337.08,0.38,0.36,2026-09-18,0544,N,nominal,2.0NRT,308.91,1.86,D
-9.68161,119.87597,337.4,0.38,0.36,2026-09-18,0544,N,nominal,2.0NRT,308.73,2.27,D
-9.68341,119.79749,336.91,0.38,0.36,2026-09-18,0544,N,low,2.0NRT,307.16,4.8,D
-9.63112,120.07223,345.41,0.38,0.36,2026-09-18,0544,N,nominal,2.0NRT,307.17,2.43,D
-9.66946,119.77742,335.32,0.38,0.36,2026-09-18,0544,N,low,2.0NRT,306.66,2.65,D
-8.66225,125.89587,341.93,0.46,0.47,2026-09-18,0544,N,nominal,2.0NRT,298.81,7.84,D
-8.45819,126.96767,343.98,0.55,0.51,2026-09-18,0544,N,nominal,2.0NRT,300.25,5.55,D
-9.61969,119.99165,337.02,0.38,0.36,2026-09-18,0544,N,low,2.0NRT,311.02,2.27,D
-8.66252,125.89209,342.64,0.46,0.47,2026-09-18,0544,N,nominal,2.0NRT,299.12,5.17,D
-9.56488,120.19775,340.88,0.38,0.36,2026-09-18,0544,N,nominal,2.0NRT,310.58,4.51,D
-9.61105,119.89683,334.8,0.38,0.36,2026-09-18,0544,N,low,2.0NRT,308.15,1.03,D
-8.48169,126.85112,331.3,0.54,0.51,2026-09-18,0544,N,nominal,2.0NRT,298.03,2.6,D
-9.6857,119.38471,337.12,0.39,0.36,2026-09-18,0544,N,nominal,2.0NRT,302.25,3.42,D
-9.64556,119.53673,333.99,0.38,0.36,2026-09-18,0544,N,low,2.0NRT,306.58,3.2,D
-8.64216,125.748,331.56,0.45,0.47,2026-09-18,0544,N,nominal,2.0NRT,299.26,2.73,D
-8.74376,125.14751,348.82,0.41,0.45,2026-09-18,0544,N,nominal,2.0NRT,304.96,5.51,D
-9.69172,119.18719,330.54,0.39,0.36,2026-09-18,0544,N,nominal,2.0NRT,300.11,2.52,D
-9.68772,119.16841,330.82,0.39,0.36,2026-09-18,0544,N,nominal,2.0NRT,298.75,2.43,D
-8.53257,126.28135,335.36,0.49,0.49,2026-09-18,0544,N,nominal,2.0NRT,299.47,5.57,D
-8.71898,125.19301,334.08,0.42,0.45,2026-09-18,0544,N,nominal,2.0NRT,301.88,2.21,D
-7.9335,129.61949,331.58,0.42,0.61,2026-09-18,0544,N,nominal,2.0NRT,293.52,3.65,D
-8.70356,125.23327,343.66,0.42,0.45,2026-09-18,0544,N,nominal,2.0NRT,302.52,4.03,D
-8.69942,125.23235,331.84,0.42,0.45,2026-09-18,0544,N,low,2.0NRT,301.87,4.03,D
-9.6829,119.10966,331.24,0.39,0.36,2026-09-18,0544,N,nominal,2.0NRT,300.87,1.94,D
-8.65693,125.43006,340.27,0.43,0.46,2026-09-18,0544,N,nominal,2.0NRT,299.03,4.9,D
-8.69576,125.20355,336.2,0.42,0.45,2026-09-18,0544,N,nominal,2.0NRT,301.34,3.2,D
-8.69644,125.19964,332.94,0.42,0.45,2026-09-18,0544,N,nominal,2.0NRT,298.92,3.2,D
-8.69167,125.20246,341.87,0.42,0.45,2026-09-18,0544,N,nominal,2.0NRT,300.19,3.88,D
-8.69236,125.19846,331.33,0.42,0.45,2026-09-18,0544,N,nominal,2.0NRT,299.17,3.88,D
-8.70201,125.1421,334.61,0.41,0.45,2026-09-18,0544,N,nominal,2.0NRT,300.08,4.39,D
-8.6,125.70891,334.17,0.45,0.47,2026-09-18,0544,N,nominal,2.0NRT,296.7,3.79,D
-8.46434,126.35326,349.48,0.5,0.49,2026-09-18,0544,N,nominal,2.0NRT,303.23,7.19,D
-9.55389,119.65448,337.26,0.38,0.36,2026-09-18,0544,N,nominal,2.0NRT,304.69,4.95,D
-8.46365,126.35406,349.13,0.5,0.49,2026-09-18,0544,N,nominal,2.0NRT,302.95,7.75,D
-9.50587,119.87975,339,0.38,0.36,2026-09-18,0544,N,low,2.0NRT,312.55,6.65,D
-9.54005,119.65594,336.9,0.38,0.36,2026-09-18,0544,N,nominal,2.0NRT,304.57,1.99,D
-7.86528,129.63316,335.08,0.42,0.61,2026-09-18,0544,N,nominal,2.0NRT,295.7,4.05,D
-9.47854,119.94708,347.16,0.38,0.36,2026-09-18,0544,N,nominal,2.0NRT,313.69,4.58,D
-7.85364,129.63266,332.72,0.42,0.61,2026-09-18,0544,N,nominal,2.0NRT,296.93,6.26,D
-7.85929,129.60136,338.85,0.42,0.61,2026-09-18,0544,N,nominal,2.0NRT,295.71,3.76,D
-9.46578,119.94152,367,0.38,0.36,2026-09-18,0544,N,high,2.0NRT,331.51,28.23,D
-9.46525,119.94502,348.84,0.38,0.36,2026-09-18,0544,N,nominal,2.0NRT,316.98,28.23,D
-9.46192,119.9445,354.13,0.38,0.36,2026-09-18,0544,N,nominal,2.0NRT,312.21,28.23,D
-9.46246,119.94102,336.8,0.38,0.36,2026-09-18,0544,N,nominal,2.0NRT,306.56,28.23,D
-9.50295,119.65382,336.58,0.38,0.36,2026-09-18,0544,N,nominal,2.0NRT,306.26,3.01,D
-9.49021,119.55868,339.13,0.38,0.36,2026-09-18,0544,N,nominal,2.0NRT,303.39,3.46,D
-9.49831,119.43797,346.39,0.39,0.36,2026-09-18,0544,N,nominal,2.0NRT,305.25,8.74,D
-9.47597,119.4955,338.53,0.38,0.36,2026-09-18,0544,N,nominal,2.0NRT,301.51,4.79,D
-9.48175,119.41759,332.7,0.39,0.36,2026-09-18,0544,N,nominal,2.0NRT,302.61,2.41,D
-9.46274,119.3858,339.95,0.39,0.36,2026-09-18,0544,N,nominal,2.0NRT,305.27,2.73,D
-9.40927,119.7146,349.3,0.38,0.36,2026-09-18,0544,N,nominal,2.0NRT,313.32,4.69,D
-9.40594,119.71408,344.99,0.38,0.36,2026-09-18,0544,N,nominal,2.0NRT,313.76,4.67,D
-9.41305,119.60059,337.48,0.38,0.36,2026-09-18,0544,N,nominal,2.0NRT,309.95,1.99,D
-9.45673,119.31305,335.14,0.39,0.36,2026-09-18,0544,N,nominal,2.0NRT,303.06,2.42,D
-9.40972,119.60007,337.47,0.38,0.36,2026-09-18,0544,N,nominal,2.0NRT,309.82,1.5,D
-9.42997,119.467,331.86,0.39,0.36,2026-09-18,0544,N,low,2.0NRT,305.12,1.54,D
-9.4401,119.40027,333.36,0.39,0.36,2026-09-18,0544,N,low,2.0NRT,306,2.03,D
-9.44249,119.33955,334.25,0.39,0.36,2026-09-18,0544,N,low,2.0NRT,306.85,1.19,D
-9.40974,119.51044,339.73,0.38,0.36,2026-09-18,0544,N,low,2.0NRT,310.92,9.08,D
-9.42665,119.37661,336.57,0.39,0.36,2026-09-18,0544,N,nominal,2.0NRT,304.45,1.89,D
-9.45736,119.15093,339.92,0.39,0.36,2026-09-18,0544,N,nominal,2.0NRT,301.73,3.66,D
-9.40188,119.40512,345.05,0.39,0.36,2026-09-18,0544,N,nominal,2.0NRT,308.25,4.33,D
-9.4071,119.13146,331.77,0.39,0.36,2026-09-18,0544,N,low,2.0NRT,305.33,2.14,D
-9.40763,119.12792,332.71,0.39,0.36,2026-09-18,0544,N,low,2.0NRT,306.85,2.14,D
-9.39787,119.16979,334.09,0.39,0.36,2026-09-18,0544,N,low,2.0NRT,307.25,1.62,D
-9.37851,119.18484,330.76,0.39,0.36,2026-09-18,0544,N,low,2.0NRT,304.22,5.61,D
-8.07705,127.18558,338.45,0.58,0.52,2026-09-18,0544,N,nominal,2.0NRT,300,6.94,D
-8.5125,124.06106,347.82,0.54,0.42,2026-09-18,0544,N,nominal,2.0NRT,304.56,6.76,D
-8.37174,124.86501,332.31,0.4,0.44,2026-09-18,0544,N,low,2.0NRT,303.09,2.65,D
-8.39468,124.72685,341.94,0.39,0.44,2026-09-18,0544,N,nominal,2.0NRT,303.07,7.62,D
-8.32048,125.04485,340.35,0.41,0.45,2026-09-18,0544,N,nominal,2.0NRT,303.24,6.23,D
-8.31635,125.04404,346.43,0.41,0.45,2026-09-18,0544,N,nominal,2.0NRT,303.78,6.23,D
-8.31697,125.04037,338.98,0.41,0.45,2026-09-18,0544,N,nominal,2.0NRT,302.72,6.23,D
-8.31156,125.0472,340.44,0.41,0.45,2026-09-18,0544,N,nominal,2.0NRT,302.53,5.4,D
-8.31222,125.04327,341.29,0.41,0.45,2026-09-18,0544,N,nominal,2.0NRT,304.86,3.25,D
-8.30741,125.04648,347.48,0.41,0.45,2026-09-18,0544,N,nominal,2.0NRT,303.92,5.4,D
-8.30806,125.04265,336.77,0.41,0.45,2026-09-18,0544,N,nominal,2.0NRT,305.3,3.25,D
-8.3087,125.03889,341.59,0.41,0.45,2026-09-18,0544,N,nominal,2.0NRT,305.58,3.25,D
-8.35968,124.56438,348.92,0.39,0.44,2026-09-18,0544,N,nominal,2.0NRT,301.27,8.83,D
-8.28837,124.95853,336.34,0.41,0.45,2026-09-18,0544,N,low,2.0NRT,306.54,5.45,D
-8.28969,124.95083,356.53,0.41,0.45,2026-09-18,0544,N,nominal,2.0NRT,308.08,9.43,D
-8.25326,125.138,331.3,0.42,0.45,2026-09-18,0544,N,nominal,2.0NRT,302.97,2.57,D
-8.28416,124.9583,344.16,0.41,0.45,2026-09-18,0544,N,nominal,2.0NRT,304.4,5.4,D
-8.28551,124.95045,352.31,0.41,0.45,2026-09-18,0544,N,nominal,2.0NRT,304.93,6.8,D
-8.30032,124.81496,333.65,0.4,0.44,2026-09-18,0544,N,low,2.0NRT,305.03,3.28,D
-8.52973,123.43568,340.67,0.5,0.41,2026-09-18,0544,N,nominal,2.0NRT,306.49,28.58,D
-8.4239,124.04155,335.04,0.54,0.42,2026-09-18,0544,N,nominal,2.0NRT,299.62,5.29,D
-8.52602,123.43485,342.94,0.5,0.41,2026-09-18,0544,N,nominal,2.0NRT,299.6,12.46,D
-8.42003,124.04084,338.16,0.54,0.42,2026-09-18,0544,N,nominal,2.0NRT,300.28,5.29,D
-8.52921,123.43653,335.95,0.5,0.41,2026-09-18,0544,N,nominal,2.0NRT,305.69,43.09,D
-8.27181,124.94447,334.91,0.41,0.45,2026-09-18,0544,N,low,2.0NRT,305.21,4.7,D
-8.41957,124.04243,348.18,0.54,0.42,2026-09-18,0544,N,nominal,2.0NRT,301.22,7.15,D
-8.267,124.94791,351.19,0.41,0.45,2026-09-18,0544,N,nominal,2.0NRT,305.42,4.7,D
-8.26477,124.93583,333.42,0.41,0.45,2026-09-18,0544,N,low,2.0NRT,307.4,5.1,D
-8.88422,120.92484,337.29,0.4,0.37,2026-09-18,0544,N,nominal,2.0NRT,296.53,10.48,D
-8.80896,121.33813,331.49,0.4,0.37,2026-09-18,0544,N,low,2.0NRT,303.56,3.57,D
-8.58488,122.7178,333.96,0.46,0.39,2026-09-18,0544,N,nominal,2.0NRT,297.83,3.88,D
-8.35248,124.01363,334.7,0.54,0.42,2026-09-18,0544,N,nominal,2.0NRT,300.93,6.98,D
-8.79061,121.27789,339.03,0.4,0.37,2026-09-18,0544,N,nominal,2.0NRT,301.02,7.61,D
-8.40196,123.52876,332.32,0.5,0.41,2026-09-18,0544,N,nominal,2.0NRT,299.15,2.65,D
-8.45469,123.12945,342.9,0.48,0.4,2026-09-18,0544,N,nominal,2.0NRT,299.52,6.28,D
-8.40856,123.3447,330.5,0.49,0.41,2026-09-18,0544,N,low,2.0NRT,301.52,3.63,D
-8.456,123.02757,337.06,0.47,0.4,2026-09-18,0544,N,nominal,2.0NRT,303.35,5.04,D
-8.45667,123.02343,340.56,0.47,0.4,2026-09-18,0544,N,nominal,2.0NRT,302.77,5.04,D
-8.19175,124.4463,333.25,0.57,0.43,2026-09-18,0544,N,nominal,2.0NRT,300.02,2.88,D
-8.18854,124.4409,344.23,0.57,0.43,2026-09-18,0544,N,nominal,2.0NRT,303.48,14.78,D
-8.76358,120.84715,337.81,0.39,0.37,2026-09-18,0544,N,nominal,2.0NRT,298.22,3.62,D
-8.72199,121.02419,348.45,0.4,0.37,2026-09-18,0544,N,nominal,2.0NRT,308.66,8.89,D
-8.79787,120.4737,333.3,0.39,0.36,2026-09-18,0544,N,nominal,2.0NRT,301.84,3.01,D
-8.24202,123.8348,341.94,0.53,0.42,2026-09-18,0544,N,nominal,2.0NRT,305.42,5.72,D
-8.67781,121.1257,332.18,0.4,0.37,2026-09-18,0544,N,low,2.0NRT,302.45,2.51,D
-8.2443,123.83762,332.79,0.53,0.42,2026-09-18,0544,N,low,2.0NRT,303.58,2.99,D
-8.25874,123.67542,336.8,0.52,0.41,2026-09-18,0544,N,nominal,2.0NRT,303.11,4.62,D
-8.25952,123.67062,334.16,0.52,0.41,2026-09-18,0544,N,nominal,2.0NRT,302.86,5.28,D
-8.32008,123.29552,344.23,0.49,0.4,2026-09-18,0544,N,nominal,2.0NRT,301,8.64,D
-8.81088,120.02254,332.16,0.38,0.36,2026-09-18,0544,N,low,2.0NRT,305.28,4.42,D
-8.61905,121.16828,344.78,0.4,0.37,2026-09-18,0544,N,nominal,2.0NRT,310.24,10.98,D
-8.65772,120.92178,333.04,0.4,0.37,2026-09-18,0544,N,nominal,2.0NRT,299.47,1.44,D
-8.61566,121.16772,343.46,0.4,0.37,2026-09-18,0544,N,nominal,2.0NRT,304.67,10.98,D
-8.59151,121.25467,339.22,0.4,0.37,2026-09-18,0544,N,nominal,2.0NRT,307.5,5.06,D
-8.59208,121.25101,337.05,0.4,0.37,2026-09-18,0544,N,nominal,2.0NRT,306.14,5.06,D
-8.57776,121.07104,330.41,0.4,0.37,2026-09-18,0544,N,nominal,2.0NRT,298.1,1.4,D
-8.62746,120.68416,335.48,0.39,0.36,2026-09-18,0544,N,nominal,2.0NRT,293.12,3.06,D
-7.58724,126.53405,341.87,0.53,0.5,2026-09-18,0544,N,nominal,2.0NRT,306.46,6.63,D
-7.58252,126.53371,344.98,0.53,0.5,2026-09-18,0544,N,nominal,2.0NRT,304.3,6.63,D
-9.10622,117.01648,333.33,0.44,0.39,2026-09-18,0544,N,low,2.0NRT,306.12,4.56,D
-7.58456,126.5351,334.05,0.53,0.5,2026-09-18,0544,N,low,2.0NRT,306.27,11.24,D
-8.80862,118.63749,348.86,0.39,0.36,2026-09-18,0544,N,nominal,2.0NRT,307.05,6.3,D
-8.80525,118.63699,349.02,0.39,0.36,2026-09-18,0544,N,nominal,2.0NRT,307.18,9.72,D
-8.76376,118.86689,337.01,0.39,0.36,2026-09-18,0544,N,nominal,2.0NRT,303.17,2.36,D
-8.80386,118.60052,342.85,0.39,0.36,2026-09-18,0544,N,nominal,2.0NRT,307.01,6,D
-8.91389,117.86337,344.64,0.41,0.37,2026-09-18,0544,N,nominal,2.0NRT,301.42,5.35,D
-8.98325,117.27174,331.35,0.43,0.38,2026-09-18,0544,N,low,2.0NRT,304.43,6.68,D
-8.9104,117.72036,339.9,0.41,0.37,2026-09-18,0544,N,nominal,2.0NRT,308.69,4.22,D
-8.91151,117.71279,334.89,0.42,0.37,2026-09-18,0544,N,low,2.0NRT,308.31,3.05,D
-8.84464,118.09508,353.78,0.4,0.37,2026-09-18,0544,N,nominal,2.0NRT,304.91,34.71,D
-8.76478,118.60905,335.35,0.39,0.36,2026-09-18,0544,N,nominal,2.0NRT,304.65,2.14,D
-8.84123,118.09457,343.59,0.4,0.37,2026-09-18,0544,N,nominal,2.0NRT,309.55,34.71,D
-8.83782,118.09408,335.77,0.4,0.37,2026-09-18,0544,N,nominal,2.0NRT,303.95,6.15,D
-8.83837,118.09038,333.76,0.4,0.37,2026-09-18,0544,N,nominal,2.0NRT,302.55,6.15,D
-8.84162,118.06831,334.08,0.4,0.37,2026-09-18,0544,N,nominal,2.0NRT,302.95,21.55,D
-8.88307,117.76263,338.21,0.41,0.37,2026-09-18,0544,N,low,2.0NRT,308.96,8.25,D
-8.74619,118.59548,336.59,0.39,0.36,2026-09-18,0544,N,nominal,2.0NRT,306.76,3.36,D
-8.85893,117.8129,334.68,0.41,0.37,2026-09-18,0544,N,nominal,2.0NRT,304.81,0.95,D
-8.74049,118.55413,345.85,0.39,0.36,2026-09-18,0544,N,nominal,2.0NRT,306.7,19.3,D
-8.69889,118.78412,347.25,0.39,0.36,2026-09-18,0544,N,nominal,2.0NRT,309.18,20.33,D
-8.93359,117.16799,335.49,0.43,0.38,2026-09-18,0544,N,nominal,2.0NRT,299.55,6.01,D
-8.92367,117.21078,347.89,0.43,0.38,2026-09-18,0544,N,nominal,2.0NRT,308.69,42.03,D
-8.79348,117.87551,342.55,0.41,0.37,2026-09-18,0544,N,nominal,2.0NRT,311.05,3.57,D
-8.88621,117.22112,330.84,0.43,0.38,2026-09-18,0544,N,nominal,2.0NRT,304.83,3.45,D
-8.78608,117.87817,348.69,0.41,0.37,2026-09-18,0544,N,nominal,2.0NRT,309.14,10.67,D
-8.78209,117.88142,338.77,0.41,0.37,2026-09-18,0544,N,low,2.0NRT,310.35,6.89,D
-8.72251,118.25983,346.32,0.4,0.37,2026-09-18,0544,N,nominal,2.0NRT,311.24,13.28,D
-8.43705,120.12001,332.4,0.39,0.36,2026-09-18,0544,N,nominal,2.0NRT,299.03,2.9,D
-8.59461,118.93128,338.07,0.39,0.36,2026-09-18,0544,N,nominal,2.0NRT,306.36,2.83,D
-8.59831,118.90674,347.78,0.39,0.36,2026-09-18,0544,N,nominal,2.0NRT,305.3,5.39,D
-8.59126,118.93081,347.53,0.39,0.36,2026-09-18,0544,N,nominal,2.0NRT,305.4,10.93,D
-8.59179,118.92729,336.13,0.39,0.36,2026-09-18,0544,N,nominal,2.0NRT,306.1,10.93,D
-8.6828,118.19821,345.89,0.4,0.37,2026-09-18,0544,N,nominal,2.0NRT,307.14,7.69,D
-8.67942,118.19765,367,0.4,0.37,2026-09-18,0544,N,high,2.0NRT,309.89,7.69,D
-8.67889,118.2012,343.59,0.4,0.37,2026-09-18,0544,N,nominal,2.0NRT,308.8,9.64,D
-8.62409,118.47379,343,0.39,0.37,2026-09-18,0544,N,nominal,2.0NRT,303.21,3.43,D
-8.79003,117.21617,336.5,0.43,0.38,2026-09-18,0544,N,nominal,2.0NRT,306.41,7.93,D
-8.79347,117.19269,332.75,0.43,0.38,2026-09-18,0544,N,low,2.0NRT,306.45,8.07,D
-8.53691,118.82494,335.33,0.39,0.36,2026-09-18,0544,N,low,2.0NRT,305.52,2.89,D
-8.53077,118.8203,348.74,0.39,0.36,2026-09-18,0544,N,nominal,2.0NRT,307.56,8.08,D
-8.85825,116.51953,335.59,0.46,0.39,2026-09-18,0544,N,low,2.0NRT,307.75,9.43,D
-8.85393,116.36679,343.28,0.47,0.4,2026-09-18,0544,N,nominal,2.0NRT,304.46,5.68,D
-8.85488,116.36371,334.92,0.47,0.4,2026-09-18,0544,N,low,2.0NRT,303.68,7.09,D
-8.54203,118.27695,337.76,0.4,0.37,2026-09-18,0544,N,low,2.0NRT,308.32,2.84,D
-8.65339,117.41055,338.95,0.42,0.38,2026-09-18,0544,N,low,2.0NRT,303.26,7.62,D
-8.46052,118.682,337.66,0.39,0.36,2026-09-18,0544,N,nominal,2.0NRT,307.56,2.24,D
-8.84135,116.06815,330.8,0.49,0.4,2026-09-18,0544,N,nominal,2.0NRT,301.3,4.19,D
-8.85676,115.96072,339.36,0.49,0.41,2026-09-18,0544,N,nominal,2.0NRT,298.15,4.9,D
-8.48116,118.26783,340.88,0.4,0.37,2026-09-18,0544,N,nominal,2.0NRT,312.36,17.71,D
-8.4817,118.26419,336.5,0.4,0.37,2026-09-18,0544,N,low,2.0NRT,308.4,6.12,D
-8.65901,116.76337,334.69,0.45,0.39,2026-09-18,0544,N,low,2.0NRT,307.38,14.9,D
-8.41917,118.33181,335.37,0.4,0.37,2026-09-18,0544,N,low,2.0NRT,307.46,1.6,D
-8.38545,118.32657,339.02,0.4,0.37,2026-09-18,0544,N,nominal,2.0NRT,306.52,4.85,D
-8.50548,117.44319,346.46,0.42,0.38,2026-09-18,0544,N,nominal,2.0NRT,307.54,10.33,D
-8.53214,116.91481,334.93,0.44,0.38,2026-09-18,0544,N,low,2.0NRT,302.48,9.25,D
-8.46676,117.26052,335.69,0.43,0.38,2026-09-18,0544,N,low,2.0NRT,306.98,10.6,D
-8.36034,117.83692,346.82,0.41,0.37,2026-09-18,0544,N,nominal,2.0NRT,307.34,6.4,D
-8.32966,117.85539,336.7,0.41,0.37,2026-09-18,0544,N,low,2.0NRT,307.72,3.21,D
-8.50094,116.62025,333.75,0.45,0.39,2026-09-18,0544,N,low,2.0NRT,307.02,6.8,D
-8.29475,117.812,347.18,0.41,0.37,2026-09-18,0544,N,nominal,2.0NRT,307.17,9.96,D
-8.37698,117.16345,338.27,0.43,0.38,2026-09-18,0544,N,nominal,2.0NRT,302.37,8.15,D
-8.2832,117.77215,338.24,0.41,0.37,2026-09-18,0544,N,nominal,2.0NRT,307.88,4.92,D
-8.27347,117.76688,340.79,0.41,0.37,2026-09-18,0544,N,nominal,2.0NRT,305.29,2.85,D
-8.27434,117.59476,335.49,0.41,0.37,2026-09-18,0544,N,nominal,2.0NRT,301.99,3.06,D
-8.21378,117.62846,330.69,0.41,0.37,2026-09-18,0544,N,nominal,2.0NRT,296.84,6.78,D
-8.20978,117.63171,345.87,0.41,0.37,2026-09-18,0544,N,nominal,2.0NRT,297.88,6.23,D
-8.17903,117.67307,338.98,0.41,0.37,2026-09-18,0544,N,nominal,2.0NRT,304.23,3.81,D
-8.59991,114.21507,331.42,0.41,0.45,2026-09-18,0544,N,nominal,2.0NRT,300.2,4.71,D
-8.60043,114.21138,338.49,0.41,0.45,2026-09-18,0544,N,nominal,2.0NRT,299.58,2.77,D
-8.56249,114.20982,334.08,0.41,0.45,2026-09-18,0544,N,nominal,2.0NRT,299.9,2.04,D
-8.54538,114.05591,340.85,0.42,0.45,2026-09-18,0544,N,nominal,2.0NRT,297.54,6.32,D
-8.54591,114.05206,340.57,0.42,0.45,2026-09-18,0544,N,nominal,2.0NRT,296.96,6.32,D
-8.54469,114.05581,340.08,0.42,0.45,2026-09-18,0544,N,nominal,2.0NRT,297.3,6.48,D
-8.54524,114.05196,340.25,0.42,0.45,2026-09-18,0544,N,nominal,2.0NRT,296.94,6.48,D
-7.3522,121.83126,330.68,0.43,0.38,2026-09-18,0544,N,nominal,2.0NRT,295.48,3.18,D
-8.48158,114.07856,333.65,0.42,0.45,2026-09-18,0544,N,nominal,2.0NRT,298.36,2.32,D
-8.1359,113.84687,331.54,0.43,0.46,2026-09-18,0544,N,nominal,2.0NRT,299.59,3,D
-8.1361,113.84727,334.1,0.43,0.46,2026-09-18,0544,N,nominal,2.0NRT,300.05,3.38,D
-8.13559,113.6064,347.61,0.44,0.46,2026-09-18,0544,N,nominal,2.0NRT,301.6,11.24,D
-8.13127,113.60591,350.89,0.44,0.46,2026-09-18,0544,N,nominal,2.0NRT,300.02,11.24,D
-8.13129,113.12021,333.23,0.48,0.48,2026-09-18,0544,N,nominal,2.0NRT,297.43,2.35,D
-8.11589,112.92036,339.51,0.5,0.49,2026-09-18,0544,N,nominal,2.0NRT,294.84,10.89,D
-8.1111,112.92181,345.33,0.5,0.49,2026-09-18,0544,N,nominal,2.0NRT,302.41,10.89,D
-7.83021,114.21915,331.61,0.4,0.44,2026-09-18,0544,N,nominal,2.0NRT,300.18,2.7,D
-7.82274,114.09334,331.96,0.41,0.45,2026-09-18,0544,N,nominal,2.0NRT,300.78,1.61,D
-7.81861,114.09267,333.78,0.41,0.45,2026-09-18,0544,N,nominal,2.0NRT,299.88,2.88,D
-7.75402,114.23672,341.18,0.4,0.44,2026-09-18,0544,N,nominal,2.0NRT,299.15,7.05,D
-8.00089,111.3874,333.2,0.62,0.54,2026-09-18,0544,N,nominal,2.0NRT,297.36,3.8,D
-7.16073,115.82293,367,0.48,0.4,2026-09-18,0544,N,high,2.0NRT,307.27,18.26,D
-7.15704,115.8224,339.71,0.48,0.4,2026-09-18,0544,N,nominal,2.0NRT,303.82,8.63,D
-6.23468,120.50024,339.66,0.4,0.37,2026-09-18,0544,N,nominal,2.0NRT,303.26,17.29,D
-6.2313,120.49973,341.04,0.4,0.37,2026-09-18,0544,N,nominal,2.0NRT,299.74,17.29,D
-6.17741,120.48776,336.8,0.4,0.37,2026-09-18,0544,N,nominal,2.0NRT,305.47,15.72,D
-7.12851,113.20377,330.74,0.46,0.47,2026-09-18,0544,N,nominal,2.0NRT,296.92,2,D
-5.51864,123.76732,334.66,0.57,0.43,2026-09-18,0544,N,nominal,2.0NRT,298.55,7.01,D
-7.27663,111.40068,330.33,0.61,0.53,2026-09-18,0544,N,nominal,2.0NRT,293.67,5.43,D
-7.25607,111.40357,332.2,0.61,0.53,2026-09-18,0544,N,nominal,2.0NRT,294.95,9.07,D
-5.57643,122.58956,331.28,0.49,0.4,2026-09-18,0544,N,nominal,2.0NRT,300.84,6.36,D
-5.57134,122.59758,330.96,0.49,0.4,2026-09-18,0544,N,nominal,2.0NRT,300.75,3.3,D
-5.56764,122.59684,334.99,0.49,0.4,2026-09-18,0544,N,nominal,2.0NRT,299.71,3.3,D
-5.53721,122.73811,339.7,0.5,0.41,2026-09-18,0544,N,nominal,2.0NRT,298.27,3.55,D
-5.55947,122.60024,332.87,0.49,0.4,2026-09-18,0544,N,nominal,2.0NRT,301.55,6,D
-5.51128,122.75578,333.28,0.5,0.41,2026-09-18,0544,N,low,2.0NRT,305.38,26.37,D
-7.2023,111.31626,332.83,0.61,0.54,2026-09-18,0544,N,nominal,2.0NRT,294.15,3,D
-7.20168,111.31365,336.22,0.61,0.54,2026-09-18,0544,N,nominal,2.0NRT,294.63,3.73,D
-5.46808,122.73199,343.36,0.5,0.41,2026-09-18,0544,N,nominal,2.0NRT,299.94,11.59,D
-5.38073,123.03396,343.07,0.52,0.41,2026-09-18,0544,N,nominal,2.0NRT,297.53,9.21,D
-5.35233,123.08778,342.27,0.52,0.42,2026-09-18,0544,N,nominal,2.0NRT,300.3,7.96,D
-5.30443,123.10004,336.48,0.52,0.42,2026-09-18,0544,N,nominal,2.0NRT,297.7,8.83,D
-7.01646,111.61753,338.1,0.58,0.52,2026-09-18,0544,N,nominal,2.0NRT,292.26,10.53,D
-5.33002,122.67419,332.41,0.5,0.41,2026-09-18,0544,N,nominal,2.0NRT,301.08,5.56,D
-5.33075,122.66964,337.07,0.5,0.41,2026-09-18,0544,N,nominal,2.0NRT,300.84,5.56,D
-5.26676,122.74718,330.11,0.5,0.41,2026-09-18,0544,N,nominal,2.0NRT,298.7,3.78,D
-5.22488,122.9625,330.81,0.52,0.41,2026-09-18,0544,N,nominal,2.0NRT,298.55,7.13,D
-5.22561,122.95789,332.95,0.52,0.41,2026-09-18,0544,N,nominal,2.0NRT,297.01,3.82,D
-5.30281,122.32765,334.67,0.48,0.4,2026-09-18,0544,N,nominal,2.0NRT,303.87,5.1,D
-5.29914,122.32708,342.67,0.48,0.4,2026-09-18,0544,N,nominal,2.0NRT,302.26,5.1,D
-5.2143,122.50097,332.26,0.49,0.4,2026-09-18,0544,N,nominal,2.0NRT,300,3.18,D
-5.21341,122.50254,334.14,0.49,0.4,2026-09-18,0544,N,nominal,2.0NRT,299.91,2.96,D
-5.62523,119.80436,330.27,0.39,0.36,2026-09-18,0544,N,low,2.0NRT,304.66,1.31,D
-5.20553,122.33609,331.74,0.48,0.4,2026-09-18,0544,N,nominal,2.0NRT,296.87,2.33,D
-6.90992,110.8487,346.05,0.33,0.55,2026-09-18,0544,N,nominal,2.0NRT,293.92,2.95,D
-6.90026,110.88089,335.32,0.33,0.55,2026-09-18,0544,N,nominal,2.0NRT,293.15,2.94,D
-5.16749,122.43245,330.71,0.48,0.4,2026-09-18,0544,N,nominal,2.0NRT,295.34,1.29,D
-5.18067,122.34996,338.42,0.48,0.4,2026-09-18,0544,N,nominal,2.0NRT,301,31.91,D
-5.18136,122.34564,336.19,0.48,0.4,2026-09-18,0544,N,nominal,2.0NRT,298.31,9.57,D
-5.16309,122.43625,333.98,0.48,0.4,2026-09-18,0544,N,nominal,2.0NRT,301.62,6.8,D
-7.1206,108.96472,330.57,0.44,0.63,2026-09-18,0544,N,nominal,2.0NRT,293.53,1.66,D
-5.09866,122.55205,339.7,0.49,0.4,2026-09-18,0544,N,nominal,2.0NRT,303.16,10.42,D
-5.53284,119.76881,336.04,0.39,0.36,2026-09-18,0544,N,low,2.0NRT,307.48,1.43,D
-5.09736,122.55418,334.45,0.49,0.4,2026-09-18,0544,N,nominal,2.0NRT,301.63,6.32,D
-5.09804,122.54982,334.45,0.49,0.4,2026-09-18,0544,N,nominal,2.0NRT,302.92,5.22,D
-5.52509,119.77472,337.45,0.39,0.36,2026-09-18,0544,N,low,2.0NRT,311.74,2.45,D
-5.09059,122.54862,346.92,0.49,0.4,2026-09-18,0544,N,nominal,2.0NRT,302.81,11.88,D
-5.09071,122.49934,335.86,0.49,0.4,2026-09-18,0544,N,nominal,2.0NRT,301.58,5.84,D
-5.10496,122.38474,333.53,0.48,0.4,2026-09-18,0544,N,nominal,2.0NRT,299.83,3.6,D
-5.07513,122.5014,335.92,0.49,0.4,2026-09-18,0544,N,nominal,2.0NRT,303.83,5.16,D
-7.02549,109.18858,341.04,0.43,0.62,2026-09-18,0544,N,nominal,2.0NRT,293.54,5.25,D
-5.0068,122.80963,336.3,0.51,0.41,2026-09-18,0544,N,nominal,2.0NRT,299.86,4.86,D
-5.4984,119.65955,333.65,0.39,0.36,2026-09-18,0544,N,low,2.0NRT,308.42,2.03,D
-5.47022,119.81991,332.58,0.39,0.36,2026-09-18,0544,N,low,2.0NRT,307.43,1.97,D
-5.46688,119.81939,347.94,0.39,0.36,2026-09-18,0544,N,nominal,2.0NRT,308.63,7.04,D
-5.03439,122.51747,336.86,0.49,0.4,2026-09-18,0544,N,nominal,2.0NRT,300.23,2.64,D
-5.43847,119.93658,334.07,0.39,0.36,2026-09-18,0544,N,low,2.0NRT,306.5,3.99,D
-5.02958,122.47622,348.23,0.49,0.4,2026-09-18,0544,N,nominal,2.0NRT,300.03,15.37,D
-4.94778,122.95763,335.38,0.52,0.42,2026-09-18,0544,N,nominal,2.0NRT,297.39,3.6,D
-5.1216,121.8801,337.35,0.46,0.39,2026-09-18,0544,N,nominal,2.0NRT,302.55,15.65,D
-5.02767,122.41738,335.09,0.49,0.4,2026-09-18,0544,N,nominal,2.0NRT,300.62,3.15,D
-5.46075,119.68222,340.75,0.39,0.36,2026-09-18,0544,N,nominal,2.0NRT,309.82,4.02,D
-5.45743,119.68162,336.51,0.39,0.36,2026-09-18,0544,N,low,2.0NRT,310.87,4.02,D
-5.38403,119.77032,343.89,0.39,0.36,2026-09-18,0544,N,nominal,2.0NRT,309.6,2.14,D
-5.37429,119.4795,340.41,0.39,0.36,2026-09-18,0544,N,low,2.0NRT,314.32,6.58,D
-4.89493,122.47905,334.09,0.49,0.4,2026-09-18,0544,N,nominal,2.0NRT,302.15,4.05,D
-4.89193,122.47404,332.5,0.49,0.4,2026-09-18,0544,N,low,2.0NRT,305.3,4.77,D
-4.89911,122.42997,341.04,0.49,0.4,2026-09-18,0544,N,nominal,2.0NRT,303.67,10.49,D
-4.89982,122.4256,330.19,0.49,0.4,2026-09-18,0544,N,low,2.0NRT,300.29,10.49,D
-4.89357,122.48022,333.19,0.49,0.4,2026-09-18,0544,N,nominal,2.0NRT,302.11,3.23,D
-4.89123,122.47077,335.24,0.49,0.4,2026-09-18,0544,N,nominal,2.0NRT,303.96,7.31,D
-4.89814,122.42664,342.78,0.49,0.4,2026-09-18,0544,N,nominal,2.0NRT,306.37,28.82,D
-4.73628,123.17831,338.31,0.54,0.42,2026-09-18,0544,N,nominal,2.0NRT,299.57,5.68,D
-4.85657,122.42468,330.21,0.49,0.4,2026-09-18,0544,N,low,2.0NRT,301.88,2.02,D
-4.72015,122.98362,344.61,0.53,0.42,2026-09-18,0544,N,nominal,2.0NRT,303.65,5.3,D
-4.71631,122.98302,341.18,0.53,0.42,2026-09-18,0544,N,nominal,2.0NRT,301.25,5.3,D
-4.7431,122.65556,331.92,0.5,0.41,2026-09-18,0544,N,nominal,2.0NRT,301.75,2.12,D
-4.84653,121.99664,331.48,0.47,0.39,2026-09-18,0544,N,low,2.0NRT,303.69,5.02,D
-4.68949,122.97069,339.74,0.53,0.42,2026-09-18,0544,N,nominal,2.0NRT,296.89,124.61,D
-4.68565,122.97009,330.75,0.53,0.42,2026-09-18,0544,N,nominal,2.0NRT,298.16,35.83,D
-4.6864,122.96533,344.34,0.53,0.42,2026-09-18,0544,N,nominal,2.0NRT,303.17,35.83,D
-4.73125,122.6817,341.56,0.51,0.41,2026-09-18,0544,N,nominal,2.0NRT,311.22,47.64,D
-4.76949,122.43927,337.58,0.49,0.4,2026-09-18,0544,N,nominal,2.0NRT,304.08,5.16,D
-4.66653,123.01593,333.77,0.53,0.42,2026-09-18,0544,N,nominal,2.0NRT,301.42,10.16,D
-4.8422,121.859,337.22,0.46,0.39,2026-09-18,0544,N,nominal,2.0NRT,305.49,12.23,D
-4.69882,122.6908,339.97,0.51,0.41,2026-09-18,0544,N,nominal,2.0NRT,301.56,4.6,D
-4.62722,123.08827,337.49,0.53,0.42,2026-09-18,0544,N,nominal,2.0NRT,301.56,12.28,D
-4.82873,121.82742,349.45,0.46,0.39,2026-09-18,0544,N,nominal,2.0NRT,301.89,9.85,D
-4.60635,123.04556,334.72,0.53,0.42,2026-09-18,0544,N,nominal,2.0NRT,301.02,88.26,D
-5.14511,119.56464,340.73,0.39,0.36,2026-09-18,0544,N,low,2.0NRT,314.78,4.19,D
-5.10569,119.67356,343.27,0.39,0.36,2026-09-18,0544,N,nominal,2.0NRT,310.44,5.46,D
-5.10235,119.67304,343.4,0.39,0.36,2026-09-18,0544,N,nominal,2.0NRT,312.55,5.46,D
-5.09202,119.71792,338.03,0.39,0.36,2026-09-18,0544,N,nominal,2.0NRT,306.35,4.24,D
-5.01436,119.99879,331.44,0.39,0.37,2026-09-18,0544,N,low,2.0NRT,302.37,4.4,D
-4.66451,121.97027,335.87,0.47,0.39,2026-09-18,0544,N,nominal,2.0NRT,304.64,3.22,D
-4.6885,121.53272,331.64,0.44,0.39,2026-09-18,0544,N,low,2.0NRT,305.97,2.55,D
-4.92195,120.03139,335.8,0.4,0.37,2026-09-18,0544,N,nominal,2.0NRT,308.92,3.28,D
-4.64762,121.74664,339.1,0.45,0.39,2026-09-18,0544,N,nominal,2.0NRT,306.97,5.72,D
-4.64402,121.74607,342.01,0.45,0.39,2026-09-18,0544,N,nominal,2.0NRT,307.51,5.72,D
-3.53352,128.33621,347.58,0.41,0.61,2026-09-18,0544,N,nominal,2.0NRT,294.25,12.6,D
-3.5279,128.33536,367,0.41,0.61,2026-09-18,0544,N,high,2.0NRT,294.25,12.6,D
-4.90974,119.86574,330.23,0.39,0.36,2026-09-18,0544,N,low,2.0NRT,304.78,1.55,D
-4.56868,121.74711,331.31,0.46,0.39,2026-09-18,0544,N,low,2.0NRT,301.79,15.18,D
-4.56933,121.743,355.69,0.46,0.39,2026-09-18,0544,N,nominal,2.0NRT,315.93,15.18,D
-4.56572,121.74248,343.88,0.46,0.39,2026-09-18,0544,N,nominal,2.0NRT,303.32,15.18,D
-4.84169,119.9382,335.73,0.39,0.37,2026-09-18,0544,N,low,2.0NRT,307.52,2.38,D
-4.813,120.10194,342.67,0.4,0.37,2026-09-18,0544,N,nominal,2.0NRT,313.11,27,D
-4.54128,121.78082,343.77,0.46,0.39,2026-09-18,0544,N,nominal,2.0NRT,306.26,15.23,D
-4.54193,121.77669,347.25,0.46,0.39,2026-09-18,0544,N,nominal,2.0NRT,305.81,5.39,D
-4.54258,121.77253,350.28,0.46,0.39,2026-09-18,0544,N,nominal,2.0NRT,304.69,5.39,D
-4.53768,121.78024,346.9,0.46,0.39,2026-09-18,0544,N,nominal,2.0NRT,303.72,15.23,D
-4.53833,121.77612,330.43,0.46,0.39,2026-09-18,0544,N,low,2.0NRT,302.14,5.39,D
-4.53473,121.77553,333.38,0.46,0.39,2026-09-18,0544,N,low,2.0NRT,306.97,2.65,D
-4.47232,122.12405,353.52,0.48,0.4,2026-09-18,0544,N,nominal,2.0NRT,306.6,9.4,D
-4.46865,122.12347,346.85,0.48,0.4,2026-09-18,0544,N,nominal,2.0NRT,306.88,9.4,D
-4.46933,122.11918,339.63,0.48,0.4,2026-09-18,0544,N,nominal,2.0NRT,304.63,9.12,D
-4.46566,122.11858,342.39,0.48,0.4,2026-09-18,0544,N,nominal,2.0NRT,303.32,4.15,D
-4.52674,121.68597,340.42,0.45,0.39,2026-09-18,0544,N,nominal,2.0NRT,307.27,6.11,D
-3.25107,129.40181,332.06,0.49,0.65,2026-09-18,0544,N,nominal,2.0NRT,291.14,4.28,D
-3.25182,129.3974,336.84,0.49,0.65,2026-09-18,0544,N,nominal,2.0NRT,288.3,4.28,D
-4.42912,122.27701,336.24,0.49,0.4,2026-09-18,0544,N,nominal,2.0NRT,303.29,4.38,D
-4.51342,121.74685,336.82,0.46,0.39,2026-09-18,0544,N,nominal,2.0NRT,307.67,6.38,D
-4.51407,121.74273,333.33,0.46,0.39,2026-09-18,0544,N,low,2.0NRT,304.32,6.38,D
-4.52055,121.7018,341.17,0.45,0.39,2026-09-18,0544,N,nominal,2.0NRT,304.05,8.5,D
-4.5212,121.6977,356.36,0.45,0.39,2026-09-18,0544,N,nominal,2.0NRT,307.01,10.04,D
-4.52185,121.69359,354.6,0.45,0.39,2026-09-18,0544,N,nominal,2.0NRT,308.26,10.04,D
-4.52251,121.68948,341.53,0.45,0.39,2026-09-18,0544,N,nominal,2.0NRT,306.88,6.11,D
-4.42542,122.27642,337.1,0.49,0.4,2026-09-18,0544,N,nominal,2.0NRT,304.9,4.22,D
-4.51696,121.70123,351.34,0.45,0.39,2026-09-18,0544,N,nominal,2.0NRT,311.06,33.32,D
-4.51761,121.69714,337.5,0.45,0.39,2026-09-18,0544,N,nominal,2.0NRT,307.36,5.48,D
-4.51892,121.68892,335.07,0.45,0.39,2026-09-18,0544,N,low,2.0NRT,307.86,4.24,D
-4.42172,122.27583,341.24,0.49,0.4,2026-09-18,0544,N,nominal,2.0NRT,304.25,4.22,D
-4.42242,122.27145,334.37,0.49,0.4,2026-09-18,0544,N,low,2.0NRT,304.84,4.48,D
-4.51338,121.70064,347.77,0.45,0.39,2026-09-18,0544,N,nominal,2.0NRT,306.52,33.32,D
-4.43399,122.17539,330.17,0.48,0.4,2026-09-18,0544,N,low,2.0NRT,302.54,1.41,D
-4.51044,121.69598,334.17,0.45,0.39,2026-09-18,0544,N,nominal,2.0NRT,303.68,2.54,D
-4.49772,121.70651,339.98,0.45,0.39,2026-09-18,0544,N,nominal,2.0NRT,304.01,3.27,D
-4.50157,121.63632,338.55,0.45,0.39,2026-09-18,0544,N,nominal,2.0NRT,307.81,9.2,D
-4.41145,122.15896,335.92,0.48,0.4,2026-09-18,0544,N,nominal,2.0NRT,305.65,5.29,D
-4.50426,121.51266,334.98,0.45,0.39,2026-09-18,0544,N,nominal,2.0NRT,304.16,2.39,D
-4.46502,121.71812,347.07,0.46,0.39,2026-09-18,0544,N,nominal,2.0NRT,306.87,9.86,D
-4.33569,122.44913,330.32,0.5,0.41,2026-09-18,0544,N,low,2.0NRT,300.43,2.23,D
-4.69706,119.9954,333.27,0.4,0.37,2026-09-18,0544,N,low,2.0NRT,306.05,0.73,D
-4.42832,121.67043,352.31,0.45,0.39,2026-09-18,0544,N,nominal,2.0NRT,307.04,15.11,D
-4.41634,121.72298,348.55,0.46,0.39,2026-09-18,0544,N,nominal,2.0NRT,305.22,13.6,D
-6.48139,107.39755,331.69,0.55,0.68,2026-09-18,0544,N,nominal,2.0NRT,291.21,4.15,D
-4.66898,119.97641,345.43,0.4,0.37,2026-09-18,0544,N,nominal,2.0NRT,309.09,5.85,D
-4.69178,119.82982,351.04,0.39,0.36,2026-09-18,0544,N,nominal,2.0NRT,304.98,13.42,D
-3.55536,126.80756,342.98,0.32,0.55,2026-09-18,0544,N,nominal,2.0NRT,302.35,4.28,D
-4.38305,121.70049,333.83,0.46,0.39,2026-09-18,0544,N,nominal,2.0NRT,302.39,8.88,D
-4.622,120.1891,342.58,0.4,0.37,2026-09-18,0544,N,nominal,2.0NRT,310.96,9.68,D
-4.61862,120.18857,339.13,0.4,0.37,2026-09-18,0544,N,nominal,2.0NRT,306.41,4.85,D
-4.71355,119.57858,335.91,0.39,0.36,2026-09-18,0544,N,low,2.0NRT,307.37,2.56,D
-4.59878,120.2487,340.29,0.4,0.37,2026-09-18,0544,N,low,2.0NRT,313.01,4.67,D
-3.55148,126.80738,336.96,0.32,0.55,2026-09-18,0544,N,nominal,2.0NRT,300.81,2.92,D
-6.47866,107.39862,331.3,0.55,0.68,2026-09-18,0544,N,nominal,2.0NRT,291.17,4.39,D
-4.36835,121.52465,330.05,0.45,0.39,2026-09-18,0544,N,low,2.0NRT,301.53,3.25,D
-4.36898,121.52064,338.85,0.45,0.39,2026-09-18,0544,N,nominal,2.0NRT,303.11,3.25,D
-4.59805,120.04526,340.05,0.4,0.37,2026-09-18,0544,N,low,2.0NRT,310.39,2.75,D
-4.30814,121.88582,333.88,0.47,0.39,2026-09-18,0544,N,low,2.0NRT,304.74,3.96,D
-3.50762,126.85314,367,0.33,0.55,2026-09-18,0544,N,high,2.0NRT,302.23,8.4,D
-4.56968,120.18402,335.28,0.4,0.37,2026-09-18,0544,N,nominal,2.0NRT,305.67,3.9,D
-3.50259,126.85204,345.34,0.33,0.55,2026-09-18,0544,N,nominal,2.0NRT,298.51,4.05,D
-4.60063,119.96153,340.15,0.4,0.37,2026-09-18,0544,N,nominal,2.0NRT,306.61,3.28,D
-3.59647,126.24773,332.4,0.59,0.53,2026-09-18,0544,N,nominal,2.0NRT,297.5,5.39,D
-4.54995,120.26661,341.41,0.4,0.37,2026-09-18,0544,N,nominal,2.0NRT,307.74,9,D
-3.59155,126.24722,342.48,0.59,0.53,2026-09-18,0544,N,nominal,2.0NRT,299.73,34.57,D
-3.43294,127.1787,330.74,0.34,0.56,2026-09-18,0544,N,nominal,2.0NRT,296.74,2.88,D
-3.5827,126.27073,350.3,0.59,0.53,2026-09-18,0544,N,nominal,2.0NRT,300.38,27.13,D
-3.58662,126.24689,353.59,0.59,0.53,2026-09-18,0544,N,nominal,2.0NRT,303,34.57,D
-3.58752,126.24136,343.67,0.59,0.53,2026-09-18,0544,N,nominal,2.0NRT,299.99,15.22,D
-3.57786,126.26976,332.26,0.59,0.53,2026-09-18,0544,N,nominal,2.0NRT,297.16,14.98,D
-3.57865,126.26495,353.35,0.59,0.53,2026-09-18,0544,N,nominal,2.0NRT,300.78,14.98,D
-3.58164,126.24674,348.32,0.59,0.53,2026-09-18,0544,N,nominal,2.0NRT,296.79,15.58,D
-3.58258,126.24106,355.93,0.59,0.53,2026-09-18,0544,N,nominal,2.0NRT,297.1,15.75,D
-3.49102,126.76449,343.45,0.32,0.55,2026-09-18,0544,N,nominal,2.0NRT,298.48,3.1,D
-3.45998,126.92,338.79,0.33,0.55,2026-09-18,0544,N,nominal,2.0NRT,305.39,5.15,D
-3.46048,126.91699,338.07,0.33,0.55,2026-09-18,0544,N,nominal,2.0NRT,301.74,2.83,D
-3.48044,126.76575,329.31,0.32,0.55,2026-09-18,0544,N,low,2.0NRT,301.66,4.04,D
-3.48092,126.76285,351.66,0.32,0.55,2026-09-18,0544,N,nominal,2.0NRT,301.89,5.79,D
-3.56243,126.21201,330.21,0.59,0.53,2026-09-18,0544,N,nominal,2.0NRT,298.18,3.79,D
-4.26079,121.9259,334.5,0.47,0.4,2026-09-18,0544,N,nominal,2.0NRT,302.97,2.37,D
-3.39137,127.20348,342.42,0.35,0.56,2026-09-18,0544,N,nominal,2.0NRT,297.2,4.46,D
-3.55099,126.2208,332.94,0.59,0.53,2026-09-18,0544,N,nominal,2.0NRT,296.27,2,D
-3.45127,126.78493,339.44,0.32,0.55,2026-09-18,0544,N,nominal,2.0NRT,298.29,3.94,D
-3.45182,126.78162,344.31,0.32,0.55,2026-09-18,0544,N,nominal,2.0NRT,301.44,5.85,D
-3.52658,126.33679,344.36,0.6,0.53,2026-09-18,0544,N,nominal,2.0NRT,296.13,10.89,D
-3.40786,126.94879,330.65,0.33,0.55,2026-09-18,0544,N,nominal,2.0NRT,299.69,1.78,D
-4.53784,120.0104,337.25,0.4,0.37,2026-09-18,0544,N,low,2.0NRT,310.11,2.52,D
-4.28795,121.57011,335.16,0.45,0.39,2026-09-18,0544,N,nominal,2.0NRT,303.46,13.07,D
-4.28859,121.56609,345.02,0.45,0.39,2026-09-18,0544,N,nominal,2.0NRT,305.92,13.07,D
-4.28674,121.56657,354.01,0.45,0.39,2026-09-18,0544,N,nominal,2.0NRT,308.57,30.09,D
-3.52993,126.33559,345.99,0.6,0.53,2026-09-18,0544,N,nominal,2.0NRT,298.1,16.59,D
-4.47882,120.20734,339.8,0.4,0.37,2026-09-18,0544,N,nominal,2.0NRT,310.66,4.25,D
-3.40597,126.94692,333.38,0.33,0.55,2026-09-18,0544,N,nominal,2.0NRT,300.38,2.5,D
-4.46416,120.23484,335.34,0.4,0.37,2026-09-18,0544,N,low,2.0NRT,306.99,1.1,D
-4.51075,119.93296,335.24,0.4,0.37,2026-09-18,0544,N,low,2.0NRT,308.23,3.04,D
-4.50573,119.94315,338.48,0.4,0.37,2026-09-18,0544,N,low,2.0NRT,309.19,2.12,D
-3.519,126.1551,341.42,0.58,0.52,2026-09-18,0544,N,nominal,2.0NRT,299.37,8.56,D
-3.51417,126.1542,342.75,0.58,0.52,2026-09-18,0544,N,nominal,2.0NRT,296.38,8.56,D
-3.38832,126.89417,331.87,0.33,0.55,2026-09-18,0544,N,nominal,2.0NRT,300.43,5.18,D
-3.3888,126.89125,352.94,0.33,0.55,2026-09-18,0544,N,nominal,2.0NRT,302.31,4.2,D
-4.54743,119.60589,335.11,0.39,0.36,2026-09-18,0544,N,nominal,2.0NRT,306.92,2.5,D
-3.39218,126.83876,329.53,0.33,0.55,2026-09-18,0544,N,nominal,2.0NRT,298.85,2.31,D
-3.48776,126.25505,336.12,0.59,0.53,2026-09-18,0544,N,nominal,2.0NRT,297.93,5.14,D
-3.36965,126.81715,367,0.33,0.55,2026-09-18,0544,N,high,2.0NRT,302.71,11.26,D
-3.36347,126.82299,336.25,0.33,0.55,2026-09-18,0544,N,nominal,2.0NRT,300.25,6.06,D
-3.36402,126.81967,353.64,0.33,0.55,2026-09-18,0544,N,nominal,2.0NRT,301.73,6.06,D
-3.45585,126.26632,348.2,0.6,0.53,2026-09-18,0544,N,nominal,2.0NRT,299.63,17.55,D
-3.3589,126.81911,367,0.33,0.55,2026-09-18,0544,N,high,2.0NRT,298.76,14.89,D
-3.35942,126.81593,329.8,0.33,0.55,2026-09-18,0544,N,nominal,2.0NRT,296.83,8.5,D
-3.45013,126.27064,333.74,0.6,0.53,2026-09-18,0544,N,nominal,2.0NRT,296.55,7.01,D
-3.45098,126.2655,353.49,0.6,0.53,2026-09-18,0544,N,nominal,2.0NRT,298.32,15.74,D
-4.1527,121.94936,337.02,0.47,0.4,2026-09-18,0544,N,nominal,2.0NRT,300.27,4.45,D
-3.3548,126.81241,367,0.33,0.55,2026-09-18,0544,N,high,2.0NRT,300.4,8.5,D
-3.15016,128.03136,333.49,0.4,0.6,2026-09-18,0544,N,nominal,2.0NRT,298.81,2.44,D
-3.35534,126.80914,333.37,0.33,0.55,2026-09-18,0544,N,nominal,2.0NRT,297.9,4.6,D
-3.35655,126.7708,329.55,0.32,0.55,2026-09-18,0544,N,low,2.0NRT,303.25,2.94,D
-3.3456,126.80508,331.89,0.32,0.55,2026-09-18,0546,N,nominal,2.0NRT,297.92,4.27,D
-3.31408,126.93011,333.63,0.33,0.55,2026-09-18,0546,N,nominal,2.0NRT,295.62,5.43,D
-4.0494,122.47636,336.01,0.5,0.41,2026-09-18,0546,N,nominal,2.0NRT,298.9,4.98,D
-3.33976,126.74704,337.24,0.32,0.55,2026-09-18,0546,N,nominal,2.0NRT,298.96,2.95,D
-3.33193,126.7626,336.13,0.32,0.55,2026-09-18,0546,N,nominal,2.0NRT,301.95,2.66,D
-3.3325,126.75925,334.46,0.32,0.55,2026-09-18,0546,N,nominal,2.0NRT,299.33,2.66,D
-3.33306,126.75596,337.15,0.32,0.55,2026-09-18,0546,N,nominal,2.0NRT,299.82,3.25,D
-4.42342,119.96053,352.47,0.4,0.37,2026-09-18,0546,N,nominal,2.0NRT,313.55,6.17,D
-4.42397,119.95693,334.59,0.4,0.37,2026-09-18,0546,N,low,2.0NRT,308.92,6.17,D
-3.3181,126.93195,331.24,0.33,0.55,2026-09-18,0546,N,nominal,2.0NRT,295.92,5.69,D
-3.3474,126.74931,331.24,0.32,0.55,2026-09-18,0546,N,nominal,2.0NRT,299.12,4.33,D
-3.31989,126.8881,332.26,0.33,0.55,2026-09-18,0546,N,nominal,2.0NRT,296.04,1.51,D
-3.33518,126.76076,347.27,0.32,0.55,2026-09-18,0546,N,nominal,2.0NRT,301.51,6.92,D
-3.33736,126.74718,330.57,0.32,0.55,2026-09-18,0546,N,nominal,2.0NRT,296.92,3.36,D
-3.32915,126.76595,367,0.32,0.55,2026-09-18,0546,N,high,2.0NRT,305.02,7.84,D
-3.32968,126.76261,367,0.32,0.55,2026-09-18,0546,N,high,2.0NRT,303.81,6.92,D
-3.32863,126.76914,347.77,0.32,0.55,2026-09-18,0546,N,nominal,2.0NRT,303.11,7.84,D
-3.33026,126.75906,352.47,0.32,0.55,2026-09-18,0546,N,nominal,2.0NRT,301.33,6.92,D
-3.33082,126.75558,330.96,0.32,0.55,2026-09-18,0546,N,nominal,2.0NRT,298.8,5.5,D
-3.32416,126.76463,367,0.32,0.55,2026-09-18,0546,N,high,2.0NRT,297.89,19.55,D
-3.32468,126.76141,354.86,0.32,0.55,2026-09-18,0546,N,nominal,2.0NRT,302.14,18.73,D
-3.27086,126.96348,348.4,0.33,0.56,2026-09-18,0546,N,nominal,2.0NRT,299.52,4.2,D
-3.30251,126.76987,330.63,0.32,0.55,2026-09-18,0546,N,nominal,2.0NRT,297.23,4,D
-3.30299,126.76694,331.71,0.32,0.55,2026-09-18,0546,N,nominal,2.0NRT,296.16,1.96,D
-3.26847,126.94585,329.57,0.33,0.56,2026-09-18,0546,N,nominal,2.0NRT,295.95,2.06,D
-4.34671,120.09922,343.84,0.4,0.37,2026-09-18,0546,N,nominal,2.0NRT,309.65,3.1,D
-2.93772,128.76921,332.43,0.45,0.63,2026-09-18,0546,N,nominal,2.0NRT,289.59,5.8,D
-4.4062,119.69283,334.31,0.39,0.36,2026-09-18,0546,N,low,2.0NRT,305.11,4.36,D
-3.23882,126.93398,367,0.33,0.55,2026-09-18,0546,N,high,2.0NRT,298.38,8.48,D
-3.23482,126.8634,367,0.33,0.55,2026-09-18,0546,N,high,2.0NRT,298.36,11.61,D
-2.88434,128.94263,353.54,0.46,0.64,2026-09-18,0546,N,nominal,2.0NRT,293.93,7.74,D
-3.23536,126.86021,356.12,0.33,0.55,2026-09-18,0546,N,nominal,2.0NRT,296.27,11.61,D
-2.87841,128.94188,345.52,0.46,0.64,2026-09-18,0546,N,nominal,2.0NRT,293.4,7.74,D
-3.22756,126.87547,341.14,0.33,0.55,2026-09-18,0546,N,nominal,2.0NRT,296.67,3.96,D
-3.22461,126.83063,352.18,0.33,0.55,2026-09-18,0546,N,nominal,2.0NRT,297.88,10.22,D
-3.22831,126.82986,339.85,0.33,0.55,2026-09-18,0546,N,nominal,2.0NRT,296.49,7.23,D
-4.29456,120.03235,345.48,0.4,0.37,2026-09-18,0546,N,nominal,2.0NRT,311.73,4.13,D
-2.88151,128.94415,367,0.46,0.64,2026-09-18,0546,N,high,2.0NRT,294.18,16.64,D
-3.22267,126.83244,340.74,0.33,0.55,2026-09-18,0546,N,nominal,2.0NRT,292.76,9.56,D
-4.00435,121.79043,342.13,0.46,0.39,2026-09-18,0546,N,nominal,2.0NRT,311.3,7.8,D
-4.27045,120.07653,339.94,0.4,0.37,2026-09-18,0546,N,low,2.0NRT,311.37,3.02,D
-3.90174,122.42106,338.36,0.5,0.41,2026-09-18,0546,N,nominal,2.0NRT,304.52,6.98,D
-3.90245,122.41653,336.38,0.5,0.41,2026-09-18,0546,N,nominal,2.0NRT,303.79,6.06,D
-3.1938,126.78488,346.26,0.33,0.55,2026-09-18,0546,N,nominal,2.0NRT,295.68,3.46,D
-3.99609,121.77201,347.34,0.46,0.39,2026-09-18,0546,N,nominal,2.0NRT,306.79,4.57,D
-3.99246,121.77145,334.5,0.46,0.39,2026-09-18,0546,N,low,2.0NRT,308.46,4.57,D
-3.99312,121.76725,341.2,0.46,0.39,2026-09-18,0546,N,nominal,2.0NRT,309.12,4.57,D
-3.98555,121.79178,339.29,0.46,0.39,2026-09-18,0546,N,low,2.0NRT,312.81,4.85,D
-3.98884,121.7709,333.08,0.46,0.39,2026-09-18,0546,N,low,2.0NRT,307.81,7.2,D
-3.98192,121.79122,339.14,0.46,0.39,2026-09-18,0546,N,low,2.0NRT,310.36,4.85,D
-3.17901,126.74797,350.37,0.32,0.55,2026-09-18,0546,N,nominal,2.0NRT,291.86,17.42,D
-3.1802,126.74075,335.76,0.32,0.55,2026-09-18,0546,N,nominal,2.0NRT,293.39,12.31,D
-3.1808,126.73708,343.99,0.32,0.55,2026-09-18,0546,N,nominal,2.0NRT,293.22,5.14,D
-3.97895,121.78647,336.29,0.46,0.39,2026-09-18,0546,N,low,2.0NRT,309.45,4.33,D
-3.17396,126.74702,367,0.32,0.55,2026-09-18,0546,N,high,2.0NRT,297.63,17.42,D
-3.17454,126.74351,356.21,0.32,0.55,2026-09-18,0546,N,nominal,2.0NRT,294.62,12.31,D
-3.97532,121.7859,335.8,0.46,0.39,2026-09-18,0546,N,low,2.0NRT,308.18,4.33,D
-3.87236,122.41187,333.15,0.5,0.41,2026-09-18,0546,N,low,2.0NRT,305.71,5.15,D
-3.87308,122.40736,335.27,0.5,0.41,2026-09-18,0546,N,low,2.0NRT,305.57,5.15,D
-3.87004,122.40225,334.53,0.5,0.41,2026-09-18,0546,N,low,2.0NRT,304.81,5.67,D
-3.87076,122.39774,334.73,0.5,0.41,2026-09-18,0546,N,nominal,2.0NRT,303.19,5.67,D
-3.87148,122.39322,332.1,0.5,0.41,2026-09-18,0546,N,low,2.0NRT,304.09,5.66,D
-4.23933,120.00929,341.47,0.4,0.37,2026-09-18,0546,N,nominal,2.0NRT,310.8,3.19,D
-4.17448,120.26936,338.51,0.4,0.37,2026-09-18,0546,N,low,2.0NRT,308.57,1.72,D
-4.19662,120.03136,349.92,0.4,0.37,2026-09-18,0546,N,nominal,2.0NRT,312.14,6.21,D
-4.16259,120.1851,338.13,0.4,0.37,2026-09-18,0546,N,nominal,2.0NRT,306.54,3.74,D
-4.10093,120.24627,332.99,0.4,0.37,2026-09-18,0546,N,low,2.0NRT,307.62,1.64,D
-3.80273,122.0485,334.96,0.48,0.4,2026-09-18,0546,N,nominal,2.0NRT,296.26,3.98,D
-4.07147,120.21191,335.58,0.4,0.37,2026-09-18,0546,N,low,2.0NRT,306.34,3.33,D
-4.06725,120.17047,340.2,0.4,0.37,2026-09-18,0546,N,nominal,2.0NRT,305.29,3.4,D
-4.12017,119.82558,345.24,0.4,0.37,2026-09-18,0546,N,nominal,2.0NRT,310.19,10.4,D
-4.07553,120.09396,334.44,0.4,0.37,2026-09-18,0546,N,low,2.0NRT,306.27,1.73,D
-4.11626,119.82864,341.08,0.4,0.37,2026-09-18,0546,N,nominal,2.0NRT,310.53,11.67,D
-4.11681,119.82504,352.16,0.4,0.37,2026-09-18,0546,N,nominal,2.0NRT,307.22,5.18,D
-4.11901,119.81062,342.62,0.39,0.37,2026-09-18,0546,N,nominal,2.0NRT,305.21,4.86,D
-4.11289,119.8281,351.51,0.4,0.37,2026-09-18,0546,N,nominal,2.0NRT,311.68,11.67,D
-4.10953,119.82758,336.65,0.4,0.37,2026-09-18,0546,N,nominal,2.0NRT,305.2,3.52,D
-3.59162,123.14552,330.95,0.56,0.43,2026-09-18,0546,N,nominal,2.0NRT,300.07,4.63,D
-4.0385,120.24428,341.91,0.4,0.37,2026-09-18,0546,N,nominal,2.0NRT,305.36,2.45,D
-4.04748,120.18602,334.12,0.4,0.37,2026-09-18,0546,N,low,2.0NRT,304.62,1.86,D
-4.07697,119.81537,336.25,0.4,0.37,2026-09-18,0546,N,low,2.0NRT,308.79,1.99,D
-4.05836,119.75767,333.84,0.39,0.36,2026-09-18,0546,N,low,2.0NRT,305.68,3.67,D
-4.04441,119.80318,341.92,0.4,0.37,2026-09-18,0546,N,nominal,2.0NRT,311.16,5.14,D
-3.98687,120.1507,336.22,0.4,0.37,2026-09-18,0546,N,nominal,2.0NRT,303.67,1.81,D
-4.03933,119.76942,343.82,0.39,0.37,2026-09-18,0546,N,nominal,2.0NRT,307.29,3.28,D
-4.02085,119.79962,335.35,0.4,0.37,2026-09-18,0546,N,low,2.0NRT,309.16,1.99,D
-3.97805,120.06731,332.27,0.4,0.37,2026-09-18,0546,N,low,2.0NRT,302.63,1.89,D
-3.96412,120.13548,337.82,0.4,0.37,2026-09-18,0546,N,nominal,2.0NRT,305.09,3.09,D
-4.02134,119.76242,338.73,0.39,0.37,2026-09-18,0546,N,low,2.0NRT,310.91,4.89,D
-4.02353,119.74811,340.34,0.39,0.36,2026-09-18,0546,N,nominal,2.0NRT,306.51,4.59,D
-4.01399,119.74298,336.38,0.39,0.36,2026-09-18,0546,N,low,2.0NRT,307.4,2.15,D
-3.96757,119.95525,334.98,0.4,0.37,2026-09-18,0546,N,nominal,2.0NRT,303.22,1.82,D
-4.0049,119.71272,340.16,0.39,0.36,2026-09-18,0546,N,nominal,2.0NRT,308.94,3.2,D
-3.99828,119.73337,336.07,0.39,0.36,2026-09-18,0546,N,nominal,2.0NRT,310.37,2.42,D
-3.99882,119.72986,336.81,0.39,0.36,2026-09-18,0546,N,nominal,2.0NRT,310.06,2.42,D
-3.99936,119.72633,337.47,0.39,0.36,2026-09-18,0546,N,nominal,2.0NRT,312.43,4.83,D
-3.99491,119.73289,367,0.39,0.36,2026-09-18,0546,N,high,2.0NRT,316.78,15.25,D
-3.99546,119.72936,367,0.39,0.36,2026-09-18,0546,N,high,2.0NRT,314.56,15.25,D
-3.99437,119.7364,338.47,0.39,0.36,2026-09-18,0546,N,nominal,2.0NRT,310.29,6.21,D
-3.996,119.72585,339.32,0.39,0.36,2026-09-18,0546,N,nominal,2.0NRT,309.42,12.36,D
-3.99155,119.73237,367,0.39,0.36,2026-09-18,0546,N,high,2.0NRT,310.05,15.25,D
-3.92287,120.17748,335.1,0.4,0.37,2026-09-18,0546,N,nominal,2.0NRT,303.52,1.99,D
-3.9921,119.72886,352.95,0.39,0.36,2026-09-18,0546,N,nominal,2.0NRT,311.71,15.25,D
-3.99264,119.72532,346.65,0.39,0.36,2026-09-18,0546,N,nominal,2.0NRT,314.03,12.36,D
-3.99483,119.71107,346.88,0.39,0.36,2026-09-18,0546,N,nominal,2.0NRT,309.58,5.25,D
-3.99538,119.70755,335.98,0.39,0.36,2026-09-18,0546,N,low,2.0NRT,308.1,5.25,D
-3.98928,119.7248,337.49,0.39,0.36,2026-09-18,0546,N,low,2.0NRT,311.2,6.88,D
-3.99148,119.71056,348.97,0.39,0.36,2026-09-18,0546,N,nominal,2.0NRT,308.27,4.57,D
-3.93284,120.04563,337.77,0.4,0.37,2026-09-18,0546,N,nominal,2.0NRT,303.97,3.65,D
-3.92324,120.04047,336.07,0.4,0.37,2026-09-18,0546,N,nominal,2.0NRT,305.9,4.3,D
-3.95762,119.81839,336.84,0.4,0.37,2026-09-18,0546,N,low,2.0NRT,306.92,6.67,D
-3.96643,119.76142,344.73,0.39,0.37,2026-09-18,0546,N,nominal,2.0NRT,310.03,6.24,D
-3.95425,119.81787,337.28,0.4,0.37,2026-09-18,0546,N,nominal,2.0NRT,305.14,6.45,D
-3.92086,119.96645,333.89,0.4,0.37,2026-09-18,0546,N,low,2.0NRT,305.85,2.57,D
-3.95843,119.70196,341.28,0.39,0.36,2026-09-18,0546,N,nominal,2.0NRT,311.17,4.02,D
-3.93726,119.7497,348.96,0.39,0.37,2026-09-18,0546,N,nominal,2.0NRT,311.36,9.88,D
-3.93106,119.72319,335.74,0.39,0.36,2026-09-18,0546,N,low,2.0NRT,307.67,8.62,D
-3.8348,120.31734,333.72,0.41,0.37,2026-09-18,0546,N,low,2.0NRT,304.31,3.38,D
-3.83537,120.31367,336.04,0.41,0.37,2026-09-18,0546,N,nominal,2.0NRT,303.67,3.6,D
-3.84572,120.24772,340.62,0.41,0.37,2026-09-18,0546,N,nominal,2.0NRT,303.44,1.9,D
-3.87697,120.04809,339.34,0.4,0.37,2026-09-18,0546,N,nominal,2.0NRT,304.1,4.71,D
-3.92826,119.71909,336.67,0.39,0.36,2026-09-18,0546,N,low,2.0NRT,308.94,3.84,D
-3.92276,119.58705,332.46,0.39,0.36,2026-09-18,0546,N,low,2.0NRT,307.22,0.76,D
-3.90639,119.6712,348.05,0.39,0.36,2026-09-18,0546,N,nominal,2.0NRT,311.6,8.74,D
-3.89967,119.67021,336.18,0.39,0.36,2026-09-18,0546,N,low,2.0NRT,308.8,3.92,D
-3.48472,122.22241,331.29,0.5,0.41,2026-09-18,0546,N,nominal,2.0NRT,301.56,4.45,D
-3.50076,122.12056,334.17,0.49,0.4,2026-09-18,0546,N,nominal,2.0NRT,302.09,4.06,D
-3.48028,122.22629,338.49,0.5,0.41,2026-09-18,0546,N,nominal,2.0NRT,301,4.45,D
-3.48098,122.22184,349.42,0.5,0.41,2026-09-18,0546,N,nominal,2.0NRT,301.75,4.45,D
-3.47654,122.2257,336.32,0.5,0.41,2026-09-18,0546,N,nominal,2.0NRT,302.84,6.71,D
-3.8056,119.92188,334.81,0.4,0.37,2026-09-18,0546,N,nominal,2.0NRT,302.98,4.47,D
-3.8038,119.84467,341.83,0.4,0.37,2026-09-18,0546,N,nominal,2.0NRT,308.63,7.83,D
-3.80526,119.66565,346.35,0.39,0.36,2026-09-18,0546,N,nominal,2.0NRT,304.68,4.77,D
-3.79746,119.67171,336.24,0.39,0.36,2026-09-18,0546,N,nominal,2.0NRT,302.37,2.69,D
-3.5139,121.43678,333.36,0.45,0.39,2026-09-18,0546,N,low,2.0NRT,307.27,4.78,D
-3.51097,121.43201,340.18,0.45,0.39,2026-09-18,0546,N,nominal,2.0NRT,303.76,4.78,D
-3.50189,121.44312,332.83,0.45,0.39,2026-09-18,0546,N,low,2.0NRT,305.18,4.55,D
-3.50378,121.43102,342.54,0.45,0.39,2026-09-18,0546,N,nominal,2.0NRT,307.31,13.14,D
-3.50019,121.43049,334.78,0.45,0.39,2026-09-18,0546,N,low,2.0NRT,307.26,7.51,D
-3.30982,122.1241,337.71,0.49,0.4,2026-09-18,0546,N,nominal,2.0NRT,296.69,6.09,D
-3.30609,122.12354,339.29,0.49,0.4,2026-09-18,0546,N,nominal,2.0NRT,298.9,46.99,D
-3.64603,119.72772,330.59,0.4,0.37,2026-09-18,0546,N,low,2.0NRT,303.76,1.36,D
-3.64267,119.72719,335.83,0.4,0.37,2026-09-18,0546,N,nominal,2.0NRT,303.34,2.31,D
-3.6253,119.72815,340.32,0.4,0.37,2026-09-18,0546,N,nominal,2.0NRT,302.7,5.2,D
-3.63947,119.59236,334.76,0.39,0.36,2026-09-18,0546,N,nominal,2.0NRT,304.02,2.22,D
-3.20681,122.19428,332.44,0.5,0.41,2026-09-18,0546,N,nominal,2.0NRT,299.8,6.06,D
-3.6086,119.60135,333.61,0.39,0.36,2026-09-18,0546,N,nominal,2.0NRT,303.17,1.84,D
-3.20574,122.19514,345.4,0.5,0.41,2026-09-18,0546,N,nominal,2.0NRT,299.35,11.01,D
-3.5816,119.57593,336.98,0.39,0.36,2026-09-18,0546,N,low,2.0NRT,307.54,2.94,D
-3.57824,119.57542,341.12,0.39,0.36,2026-09-18,0546,N,nominal,2.0NRT,308.74,4.68,D
-3.54277,119.62721,332.64,0.39,0.36,2026-09-18,0546,N,nominal,2.0NRT,300.89,2.01,D
-3.18717,121.75815,342.24,0.47,0.4,2026-09-18,0546,N,nominal,2.0NRT,310.44,7.95,D
-3.4959,119.68539,337.03,0.4,0.37,2026-09-18,0546,N,nominal,2.0NRT,304.81,5.2,D
-3.49645,119.68188,334.22,0.4,0.37,2026-09-18,0546,N,low,2.0NRT,304.71,2.77,D
-3.51724,119.54797,344.53,0.39,0.36,2026-09-18,0546,N,nominal,2.0NRT,304.74,5.1,D
-3.49487,119.68472,347.54,0.4,0.37,2026-09-18,0546,N,nominal,2.0NRT,306.2,8.78,D
-3.4954,119.6812,337.22,0.4,0.37,2026-09-18,0546,N,nominal,2.0NRT,306.86,4.19,D
-3.49203,119.68079,348.17,0.4,0.37,2026-09-18,0546,N,nominal,2.0NRT,303.85,4.19,D
-3.16629,121.72938,332.74,0.47,0.4,2026-09-18,0546,N,low,2.0NRT,304.81,5.48,D
-3.4953,119.54742,338.09,0.39,0.36,2026-09-18,0546,N,nominal,2.0NRT,301.92,2.76,D
-3.47432,119.48309,350.5,0.39,0.36,2026-09-18,0546,N,nominal,2.0NRT,305.65,7.49,D
-3.47097,119.48257,340.06,0.39,0.36,2026-09-18,0546,N,nominal,2.0NRT,305.32,7.22,D
-3.06205,121.93808,338.46,0.48,0.4,2026-09-18,0546,N,nominal,2.0NRT,304.98,7.74,D
-3.4175,119.65083,332.96,0.39,0.37,2026-09-18,0546,N,nominal,2.0NRT,301.89,1.76,D
-4.16127,114.66328,336.87,0.51,0.41,2026-09-18,0546,N,nominal,2.0NRT,299.22,12,D
-3.3924,119.65747,342.32,0.4,0.37,2026-09-18,0546,N,nominal,2.0NRT,300.5,6.07,D
-3.91629,116.20348,345.51,0.43,0.38,2026-09-18,0546,N,nominal,2.0NRT,300.72,16.42,D
-3.91885,116.20403,334.73,0.43,0.38,2026-09-18,0546,N,nominal,2.0NRT,299.37,9.28,D
-3.91535,116.20352,344.51,0.43,0.38,2026-09-18,0546,N,nominal,2.0NRT,299.56,9.28,D
-3.4716,119.0845,337.4,0.39,0.36,2026-09-18,0546,N,nominal,2.0NRT,302.77,2.61,D
-3.4616,119.08302,334.05,0.39,0.36,2026-09-18,0546,N,nominal,2.0NRT,301.8,2.46,D
-3.46214,119.07953,335.13,0.39,0.36,2026-09-18,0546,N,low,2.0NRT,306.95,4.88,D
-3.91554,116.08452,333.89,0.43,0.38,2026-09-18,0546,N,low,2.0NRT,298.2,12.6,D
-3.47419,118.88984,343.94,0.39,0.36,2026-09-18,0546,N,nominal,2.0NRT,302.83,4.57,D
-3.46754,118.8888,335.16,0.39,0.36,2026-09-18,0546,N,nominal,2.0NRT,304.68,2.76,D
-4.0835,114.79795,332.55,0.5,0.41,2026-09-18,0546,N,nominal,2.0NRT,297.38,5.76,D
-3.37751,119.4305,335.14,0.39,0.36,2026-09-18,0546,N,nominal,2.0NRT,298.34,2.61,D
-3.03788,121.57172,330.02,0.46,0.39,2026-09-18,0546,N,nominal,2.0NRT,299.76,5.19,D
-3.85418,116.22989,339.37,0.43,0.38,2026-09-18,0546,N,nominal,2.0NRT,304.22,4.99,D
-3.43309,118.95805,341.68,0.39,0.36,2026-09-18,0546,N,nominal,2.0NRT,302.77,3.43,D
-3.85007,116.20962,330.23,0.43,0.38,2026-09-18,0546,N,low,2.0NRT,298.84,2.49,D
-3.83035,116.24601,341.37,0.43,0.38,2026-09-18,0546,N,nominal,2.0NRT,300.81,7.78,D
-3.84822,116.12625,336.56,0.43,0.38,2026-09-18,0546,N,low,2.0NRT,296.87,3.39,D
-3.29188,119.74001,336.74,0.4,0.37,2026-09-18,0546,N,nominal,2.0NRT,306.18,4.27,D
-3.82097,116.21313,343.65,0.43,0.38,2026-09-18,0546,N,nominal,2.0NRT,302.63,10.29,D
-3.98936,115.04741,337.81,0.48,0.4,2026-09-18,0546,N,low,2.0NRT,298.87,7.76,D
-3.82085,116.16578,330.34,0.43,0.38,2026-09-18,0546,N,nominal,2.0NRT,297.68,2.66,D
-3.98825,115.04359,331.97,0.48,0.4,2026-09-18,0546,N,low,2.0NRT,297.69,4.43,D
-3.79989,116.2294,367,0.43,0.38,2026-09-18,0546,N,high,2.0NRT,301.07,9.65,D
-3.79872,116.23709,339.25,0.43,0.38,2026-09-18,0546,N,low,2.0NRT,299.86,5.09,D
-3.78479,116.18781,353.7,0.43,0.38,2026-09-18,0546,N,nominal,2.0NRT,301.94,16.33,D
-3.78012,116.195,331.56,0.43,0.38,2026-09-18,0546,N,low,2.0NRT,299.39,4.09,D
-3.78129,116.18729,350.72,0.43,0.38,2026-09-18,0546,N,nominal,2.0NRT,302.63,16.33,D
-3.78187,116.18344,345.24,0.43,0.38,2026-09-18,0546,N,nominal,2.0NRT,301.3,16.33,D
-3.78246,116.1796,338.69,0.43,0.38,2026-09-18,0546,N,nominal,2.0NRT,300.29,6.77,D
-3.27956,119.45364,339.95,0.39,0.36,2026-09-18,0546,N,nominal,2.0NRT,301.28,11.4,D
-3.77838,116.18292,335.03,0.43,0.38,2026-09-18,0546,N,low,2.0NRT,300.03,10.47,D
-3.77896,116.17908,344.91,0.43,0.38,2026-09-18,0546,N,low,2.0NRT,302.47,25.88,D
-2.95098,121.46059,352.26,0.46,0.39,2026-09-18,0546,N,nominal,2.0NRT,306.62,18.78,D
-2.95224,121.45251,330.34,0.46,0.39,2026-09-18,0546,N,low,2.0NRT,301.87,4.42,D
-2.83155,122.17326,335.54,0.5,0.41,2026-09-18,0546,N,nominal,2.0NRT,303.43,8.39,D
-2.94503,121.45132,341.08,0.46,0.39,2026-09-18,0546,N,nominal,2.0NRT,307.95,10.01,D
-2.94567,121.44724,344.32,0.46,0.39,2026-09-18,0546,N,nominal,2.0NRT,306.84,10.01,D
-2.82777,122.17275,337.88,0.5,0.41,2026-09-18,0546,N,nominal,2.0NRT,300.46,8.15,D
-2.93423,121.49659,333.45,0.46,0.39,2026-09-18,0546,N,nominal,2.0NRT,300.4,2.7,D
-2.9306,121.49613,330.64,0.46,0.39,2026-09-18,0546,N,low,2.0NRT,302.27,2.7,D
-2.9126,121.5397,337.25,0.46,0.39,2026-09-18,0546,N,nominal,2.0NRT,304.46,14.58,D
-2.91325,121.53562,337.64,0.46,0.39,2026-09-18,0546,N,nominal,2.0NRT,303.52,14.58,D
-3.19248,119.68389,337.18,0.4,0.37,2026-09-18,0546,N,nominal,2.0NRT,304.75,6.61,D
-3.84302,115.25988,337.99,0.47,0.4,2026-09-18,0546,N,low,2.0NRT,303.37,8.01,D
-3.8431,115.26206,330.46,0.47,0.4,2026-09-18,0546,N,low,2.0NRT,302.45,6.42,D
-2.87267,121.53182,333.13,0.46,0.39,2026-09-18,0546,N,low,2.0NRT,304.74,2.47,D
-3.91062,114.64178,347.62,0.51,0.41,2026-09-18,0546,N,nominal,2.0NRT,301.95,12.47,D
-3.18823,119.32207,342.94,0.39,0.36,2026-09-18,0546,N,nominal,2.0NRT,303.18,9.75,D
-3.83756,115.05063,332.41,0.48,0.4,2026-09-18,0546,N,low,2.0NRT,297.73,3.71,D
-3.14837,119.44769,331.85,0.39,0.36,2026-09-18,0546,N,nominal,2.0NRT,296.76,3.01,D
-3.14504,119.44714,356.15,0.39,0.36,2026-09-18,0546,N,nominal,2.0NRT,303.35,26.16,D
-2.77197,121.67475,338.75,0.47,0.4,2026-09-18,0546,N,nominal,2.0NRT,296.62,4.14,D
-3.82375,114.75913,333.51,0.5,0.41,2026-09-18,0546,N,low,2.0NRT,300.48,4.75,D
-2.76161,121.66915,334.56,0.47,0.4,2026-09-18,0546,N,nominal,2.0NRT,299.68,1.88,D
-2.75517,121.68602,333.1,0.47,0.4,2026-09-18,0546,N,nominal,2.0NRT,299.14,7.26,D
-2.75587,121.68166,332.49,0.47,0.4,2026-09-18,0546,N,nominal,2.0NRT,301.01,6.76,D
-2.8421,121.09301,331.96,0.44,0.39,2026-09-18,0546,N,nominal,2.0NRT,298.99,4.31,D
-2.84271,121.08912,332.73,0.44,0.39,2026-09-18,0546,N,nominal,2.0NRT,299.97,5.99,D
-2.7567,121.68236,335.57,0.47,0.4,2026-09-18,0546,N,nominal,2.0NRT,302.24,6.13,D
-3.77735,115.0118,335.28,0.48,0.4,2026-09-18,0546,N,nominal,2.0NRT,299.55,4.78,D
-2.75301,121.68195,331.38,0.47,0.4,2026-09-18,0546,N,nominal,2.0NRT,298.09,6.13,D
-2.84334,121.09327,338.07,0.44,0.39,2026-09-18,0546,N,nominal,2.0NRT,299.02,4.02,D
-2.84394,121.08931,334.63,0.44,0.39,2026-09-18,0546,N,nominal,2.0NRT,299.83,5.24,D
-3.13843,119.1212,332.75,0.39,0.36,2026-09-18,0546,N,nominal,2.0NRT,304.89,2.95,D
-2.82079,121.09792,337.28,0.44,0.39,2026-09-18,0546,N,nominal,2.0NRT,300.76,4.76,D
-3.65604,115.63741,331.9,0.45,0.39,2026-09-18,0546,N,low,2.0NRT,300.45,3.35,D
-3.8013,114.67845,342.61,0.5,0.41,2026-09-18,0546,N,nominal,2.0NRT,300.05,6.15,D
-3.79753,114.67789,353.33,0.5,0.41,2026-09-18,0546,N,nominal,2.0NRT,306.76,28.64,D
-3.5376,116.3705,351.2,0.42,0.38,2026-09-18,0546,N,nominal,2.0NRT,303.07,8.86,D
-3.7305,115.07157,331.24,0.48,0.4,2026-09-18,0546,N,nominal,2.0NRT,296.25,26.69,D
-3.73115,115.06727,335.47,0.48,0.4,2026-09-18,0546,N,nominal,2.0NRT,302.97,19.64,D
-3.72745,115.0668,336.51,0.48,0.4,2026-09-18,0546,N,nominal,2.0NRT,293.65,19.64,D
-3.09667,119.19326,333.66,0.39,0.36,2026-09-18,0546,N,low,2.0NRT,305.93,37.85,D
-1.17181,131.28128,327.66,0.71,0.75,2026-09-18,0546,N,nominal,2.0NRT,292.02,5.27,D
-3.09386,119.18932,348.62,0.39,0.36,2026-09-18,0546,N,nominal,2.0NRT,305.58,37.85,D
-3.73887,114.88969,343.67,0.49,0.4,2026-09-18,0546,N,nominal,2.0NRT,301.22,7.92,D
-3.08438,119.18433,340.22,0.39,0.36,2026-09-18,0546,N,nominal,2.0NRT,303.91,2.51,D
-3.73516,114.88908,342.33,0.49,0.4,2026-09-18,0546,N,low,2.0NRT,302.47,23.37,D
-3.73078,114.89288,354.59,0.49,0.4,2026-09-18,0546,N,low,2.0NRT,299.74,15.21,D
-2.67984,121.71792,330.32,0.48,0.4,2026-09-18,0546,N,nominal,2.0NRT,298.06,3.15,D
-2.68048,121.71386,340.09,0.48,0.4,2026-09-18,0546,N,nominal,2.0NRT,298.54,5.05,D
-2.76663,121.11831,334.04,0.45,0.39,2026-09-18,0546,N,nominal,2.0NRT,301.34,4.08,D
-2.75882,121.12156,332.38,0.45,0.39,2026-09-18,0546,N,nominal,2.0NRT,301.26,4.44,D
-2.65275,121.72267,337.71,0.48,0.4,2026-09-18,0546,N,nominal,2.0NRT,300.85,5.92,D
-2.64907,121.72217,337.5,0.48,0.4,2026-09-18,0546,N,nominal,2.0NRT,300.93,5.92,D
-2.87647,120.25781,342.33,0.41,0.37,2026-09-18,0546,N,nominal,2.0NRT,299.39,16.68,D
-3.6248,115.27828,339.2,0.47,0.4,2026-09-18,0546,N,nominal,2.0NRT,298.43,4.37,D
-2.95988,119.64662,346.71,0.4,0.37,2026-09-18,0546,N,nominal,2.0NRT,301.86,7.03,D
-2.95652,119.64606,351.44,0.4,0.37,2026-09-18,0546,N,nominal,2.0NRT,299.16,7.03,D
-3.01956,119.23405,334.79,0.39,0.36,2026-09-18,0546,N,nominal,2.0NRT,302.97,19.91,D
-3.02009,119.23057,333.06,0.39,0.36,2026-09-18,0546,N,low,2.0NRT,305.78,19.03,D
-3.6244,115.27917,337.76,0.47,0.4,2026-09-18,0546,N,nominal,2.0NRT,298.31,5.8,D
-3.53438,115.82061,339.11,0.44,0.38,2026-09-18,0546,N,low,2.0NRT,305.71,8.89,D
-3.51486,115.82983,336.38,0.44,0.38,2026-09-18,0546,N,low,2.0NRT,306.13,6.86,D
-3.50294,115.88462,349.95,0.44,0.38,2026-09-18,0546,N,nominal,2.0NRT,301.91,13.97,D
-2.62278,121.60606,350.1,0.47,0.4,2026-09-18,0546,N,nominal,2.0NRT,297.47,14.52,D
-3.02156,119.02055,346.82,0.39,0.36,2026-09-18,0546,N,nominal,2.0NRT,301.74,15.02,D
-3.49941,115.8841,335.59,0.44,0.38,2026-09-18,0546,N,low,2.0NRT,302.05,4.7,D
-3.50658,115.83672,344.82,0.44,0.38,2026-09-18,0546,N,low,2.0NRT,306.89,12.66,D
-2.98352,119.24622,339.21,0.39,0.36,2026-09-18,0546,N,nominal,2.0NRT,300.32,5.64,D
-3.49587,115.88357,333.5,0.44,0.38,2026-09-18,0546,N,low,2.0NRT,302.97,4.7,D
-2.62254,121.51166,332.54,0.47,0.39,2026-09-18,0546,N,low,2.0NRT,303.63,4.37,D
-2.62152,121.49434,342.27,0.47,0.39,2026-09-18,0546,N,nominal,2.0NRT,299.71,7.99,D
-3.60977,115.02906,345.11,0.48,0.4,2026-09-18,0546,N,nominal,2.0NRT,311.06,89.22,D
-3.61039,115.02496,288.98,0.48,0.4,2026-09-18,0546,N,low,2.0NRT,320.42,110.58,D
-2.62119,121.47269,337.38,0.46,0.39,2026-09-18,0546,N,nominal,2.0NRT,301.56,6.1,D
-3.60421,115.04102,331.61,0.48,0.4,2026-09-18,0546,N,low,2.0NRT,299.49,6.7,D
-3.60547,115.0326,335.92,0.48,0.4,2026-09-18,0546,N,nominal,2.0NRT,299.13,7.03,D
-3.6061,115.02842,345.01,0.48,0.4,2026-09-18,0546,N,nominal,2.0NRT,299.16,7.03,D
-3.60673,115.0242,334.94,0.48,0.4,2026-09-18,0546,N,nominal,2.0NRT,296.93,5.58,D
-3.59989,115.04467,338.67,0.48,0.4,2026-09-18,0546,N,low,2.0NRT,301.89,18.81,D
-3.47055,115.88383,342.44,0.44,0.38,2026-09-18,0546,N,nominal,2.0NRT,301.89,6.86,D
-3.47115,115.8799,342.47,0.44,0.38,2026-09-18,0546,N,nominal,2.0NRT,305.23,10.36,D
-3.48778,115.76899,334.73,0.44,0.39,2026-09-18,0546,N,nominal,2.0NRT,300.94,7.81,D
-3.48838,115.76501,340.39,0.44,0.39,2026-09-18,0546,N,nominal,2.0NRT,303.2,7.81,D
-2.76424,120.48589,335.48,0.42,0.38,2026-09-18,0546,N,nominal,2.0NRT,299.38,2.69,D
-3.48423,115.76847,333.94,0.44,0.39,2026-09-18,0546,N,nominal,2.0NRT,299.85,7.81,D
-3.48483,115.76448,334.51,0.44,0.39,2026-09-18,0546,N,nominal,2.0NRT,299.89,7.81,D
-2.60634,121.44896,347,0.46,0.39,2026-09-18,0546,N,nominal,2.0NRT,301.79,8.2,D
-3.4993,115.61903,337.05,0.45,0.39,2026-09-18,0546,N,low,2.0NRT,306.16,9.74,D
-3.58322,115.05543,330.74,0.48,0.4,2026-09-18,0546,N,low,2.0NRT,300.26,4.6,D
-2.78775,120.26683,336.54,0.41,0.37,2026-09-18,0546,N,nominal,2.0NRT,301.09,4.56,D
-3.5789,115.05918,339.83,0.48,0.4,2026-09-18,0546,N,nominal,2.0NRT,300.39,6.65,D
-3.57954,115.05489,344.5,0.48,0.4,2026-09-18,0546,N,nominal,2.0NRT,301.61,8.28,D
-3.58209,115.03768,336.99,0.48,0.4,2026-09-18,0546,N,low,2.0NRT,298.17,6.73,D
-3.57344,115.04522,333.31,0.48,0.4,2026-09-18,0546,N,low,2.0NRT,300.04,9,D
-3.56975,115.04469,341.84,0.48,0.4,2026-09-18,0546,N,nominal,2.0NRT,300.71,9,D
-2.57944,121.38483,332.07,0.46,0.39,2026-09-18,0546,N,nominal,2.0NRT,297.59,2.8,D
-2.57872,121.38507,330.29,0.46,0.39,2026-09-18,0546,N,low,2.0NRT,301.29,32.14,D
-2.57936,121.38086,344.53,0.46,0.39,2026-09-18,0546,N,nominal,2.0NRT,302.84,35.44,D
-2.57511,121.38445,342.82,0.46,0.39,2026-09-18,0546,N,nominal,2.0NRT,310.05,32.14,D
-3.51205,115.25971,333.55,0.47,0.4,2026-09-18,0546,N,low,2.0NRT,299.16,6.96,D
-2.57575,121.38025,291.89,0.46,0.39,2026-09-18,0546,N,low,2.0NRT,306.3,35.44,D
-2.54379,121.56403,352.86,0.47,0.4,2026-09-18,0546,N,nominal,2.0NRT,304.67,16.79,D
-2.72639,120.37561,332.17,0.42,0.37,2026-09-18,0546,N,nominal,2.0NRT,301.76,2.11,D
-2.54017,121.56329,351.95,0.47,0.4,2026-09-18,0546,N,nominal,2.0NRT,304.62,16.79,D
-3.43204,115.73647,333.63,0.44,0.39,2026-09-18,0546,N,low,2.0NRT,300.56,7.19,D
-3.54369,114.95301,348.49,0.48,0.4,2026-09-18,0546,N,nominal,2.0NRT,298.95,12.17,D
-3.58889,114.65474,340.33,0.5,0.41,2026-09-18,0546,N,nominal,2.0NRT,300.5,9.86,D
-3.51516,115.11642,331.07,0.47,0.4,2026-09-18,0546,N,low,2.0NRT,298.89,3.65,D
-2.54048,121.46478,335.21,0.47,0.39,2026-09-18,0546,N,nominal,2.0NRT,294.35,3.41,D
-2.53684,121.46432,333.61,0.47,0.39,2026-09-18,0546,N,nominal,2.0NRT,296.74,2.12,D
-1.57111,127.42927,329.15,0.38,0.59,2026-09-18,0546,N,low,2.0NRT,301.96,2.54,D
-2.59482,120.92619,346.44,0.44,0.38,2026-09-18,0546,N,nominal,2.0NRT,301.47,7.09,D
-3.53109,114.784,340.85,0.49,0.41,2026-09-18,0546,N,nominal,2.0NRT,301.36,8.82,D
-3.52859,114.64586,333.41,0.5,0.41,2026-09-18,0546,N,low,2.0NRT,299.51,3.86,D
-3.52926,114.64133,333.64,0.5,0.41,2026-09-18,0546,N,low,2.0NRT,300.36,4.27,D
-3.52415,114.64983,341.33,0.5,0.41,2026-09-18,0546,N,nominal,2.0NRT,299.85,6.49,D
-3.52482,114.6453,342.72,0.5,0.41,2026-09-18,0546,N,nominal,2.0NRT,299.88,6.49,D
-2.66275,120.26254,336.18,0.41,0.37,2026-09-18,0546,N,nominal,2.0NRT,302.76,8.68,D
-3.44486,115.08467,340.7,0.48,0.4,2026-09-18,0546,N,nominal,2.0NRT,300.84,17.33,D
-3.51041,114.63853,336.06,0.5,0.41,2026-09-18,0546,N,low,2.0NRT,300.76,6.47,D
-3.44116,115.08433,349.25,0.48,0.4,2026-09-18,0546,N,nominal,2.0NRT,300.91,17.33,D
-3.35741,115.60254,332.6,0.45,0.39,2026-09-18,0546,N,low,2.0NRT,299.1,2.88,D
-3.44152,115.08595,343.71,0.48,0.4,2026-09-18,0546,N,nominal,2.0NRT,301.18,28.76,D
-3.50976,114.6406,335.5,0.5,0.41,2026-09-18,0546,N,low,2.0NRT,301.29,7.71,D
-3.43844,115.08146,335.4,0.48,0.4,2026-09-18,0546,N,nominal,2.0NRT,298.36,3.62,D
-3.47248,114.7591,341.76,0.49,0.41,2026-09-18,0546,N,low,2.0NRT,304.75,8.15,D
-3.34075,115.57646,340.12,0.45,0.39,2026-09-18,0546,N,nominal,2.0NRT,301.98,7.64,D
-3.46838,114.73568,339.65,0.5,0.41,2026-09-18,0546,N,low,2.0NRT,305.95,10.98,D
-2.81613,118.97065,331.09,0.39,0.36,2026-09-18,0546,N,nominal,2.0NRT,297.77,4.05,D
-3.37082,115.32973,347.95,0.46,0.39,2026-09-18,0546,N,nominal,2.0NRT,303.33,30.48,D
-3.3672,115.32919,338.08,0.46,0.39,2026-09-18,0546,N,nominal,2.0NRT,299.15,9.5,D
-3.46799,114.66219,341.76,0.5,0.41,2026-09-18,0546,N,nominal,2.0NRT,303.13,5.21,D
-3.46867,114.65768,335.02,0.5,0.41,2026-09-18,0546,N,low,2.0NRT,301.38,5.21,D
-3.31004,115.68274,334.02,0.44,0.39,2026-09-18,0546,N,nominal,2.0NRT,301.65,2.89,D
-3.34605,115.44463,333.87,0.46,0.39,2026-09-18,0546,N,low,2.0NRT,297.97,4.49,D
-3.37959,115.19801,351.1,0.47,0.4,2026-09-18,0546,N,nominal,2.0NRT,304.2,17.43,D
-3.38022,115.19379,334.2,0.47,0.4,2026-09-18,0546,N,low,2.0NRT,302.51,4.85,D
-3.37276,115.2186,351.68,0.47,0.4,2026-09-18,0546,N,nominal,2.0NRT,303.22,14.81,D
-3.37785,115.18481,335.93,0.47,0.4,2026-09-18,0546,N,low,2.0NRT,300.77,7.14,D
-3.22628,116.16529,344.05,0.42,0.38,2026-09-18,0546,N,nominal,2.0NRT,300.26,16.27,D
-3.36912,115.21801,349.99,0.47,0.4,2026-09-18,0546,N,nominal,2.0NRT,305.26,15.72,D
-3.36976,115.21379,340.6,0.47,0.4,2026-09-18,0546,N,nominal,2.0NRT,304.41,15.72,D
-3.36042,115.25114,330.65,0.47,0.39,2026-09-18,0546,N,low,2.0NRT,301.56,4.39,D
-3.43588,114.67128,344.18,0.5,0.41,2026-09-18,0546,N,nominal,2.0NRT,303.18,25.77,D
-2.75497,119.14682,334.52,0.39,0.36,2026-09-18,0546,N,nominal,2.0NRT,295.66,2.37,D
-3.39812,114.77089,367,0.49,0.41,2026-09-18,0546,N,high,2.0NRT,307.08,35.41,D
-3.28902,115.48179,346.48,0.45,0.39,2026-09-18,0546,N,nominal,2.0NRT,299.47,7.29,D
-3.27028,115.58331,335.52,0.45,0.39,2026-09-18,0546,N,nominal,2.0NRT,298.2,3.96,D
-3.26674,115.58253,338.9,0.45,0.39,2026-09-18,0546,N,nominal,2.0NRT,299.51,3.96,D
-2.55866,120.21222,333.57,0.41,0.37,2026-09-18,0546,N,nominal,2.0NRT,297.15,7.54,D
-3.32608,115.03802,330.15,0.48,0.4,2026-09-18,0546,N,low,2.0NRT,301.58,4.44,D
-3.22519,115.5312,333.77,0.45,0.39,2026-09-18,0546,N,low,2.0NRT,295.21,4.53,D
-3.22043,115.51426,331.35,0.45,0.39,2026-09-18,0546,N,low,2.0NRT,288.52,5.87,D
-2.27084,121.68828,335.24,0.48,0.4,2026-09-18,0546,N,nominal,2.0NRT,301.21,25.09,D
-3.21687,115.5136,336.49,0.45,0.39,2026-09-18,0546,N,low,2.0NRT,291.49,5.84,D
-2.26714,121.68776,336.66,0.48,0.4,2026-09-18,0546,N,nominal,2.0NRT,300.23,25.09,D
-2.65477,119.18497,343.48,0.39,0.36,2026-09-18,0546,N,nominal,2.0NRT,299.88,5.05,D
-3.20531,115.39479,340.22,0.46,0.39,2026-09-18,0546,N,low,2.0NRT,298.41,6.36,D
-3.21794,115.26033,352.88,0.46,0.39,2026-09-18,0546,N,nominal,2.0NRT,301.17,16.27,D
-3.42084,113.80444,344.6,0.56,0.43,2026-09-18,0546,N,nominal,2.0NRT,299.44,7.95,D
-3.41513,113.78803,333.68,0.56,0.43,2026-09-18,0546,N,nominal,2.0NRT,300.08,3.44,D
-3.42258,113.80201,339.16,0.56,0.43,2026-09-18,0546,N,nominal,2.0NRT,298.46,6.34,D
-3.41302,113.78506,333.68,0.56,0.43,2026-09-18,0546,N,nominal,2.0NRT,298.2,6.85,D
-3.26075,114.75745,337.16,0.49,0.4,2026-09-18,0546,N,low,2.0NRT,305.58,9.85,D
-3.25432,114.77462,340.32,0.49,0.4,2026-09-18,0546,N,nominal,2.0NRT,304.15,9.09,D
-3.11527,115.66273,338.99,0.44,0.39,2026-09-18,0546,N,nominal,2.0NRT,301.01,6.51,D
-3.41347,113.70194,335.53,0.57,0.43,2026-09-18,0546,N,nominal,2.0NRT,298.06,14.72,D
-3.11232,115.65826,332.61,0.44,0.39,2026-09-18,0546,N,low,2.0NRT,298.62,6.01,D
-3.11291,115.65434,333.71,0.44,0.39,2026-09-18,0546,N,low,2.0NRT,299.97,6.01,D
-3.11351,115.65038,333.29,0.44,0.39,2026-09-18,0546,N,low,2.0NRT,299.23,5.28,D
-3.39257,113.81306,335.86,0.56,0.43,2026-09-18,0546,N,nominal,2.0NRT,299.19,6.06,D
-3.21908,114.88161,342.59,0.48,0.4,2026-09-18,0546,N,nominal,2.0NRT,308.76,10.09,D
-3.36469,113.89083,367,0.55,0.43,2026-09-18,0546,N,high,2.0NRT,297.94,19.27,D
-3.32351,114.16434,334.94,0.53,0.42,2026-09-18,0546,N,low,2.0NRT,296.85,4.78,D
-3.36544,113.88586,332.88,0.55,0.43,2026-09-18,0546,N,nominal,2.0NRT,298.2,8.87,D
-3.2269,114.77958,340.45,0.49,0.4,2026-09-18,0546,N,low,2.0NRT,308.01,7.74,D
-3.36075,113.89026,337.64,0.55,0.43,2026-09-18,0546,N,nominal,2.0NRT,295.27,5.51,D
-3.31506,114.16799,351.33,0.53,0.42,2026-09-18,0546,N,nominal,2.0NRT,299.18,17.48,D
-3.14891,115.24709,331.44,0.46,0.39,2026-09-18,0546,N,low,2.0NRT,297.73,3.41,D
-3.17765,115.0563,341.32,0.47,0.4,2026-09-18,0546,N,low,2.0NRT,308.3,9.99,D
-3.17784,115.03011,350.23,0.48,0.4,2026-09-18,0546,N,nominal,2.0NRT,310.37,15.1,D
-2.48214,119.58048,332.3,0.4,0.37,2026-09-18,0546,N,nominal,2.0NRT,299.08,2.74,D
-3.19752,114.87396,343,0.48,0.4,2026-09-18,0546,N,low,2.0NRT,305.99,15.09,D
-3.21531,114.75529,348.06,0.49,0.4,2026-09-18,0546,N,nominal,2.0NRT,305.64,7.52,D
-3.21598,114.75085,338.72,0.49,0.4,2026-09-18,0546,N,low,2.0NRT,305.21,7.52,D
-3.21797,114.73755,350.08,0.49,0.4,2026-09-18,0546,N,nominal,2.0NRT,306.22,12.32,D
-3.2006,114.80273,340,0.49,0.4,2026-09-18,0546,N,low,2.0NRT,309.26,13.62,D
-2.51895,119.2746,343.64,0.39,0.36,2026-09-18,0546,N,nominal,2.0NRT,299.74,5.13,D
-3.17861,114.92451,354.74,0.48,0.4,2026-09-18,0546,N,nominal,2.0NRT,304.58,14.37,D
-3.17925,114.92017,341.9,0.48,0.4,2026-09-18,0546,N,low,2.0NRT,301.88,4.75,D
-3.19951,114.78455,337.38,0.49,0.4,2026-09-18,0546,N,low,2.0NRT,304.62,10.65,D
-3.17427,114.9283,349.41,0.48,0.4,2026-09-18,0546,N,nominal,2.0NRT,305.66,16.98,D
-3.17251,114.91476,338.25,0.48,0.4,2026-09-18,0546,N,low,2.0NRT,301.59,9.59,D
-3.16319,114.92666,335.85,0.48,0.4,2026-09-18,0546,N,low,2.0NRT,306.95,7.7,D
-3.25293,114.29464,337.49,0.52,0.42,2026-09-18,0546,N,nominal,2.0NRT,299.59,7.09,D
-4.49233,105.57442,350.61,0.69,0.74,2026-09-18,0546,N,nominal,2.0NRT,290.4,45.4,D
-4.49321,105.56796,355.32,0.69,0.74,2026-09-18,0546,N,nominal,2.0NRT,292.03,45.4,D
-2.51622,119.15913,334.2,0.39,0.36,2026-09-18,0546,N,nominal,2.0NRT,295.91,2.49,D
-4.48627,105.56713,356.63,0.69,0.74,2026-09-18,0546,N,low,2.0NRT,289.55,45.4,D
-2.52246,119.09629,331.86,0.39,0.36,2026-09-18,0546,N,nominal,2.0NRT,300.18,4.81,D
-3.08149,115.37675,336.97,0.46,0.39,2026-09-18,0546,N,nominal,2.0NRT,301.29,5.59,D
-3.14906,114.92014,331.41,0.48,0.4,2026-09-18,0546,N,low,2.0NRT,304.23,7.84,D
-2.41847,119.72393,345.76,0.4,0.37,2026-09-18,0546,N,nominal,2.0NRT,301.82,10.07,D
-2.43494,119.61765,332.22,0.4,0.37,2026-09-18,0546,N,low,2.0NRT,302.23,3.33,D
-3.07358,115.4053,336.14,0.46,0.39,2026-09-18,0546,N,nominal,2.0NRT,299.65,4.51,D
-3.06939,115.40874,335.93,0.46,0.39,2026-09-18,0546,N,nominal,2.0NRT,298.02,7.24,D
-3.06995,115.40499,344.97,0.46,0.39,2026-09-18,0546,N,nominal,2.0NRT,298.69,4.51,D
-3.13302,114.92661,331.3,0.48,0.4,2026-09-18,0546,N,low,2.0NRT,302.41,3.12,D
-3.16588,114.70256,348.27,0.49,0.41,2026-09-18,0546,N,nominal,2.0NRT,302.55,8.33,D
-3.06812,115.40893,333.01,0.45,0.39,2026-09-18,0546,N,low,2.0NRT,296.79,3.84,D
-3.13327,114.98482,337.23,0.48,0.4,2026-09-18,0546,N,low,2.0NRT,303.24,5.32,D
-3.13081,114.92717,337.65,0.48,0.4,2026-09-18,0546,N,nominal,2.0NRT,302.05,4.04,D
-3.16501,114.70356,356.59,0.49,0.41,2026-09-18,0546,N,nominal,2.0NRT,302.97,13.06,D
-3.19361,114.49117,336.62,0.51,0.41,2026-09-18,0546,N,low,2.0NRT,299.45,7.58,D
-3.20272,114.43151,334.13,0.51,0.41,2026-09-18,0546,N,nominal,2.0NRT,300.49,7.15,D
-3.1815,114.54525,336.37,0.5,0.41,2026-09-18,0546,N,nominal,2.0NRT,302.52,5.09,D
-3.18983,114.49061,333.08,0.51,0.41,2026-09-18,0546,N,low,2.0NRT,299.44,7.58,D
-3.22376,114.26792,332.88,0.52,0.42,2026-09-18,0546,N,nominal,2.0NRT,299.9,5.43,D
-3.11974,114.92553,336.8,0.48,0.4,2026-09-18,0546,N,low,2.0NRT,302.95,5.93,D
-3.11605,114.925,349.9,0.48,0.4,2026-09-18,0546,N,nominal,2.0NRT,300.8,5.93,D
-4.49971,105.57963,330.57,0.69,0.74,2026-09-18,0546,N,nominal,2.0NRT,290.54,26.56,D
-4.49369,105.57238,367,0.69,0.74,2026-09-18,0546,N,high,2.0NRT,290.25,26.56,D
-2.89645,116.32044,337.15,0.42,0.37,2026-09-18,0546,N,nominal,2.0NRT,302.45,14.54,D
-3.18372,114.42872,336.94,0.51,0.41,2026-09-18,0546,N,nominal,2.0NRT,301.23,5.07,D
-3.24906,113.99698,332.13,0.54,0.42,2026-09-18,0546,N,nominal,2.0NRT,297.43,4.51,D
-4.49461,105.56599,354.55,0.69,0.74,2026-09-18,0546,N,nominal,2.0NRT,290.53,44.8,D
-3.24516,113.99641,334.01,0.54,0.42,2026-09-18,0546,N,nominal,2.0NRT,300.14,7.41,D
-4.48675,105.57157,345.45,0.69,0.74,2026-09-18,0546,N,nominal,2.0NRT,289.87,46.42,D
-4.48766,105.56521,352.78,0.69,0.74,2026-09-18,0546,N,nominal,2.0NRT,289.89,54.42,D
-3.24791,113.95169,347.64,0.55,0.42,2026-09-18,0546,N,nominal,2.0NRT,298.56,8.26,D
-3.25535,113.90232,345.07,0.55,0.43,2026-09-18,0546,N,nominal,2.0NRT,305.03,42.13,D
-3.25609,113.89736,355.8,0.55,0.43,2026-09-18,0546,N,nominal,2.0NRT,309.32,42.13,D
-3.25684,113.8924,351.84,0.55,0.43,2026-09-18,0546,N,nominal,2.0NRT,304.17,13.42,D
-3.25217,113.89678,367,0.55,0.43,2026-09-18,0546,N,high,2.0NRT,305.66,36.55,D
-3.25291,113.89182,367,0.55,0.43,2026-09-18,0546,N,high,2.0NRT,307.55,18.59,D
-3.25366,113.88686,367,0.55,0.43,2026-09-18,0546,N,high,2.0NRT,305.28,18.59,D
-3.07237,115.08925,333.08,0.47,0.4,2026-09-18,0546,N,nominal,2.0NRT,300.65,3.25,D
-3.23882,113.98547,339.83,0.54,0.42,2026-09-18,0546,N,nominal,2.0NRT,299.2,8.32,D
-3.24325,113.95604,336.91,0.55,0.42,2026-09-18,0546,N,nominal,2.0NRT,299.1,14.69,D
-3.24399,113.95113,356.23,0.55,0.42,2026-09-18,0546,N,nominal,2.0NRT,302.78,63.15,D
-3.25142,113.90174,341.8,0.55,0.43,2026-09-18,0546,N,nominal,2.0NRT,300.48,36.55,D
-3.25441,113.88189,352.87,0.55,0.43,2026-09-18,0546,N,nominal,2.0NRT,307.17,9.32,D
-3.25515,113.87691,336.64,0.55,0.43,2026-09-18,0546,N,nominal,2.0NRT,303.56,9.32,D
-3.22905,114.02396,332.33,0.54,0.42,2026-09-18,0546,N,low,2.0NRT,299.08,2.97,D
-3.24008,113.95055,350.04,0.55,0.42,2026-09-18,0546,N,nominal,2.0NRT,299.83,63.15,D
-3.24749,113.90116,332.72,0.55,0.43,2026-09-18,0546,N,nominal,2.0NRT,296.16,36.55,D
-3.24898,113.89124,349.44,0.55,0.43,2026-09-18,0546,N,nominal,2.0NRT,304.91,18.59,D
-3.24973,113.88628,349.25,0.55,0.43,2026-09-18,0546,N,nominal,2.0NRT,303.6,18.59,D
-3.25047,113.88131,336.6,0.55,0.43,2026-09-18,0546,N,nominal,2.0NRT,302.49,9.32,D
-2.3493,119.78619,344.5,0.4,0.37,2026-09-18,0546,N,nominal,2.0NRT,306.68,31.8,D
-3.20203,114.17754,331.34,0.53,0.42,2026-09-18,0546,N,low,2.0NRT,300.2,8.05,D
-3.2458,113.8857,344,0.55,0.43,2026-09-18,0546,N,nominal,2.0NRT,302.95,20.54,D
-3.15782,114.42018,335.17,0.51,0.41,2026-09-18,0546,N,low,2.0NRT,307.78,123.08,D
-3.15851,114.41557,334.7,0.51,0.41,2026-09-18,0546,N,low,2.0NRT,301.48,10.06,D
-3.23645,113.89448,353.07,0.55,0.43,2026-09-18,0546,N,nominal,2.0NRT,299.94,25.25,D
-2.36433,119.6212,335.15,0.4,0.37,2026-09-18,0546,N,low,2.0NRT,308.59,24.15,D
-2.36488,119.61766,333.9,0.4,0.37,2026-09-18,0546,N,nominal,2.0NRT,303.35,24.15,D
-3.23252,113.8939,346.62,0.55,0.43,2026-09-18,0546,N,nominal,2.0NRT,299.25,25.25,D
-2.36151,119.61713,334.19,0.4,0.37,2026-09-18,0546,N,nominal,2.0NRT,302.59,64.26,D
-3.13177,114.54256,351.38,0.5,0.41,2026-09-18,0546,N,nominal,2.0NRT,310.14,23.24,D
-3.22147,113.8872,367,0.55,0.43,2026-09-18,0546,N,high,2.0NRT,299.13,62.89,D
-2.97239,115.55737,331.16,0.45,0.39,2026-09-18,0546,N,nominal,2.0NRT,296.79,3.67,D
-2.99666,115.39548,352.83,0.45,0.39,2026-09-18,0546,N,nominal,2.0NRT,306.83,23.62,D
-3.19314,114.07816,339.41,0.54,0.42,2026-09-18,0546,N,nominal,2.0NRT,296.5,6.46,D
-2.99305,115.39509,333.66,0.45,0.39,2026-09-18,0546,N,nominal,2.0NRT,295.25,23.62,D
-3.18926,114.07758,337.66,0.54,0.42,2026-09-18,0546,N,low,2.0NRT,297.03,6.46,D
-3.19141,114.06306,335.95,0.54,0.42,2026-09-18,0546,N,low,2.0NRT,300.05,8.65,D
-3.20222,113.9901,331.21,0.54,0.42,2026-09-18,0546,N,low,2.0NRT,299.18,2.95,D
-2.92512,115.82422,344.94,0.44,0.38,2026-09-18,0546,N,nominal,2.0NRT,302.48,20.56,D
-3.22319,113.82123,344.02,0.56,0.43,2026-09-18,0546,N,nominal,2.0NRT,303.15,15.13,D
-3.21851,113.82565,349.58,0.56,0.43,2026-09-18,0546,N,nominal,2.0NRT,306.08,15.13,D
-3.21924,113.82065,342.84,0.56,0.43,2026-09-18,0546,N,nominal,2.0NRT,303.05,15.13,D
-3.2222,113.80058,339.92,0.56,0.43,2026-09-18,0546,N,nominal,2.0NRT,303.05,4.96,D
-3.2274,113.76531,341.64,0.56,0.43,2026-09-18,0546,N,nominal,2.0NRT,306.67,10.93,D
-3.17832,114.07102,340.74,0.54,0.42,2026-09-18,0546,N,low,2.0NRT,298.56,9.74,D
-3.19195,113.97858,338.67,0.54,0.42,2026-09-18,0546,N,nominal,2.0NRT,298.64,3.52,D
-3.2153,113.82007,341.05,0.56,0.43,2026-09-18,0546,N,nominal,2.0NRT,302.31,5.92,D
-3.21604,113.81506,343.44,0.56,0.43,2026-09-18,0546,N,nominal,2.0NRT,301.84,5.61,D
-3.10202,114.56131,343.25,0.5,0.41,2026-09-18,0546,N,low,2.0NRT,301.96,12.07,D
-3.19891,113.90415,349.17,0.55,0.43,2026-09-18,0546,N,nominal,2.0NRT,299.25,16.3,D
-3.21135,113.81949,340.34,0.56,0.43,2026-09-18,0546,N,nominal,2.0NRT,301.52,5.92,D
-3.21209,113.81448,339.72,0.56,0.43,2026-09-18,0546,N,nominal,2.0NRT,302.23,5.61,D
-3.18774,113.9529,336.19,0.55,0.42,2026-09-18,0546,N,nominal,2.0NRT,300.73,4.04,D
-3.19498,113.90357,347.32,0.55,0.43,2026-09-18,0546,N,nominal,2.0NRT,299.09,24,D
-3.19571,113.89861,353.86,0.55,0.43,2026-09-18,0546,N,nominal,2.0NRT,300.66,24,D
-3.18888,113.91784,336.25,0.55,0.43,2026-09-18,0546,N,nominal,2.0NRT,300.16,7.73,D
-3.19178,113.89804,351.77,0.55,0.43,2026-09-18,0546,N,nominal,2.0NRT,301.72,24,D
-3.20346,113.81834,343.57,0.56,0.43,2026-09-18,0546,N,nominal,2.0NRT,300.07,8.19,D
-3.17561,113.98118,335.79,0.54,0.42,2026-09-18,0546,N,nominal,2.0NRT,298.18,3.44,D
-3.17633,113.97628,334.87,0.54,0.42,2026-09-18,0546,N,low,2.0NRT,297.91,3.44,D
-3.18136,113.9419,336.77,0.55,0.42,2026-09-18,0546,N,nominal,2.0NRT,298.92,15.09,D
-3.18496,113.91726,339.95,0.55,0.43,2026-09-18,0546,N,nominal,2.0NRT,300.09,9.31,D
-3.20171,113.8027,341.15,0.56,0.43,2026-09-18,0546,N,nominal,2.0NRT,299.3,5.53,D
-2.33175,119.56398,332.1,0.4,0.37,2026-09-18,0546,N,nominal,2.0NRT,301.06,2.49,D
-3.17314,113.9708,335.32,0.54,0.42,2026-09-18,0546,N,low,2.0NRT,298.73,4.73,D
-3.19703,113.80714,339.18,0.56,0.43,2026-09-18,0546,N,nominal,2.0NRT,301.21,7.96,D
-2.30727,119.69931,347.49,0.4,0.37,2026-09-18,0546,N,nominal,2.0NRT,316.18,42.58,D
-2.31114,119.67439,344.34,0.4,0.37,2026-09-18,0546,N,nominal,2.0NRT,299.71,5.49,D
-3.15432,114.07243,331.3,0.54,0.42,2026-09-18,0546,N,low,2.0NRT,300.02,10.06,D
-3.17784,113.91116,336.27,0.55,0.43,2026-09-18,0546,N,nominal,2.0NRT,299.18,7.97,D
-3.17536,113.90069,342.42,0.55,0.43,2026-09-18,0546,N,nominal,2.0NRT,298.67,44.41,D
-3.18938,113.91496,343.33,0.55,0.42,2026-09-18,0546,N,nominal,2.0NRT,301.14,7.15,D
-3.19166,113.90015,345.17,0.55,0.43,2026-09-18,0546,N,nominal,2.0NRT,299.05,9.07,D
-3.20464,113.81565,346.89,0.56,0.43,2026-09-18,0546,N,nominal,2.0NRT,301.49,11.56,D
-3.16078,114.07528,347.96,0.54,0.42,2026-09-18,0546,N,low,2.0NRT,301.67,17.45,D
-3.17567,113.97821,342.08,0.54,0.42,2026-09-18,0546,N,nominal,2.0NRT,298.91,9.1,D
-3.18169,113.93902,339.43,0.55,0.42,2026-09-18,0546,N,nominal,2.0NRT,300.27,13.28,D
-3.18546,113.91439,342.8,0.55,0.42,2026-09-18,0546,N,nominal,2.0NRT,300.42,7.15,D
-3.18774,113.89958,338.48,0.55,0.43,2026-09-18,0546,N,nominal,2.0NRT,298.76,9.07,D
-3.20224,113.80505,341.56,0.56,0.43,2026-09-18,0546,N,nominal,2.0NRT,300.97,7.48,D
-3.1569,114.07471,340.95,0.54,0.42,2026-09-18,0546,N,low,2.0NRT,301.56,14.34,D
-3.17777,113.93845,342.88,0.55,0.42,2026-09-18,0546,N,nominal,2.0NRT,299.19,8.32,D
-3.19829,113.80447,353.67,0.56,0.43,2026-09-18,0546,N,nominal,2.0NRT,301.29,10.58,D
-3.1814,113.88854,367,0.55,0.43,2026-09-18,0546,N,high,2.0NRT,304.3,66.96,D
-3.17989,113.89842,337.58,0.55,0.43,2026-09-18,0546,N,nominal,2.0NRT,299.82,8.89,D
-3.17597,113.89785,353.38,0.55,0.43,2026-09-18,0546,N,nominal,2.0NRT,302.15,111.8,D
-3.15022,114.01434,336.41,0.54,0.42,2026-09-18,0546,N,nominal,2.0NRT,297.67,4.97,D
-3.18783,113.76706,344.62,0.56,0.43,2026-09-18,0546,N,nominal,2.0NRT,302.19,11.61,D
-3.19245,113.73669,335.25,0.56,0.43,2026-09-18,0546,N,nominal,2.0NRT,301.49,35.81,D
-3.35963,112.63528,332.38,0.44,0.46,2026-09-18,0546,N,nominal,2.0NRT,295.75,2.61,D
-2.01429,121.41948,330.29,0.47,0.4,2026-09-18,0546,N,low,2.0NRT,304.44,4.72,D
-3.16269,113.90601,348.8,0.55,0.43,2026-09-18,0546,N,nominal,2.0NRT,300.52,9.57,D
-3.18388,113.76648,346.53,0.56,0.43,2026-09-18,0546,N,nominal,2.0NRT,300.9,11.61,D
-3.18464,113.76142,345.38,0.56,0.43,2026-09-18,0546,N,nominal,2.0NRT,299.35,7.5,D
-2.00871,121.4315,337.87,0.47,0.4,2026-09-18,0546,N,nominal,2.0NRT,304.49,8.11,D
-3.13071,114.09055,336.71,0.53,0.42,2026-09-18,0546,N,low,2.0NRT,299.81,8.37,D
-3.16027,113.89555,338.92,0.55,0.43,2026-09-18,0546,N,nominal,2.0NRT,298.07,19.36,D
-3.16102,113.89061,340.31,0.55,0.43,2026-09-18,0546,N,nominal,2.0NRT,295.02,131.66,D
-3.17916,113.77094,348.06,0.56,0.43,2026-09-18,0546,N,nominal,2.0NRT,301.91,11.23,D
-3.18529,113.73048,334.64,0.56,0.43,2026-09-18,0546,N,nominal,2.0NRT,300.93,11.26,D
-3.12683,114.08998,335.8,0.53,0.42,2026-09-18,0546,N,low,2.0NRT,299.18,8.37,D
-3.1752,113.77036,343.83,0.56,0.43,2026-09-18,0546,N,nominal,2.0NRT,300.9,11.23,D
-3.17596,113.76531,352.79,0.56,0.43,2026-09-18,0546,N,nominal,2.0NRT,300.98,11.23,D
-3.14944,113.91415,348.97,0.55,0.42,2026-09-18,0546,N,nominal,2.0NRT,303.99,45.64,D
-3.15317,113.88946,343.9,0.55,0.43,2026-09-18,0546,N,nominal,2.0NRT,302.83,36.26,D
-3.17736,113.72931,338.59,0.56,0.43,2026-09-18,0546,N,nominal,2.0NRT,302.25,10.1,D
-3.14329,113.92837,346.03,0.55,0.42,2026-09-18,0546,N,nominal,2.0NRT,300.26,23.52,D
-3.14478,113.9185,343.04,0.55,0.42,2026-09-18,0546,N,nominal,2.0NRT,304.85,45.64,D
-3.14925,113.88889,347.52,0.55,0.43,2026-09-18,0546,N,nominal,2.0NRT,298.02,36.26,D
-3.18643,113.64217,348.46,0.57,0.43,2026-09-18,0546,N,nominal,2.0NRT,302.7,13.02,D
-3.43882,111.96048,332.05,0.49,0.49,2026-09-18,0546,N,nominal,2.0NRT,295.15,6.36,D
-3.43367,111.96426,367,0.49,0.49,2026-09-18,0546,N,high,2.0NRT,299.72,21.88,D
-3.43433,111.95985,367,0.49,0.49,2026-09-18,0546,N,high,2.0NRT,300.31,21.88,D
-2.79325,116.21664,346.99,0.42,0.38,2026-09-18,0546,N,nominal,2.0NRT,304.37,6.51,D
-3.14607,113.88336,342.06,0.55,0.43,2026-09-18,0546,N,nominal,2.0NRT,300.24,58.28,D
-3.17018,113.7231,332.36,0.56,0.43,2026-09-18,0546,N,nominal,2.0NRT,297.49,9.81,D
-3.18244,113.64159,335.38,0.57,0.43,2026-09-18,0546,N,nominal,2.0NRT,302.73,11.68,D
-3.43103,111.98196,347.47,0.49,0.48,2026-09-18,0546,N,nominal,2.0NRT,295.94,7.23,D
-3.43169,111.97755,343.98,0.49,0.48,2026-09-18,0546,N,nominal,2.0NRT,295.84,7.23,D
-3.43499,111.95541,355.94,0.49,0.49,2026-09-18,0546,N,nominal,2.0NRT,298.62,17.78,D
-3.1362,113.92228,367,0.55,0.42,2026-09-18,0546,N,high,2.0NRT,310.06,73.21,D
-3.15636,113.78814,367,0.56,0.43,2026-09-18,0546,N,high,2.0NRT,309.63,53.2,D
-3.43116,111.95033,367,0.49,0.49,2026-09-18,0546,N,high,2.0NRT,301.48,17.78,D
-2.78922,116.21986,332.52,0.42,0.38,2026-09-18,0546,N,low,2.0NRT,300.69,6.51,D
-2.78979,116.2161,339.35,0.42,0.38,2026-09-18,0546,N,nominal,2.0NRT,303.25,6.51,D
-3.08984,114.23057,337.74,0.52,0.42,2026-09-18,0546,N,nominal,2.0NRT,299.96,6.16,D
-3.21725,113.38233,331.24,0.39,0.44,2026-09-18,0546,N,nominal,2.0NRT,296.03,5.59,D
-3.4305,111.95477,342.48,0.49,0.49,2026-09-18,0546,N,nominal,2.0NRT,298,17.78,D
-3.43182,111.94589,341.06,0.49,0.49,2026-09-18,0546,N,nominal,2.0NRT,295.69,6.75,D
-2.29551,119.4312,347.35,0.4,0.37,2026-09-18,0546,N,nominal,2.0NRT,298.38,8.55,D
-3.42668,111.94968,346,0.49,0.49,2026-09-18,0546,N,nominal,2.0NRT,298.17,19.14,D
-3.42733,111.94524,343.4,0.49,0.49,2026-09-18,0546,N,nominal,2.0NRT,302.17,67.9,D
-3.13303,113.91679,367,0.55,0.42,2026-09-18,0546,N,low,2.0NRT,346.52,324.27,D
-3.12911,113.91621,367,0.55,0.42,2026-09-18,0546,N,high,2.0NRT,343.28,324.27,D
-2.83437,115.8747,332.63,0.43,0.38,2026-09-18,0546,N,nominal,2.0NRT,300.01,3.47,D
-2.89656,115.46295,340.27,0.45,0.39,2026-09-18,0546,N,nominal,2.0NRT,300.23,5.54,D
-3.01013,114.70901,347.36,0.49,0.4,2026-09-18,0546,N,nominal,2.0NRT,299.38,6.97,D
-3.13281,113.89152,349.35,0.55,0.43,2026-09-18,0546,N,nominal,2.0NRT,302.26,24.08,D
-3.40524,112.06335,336.72,0.48,0.48,2026-09-18,0546,N,nominal,2.0NRT,295.8,4.68,D
-3.12519,113.91563,367,0.55,0.42,2026-09-18,0546,N,high,2.0NRT,330.79,383.46,D
-3.14526,113.78139,367,0.56,0.43,2026-09-18,0546,N,high,2.0NRT,303.33,278.54,D
-3.12888,113.89094,343.75,0.55,0.43,2026-09-18,0546,N,nominal,2.0NRT,300.22,196.3,D
-3.16649,113.63921,339.53,0.57,0.43,2026-09-18,0546,N,nominal,2.0NRT,302.01,8.83,D
-3.16726,113.63409,336.91,0.57,0.43,2026-09-18,0546,N,nominal,2.0NRT,301.49,7.84,D
-2.76178,116.30774,333.95,0.42,0.37,2026-09-18,0546,N,low,2.0NRT,298.87,4.73,D
-3.1257,113.88542,341.12,0.55,0.43,2026-09-18,0546,N,nominal,2.0NRT,299.87,8.1,D
-3.39956,112.04022,354.26,0.48,0.48,2026-09-18,0546,N,nominal,2.0NRT,298.11,12.42,D
-3.13661,113.78524,367,0.56,0.43,2026-09-18,0546,N,high,2.0NRT,306.82,161.4,D
-3.11271,113.91883,354.43,0.55,0.42,2026-09-18,0546,N,nominal,2.0NRT,315.33,200.84,D
-3.10879,113.91825,367,0.55,0.42,2026-09-18,0546,N,high,2.0NRT,306.98,144.35,D
-3.10952,113.91333,347.24,0.55,0.42,2026-09-18,0546,N,nominal,2.0NRT,304.47,150.1,D
-3.1122,113.86825,367,0.55,0.43,2026-09-18,0546,N,high,2.0NRT,329.45,383.4,D
-3.10169,113.91217,367,0.55,0.42,2026-09-18,0546,N,high,2.0NRT,325.78,257.08,D
-3.10827,113.86768,208,0.55,0.43,2026-09-18,0546,N,low,2.0NRT,323.17,470.35,D
-2.81207,115.83202,330.22,0.43,0.38,2026-09-18,0546,N,low,2.0NRT,296.94,3.82,D
-2.81031,115.81973,339.91,0.43,0.38,2026-09-18,0546,N,nominal,2.0NRT,300.52,11.34,D
-2.18124,119.9241,341.49,0.41,0.37,2026-09-18,0546,N,nominal,2.0NRT,305.93,5.46,D
-3.27273,112.60225,329.93,0.44,0.46,2026-09-18,0546,N,nominal,2.0NRT,285.56,5.2,D
-3.27331,112.59825,334.1,0.44,0.46,2026-09-18,0546,N,nominal,2.0NRT,284.23,5.2,D
-3.27389,112.59424,342.92,0.44,0.46,2026-09-18,0546,N,nominal,2.0NRT,283.78,7.43,D
-3.28773,112.46832,336.82,0.45,0.47,2026-09-18,0546,N,nominal,2.0NRT,274.4,5.2,D
-3.01876,114.28725,338.38,0.52,0.41,2026-09-18,0546,N,low,2.0NRT,301.52,8.97,D
-3.01426,114.29136,333.12,0.52,0.41,2026-09-18,0546,N,low,2.0NRT,301.45,6.28,D
-2.26182,119.27073,353.18,0.39,0.36,2026-09-18,0546,N,nominal,2.0NRT,304.59,13.37,D
-2.26039,119.27047,351.45,0.39,0.36,2026-09-18,0546,N,nominal,2.0NRT,310.67,44.7,D
-2.25476,119.26238,331.72,0.39,0.36,2026-09-18,0546,N,low,2.0NRT,303.86,4.46,D
-3.01645,114.28949,336.48,0.52,0.41,2026-09-18,0546,N,low,2.0NRT,302,7.07,D
-3.27528,112.6,332.33,0.44,0.46,2026-09-18,0546,N,nominal,2.0NRT,285.96,7.41,D
-3.27589,112.59599,332.84,0.44,0.46,2026-09-18,0546,N,nominal,2.0NRT,284.3,5.26,D
-3.2716,112.59539,342.44,0.44,0.46,2026-09-18,0546,N,nominal,2.0NRT,281.35,5.26,D
-3.27956,112.54327,330.15,0.45,0.47,2026-09-18,0546,N,nominal,2.0NRT,275.13,2.98,D
-3.15032,113.36203,330.67,0.39,0.44,2026-09-18,0546,N,nominal,2.0NRT,288.69,4.62,D
-3.28698,112.4657,341.76,0.45,0.47,2026-09-18,0546,N,nominal,2.0NRT,275.52,4.4,D
-2.77284,115.8072,346.04,0.43,0.38,2026-09-18,0546,N,nominal,2.0NRT,298.17,8.67,D
-3.04539,113.99691,367,0.54,0.42,2026-09-18,0546,N,high,2.0NRT,303.06,50.72,D
-3.09689,113.65867,340.15,0.57,0.43,2026-09-18,0546,N,nominal,2.0NRT,297.63,5.26,D
-3.04224,113.99148,367,0.54,0.42,2026-09-18,0546,N,high,2.0NRT,301.61,50.72,D
-3.02953,114.04898,367,0.54,0.42,2026-09-18,0546,N,high,2.0NRT,307.25,46.64,D
-3.1009,113.5516,347.97,0.38,0.43,2026-09-18,0546,N,nominal,2.0NRT,301.11,13.04,D
-3.29215,112.28484,337.84,0.46,0.47,2026-09-18,0546,N,nominal,2.0NRT,283.46,6.04,D
-3.09637,113.55445,339.72,0.38,0.43,2026-09-18,0546,N,nominal,2.0NRT,300.48,7.25,D
-3.09793,113.5441,338.66,0.38,0.43,2026-09-18,0546,N,nominal,2.0NRT,299.99,11.41,D
-3.28777,112.2842,345.67,0.46,0.47,2026-09-18,0546,N,nominal,2.0NRT,285.41,12.28,D
-3.09236,113.55386,337.56,0.38,0.43,2026-09-18,0546,N,nominal,2.0NRT,300.06,7.25,D
-3.28405,112.24934,331.59,0.47,0.47,2026-09-18,0546,N,nominal,2.0NRT,278.96,4.62,D
-3.27966,112.2487,340.48,0.47,0.47,2026-09-18,0546,N,nominal,2.0NRT,279,4.62,D
-2.6542,116.35313,367,0.41,0.37,2026-09-18,0546,N,high,2.0NRT,301.66,11.2,D
-1.86443,121.44972,330.94,0.47,0.4,2026-09-18,0546,N,nominal,2.0NRT,296.09,2.44,D
-2.19466,119.31832,329.91,0.39,0.36,2026-09-18,0546,N,low,2.0NRT,300.25,2.08,D
-2.84008,115.07436,347.84,0.47,0.4,2026-09-18,0546,N,nominal,2.0NRT,304.48,7.35,D
-2.95146,114.33221,330.78,0.51,0.41,2026-09-18,0546,N,low,2.0NRT,300.54,3.18,D
-2.83644,115.07381,331.89,0.47,0.4,2026-09-18,0546,N,low,2.0NRT,303.05,4.63,D
-3.06586,113.53939,331.77,0.38,0.43,2026-09-18,0546,N,nominal,2.0NRT,298,2.84,D
-2.20316,119.21847,334.66,0.39,0.36,2026-09-18,0546,N,nominal,2.0NRT,302.31,3.7,D
-3.20133,112.59738,342.5,0.44,0.46,2026-09-18,0546,N,nominal,2.0NRT,279.81,14.95,D
-3.22742,112.36048,339.67,0.46,0.47,2026-09-18,0546,N,nominal,2.0NRT,273.68,16.38,D
-2.16959,119.34709,336.41,0.39,0.37,2026-09-18,0546,N,nominal,2.0NRT,303.36,6.72,D
-2.17013,119.34354,335.81,0.39,0.37,2026-09-18,0546,N,nominal,2.0NRT,302.49,4.46,D
-3.13659,112.89049,333.59,0.42,0.45,2026-09-18,0546,N,nominal,2.0NRT,286.96,3.33,D
-3.13185,112.89367,335.89,0.42,0.45,2026-09-18,0546,N,nominal,2.0NRT,291.72,3.33,D
-3.19269,112.47689,330.27,0.45,0.47,2026-09-18,0546,N,nominal,2.0NRT,277.53,5.4,D
-3.18366,112.50872,348.87,0.45,0.47,2026-09-18,0546,N,nominal,2.0NRT,288.91,8.24,D
-3.17271,112.52358,346.21,0.45,0.47,2026-09-18,0546,N,nominal,2.0NRT,292.46,21.75,D
-3.1733,112.51955,354.13,0.45,0.47,2026-09-18,0546,N,nominal,2.0NRT,297.34,21.75,D
-3.16842,112.52296,330.75,0.45,0.47,2026-09-18,0546,N,nominal,2.0NRT,292.25,21.75,D
-3.169,112.51892,348.34,0.45,0.47,2026-09-18,0546,N,nominal,2.0NRT,294.49,21.75,D
-3.16958,112.51488,342.71,0.45,0.47,2026-09-18,0546,N,nominal,2.0NRT,293.08,35.27,D
-2.8605,114.60706,335.48,0.5,0.41,2026-09-18,0546,N,low,2.0NRT,302.95,20.61,D
-2.86115,114.6026,344.92,0.5,0.41,2026-09-18,0546,N,low,2.0NRT,301.46,20.61,D
-2.70119,115.66177,335.02,0.44,0.38,2026-09-18,0546,N,nominal,2.0NRT,295.99,4.32,D
-2.86,114.60376,346.44,0.5,0.41,2026-09-18,0546,N,low,2.0NRT,304.95,35.71,D
-3.18131,112.50871,330.98,0.45,0.47,2026-09-18,0546,N,nominal,2.0NRT,288.54,3.4,D
-3.17455,112.52415,343.63,0.45,0.47,2026-09-18,0546,N,nominal,2.0NRT,291.35,12.12,D
-3.17517,112.52013,353.35,0.45,0.47,2026-09-18,0546,N,nominal,2.0NRT,293.38,12.12,D
-3.17026,112.52354,333.23,0.45,0.47,2026-09-18,0546,N,nominal,2.0NRT,292.27,19.95,D
-3.17087,112.51951,351.52,0.45,0.47,2026-09-18,0546,N,nominal,2.0NRT,296.37,19.95,D
-3.17148,112.51549,346.4,0.45,0.47,2026-09-18,0546,N,nominal,2.0NRT,294,23.41,D
-3.10944,112.89415,342.57,0.42,0.45,2026-09-18,0546,N,nominal,2.0NRT,288.65,17.43,D
-3.13878,112.7015,333.42,0.43,0.46,2026-09-18,0546,N,nominal,2.0NRT,292.89,2.29,D
-3.16657,112.5189,332.04,0.45,0.47,2026-09-18,0546,N,nominal,2.0NRT,292.69,19.95,D
-3.16718,112.51488,350.93,0.45,0.47,2026-09-18,0546,N,nominal,2.0NRT,291.24,23.41,D
-3.19081,112.33032,338.28,0.46,0.47,2026-09-18,0546,N,nominal,2.0NRT,276.42,6.46,D
-3.19144,112.32618,345.74,0.46,0.47,2026-09-18,0546,N,nominal,2.0NRT,275.31,10,D
-2.88987,114.28204,349.06,0.52,0.41,2026-09-18,0546,N,nominal,2.0NRT,301.81,11.78,D
-3.13326,112.68068,342.69,0.43,0.46,2026-09-18,0546,N,nominal,2.0NRT,289.27,5.64,D
-3.13386,112.67675,351.4,0.43,0.46,2026-09-18,0546,N,nominal,2.0NRT,291.41,5.64,D
-2.88676,114.27682,367,0.52,0.41,2026-09-18,0546,N,high,2.0NRT,304.28,45.26,D
-2.88535,114.28613,331.44,0.52,0.41,2026-09-18,0546,N,low,2.0NRT,300.79,5.5,D
-2.88606,114.28148,342.25,0.52,0.41,2026-09-18,0546,N,nominal,2.0NRT,300.79,5.5,D
-3.12783,112.6879,333.11,0.43,0.46,2026-09-18,0546,N,nominal,2.0NRT,290.71,5.13,D
-3.12961,112.67612,331.19,0.43,0.46,2026-09-18,0546,N,nominal,2.0NRT,290.98,4.57,D
-3.1302,112.6722,341.91,0.44,0.46,2026-09-18,0546,N,nominal,2.0NRT,287.86,7.43,D
-2.88083,114.29021,347.16,0.52,0.41,2026-09-18,0546,N,nominal,2.0NRT,303.35,15.41,D
-2.88153,114.28557,330.55,0.52,0.41,2026-09-18,0546,N,low,2.0NRT,302.92,5.5,D
-3.12536,112.67552,331.6,0.43,0.46,2026-09-18,0546,N,nominal,2.0NRT,288.48,4.57,D
-3.12595,112.67158,343.31,0.44,0.46,2026-09-18,0546,N,nominal,2.0NRT,286.6,7.43,D
-3.18087,112.30771,336.68,0.46,0.47,2026-09-18,0546,N,nominal,2.0NRT,278.23,4.4,D
-2.87701,114.28965,336.39,0.52,0.41,2026-09-18,0546,N,nominal,2.0NRT,297.07,12.2,D
-2.87772,114.285,346.95,0.52,0.41,2026-09-18,0546,N,nominal,2.0NRT,300.51,20.12,D
-3.13784,112.56389,334.47,0.44,0.46,2026-09-18,0546,N,nominal,2.0NRT,282.33,4.3,D
-3.24211,111.84003,367,0.5,0.49,2026-09-18,0546,N,high,2.0NRT,297.57,15.14,D
-3.24278,111.83555,367,0.5,0.49,2026-09-18,0546,N,high,2.0NRT,298.47,15.14,D
-2.8739,114.28444,346.63,0.52,0.41,2026-09-18,0546,N,nominal,2.0NRT,298.89,20.12,D
-2.8746,114.27979,343.31,0.52,0.41,2026-09-18,0546,N,low,2.0NRT,297.69,20.12,D
-3.23694,111.84386,367,0.5,0.49,2026-09-18,0546,N,high,2.0NRT,299.08,9.68,D
-2.06909,119.5419,345.04,0.4,0.37,2026-09-18,0546,N,nominal,2.0NRT,300.43,8.35,D
-3.11202,112.67757,333.67,0.43,0.46,2026-09-18,0546,N,nominal,2.0NRT,285.45,6.02,D
-3.12568,112.58656,341.35,0.44,0.46,2026-09-18,0546,N,nominal,2.0NRT,278.01,11.31,D
-3.23493,111.85729,337.25,0.49,0.49,2026-09-18,0546,N,nominal,2.0NRT,295.95,8.51,D
-3.2356,111.85281,347.22,0.49,0.49,2026-09-18,0546,N,nominal,2.0NRT,296.16,8.51,D
-3.23627,111.84834,334.73,0.5,0.49,2026-09-18,0546,N,nominal,2.0NRT,295.39,9.68,D
-3.2376,111.83938,336.64,0.5,0.49,2026-09-18,0546,N,nominal,2.0NRT,297.78,10.04,D
-3.23827,111.8349,342.88,0.5,0.49,2026-09-18,0546,N,nominal,2.0NRT,297.58,10.04,D
-3.23894,111.83043,351.38,0.5,0.49,2026-09-18,0546,N,nominal,2.0NRT,298.58,17.72,D
-3.22976,111.86111,367,0.49,0.49,2026-09-18,0546,N,high,2.0NRT,299.38,16.88,D
-3.07595,112.88925,337.33,0.42,0.45,2026-09-18,0546,N,nominal,2.0NRT,292.1,6.27,D
-3.10777,112.67697,342.79,0.43,0.46,2026-09-18,0546,N,nominal,2.0NRT,285.1,6.02,D
-3.10895,112.66909,336.04,0.44,0.46,2026-09-18,0546,N,nominal,2.0NRT,283.66,3.25,D
-3.22908,111.8656,340.61,0.49,0.49,2026-09-18,0546,N,nominal,2.0NRT,296.42,16.88,D
-3.23042,111.85664,350.26,0.49,0.49,2026-09-18,0546,N,nominal,2.0NRT,297.52,8.51,D
-3.23109,111.85216,342.46,0.49,0.49,2026-09-18,0546,N,nominal,2.0NRT,296.47,8.51,D
-3.23176,111.84768,349.49,0.5,0.49,2026-09-18,0546,N,nominal,2.0NRT,296.42,9.68,D
-3.23243,111.8432,334.79,0.5,0.49,2026-09-18,0546,N,nominal,2.0NRT,296.81,9.68,D
-3.23443,111.82978,337.7,0.5,0.49,2026-09-18,0546,N,nominal,2.0NRT,297.29,17.72,D
-3.2351,111.82526,339.54,0.5,0.49,2026-09-18,0546,N,nominal,2.0NRT,297.29,17.72,D
-3.1047,112.66847,332.93,0.44,0.46,2026-09-18,0546,N,nominal,2.0NRT,283.74,15.53,D
-3.10529,112.66454,350.59,0.44,0.46,2026-09-18,0546,N,nominal,2.0NRT,284.46,15.53,D
-3.10588,112.66061,343.13,0.44,0.46,2026-09-18,0546,N,nominal,2.0NRT,282.22,10.85,D
-3.12549,112.5294,340.44,0.44,0.46,2026-09-18,0546,N,nominal,2.0NRT,291.67,6.18,D
-3.12609,112.52538,332.1,0.44,0.46,2026-09-18,0546,N,nominal,2.0NRT,288.98,6.84,D
-3.22392,111.86945,332.63,0.49,0.49,2026-09-18,0546,N,nominal,2.0NRT,295.57,23.6,D
-3.22459,111.86494,346.6,0.49,0.49,2026-09-18,0546,N,nominal,2.0NRT,297.38,17.62,D
-3.22992,111.82913,343.81,0.5,0.49,2026-09-18,0546,N,nominal,2.0NRT,298.92,6.56,D
-3.23261,111.81105,346.48,0.5,0.49,2026-09-18,0546,N,nominal,2.0NRT,299.8,8.23,D
-3.21942,111.86879,367,0.49,0.49,2026-09-18,0546,N,high,2.0NRT,298.56,23.6,D
-3.06758,112.88802,329.45,0.42,0.45,2026-09-18,0546,N,nominal,2.0NRT,292.01,2.73,D
-3.09869,112.67964,342.41,0.43,0.46,2026-09-18,0546,N,nominal,2.0NRT,283.98,7.79,D
-3.10163,112.65998,346.82,0.44,0.46,2026-09-18,0546,N,nominal,2.0NRT,282.32,10.85,D
-3.12299,112.51671,330.22,0.45,0.47,2026-09-18,0546,N,nominal,2.0NRT,285.76,2.09,D
-3.15717,112.2873,331.96,0.46,0.47,2026-09-18,0546,N,nominal,2.0NRT,276.75,3.54,D
-3.2181,111.87769,356.08,0.49,0.49,2026-09-18,0546,N,nominal,2.0NRT,299.73,31.95,D
-3.21875,111.87325,356.01,0.49,0.49,2026-09-18,0546,N,nominal,2.0NRT,301.48,23.6,D
-3.22541,111.82848,335.94,0.5,0.49,2026-09-18,0546,N,nominal,2.0NRT,298.04,6.56,D
-3.22742,111.81491,337.16,0.5,0.49,2026-09-18,0546,N,nominal,2.0NRT,297.66,14.88,D
-3.22809,111.81039,347.14,0.5,0.49,2026-09-18,0546,N,nominal,2.0NRT,299.54,8.23,D
-3.10104,112.66393,356.56,0.44,0.46,2026-09-18,0546,N,low,2.0NRT,282.38,15.53,D
-3.09737,112.65936,349.33,0.44,0.46,2026-09-18,0546,N,nominal,2.0NRT,282.32,43.97,D
-3.11274,112.55613,343.7,0.44,0.46,2026-09-18,0546,N,nominal,2.0NRT,284.85,7.24,D
-3.11333,112.55213,350.67,0.44,0.46,2026-09-18,0546,N,nominal,2.0NRT,285.87,7.24,D
-3.1187,112.51608,351.53,0.45,0.47,2026-09-18,0546,N,nominal,2.0NRT,286.6,10.04,D
-3.21294,111.88146,343.13,0.49,0.49,2026-09-18,0546,N,nominal,2.0NRT,297.76,95.62,D
-3.21625,111.85914,337.53,0.49,0.49,2026-09-18,0546,N,nominal,2.0NRT,296.94,6.73,D
-3.21691,111.85467,340.83,0.49,0.49,2026-09-18,0546,N,nominal,2.0NRT,297.3,5.73,D
-3.2189,111.84125,341.22,0.5,0.49,2026-09-18,0546,N,nominal,2.0NRT,297.96,8.06,D
-3.21957,111.83678,350.35,0.5,0.49,2026-09-18,0546,N,nominal,2.0NRT,298.52,5.7,D
-3.22023,111.8323,334.55,0.5,0.49,2026-09-18,0546,N,nominal,2.0NRT,297.45,5.7,D
-3.22357,111.80975,352.17,0.5,0.49,2026-09-18,0546,N,nominal,2.0NRT,297.55,25.63,D
-3.10608,112.57147,342.96,0.44,0.46,2026-09-18,0546,N,nominal,2.0NRT,283.14,10.87,D
-3.10668,112.5675,338.87,0.44,0.46,2026-09-18,0546,N,nominal,2.0NRT,284.74,10.87,D
-3.14536,112.30679,342.24,0.46,0.47,2026-09-18,0546,N,nominal,2.0NRT,276.87,8.96,D
-3.20845,111.88084,354.85,0.49,0.49,2026-09-18,0546,N,nominal,2.0NRT,303.51,95.62,D
-3.2091,111.87639,339.56,0.49,0.49,2026-09-18,0546,N,nominal,2.0NRT,305.14,95.62,D
-3.21307,111.84954,330.85,0.49,0.49,2026-09-18,0546,N,nominal,2.0NRT,296.33,5.73,D
-3.2144,111.84059,339.97,0.5,0.49,2026-09-18,0546,N,nominal,2.0NRT,296.95,8.06,D
-3.21506,111.83611,330.71,0.5,0.49,2026-09-18,0546,N,nominal,2.0NRT,296.95,5.7,D
-3.21572,111.83163,345.59,0.5,0.49,2026-09-18,0546,N,nominal,2.0NRT,297.62,5.7,D
-3.21639,111.82714,338.51,0.5,0.49,2026-09-18,0546,N,nominal,2.0NRT,297.43,13.4,D
-3.09312,112.65874,358.12,0.44,0.46,2026-09-18,0546,N,low,2.0NRT,280.91,43.97,D
-3.19089,111.96867,367,0.49,0.48,2026-09-18,0546,N,high,2.0NRT,300.33,54.58,D
-3.05671,112.87483,330.67,0.42,0.45,2026-09-18,0546,N,nominal,2.0NRT,289.31,2.98,D
-3.10952,112.51881,338.42,0.45,0.47,2026-09-18,0546,N,nominal,2.0NRT,283.09,4.46,D
-3.19024,111.97305,341.88,0.49,0.48,2026-09-18,0546,N,nominal,2.0NRT,296.69,14.99,D
-3.19154,111.96428,347.14,0.49,0.48,2026-09-18,0546,N,nominal,2.0NRT,306.42,54.58,D
-3.19218,111.9599,347.32,0.49,0.48,2026-09-18,0546,N,nominal,2.0NRT,297.6,65.56,D
-3.20329,111.88464,349.86,0.49,0.49,2026-09-18,0546,N,nominal,2.0NRT,305.53,60.47,D
-3.20395,111.8802,343.25,0.49,0.49,2026-09-18,0546,N,nominal,2.0NRT,298.25,15.2,D
-3.20461,111.87575,337.12,0.49,0.49,2026-09-18,0546,N,nominal,2.0NRT,296.94,15.2,D
-3.20659,111.86231,333.76,0.49,0.49,2026-09-18,0546,N,nominal,2.0NRT,296.49,9.81,D
-3.20725,111.85783,356.59,0.49,0.49,2026-09-18,0546,N,nominal,2.0NRT,298.45,9.81,D
-3.20791,111.85336,345,0.49,0.49,2026-09-18,0546,N,nominal,2.0NRT,297.55,11.86,D
-3.20857,111.84889,350.06,0.49,0.49,2026-09-18,0546,N,nominal,2.0NRT,298.5,11.86,D
-3.20923,111.84441,344.22,0.5,0.49,2026-09-18,0546,N,nominal,2.0NRT,297.55,7.62,D
-3.20989,111.83994,348.41,0.5,0.49,2026-09-18,0546,N,nominal,2.0NRT,297.4,7.62,D
-3.21055,111.83545,344.55,0.5,0.49,2026-09-18,0546,N,nominal,2.0NRT,297.65,6.26,D
-3.21121,111.83097,332.96,0.5,0.49,2026-09-18,0546,N,nominal,2.0NRT,296.89,6.26,D
-3.05309,112.87043,331.04,0.42,0.45,2026-09-18,0546,N,nominal,2.0NRT,290.91,2.98,D
-3.18513,111.9768,353.26,0.48,0.48,2026-09-18,0546,N,nominal,2.0NRT,299.82,14.99,D
-3.18578,111.9724,345.77,0.49,0.48,2026-09-18,0546,N,nominal,2.0NRT,298.17,14.99,D
-3.18707,111.96362,356.31,0.49,0.48,2026-09-18,0546,N,nominal,2.0NRT,299.73,54.58,D
-3.18771,111.95925,348.67,0.49,0.48,2026-09-18,0546,N,nominal,2.0NRT,305.57,65.56,D
-3.18836,111.95486,344.39,0.49,0.48,2026-09-18,0546,N,nominal,2.0NRT,304.83,65.56,D
-3.18901,111.95047,350.49,0.49,0.48,2026-09-18,0546,N,nominal,2.0NRT,303.95,53.51,D
-3.19814,111.88847,349.62,0.49,0.49,2026-09-18,0546,N,nominal,2.0NRT,304.39,60.47,D
-3.19879,111.88403,346.09,0.49,0.49,2026-09-18,0546,N,nominal,2.0NRT,300.64,60.47,D
-3.20341,111.85271,346.13,0.49,0.49,2026-09-18,0546,N,nominal,2.0NRT,296.68,11.86,D
-3.20406,111.84824,352.71,0.49,0.49,2026-09-18,0546,N,nominal,2.0NRT,298.77,11.86,D
-3.20472,111.84375,334.3,0.5,0.49,2026-09-18,0546,N,nominal,2.0NRT,298.12,7.62,D
-3.20538,111.83928,352.57,0.5,0.49,2026-09-18,0546,N,nominal,2.0NRT,297.89,7.62,D
-3.20604,111.83479,333.57,0.5,0.49,2026-09-18,0546,N,nominal,2.0NRT,296.08,6.26,D
-2.04148,119.5416,336.42,0.4,0.37,2026-09-18,0546,N,nominal,2.0NRT,300.88,4.42,D
-3.18067,111.97614,345.95,0.48,0.48,2026-09-18,0546,N,nominal,2.0NRT,307.01,32.07,D
-3.18131,111.97174,330.94,0.49,0.48,2026-09-18,0546,N,nominal,2.0NRT,296.97,32.07,D
-3.18389,111.9542,345.86,0.49,0.48,2026-09-18,0546,N,nominal,2.0NRT,296.62,21.06,D
-3.18454,111.94983,350.08,0.49,0.48,2026-09-18,0546,N,nominal,2.0NRT,306.68,67.04,D
-3.18518,111.94543,334.22,0.49,0.48,2026-09-18,0546,N,nominal,2.0NRT,303.9,67.04,D
-3.18583,111.941,343.54,0.49,0.48,2026-09-18,0546,N,nominal,2.0NRT,300.05,62.21,D
-3.19299,111.89227,342.87,0.49,0.49,2026-09-18,0546,N,nominal,2.0NRT,297.36,70.09,D
-3.19365,111.88783,344.52,0.49,0.49,2026-09-18,0546,N,nominal,2.0NRT,304.6,31.97,D
-3.19759,111.86098,341.16,0.49,0.49,2026-09-18,0546,N,nominal,2.0NRT,296.18,6.29,D
-3.19825,111.85652,341.59,0.49,0.49,2026-09-18,0546,N,nominal,2.0NRT,295.93,6.29,D
-3.09368,112.53699,342.31,0.44,0.46,2026-09-18,0546,N,nominal,2.0NRT,284.11,8.75,D
-3.17043,112.01485,356.13,0.48,0.48,2026-09-18,0546,N,nominal,2.0NRT,300.51,44.28,D
-3.17106,112.01054,353.61,0.48,0.48,2026-09-18,0546,N,nominal,2.0NRT,304.7,51.59,D
-3.1717,112.00618,355.76,0.48,0.48,2026-09-18,0546,N,nominal,2.0NRT,301.71,51.59,D
-3.17234,112.00182,343.12,0.48,0.48,2026-09-18,0546,N,nominal,2.0NRT,296.04,7.69,D
-3.17556,111.97988,347.83,0.48,0.48,2026-09-18,0546,N,nominal,2.0NRT,307.49,99.42,D
-3.17621,111.97548,341.73,0.48,0.48,2026-09-18,0546,N,nominal,2.0NRT,300.96,32.07,D
-3.18006,111.94917,344.78,0.49,0.48,2026-09-18,0546,N,nominal,2.0NRT,295.34,67.04,D
-3.18071,111.94479,352.74,0.49,0.48,2026-09-18,0546,N,nominal,2.0NRT,299.07,67.04,D
-3.18135,111.94038,349.65,0.49,0.48,2026-09-18,0546,N,nominal,2.0NRT,303.91,62.21,D
-3.182,111.93595,345.11,0.49,0.48,2026-09-18,0546,N,nominal,2.0NRT,308.76,62.21,D
-3.18265,111.93153,344.22,0.49,0.48,2026-09-18,0546,N,nominal,2.0NRT,305.61,42.98,D
-3.1833,111.9271,342.53,0.49,0.48,2026-09-18,0546,N,nominal,2.0NRT,298.57,42.98,D
-3.18785,111.89609,337.09,0.49,0.49,2026-09-18,0546,N,nominal,2.0NRT,295.53,70.09,D
-3.18915,111.88718,332.98,0.49,0.49,2026-09-18,0546,N,nominal,2.0NRT,297.47,31.97,D
-3.19309,111.86034,349.44,0.49,0.49,2026-09-18,0546,N,nominal,2.0NRT,297.47,6.29,D
-3.19506,111.84692,334.8,0.49,0.49,2026-09-18,0546,N,nominal,2.0NRT,295.9,11.26,D
-3.20032,111.81097,348.68,0.5,0.49,2026-09-18,0546,N,nominal,2.0NRT,296.87,14.02,D
-3.08998,112.53236,345.53,0.44,0.46,2026-09-18,0546,N,nominal,2.0NRT,282.8,8.16,D
-3.16535,112.01847,340.98,0.48,0.48,2026-09-18,0546,N,nominal,2.0NRT,296.33,25,D
-3.16598,112.01419,349.82,0.48,0.48,2026-09-18,0546,N,nominal,2.0NRT,305.52,25,D
-3.16661,112.00987,337.73,0.48,0.48,2026-09-18,0546,N,nominal,2.0NRT,298.09,14.73,D
-3.16789,112.00115,337.45,0.48,0.48,2026-09-18,0546,N,nominal,2.0NRT,297.02,7.83,D
-3.1711,111.97923,355.28,0.48,0.48,2026-09-18,0546,N,nominal,2.0NRT,303.12,28.18,D
-3.17174,111.97482,333.53,0.48,0.48,2026-09-18,0546,N,nominal,2.0NRT,298.18,8.8,D
-3.17688,111.93974,331.77,0.49,0.48,2026-09-18,0546,N,nominal,2.0NRT,295.15,6.19,D
-3.17752,111.93533,337.91,0.49,0.48,2026-09-18,0546,N,nominal,2.0NRT,295.84,6.19,D
-3.17817,111.93091,352.68,0.49,0.48,2026-09-18,0546,N,nominal,2.0NRT,296.97,45.36,D
-3.17882,111.92649,351.72,0.49,0.48,2026-09-18,0546,N,nominal,2.0NRT,302.23,45.36,D
-3.17947,111.92206,354.53,0.49,0.48,2026-09-18,0546,N,nominal,2.0NRT,302.47,30.42,D
-3.18012,111.91762,332.94,0.49,0.49,2026-09-18,0546,N,nominal,2.0NRT,295.89,30.42,D
-3.18336,111.89544,343.07,0.49,0.49,2026-09-18,0546,N,nominal,2.0NRT,299.62,64.98,D
-3.18401,111.89098,346.48,0.49,0.49,2026-09-18,0546,N,nominal,2.0NRT,304.05,64.98,D
-3.18859,111.85969,336.31,0.49,0.49,2026-09-18,0546,N,nominal,2.0NRT,296.48,11.13,D
-3.1899,111.85074,342.24,0.49,0.49,2026-09-18,0546,N,nominal,2.0NRT,295.99,10.15,D
-3.19055,111.84628,338.55,0.49,0.49,2026-09-18,0546,N,nominal,2.0NRT,295.35,10.15,D
-3.19121,111.84179,339.8,0.5,0.49,2026-09-18,0546,N,nominal,2.0NRT,295.3,6.71,D
-3.19647,111.8058,344.79,0.5,0.49,2026-09-18,0546,N,nominal,2.0NRT,296.53,10.08,D
-3.18408,111.85905,367,0.49,0.49,2026-09-18,0546,N,high,2.0NRT,298.02,11.13,D
-2.70972,115.07302,341.32,0.47,0.4,2026-09-18,0546,N,low,2.0NRT,305.38,6.54,D
-3.0851,112.53575,336.04,0.44,0.46,2026-09-18,0546,N,nominal,2.0NRT,281.52,8.16,D
-3.1609,112.01782,342.49,0.48,0.48,2026-09-18,0546,N,nominal,2.0NRT,296.25,25,D
-3.16153,112.01352,335.46,0.48,0.48,2026-09-18,0546,N,nominal,2.0NRT,296.75,25,D
-3.16664,111.97858,337.63,0.48,0.48,2026-09-18,0546,N,nominal,2.0NRT,297.97,28.18,D
-3.17498,111.92141,345.87,0.49,0.48,2026-09-18,0546,N,nominal,2.0NRT,295.83,30.42,D
-3.17563,111.91698,355.94,0.49,0.49,2026-09-18,0546,N,nominal,2.0NRT,301.01,30.42,D
-3.17628,111.91254,333.21,0.49,0.49,2026-09-18,0546,N,nominal,2.0NRT,299.23,44.6,D
-3.17952,111.89032,343.84,0.49,0.49,2026-09-18,0546,N,nominal,2.0NRT,298.47,64.98,D
-3.18474,111.85457,354.38,0.49,0.49,2026-09-18,0546,N,nominal,2.0NRT,296.98,11.13,D
-3.18539,111.85009,356.13,0.49,0.49,2026-09-18,0546,N,nominal,2.0NRT,297.02,10.15,D
-3.18089,111.84946,367,0.49,0.49,2026-09-18,0546,N,high,2.0NRT,297.2,9.16,D
-3.15329,112.03886,356.7,0.48,0.48,2026-09-18,0546,N,nominal,2.0NRT,297.95,9.18,D
-3.15393,112.03452,347.38,0.48,0.48,2026-09-18,0546,N,nominal,2.0NRT,297.48,11.77,D
-3.15646,112.01716,338.91,0.48,0.48,2026-09-18,0546,N,nominal,2.0NRT,297.15,5.03,D
-3.1705,111.92077,336.19,0.49,0.48,2026-09-18,0546,N,nominal,2.0NRT,295.63,15.81,D
-3.17115,111.91634,354.52,0.49,0.49,2026-09-18,0546,N,nominal,2.0NRT,296.73,15.81,D
-3.17179,111.9119,340.41,0.49,0.49,2026-09-18,0546,N,nominal,2.0NRT,304.31,105.16,D
-3.17244,111.90747,341.02,0.49,0.49,2026-09-18,0546,N,nominal,2.0NRT,294.04,105.16,D
-3.17438,111.89413,346.86,0.49,0.49,2026-09-18,0546,N,nominal,2.0NRT,304.45,100.74,D
-3.18024,111.85393,342.71,0.49,0.49,2026-09-18,0546,N,nominal,2.0NRT,296.53,7.29,D
-3.18154,111.84498,341.02,0.49,0.49,2026-09-18,0546,N,nominal,2.0NRT,295.96,9.16,D
-3.05166,112.70468,334.97,0.43,0.46,2026-09-18,0546,N,nominal,2.0NRT,282.71,3.87,D
-3.14822,112.04253,353.31,0.48,0.48,2026-09-18,0546,N,nominal,2.0NRT,298.92,9.18,D
-3.14885,112.03822,330.74,0.48,0.48,2026-09-18,0546,N,nominal,2.0NRT,298.3,9.18,D
-3.15643,111.98608,334.1,0.48,0.48,2026-09-18,0546,N,nominal,2.0NRT,296.76,6.4,D
-3.15707,111.98168,337.4,0.48,0.48,2026-09-18,0546,N,nominal,2.0NRT,297.69,10.81,D
-3.16538,111.92454,336.82,0.49,0.48,2026-09-18,0546,N,nominal,2.0NRT,296.22,9.7,D
-3.16602,111.92011,343.03,0.49,0.48,2026-09-18,0546,N,nominal,2.0NRT,296,15.81,D
-3.16667,111.91568,349.28,0.49,0.49,2026-09-18,0546,N,nominal,2.0NRT,295.86,15.81,D
-3.1686,111.90237,337.01,0.49,0.49,2026-09-18,0546,N,nominal,2.0NRT,293.78,10.94,D
-3.1699,111.89346,344.25,0.49,0.49,2026-09-18,0546,N,nominal,2.0NRT,297.24,100.74,D
-3.17508,111.85779,339.03,0.49,0.49,2026-09-18,0546,N,nominal,2.0NRT,296.71,7.29,D
-3.17703,111.84434,337.95,0.49,0.49,2026-09-18,0546,N,nominal,2.0NRT,295.46,9.16,D
-3.16731,111.91125,356.7,0.49,0.49,2026-09-18,0546,N,low,2.0NRT,297.64,105.16,D
-3.16796,111.90681,208,0.49,0.49,2026-09-18,0546,N,low,2.0NRT,313.43,105.16,D
-3.16154,111.91946,367,0.49,0.48,2026-09-18,0546,N,high,2.0NRT,300.09,50.59,D
-3.07165,112.53792,356.69,0.44,0.46,2026-09-18,0546,N,nominal,2.0NRT,279.64,18.03,D
-3.07223,112.5339,332.33,0.44,0.46,2026-09-18,0546,N,nominal,2.0NRT,272.73,5.02,D
-3.1609,111.92388,353.81,0.49,0.48,2026-09-18,0546,N,nominal,2.0NRT,299.13,28.82,D
-3.16219,111.91502,356.68,0.49,0.49,2026-09-18,0546,N,nominal,2.0NRT,299.04,50.59,D
-3.16283,111.91059,356.87,0.49,0.49,2026-09-18,0546,N,nominal,2.0NRT,301.22,164.59,D
-3.16541,111.89281,344.25,0.49,0.49,2026-09-18,0546,N,nominal,2.0NRT,293.81,36.33,D
-3.16605,111.88836,335.65,0.49,0.49,2026-09-18,0546,N,nominal,2.0NRT,297.71,36.33,D
-3.15642,111.92323,367,0.49,0.48,2026-09-18,0546,N,high,2.0NRT,297.93,28.82,D
-3.01736,112.88069,332.64,0.42,0.45,2026-09-18,0546,N,nominal,2.0NRT,297.62,3,D
-3.01902,112.86933,348.72,0.42,0.45,2026-09-18,0546,N,nominal,2.0NRT,298.72,12.74,D
-3.04147,112.71519,333.26,0.43,0.46,2026-09-18,0546,N,nominal,2.0NRT,285.76,8.65,D
-3.15899,111.90549,336.33,0.49,0.49,2026-09-18,0546,N,nominal,2.0NRT,293.1,164.59,D
-3.15963,111.90105,344.66,0.49,0.49,2026-09-18,0546,N,nominal,2.0NRT,293.1,93.43,D
-3.16092,111.89215,343.87,0.49,0.49,2026-09-18,0546,N,nominal,2.0NRT,293.24,36.33,D
-3.16156,111.8877,340.78,0.49,0.49,2026-09-18,0546,N,nominal,2.0NRT,294.84,36.33,D
-3.03667,112.71848,346.6,0.43,0.46,2026-09-18,0546,N,nominal,2.0NRT,287.28,6.86,D
-3.15643,111.8915,342.58,0.49,0.49,2026-09-18,0546,N,nominal,2.0NRT,294.23,40.18,D
-3.15707,111.88705,337.92,0.49,0.49,2026-09-18,0546,N,nominal,2.0NRT,297.09,40.18,D
-3.03244,112.71786,343.51,0.43,0.46,2026-09-18,0546,N,nominal,2.0NRT,285.8,6.86,D
-3.15258,111.8864,357.07,0.49,0.49,2026-09-18,0546,N,low,2.0NRT,294.28,40.18,D
-3.15322,111.88196,357.07,0.49,0.49,2026-09-18,0546,N,low,2.0NRT,293.6,20.38,D
-3.16409,111.92084,367,0.49,0.48,2026-09-18,0546,N,high,2.0NRT,298.9,28.4,D
-3.16477,111.91642,367,0.49,0.48,2026-09-18,0546,N,high,2.0NRT,297.92,28.4,D
-3.01701,112.88041,334.61,0.42,0.45,2026-09-18,0546,N,nominal,2.0NRT,297.46,2.61,D
-3.01875,112.86907,348.79,0.42,0.45,2026-09-18,0546,N,nominal,2.0NRT,299.16,13.41,D
-3.04234,112.71529,340.6,0.43,0.46,2026-09-18,0546,N,nominal,2.0NRT,286.28,4.44,D
-3.04294,112.71139,331.04,0.43,0.46,2026-09-18,0546,N,nominal,2.0NRT,283.69,4.44,D
-3.06956,112.53782,335.51,0.44,0.46,2026-09-18,0546,N,nominal,2.0NRT,274.85,7.4,D
-3.07017,112.53381,336.29,0.44,0.46,2026-09-18,0546,N,nominal,2.0NRT,275.35,3.56,D
-3.1454,112.04295,345.11,0.48,0.48,2026-09-18,0546,N,nominal,2.0NRT,295.41,7.7,D
-3.15469,111.98225,341.09,0.48,0.48,2026-09-18,0546,N,nominal,2.0NRT,297.66,8.02,D
-3.16342,111.92525,336.27,0.49,0.48,2026-09-18,0546,N,nominal,2.0NRT,296.36,16.44,D
-3.16885,111.88979,354.16,0.49,0.49,2026-09-18,0546,N,nominal,2.0NRT,302.94,78.63,D
-3.17362,111.85863,343.18,0.49,0.49,2026-09-18,0546,N,nominal,2.0NRT,296.62,8.52,D
-3.16545,111.91199,356.56,0.49,0.48,2026-09-18,0546,N,low,2.0NRT,298.02,152.12,D
-3.15962,111.92018,367,0.49,0.48,2026-09-18,0546,N,high,2.0NRT,296.45,28.4,D
-2.01046,119.42294,342.58,0.4,0.37,2026-09-18,0546,N,nominal,2.0NRT,300.13,3.85,D
-3.03751,112.71859,342.87,0.43,0.46,2026-09-18,0546,N,nominal,2.0NRT,286.74,5.43,D
-3.15894,111.9246,352.38,0.49,0.48,2026-09-18,0546,N,nominal,2.0NRT,297.63,16.44,D
-3.16029,111.91577,356.98,0.49,0.48,2026-09-18,0546,N,nominal,2.0NRT,296.7,28.4,D
-3.16232,111.90249,334.11,0.49,0.49,2026-09-18,0546,N,nominal,2.0NRT,300.8,197.02,D
-3.16436,111.88915,351.21,0.49,0.49,2026-09-18,0546,N,nominal,2.0NRT,296.94,78.63,D
-3.16097,111.91135,357.25,0.49,0.48,2026-09-18,0546,N,low,2.0NRT,296.74,152.12,D
-3.16164,111.90692,357.25,0.49,0.49,2026-09-18,0546,N,low,2.0NRT,298.6,152.12,D
-2.0071,119.42233,346.58,0.4,0.37,2026-09-18,0546,N,nominal,2.0NRT,298.56,9.75,D
-3.03328,112.71796,343.17,0.43,0.46,2026-09-18,0546,N,nominal,2.0NRT,286.27,9.86,D
-3.15447,111.92395,346.09,0.49,0.48,2026-09-18,0546,N,nominal,2.0NRT,295.57,14.76,D
-3.15514,111.91954,341.5,0.49,0.48,2026-09-18,0546,N,nominal,2.0NRT,294.85,7.33,D
-3.15987,111.88851,355.53,0.49,0.49,2026-09-18,0546,N,nominal,2.0NRT,297.66,69.02,D
-3.00561,112.87104,342.34,0.42,0.45,2026-09-18,0546,N,nominal,2.0NRT,295.93,6.4,D
-3.15538,111.88788,353.74,0.49,0.49,2026-09-18,0546,N,nominal,2.0NRT,298.08,69.02,D
-3.15606,111.88344,344,0.49,0.49,2026-09-18,0546,N,nominal,2.0NRT,292.93,15.55,D
-3.00143,112.87043,335.62,0.42,0.45,2026-09-18,0546,N,nominal,2.0NRT,296.28,4.24,D
-3.15157,111.88278,357.19,0.49,0.49,2026-09-18,0546,N,low,2.0NRT,293.13,17.35,D
-1.78906,120.77718,329.38,0.44,0.38,2026-09-18,0546,N,nominal,2.0NRT,302.82,3.1,D
-3.12649,112.01806,345.58,0.48,0.48,2026-09-18,0546,N,nominal,2.0NRT,294.09,5.89,D
-3.14775,111.87769,350.53,0.49,0.49,2026-09-18,0546,N,nominal,2.0NRT,292.44,17.35,D
-2.95743,113.10409,331.88,0.41,0.45,2026-09-18,0546,N,nominal,2.0NRT,296.65,4.76,D
-2.99191,112.87677,340.92,0.42,0.45,2026-09-18,0546,N,nominal,2.0NRT,297.26,3.4,D
-3.12204,112.01742,341.94,0.48,0.48,2026-09-18,0546,N,nominal,2.0NRT,294.81,9.82,D
-3.14393,111.87258,330.94,0.49,0.49,2026-09-18,0546,N,nominal,2.0NRT,292.95,4.66,D
-2.94421,113.1358,343.99,0.4,0.45,2026-09-18,0546,N,nominal,2.0NRT,297.22,8.88,D
-2.94477,113.13214,330.3,0.4,0.45,2026-09-18,0546,N,nominal,2.0NRT,296.41,5.4,D
-2.94974,113.09922,348.01,0.41,0.45,2026-09-18,0546,N,nominal,2.0NRT,297.71,8.39,D
-1.97531,119.47227,338.68,0.4,0.37,2026-09-18,0546,N,nominal,2.0NRT,299.63,2.56,D
-2.9401,113.13521,340.16,0.4,0.45,2026-09-18,0546,N,nominal,2.0NRT,294.74,8.88,D
-2.94065,113.13155,335.2,0.4,0.45,2026-09-18,0546,N,nominal,2.0NRT,296.99,5.4,D
-2.94121,113.12789,350.39,0.4,0.45,2026-09-18,0546,N,nominal,2.0NRT,298.64,5.4,D
-2.97594,112.89761,329.73,0.42,0.45,2026-09-18,0546,N,nominal,2.0NRT,298.03,2.77,D
-3.03703,112.49211,355.55,0.45,0.47,2026-09-18,0546,N,nominal,2.0NRT,294.92,23.33,D
-3.03764,112.48808,336.71,0.45,0.47,2026-09-18,0546,N,nominal,2.0NRT,291.8,5.62,D
-1.63698,121.64392,346.72,0.49,0.4,2026-09-18,0546,N,nominal,2.0NRT,295.88,11.23,D
-1.63759,121.63998,337.31,0.49,0.4,2026-09-18,0546,N,nominal,2.0NRT,294.01,11.23,D
-1.97194,119.4717,342.52,0.4,0.37,2026-09-18,0546,N,nominal,2.0NRT,300.33,11.31,D
-2.9371,113.12728,337.04,0.4,0.45,2026-09-18,0546,N,nominal,2.0NRT,296.58,6.48,D
-2.93765,113.12363,332.25,0.4,0.45,2026-09-18,0546,N,nominal,2.0NRT,296.84,5.03,D
-2.9729,112.88943,329.89,0.42,0.45,2026-09-18,0546,N,nominal,2.0NRT,297.65,2.34,D
-3.12797,111.8566,356.32,0.49,0.49,2026-09-18,0546,N,low,2.0NRT,294.01,22.57,D
-1.63269,121.64712,344.18,0.49,0.4,2026-09-18,0546,N,nominal,2.0NRT,297.63,8.9,D
-1.63327,121.64333,330.75,0.49,0.4,2026-09-18,0546,N,nominal,2.0NRT,293.68,11.23,D
-1.63388,121.6394,348.17,0.49,0.4,2026-09-18,0546,N,nominal,2.0NRT,294.83,11.23,D
-3.00107,112.67333,339.46,0.43,0.46,2026-09-18,0546,N,nominal,2.0NRT,279.16,5.81,D
-3.12415,111.85144,349.97,0.49,0.49,2026-09-18,0546,N,nominal,2.0NRT,292.57,18.03,D
-3.12482,111.84695,338.28,0.49,0.49,2026-09-18,0546,N,nominal,2.0NRT,292.92,18.03,D
-1.63019,121.63879,337.64,0.49,0.4,2026-09-18,0546,N,nominal,2.0NRT,292.73,9.76,D
-2.95439,112.95596,331.43,0.42,0.45,2026-09-18,0546,N,nominal,2.0NRT,298.31,6.93,D
-3.10722,111.90347,329.98,0.49,0.48,2026-09-18,0546,N,nominal,2.0NRT,295.41,3.73,D
-2.92667,113.0846,329.42,0.41,0.45,2026-09-18,0546,N,nominal,2.0NRT,296.3,2.85,D
-3.10471,111.88952,335.57,0.49,0.49,2026-09-18,0546,N,nominal,2.0NRT,296.76,10.34,D
-3.10537,111.8851,343.27,0.49,0.49,2026-09-18,0546,N,nominal,2.0NRT,297.02,18.31,D
-3.10603,111.88066,356.63,0.49,0.49,2026-09-18,0546,N,nominal,2.0NRT,296.91,18.31,D
-1.94905,119.50826,334.79,0.4,0.37,2026-09-18,0546,N,nominal,2.0NRT,300.63,4.24,D
-2.92255,113.08399,335.87,0.41,0.45,2026-09-18,0546,N,nominal,2.0NRT,295.84,2.85,D
-2.9242,113.07295,345,0.41,0.45,2026-09-18,0546,N,nominal,2.0NRT,297.82,11.11,D
-3.10154,111.88001,352.62,0.49,0.49,2026-09-18,0546,N,nominal,2.0NRT,296.56,18.31,D
-3.10219,111.87559,344.08,0.49,0.49,2026-09-18,0546,N,nominal,2.0NRT,296.52,21.24,D
-2.91898,113.07972,347.77,0.41,0.45,2026-09-18,0546,N,nominal,2.0NRT,296.19,9.02,D
-2.71524,114.41769,333.79,0.51,0.41,2026-09-18,0546,N,low,2.0NRT,300.14,7.34,D
-2.77466,114.02026,344.07,0.53,0.42,2026-09-18,0546,N,low,2.0NRT,297.07,7.38,D
-2.91267,113.09381,334.92,0.41,0.45,2026-09-18,0546,N,nominal,2.0NRT,295.83,3.65,D
-2.94253,112.89274,333.58,0.42,0.45,2026-09-18,0546,N,nominal,2.0NRT,299.76,2.5,D
-2.94309,112.88896,331.17,0.42,0.45,2026-09-18,0546,N,nominal,2.0NRT,299.76,3.23,D
-2.94421,112.88139,335.14,0.42,0.45,2026-09-18,0546,N,nominal,2.0NRT,297.88,1.83,D
-3.09256,111.87872,352.84,0.49,0.49,2026-09-18,0546,N,nominal,2.0NRT,294.11,12.16,D
-2.77007,114.02449,356.71,0.53,0.42,2026-09-18,0546,N,low,2.0NRT,304.1,17.72,D
-2.98595,112.57043,340.44,0.44,0.46,2026-09-18,0546,N,nominal,2.0NRT,291.59,5.87,D
-2.98654,112.56645,330.46,0.44,0.46,2026-09-18,0546,N,nominal,2.0NRT,291.79,5.87,D
-3.08808,111.87804,345.56,0.49,0.49,2026-09-18,0546,N,nominal,2.0NRT,294.39,14.65,D
-2.76548,114.02871,342.96,0.53,0.42,2026-09-18,0546,N,nominal,2.0NRT,297.91,17.72,D
-2.7662,114.02392,348.62,0.53,0.42,2026-09-18,0546,N,low,2.0NRT,298.8,17.72,D
-2.93529,112.88396,340.12,0.42,0.45,2026-09-18,0546,N,nominal,2.0NRT,297.2,3.88,D
-3.07839,111.91281,339.8,0.49,0.48,2026-09-18,0546,N,nominal,2.0NRT,295.62,6.17,D
-1.70811,120.94804,343.58,0.45,0.39,2026-09-18,0546,N,nominal,2.0NRT,311.42,15.88,D
-2.41774,116.32476,348.79,0.41,0.37,2026-09-18,0546,N,nominal,2.0NRT,303.32,66.1,D
-2.4183,116.32104,353.8,0.41,0.37,2026-09-18,0546,N,nominal,2.0NRT,305.87,66.1,D
-2.93953,112.8263,336.05,0.42,0.45,2026-09-18,0546,N,nominal,2.0NRT,297,5.98,D
-2.41486,116.32053,367,0.41,0.37,2026-09-18,0546,N,high,2.0NRT,345.11,66.1,D
-2.4143,116.32424,343.86,0.41,0.37,2026-09-18,0546,N,low,2.0NRT,299.7,66.1,D
-2.92304,112.90916,343.04,0.42,0.45,2026-09-18,0546,N,nominal,2.0NRT,298.73,2.83,D
-2.45666,116.01937,337.49,0.42,0.38,2026-09-18,0546,N,nominal,2.0NRT,305.61,18.76,D
-2.91777,112.91608,350.98,0.42,0.45,2026-09-18,0546,N,nominal,2.0NRT,311.71,70.33,D
-2.91832,112.91232,354.65,0.42,0.45,2026-09-18,0546,N,nominal,2.0NRT,308.52,70.33,D
-2.91887,112.90857,340.57,0.42,0.45,2026-09-18,0546,N,nominal,2.0NRT,297.99,10.5,D
-2.91998,112.90102,343.03,0.42,0.45,2026-09-18,0546,N,nominal,2.0NRT,298.09,15.23,D
-2.92499,112.86694,340.09,0.42,0.45,2026-09-18,0546,N,nominal,2.0NRT,296.82,2.92,D
-2.45318,116.01885,333.95,0.42,0.38,2026-09-18,0546,N,low,2.0NRT,296.37,18.76,D
-2.91525,112.9042,344.04,0.42,0.45,2026-09-18,0546,N,nominal,2.0NRT,298.99,10.5,D
-2.9158,112.90043,356.59,0.42,0.45,2026-09-18,0546,N,nominal,2.0NRT,303.34,15.23,D
-2.91691,112.89288,332.14,0.42,0.45,2026-09-18,0546,N,nominal,2.0NRT,299.47,3.84,D
-2.91273,112.89229,334.95,0.42,0.45,2026-09-18,0546,N,nominal,2.0NRT,299.99,4.1,D
-2.9144,112.88089,333.94,0.42,0.45,2026-09-18,0546,N,nominal,2.0NRT,299.4,2.59,D
-2.90745,112.89923,355.01,0.42,0.45,2026-09-18,0546,N,nominal,2.0NRT,302.33,9.87,D
-2.908,112.89547,356.3,0.42,0.45,2026-09-18,0546,N,nominal,2.0NRT,301.25,9.87,D
-2.90273,112.90237,336.38,0.42,0.45,2026-09-18,0546,N,nominal,2.0NRT,298.88,11.34,D
-2.39964,116.23442,353.16,0.42,0.37,2026-09-18,0546,N,nominal,2.0NRT,300.18,10.51,D
-2.67998,114.3423,343.84,0.51,0.41,2026-09-18,0546,N,low,2.0NRT,305.69,8.82,D
-2.68065,114.3377,332.32,0.51,0.41,2026-09-18,0546,N,low,2.0NRT,305.79,8.82,D
-2.40057,116.23452,340.09,0.42,0.37,2026-09-18,0546,N,nominal,2.0NRT,298.04,9.04,D
-2.39712,116.234,349.68,0.42,0.37,2026-09-18,0546,N,nominal,2.0NRT,300.78,9.04,D
-2.39367,116.23351,333.16,0.42,0.37,2026-09-18,0546,N,low,2.0NRT,299.49,4.09,D
-2.68744,114.32162,335.49,0.51,0.41,2026-09-18,0546,N,low,2.0NRT,302.12,9.29,D
-2.9061,112.89899,355.4,0.42,0.45,2026-09-18,0546,N,nominal,2.0NRT,307.4,40.63,D
-2.90667,112.89523,354.37,0.42,0.45,2026-09-18,0546,N,nominal,2.0NRT,301.1,40.63,D
-1.91381,119.34637,337.93,0.4,0.37,2026-09-18,0546,N,nominal,2.0NRT,298.15,5.59,D
-2.39022,116.23299,345.39,0.42,0.37,2026-09-18,0546,N,nominal,2.0NRT,298.23,4.09,D
-2.68012,114.34402,347.65,0.51,0.41,2026-09-18,0546,N,nominal,2.0NRT,305.43,11.97,D
-2.68082,114.33944,343.99,0.51,0.41,2026-09-18,0546,N,low,2.0NRT,307.06,11.97,D
-1.6896,120.79058,338.55,0.44,0.39,2026-09-18,0546,N,nominal,2.0NRT,298.79,4.6,D
-1.91044,119.34585,344.32,0.4,0.37,2026-09-18,0546,N,nominal,2.0NRT,299.5,14.41,D
-2.32967,116.55972,338.52,0.41,0.37,2026-09-18,0546,N,low,2.0NRT,302.29,27.3,D
-2.85922,113.06696,346.93,0.41,0.45,2026-09-18,0546,N,nominal,2.0NRT,296.42,11.27,D
-2.88125,112.92222,331.21,0.42,0.45,2026-09-18,0546,N,nominal,2.0NRT,300.4,3.41,D
-2.4283,115.868,333.39,0.43,0.38,2026-09-18,0546,N,low,2.0NRT,295.37,33.94,D
-1.61176,121.17883,345.91,0.46,0.39,2026-09-18,0546,N,nominal,2.0NRT,298.76,12.37,D
-2.32056,116.5509,346.76,0.41,0.37,2026-09-18,0546,N,nominal,2.0NRT,299.26,4.77,D
-2.67991,114.19239,332.69,0.52,0.42,2026-09-18,0546,N,low,2.0NRT,305.84,9.67,D
-2.86612,112.96588,341.13,0.41,0.45,2026-09-18,0546,N,nominal,2.0NRT,296.12,5.46,D
-2.9387,112.45754,341,0.45,0.47,2026-09-18,0546,N,nominal,2.0NRT,287.16,4.15,D
-2.6646,114.19015,334.66,0.52,0.42,2026-09-18,0546,N,low,2.0NRT,300.1,7.25,D
-2.30741,116.5228,330.18,0.41,0.37,2026-09-18,0546,N,low,2.0NRT,301.85,4.92,D
-2.30796,116.51915,340.59,0.41,0.37,2026-09-18,0546,N,nominal,2.0NRT,301.27,4.95,D
-2.30852,116.5155,336.14,0.41,0.37,2026-09-18,0546,N,nominal,2.0NRT,301.03,4.95,D
-2.66078,114.18958,331.29,0.52,0.42,2026-09-18,0546,N,low,2.0NRT,302.76,9.94,D
-2.66219,114.18021,351.05,0.52,0.42,2026-09-18,0546,N,low,2.0NRT,302.28,28.43,D
-2.30399,116.52228,334.49,0.41,0.37,2026-09-18,0546,N,low,2.0NRT,299.74,4.92,D
-2.30455,116.51863,348.12,0.41,0.37,2026-09-18,0546,N,nominal,2.0NRT,300.59,4.95,D
-2.65836,114.17963,349.66,0.52,0.42,2026-09-18,0546,N,low,2.0NRT,300.83,28.43,D
-2.88401,112.67639,354.05,0.43,0.46,2026-09-18,0546,N,nominal,2.0NRT,299.92,29.3,D
-2.88459,112.67252,344.2,0.43,0.46,2026-09-18,0546,N,nominal,2.0NRT,295.05,29.3,D
-2.29449,116.5619,341.48,0.41,0.37,2026-09-18,0546,N,nominal,2.0NRT,300.38,3.48,D
-2.29504,116.55826,331.78,0.41,0.37,2026-09-18,0546,N,low,2.0NRT,299.19,3.48,D
-2.29837,116.53638,334.55,0.41,0.37,2026-09-18,0546,N,low,2.0NRT,301.4,4.19,D
-2.29892,116.53271,330.66,0.41,0.37,2026-09-18,0546,N,low,2.0NRT,301.48,4.69,D
-2.30725,116.47787,339.76,0.41,0.37,2026-09-18,0546,N,nominal,2.0NRT,300.34,2.72,D
-2.65383,114.18375,333.93,0.52,0.42,2026-09-18,0546,N,low,2.0NRT,300.2,9.32,D
-2.65454,114.17906,335.28,0.52,0.42,2026-09-18,0546,N,low,2.0NRT,298.72,5.92,D
-2.87977,112.67577,343.63,0.43,0.46,2026-09-18,0546,N,nominal,2.0NRT,295.45,4.59,D
-2.88035,112.67189,340.2,0.43,0.46,2026-09-18,0546,N,nominal,2.0NRT,295.97,4.59,D
-2.87612,112.67126,330.19,0.43,0.46,2026-09-18,0546,N,nominal,2.0NRT,293.38,4.59,D
-2.84273,112.86662,342.31,0.42,0.45,2026-09-18,0546,N,nominal,2.0NRT,297.97,4.89,D
-1.49227,121.63436,344.25,0.49,0.4,2026-09-18,0546,N,nominal,2.0NRT,299.67,8.58,D
-2.91175,112.28249,341.07,0.46,0.47,2026-09-18,0546,N,nominal,2.0NRT,291.39,5.69,D
-2.27395,116.53644,330.16,0.41,0.37,2026-09-18,0546,N,low,2.0NRT,300.34,1.91,D
-2.2756,116.52549,334.45,0.41,0.37,2026-09-18,0546,N,low,2.0NRT,300.37,4.93,D
-2.27671,116.51818,333.67,0.41,0.37,2026-09-18,0546,N,low,2.0NRT,299.97,5.71,D
-2.30934,116.25524,330.39,0.41,0.37,2026-09-18,0546,N,nominal,2.0NRT,295.67,2.02,D
-2.32504,116.1274,356.21,0.42,0.38,2026-09-18,0546,N,low,2.0NRT,295.38,35.17,D
-2.80877,112.86543,348.28,0.42,0.45,2026-09-18,0546,N,nominal,2.0NRT,302.01,11.06,D
-2.80932,112.86167,354.86,0.42,0.45,2026-09-18,0546,N,nominal,2.0NRT,300.44,7.35,D
-2.80459,112.86481,345.43,0.42,0.45,2026-09-18,0546,N,nominal,2.0NRT,301.87,11.06,D
-2.80514,112.86105,340.35,0.42,0.45,2026-09-18,0546,N,nominal,2.0NRT,300.7,7.35,D
-2.30237,116.23134,343.73,0.42,0.37,2026-09-18,0546,N,nominal,2.0NRT,300.16,4.34,D
-2.80042,112.86417,342.73,0.42,0.45,2026-09-18,0546,N,nominal,2.0NRT,302.03,21.3,D
-2.80097,112.86039,349.49,0.42,0.45,2026-09-18,0546,N,nominal,2.0NRT,307.76,48.87,D
-2.83125,112.65268,342.43,0.43,0.46,2026-09-18,0546,N,nominal,2.0NRT,298.95,9.83,D
-2.24746,116.57346,337.02,0.41,0.37,2026-09-18,0546,N,low,2.0NRT,302.05,6.58,D
-2.2502,116.55525,336.78,0.41,0.37,2026-09-18,0546,N,nominal,2.0NRT,299.59,3.29,D
-2.2513,116.54796,333.68,0.41,0.37,2026-09-18,0546,N,nominal,2.0NRT,300.98,3.25,D
-2.25185,116.54431,336.79,0.41,0.37,2026-09-18,0546,N,low,2.0NRT,299.72,3.25,D
-2.25404,116.52971,330.79,0.41,0.37,2026-09-18,0546,N,low,2.0NRT,305.51,5.62,D
-2.29893,116.23082,337.08,0.42,0.37,2026-09-18,0546,N,nominal,2.0NRT,296.68,4.34,D
-2.79625,112.86352,336.79,0.42,0.45,2026-09-18,0546,N,nominal,2.0NRT,295.19,21.3,D
-2.82758,112.64815,355.79,0.43,0.46,2026-09-18,0546,N,nominal,2.0NRT,302.57,9.83,D
-2.82815,112.64421,343.96,0.43,0.46,2026-09-18,0546,N,nominal,2.0NRT,297.6,5.87,D
-2.25228,116.51823,334.15,0.41,0.37,2026-09-18,0546,N,low,2.0NRT,300.8,5.77,D
-2.25338,116.51091,332.66,0.41,0.37,2026-09-18,0546,N,low,2.0NRT,305.84,8.22,D
-2.25393,116.50726,347.58,0.41,0.37,2026-09-18,0546,N,nominal,2.0NRT,305.85,8.22,D
-2.24997,116.51041,355.83,0.41,0.37,2026-09-18,0546,N,nominal,2.0NRT,305.07,8.22,D
-2.25052,116.50674,344.69,0.41,0.37,2026-09-18,0546,N,nominal,2.0NRT,301.49,8.22,D
-2.26373,116.41873,331.53,0.41,0.37,2026-09-18,0546,N,low,2.0NRT,301.7,6.01,D
-2.26428,116.41504,332.24,0.41,0.37,2026-09-18,0546,N,low,2.0NRT,301,4.28,D
-2.2502,116.51064,350.39,0.41,0.37,2026-09-18,0546,N,nominal,2.0NRT,305.27,6.56,D
-2.25076,116.50699,354.01,0.41,0.37,2026-09-18,0546,N,nominal,2.0NRT,301.54,6.56,D
-2.26484,116.41538,338.85,0.41,0.37,2026-09-18,0546,N,low,2.0NRT,300.86,4.73,D
-2.24679,116.51013,336.25,0.41,0.37,2026-09-18,0546,N,nominal,2.0NRT,302.8,6.56,D
-2.26086,116.41856,344.36,0.41,0.37,2026-09-18,0546,N,nominal,2.0NRT,303.49,11.86,D
-2.26538,116.38911,333.27,0.41,0.37,2026-09-18,0546,N,low,2.0NRT,300.15,5.45,D
-2.25744,116.41803,341.2,0.41,0.37,2026-09-18,0546,N,nominal,2.0NRT,302.52,12.09,D
-2.2597,116.40332,335.12,0.41,0.37,2026-09-18,0546,N,low,2.0NRT,302.47,9.28,D
-2.80379,112.86548,341.52,0.42,0.45,2026-09-18,0546,N,nominal,2.0NRT,300.18,11.28,D
-2.80437,112.86173,344.51,0.42,0.45,2026-09-18,0546,N,nominal,2.0NRT,301.35,62.3,D
-2.86478,112.46875,342.29,0.44,0.46,2026-09-18,0546,N,nominal,2.0NRT,286.08,8.41,D
-2.25402,116.41753,336.92,0.41,0.37,2026-09-18,0546,N,nominal,2.0NRT,300.21,12.09,D
-2.29675,116.13894,335.36,0.42,0.38,2026-09-18,0546,N,nominal,2.0NRT,291.85,4.22,D
-2.79962,112.86485,332.09,0.42,0.45,2026-09-18,0546,N,nominal,2.0NRT,296.56,11.28,D
-1.4345,121.75435,330.06,0.5,0.41,2026-09-18,0546,N,nominal,2.0NRT,297.82,2.86,D
-1.51864,121.20381,341.94,0.46,0.39,2026-09-18,0546,N,nominal,2.0NRT,303.34,30.22,D
-2.23488,116.51955,336.64,0.41,0.37,2026-09-18,0546,N,nominal,2.0NRT,303.38,5.72,D
-2.82836,112.64933,354.21,0.43,0.46,2026-09-18,0546,N,nominal,2.0NRT,303.05,14.56,D
-2.82896,112.64542,335.37,0.43,0.46,2026-09-18,0546,N,nominal,2.0NRT,298.4,14.29,D
-2.77355,112.97952,329.79,0.41,0.45,2026-09-18,0546,N,nominal,2.0NRT,297.89,4.47,D
-2.82472,112.64483,353.52,0.43,0.46,2026-09-18,0546,N,nominal,2.0NRT,299.88,14.29,D
-3.84286,105.89069,329.23,0.64,0.72,2026-09-18,0546,N,nominal,2.0NRT,289.16,6.62,D
-2.22527,116.53677,367,0.41,0.37,2026-09-18,0546,N,high,2.0NRT,303.82,41.73,D
-2.82048,112.64422,367,0.43,0.46,2026-09-18,0546,N,high,2.0NRT,297.93,5.9,D
-2.7894,112.84792,348.33,0.42,0.45,2026-09-18,0546,N,nominal,2.0NRT,300.82,26,D
-2.82108,112.6403,331.54,0.43,0.46,2026-09-18,0546,N,nominal,2.0NRT,294.62,5.9,D
-2.78638,112.83974,367,0.42,0.45,2026-09-18,0546,N,high,2.0NRT,302.17,158.12,D
-2.23579,116.42231,330.79,0.41,0.37,2026-09-18,0546,N,low,2.0NRT,301.61,4.23,D
-2.23804,116.40761,333.65,0.41,0.37,2026-09-18,0546,N,low,2.0NRT,302.68,3.53,D
-2.76113,112.97768,337.37,0.41,0.45,2026-09-18,0546,N,nominal,2.0NRT,297.26,4.79,D
-2.7617,112.97398,334.48,0.41,0.45,2026-09-18,0546,N,nominal,2.0NRT,297.87,4.79,D
-2.22621,116.46214,331.31,0.41,0.37,2026-09-18,0546,N,nominal,2.0NRT,300.83,3.57,D
-2.22789,116.45115,342.02,0.41,0.37,2026-09-18,0546,N,low,2.0NRT,302.18,10.67,D
-2.22845,116.44749,348.03,0.41,0.37,2026-09-18,0546,N,nominal,2.0NRT,303.41,10.64,D
-2.23461,116.40709,338.33,0.41,0.37,2026-09-18,0546,N,low,2.0NRT,301.48,3.53,D
-2.2663,116.19949,337.53,0.42,0.37,2026-09-18,0546,N,nominal,2.0NRT,297.99,6.82,D
-2.83475,112.46432,341.18,0.44,0.46,2026-09-18,0546,N,nominal,2.0NRT,285.16,7.97,D
-2.83536,112.46028,335.21,0.44,0.46,2026-09-18,0546,N,nominal,2.0NRT,284.4,4.86,D
-2.84208,112.41594,334.92,0.45,0.47,2026-09-18,0546,N,nominal,2.0NRT,282.99,6.61,D
-3.05439,111.01101,341.82,0.56,0.52,2026-09-18,0546,N,nominal,2.0NRT,295.31,4.65,D
-2.55493,114.28076,367,0.51,0.41,2026-09-18,0546,N,high,2.0NRT,303.89,33.27,D
-1.5008,121.17515,348.48,0.46,0.39,2026-09-18,0546,N,nominal,2.0NRT,301.27,8.94,D
-1.5015,121.17063,346.37,0.46,0.39,2026-09-18,0546,N,nominal,2.0NRT,300.15,12.35,D
-2.22503,116.44697,355.79,0.41,0.37,2026-09-18,0546,N,nominal,2.0NRT,303.52,11.64,D
-2.22727,116.4323,345.07,0.41,0.37,2026-09-18,0546,N,nominal,2.0NRT,300.12,5.13,D
-2.7551,112.96162,332.12,0.41,0.45,2026-09-18,0546,N,nominal,2.0NRT,299.85,4.56,D
-2.86318,112.2472,340.61,0.46,0.47,2026-09-18,0546,N,nominal,2.0NRT,292.78,7.62,D
-1.49717,121.17466,340.54,0.46,0.39,2026-09-18,0546,N,nominal,2.0NRT,297.81,8.94,D
-1.49785,121.17025,352.43,0.46,0.39,2026-09-18,0546,N,nominal,2.0NRT,302.15,12.35,D
-1.49845,121.16637,332.55,0.46,0.39,2026-09-18,0546,N,nominal,2.0NRT,299.19,12.35,D
-1.59199,120.55911,342.21,0.43,0.38,2026-09-18,0546,N,nominal,2.0NRT,305.42,134.88,D
-2.75096,112.96101,331.77,0.41,0.45,2026-09-18,0546,N,nominal,2.0NRT,299.52,4.56,D
-2.74401,112.97897,367,0.41,0.45,2026-09-18,0546,N,high,2.0NRT,299.72,102.54,D
-1.49354,121.17421,337.32,0.46,0.39,2026-09-18,0546,N,nominal,2.0NRT,298.04,7.31,D
-1.49421,121.16988,345.65,0.46,0.39,2026-09-18,0546,N,nominal,2.0NRT,299.69,8.69,D
-1.49481,121.16599,331.84,0.46,0.39,2026-09-18,0546,N,nominal,2.0NRT,299.85,8.69,D
-2.22267,116.41657,332.68,0.41,0.37,2026-09-18,0546,N,nominal,2.0NRT,300.82,2.49,D
-2.74681,112.96041,333.09,0.41,0.45,2026-09-18,0546,N,nominal,2.0NRT,298.47,7.88,D
-1.4899,121.17378,336.34,0.46,0.39,2026-09-18,0546,N,nominal,2.0NRT,296.73,7.31,D
-1.49055,121.16956,332.55,0.46,0.39,2026-09-18,0546,N,nominal,2.0NRT,296.57,8.69,D
-2.20809,116.48941,345.9,0.41,0.37,2026-09-18,0546,N,low,2.0NRT,300.48,5.86,D
-2.21478,116.44543,336.65,0.41,0.37,2026-09-18,0546,N,low,2.0NRT,299.73,8.57,D
-2.21925,116.41605,334.05,0.41,0.37,2026-09-18,0546,N,nominal,2.0NRT,300.57,2.49,D
-2.21136,116.44492,343.49,0.41,0.37,2026-09-18,0546,N,low,2.0NRT,302.5,16.43,D
-2.8084,112.46458,354.17,0.44,0.46,2026-09-18,0546,N,nominal,2.0NRT,287.5,11.4,D
-2.19729,116.49152,330.49,0.41,0.37,2026-09-18,0546,N,low,2.0NRT,299.78,3.47,D
-2.7448,112.86063,341.14,0.42,0.45,2026-09-18,0546,N,nominal,2.0NRT,295.78,8.1,D
-2.19167,116.50561,341.54,0.41,0.37,2026-09-18,0546,N,nominal,2.0NRT,305.22,17.45,D
-2.19355,116.40093,336.45,0.41,0.37,2026-09-18,0546,N,low,2.0NRT,300.31,3.84,D
-2.19411,116.39724,334.47,0.41,0.37,2026-09-18,0546,N,low,2.0NRT,299.53,3.32,D
-2.99873,110.9926,334.55,0.56,0.52,2026-09-18,0546,N,nominal,2.0NRT,294.84,3.83,D
-2.19013,116.40043,349.92,0.41,0.37,2026-09-18,0546,N,nominal,2.0NRT,300.3,11.56,D
-2.19291,116.38203,347.96,0.41,0.37,2026-09-18,0546,N,nominal,2.0NRT,303.87,12.8,D
-2.99993,110.95107,333.39,0.57,0.52,2026-09-18,0546,N,nominal,2.0NRT,295.81,2.18,D
-2.18949,116.38149,345.32,0.41,0.37,2026-09-18,0546,N,nominal,2.0NRT,300.61,12.8,D
-2.18662,116.37731,333.88,0.41,0.37,2026-09-18,0546,N,low,2.0NRT,301.11,4.07,D
-2.80461,112.22166,337.87,0.46,0.47,2026-09-18,0546,N,nominal,2.0NRT,295.59,5.2,D
-2.9874,110.97013,330.72,0.56,0.52,2026-09-18,0546,N,nominal,2.0NRT,296.4,6.8,D
-2.1832,116.37678,339,0.41,0.37,2026-09-18,0546,N,low,2.0NRT,301.96,4.07,D
-1.36031,121.69101,334.25,0.49,0.4,2026-09-18,0546,N,nominal,2.0NRT,298.42,12.08,D
-2.24623,115.93428,337.62,0.43,0.38,2026-09-18,0546,N,low,2.0NRT,300.52,7.62,D
-2.25196,115.89607,333.76,0.43,0.38,2026-09-18,0546,N,nominal,2.0NRT,297.44,4.17,D
-2.97564,110.98402,343.85,0.56,0.52,2026-09-18,0546,N,nominal,2.0NRT,296.48,9.88,D
-2.98719,110.87025,367,0.57,0.52,2026-09-18,0546,N,high,2.0NRT,295.49,16.15,D
-1.41281,121.33387,335.94,0.47,0.4,2026-09-18,0546,N,nominal,2.0NRT,298.18,3.79,D
-2.24562,115.91463,344.6,0.43,0.38,2026-09-18,0546,N,nominal,2.0NRT,299.94,8.1,D
-1.40915,121.33339,349.48,0.47,0.4,2026-09-18,0546,N,nominal,2.0NRT,302.99,13.54,D
-1.4098,121.32924,336.6,0.47,0.4,2026-09-18,0546,N,nominal,2.0NRT,299.37,5.9,D
-2.86477,111.68427,341.37,0.5,0.49,2026-09-18,0546,N,nominal,2.0NRT,295,23.23,D
-2.86542,111.67978,332.23,0.5,0.49,2026-09-18,0546,N,nominal,2.0NRT,293.65,14.73,D
-2.98164,110.87475,332.53,0.57,0.52,2026-09-18,0546,N,nominal,2.0NRT,293.89,7.34,D
-2.98239,110.86956,330.88,0.57,0.52,2026-09-18,0546,N,nominal,2.0NRT,295.72,7.34,D
-2.98313,110.86435,332.71,0.57,0.52,2026-09-18,0546,N,nominal,2.0NRT,295.34,11.01,D
-2.23508,115.88979,333.32,0.43,0.38,2026-09-18,0546,N,low,2.0NRT,298.11,7.01,D
-2.2373,115.89027,333.25,0.43,0.38,2026-09-18,0546,N,low,2.0NRT,299.16,6.46,D
-2.16348,116.34724,335.3,0.41,0.37,2026-09-18,0546,N,low,2.0NRT,299.35,4.95,D
-2.22804,115.90414,334.3,0.43,0.38,2026-09-18,0546,N,low,2.0NRT,298.24,6.58,D
-1.52572,120.44864,336.52,0.43,0.38,2026-09-18,0546,N,nominal,2.0NRT,302.87,17.91,D
-2.22049,115.90693,343.63,0.43,0.38,2026-09-18,0546,N,nominal,2.0NRT,296.74,5.84,D
-2.86863,111.68179,347.29,0.5,0.49,2026-09-18,0546,N,nominal,2.0NRT,295.55,13.12,D
-2.97567,110.98138,349.21,0.56,0.52,2026-09-18,0546,N,nominal,2.0NRT,296.27,8.36,D
-2.21758,115.90264,334.8,0.43,0.38,2026-09-18,0546,N,nominal,2.0NRT,297.58,3.82,D
-2.86409,111.68118,343.92,0.5,0.49,2026-09-18,0546,N,nominal,2.0NRT,293.29,13.12,D
-2.9873,110.87302,339.9,0.57,0.52,2026-09-18,0546,N,nominal,2.0NRT,295.05,8.83,D
-2.98809,110.86784,345.78,0.57,0.52,2026-09-18,0546,N,nominal,2.0NRT,294.57,7.81,D
-2.21117,115.9212,334.39,0.43,0.38,2026-09-18,0546,N,nominal,2.0NRT,299.18,4.46,D
-2.2141,115.90209,342.09,0.43,0.38,2026-09-18,0546,N,nominal,2.0NRT,297.74,9.27,D
-2.9825,110.87233,339.69,0.57,0.52,2026-09-18,0546,N,nominal,2.0NRT,295.23,6.94,D
-2.98329,110.86715,342.49,0.57,0.52,2026-09-18,0546,N,nominal,2.0NRT,295.85,13.89,D
-2.96277,110.93785,333.93,0.57,0.52,2026-09-18,0546,N,nominal,2.0NRT,296.35,9.42,D
-2.9651,110.92248,348.93,0.57,0.52,2026-09-18,0546,N,nominal,2.0NRT,295.63,10.65,D
-2.97289,110.87094,338.53,0.57,0.52,2026-09-18,0546,N,nominal,2.0NRT,293.37,19.07,D
-2.97368,110.86576,347.29,0.57,0.52,2026-09-18,0546,N,nominal,2.0NRT,296.5,34.71,D
-2.1978,115.9388,336.18,0.42,0.38,2026-09-18,0546,N,low,2.0NRT,299.54,5.56,D
-2.94724,111.00841,340.29,0.56,0.51,2026-09-18,0546,N,nominal,2.0NRT,293.61,10.75,D
-2.95645,110.94738,342.1,0.56,0.52,2026-09-18,0546,N,nominal,2.0NRT,296.89,10.27,D
-2.96887,110.86507,354.4,0.57,0.52,2026-09-18,0546,N,nominal,2.0NRT,296.99,34.71,D
-2.88773,111.37107,339.36,0.53,0.5,2026-09-18,0546,N,nominal,2.0NRT,293.19,15.59,D
-2.94325,111.00266,345.25,0.56,0.51,2026-09-18,0546,N,nominal,2.0NRT,294.52,5.94,D
-2.95476,110.92622,333.36,0.57,0.52,2026-09-18,0546,N,nominal,2.0NRT,295.59,9.74,D
-2.95707,110.91084,338.08,0.57,0.52,2026-09-18,0546,N,nominal,2.0NRT,295.03,5.88,D
-2.97189,110.81238,341.14,0.58,0.52,2026-09-18,0546,N,nominal,2.0NRT,296.6,7.15,D
-1.4535,120.75548,333.35,0.44,0.39,2026-09-18,0546,N,nominal,2.0NRT,295.67,5.97,D
-2.85902,111.53036,339.93,0.51,0.5,2026-09-18,0546,N,nominal,2.0NRT,293.68,8.66,D
-2.8831,111.37042,339.7,0.53,0.5,2026-09-18,0546,N,nominal,2.0NRT,291.82,15.59,D
-2.93697,111.01211,335.55,0.56,0.51,2026-09-18,0546,N,nominal,2.0NRT,294.55,2.88,D
-2.93849,111.00198,336.62,0.56,0.51,2026-09-18,0546,N,nominal,2.0NRT,293.53,5.94,D
-2.95151,110.91528,332.32,0.57,0.52,2026-09-18,0546,N,nominal,2.0NRT,295.18,5.88,D
-2.95228,110.91014,335,0.57,0.52,2026-09-18,0546,N,nominal,2.0NRT,295.47,5.88,D
-2.93525,110.99114,339.75,0.56,0.51,2026-09-18,0546,N,nominal,2.0NRT,294.24,11.68,D
-2.94442,110.92996,331.21,0.57,0.52,2026-09-18,0546,N,nominal,2.0NRT,296.9,9.96,D
-2.19203,115.88319,330.74,0.43,0.38,2026-09-18,0546,N,nominal,2.0NRT,298.43,3.09,D
-2.74953,112.1974,345.07,0.46,0.47,2026-09-18,0546,N,nominal,2.0NRT,289.33,8.23,D
-2.87526,111.35955,340.47,0.53,0.5,2026-09-18,0546,N,nominal,2.0NRT,293.35,6.15,D
-2.93049,110.99045,348.22,0.56,0.51,2026-09-18,0546,N,nominal,2.0NRT,295.36,11.68,D
-2.94041,110.92415,331.07,0.57,0.52,2026-09-18,0546,N,nominal,2.0NRT,297.01,8.78,D
-2.94501,110.89331,340.18,0.57,0.52,2026-09-18,0546,N,nominal,2.0NRT,293.9,6.56,D
-2.94965,110.86232,337.52,0.57,0.52,2026-09-18,0546,N,nominal,2.0NRT,298.06,9.86,D
-2.95042,110.85712,344.09,0.57,0.52,2026-09-18,0546,N,nominal,2.0NRT,298.11,9.86,D
-2.87062,111.35887,339.77,0.53,0.5,2026-09-18,0546,N,nominal,2.0NRT,291.82,6.48,D
-2.92877,110.96941,341.99,0.56,0.52,2026-09-18,0546,N,nominal,2.0NRT,297.22,11.01,D
-2.93084,110.92277,346.56,0.57,0.52,2026-09-18,0546,N,nominal,2.0NRT,295.51,17.02,D
-2.94081,110.85574,334.63,0.57,0.52,2026-09-18,0546,N,nominal,2.0NRT,298.17,8.78,D
-2.1798,115.89327,356.92,0.43,0.38,2026-09-18,0546,N,nominal,2.0NRT,301.85,15.15,D
-2.18035,115.88961,356.85,0.43,0.38,2026-09-18,0546,N,nominal,2.0NRT,300.88,7.12,D
-2.18094,115.88579,332.28,0.43,0.38,2026-09-18,0546,N,low,2.0NRT,298.03,7.12,D
-2.80352,111.74587,338.67,0.5,0.49,2026-09-18,0546,N,nominal,2.0NRT,288.57,7.3,D
-2.9102,111.02885,333,0.56,0.51,2026-09-18,0546,N,nominal,2.0NRT,298.55,10.28,D
-2.91095,111.02382,334.42,0.56,0.51,2026-09-18,0546,N,nominal,2.0NRT,298.5,7.04,D
-2.88826,111.04621,344.41,0.55,0.51,2026-09-18,0546,N,nominal,2.0NRT,297.62,10.7,D
-1.3997,120.82076,347.14,0.45,0.39,2026-09-18,0546,N,nominal,2.0NRT,299.17,10.84,D
-2.87624,111.02905,334.4,0.56,0.51,2026-09-18,0546,N,nominal,2.0NRT,295.74,4.18,D
-2.92126,110.68649,333.21,0.59,0.53,2026-09-18,0546,N,nominal,2.0NRT,297.18,10.36,D
-2.77149,111.68147,367,0.5,0.49,2026-09-18,0546,N,high,2.0NRT,297.28,33.06,D
-2.77215,111.67698,337.96,0.5,0.49,2026-09-18,0546,N,nominal,2.0NRT,295.13,16.16,D
-2.76696,111.68085,343.7,0.5,0.49,2026-09-18,0546,N,nominal,2.0NRT,295.1,10.94,D
-2.76762,111.67632,341.55,0.5,0.49,2026-09-18,0546,N,nominal,2.0NRT,293.87,7.47,D
-2.84104,111.17151,333.99,0.54,0.51,2026-09-18,0546,N,nominal,2.0NRT,296.18,8.86,D
-2.83634,111.17083,342.32,0.54,0.51,2026-09-18,0546,N,nominal,2.0NRT,296.31,8.86,D
-2.83308,111.16018,330.75,0.54,0.51,2026-09-18,0546,N,nominal,2.0NRT,296.1,5.87,D
-1.19683,121.96662,333.06,0.51,0.41,2026-09-18,0546,N,nominal,2.0NRT,295.87,4.73,D
-2.83768,111.095,355.33,0.55,0.51,2026-09-18,0546,N,nominal,2.0NRT,298.39,12.48,D
-2.8384,111.09002,335.59,0.55,0.51,2026-09-18,0546,N,nominal,2.0NRT,293.87,12.48,D
-1.19771,121.96781,335.2,0.51,0.41,2026-09-18,0546,N,nominal,2.0NRT,295.74,5.11,D
-2.7706,111.68253,347.55,0.5,0.49,2026-09-18,0546,N,nominal,2.0NRT,296.7,29.35,D
-2.77129,111.67805,354.74,0.5,0.49,2026-09-18,0546,N,nominal,2.0NRT,297.95,24.45,D
-2.76676,111.67742,340.33,0.5,0.49,2026-09-18,0546,N,nominal,2.0NRT,293.3,24.45,D
-2.84403,111.17392,334.33,0.54,0.51,2026-09-18,0546,N,nominal,2.0NRT,297.51,9.88,D
-2.91917,110.6836,330.37,0.59,0.53,2026-09-18,0546,N,nominal,2.0NRT,296.88,11.03,D
-1.22791,121.66863,344.23,0.49,0.41,2026-09-18,0546,N,nominal,2.0NRT,301.7,13.86,D
-1.22859,121.66418,346.69,0.49,0.4,2026-09-18,0546,N,nominal,2.0NRT,302.64,13.86,D
-2.83539,111.16765,340.5,0.54,0.51,2026-09-18,0546,N,nominal,2.0NRT,295.57,7.97,D
-1.22421,121.66784,342.87,0.49,0.41,2026-09-18,0546,N,nominal,2.0NRT,302.79,13.39,D
-1.22488,121.66345,353.92,0.49,0.4,2026-09-18,0546,N,nominal,2.0NRT,303.3,13.39,D
-1.22554,121.65913,351.98,0.49,0.4,2026-09-18,0546,N,nominal,2.0NRT,306.54,39.79,D
-2.83221,111.15707,332.09,0.54,0.51,2026-09-18,0546,N,nominal,2.0NRT,295.27,2.85,D
-1.22182,121.65849,367,0.49,0.4,2026-09-18,0546,N,high,2.0NRT,304.75,39.79,D
-1.21783,121.68453,334.93,0.49,0.41,2026-09-18,0546,N,nominal,2.0NRT,297.03,4.66,D
-1.2205,121.66711,357.78,0.49,0.41,2026-09-18,0546,N,nominal,2.0NRT,302.18,13.39,D
-1.22117,121.66273,348.06,0.49,0.4,2026-09-18,0546,N,nominal,2.0NRT,301.7,13.39,D
-2.83653,111.09702,342.05,0.55,0.51,2026-09-18,0546,N,nominal,2.0NRT,296.11,16.05,D
-2.83729,111.09205,355.64,0.55,0.51,2026-09-18,0546,N,nominal,2.0NRT,297.04,16.05,D
-2.83257,111.09137,367,0.55,0.51,2026-09-18,0546,N,high,2.0NRT,297.03,12.72,D
-1.21613,121.67074,340.87,0.49,0.41,2026-09-18,0546,N,nominal,2.0NRT,301.39,8.33,D
-2.03408,116.32748,343.66,0.41,0.37,2026-09-18,0546,N,nominal,2.0NRT,307.68,36.94,D
-2.65941,112.23142,340.24,0.46,0.47,2026-09-18,0546,N,nominal,2.0NRT,290.03,8.55,D
-2.71173,111.88737,332.06,0.48,0.48,2026-09-18,0546,N,nominal,2.0NRT,296.22,9.85,D
-2.82057,111.17051,356.22,0.54,0.51,2026-09-18,0546,N,nominal,2.0NRT,301.01,41.41,D
-2.82132,111.16556,352.21,0.54,0.51,2026-09-18,0546,N,nominal,2.0NRT,296.17,16.07,D
-2.83181,111.09634,332.01,0.55,0.51,2026-09-18,0546,N,nominal,2.0NRT,294.79,12.72,D
-2.33331,114.34459,367,0.5,0.41,2026-09-18,0546,N,high,2.0NRT,300.94,16.3,D
-2.81587,111.16983,357.07,0.54,0.51,2026-09-18,0546,N,nominal,2.0NRT,294.98,41.41,D
-1.20545,121.69046,338.36,0.49,0.41,2026-09-18,0546,N,nominal,2.0NRT,298.02,3.78,D
-1.20609,121.68628,331.1,0.49,0.41,2026-09-18,0546,N,nominal,2.0NRT,297.1,3.78,D
-2.06699,116.06599,334.33,0.42,0.38,2026-09-18,0546,N,low,2.0NRT,294.82,6.55,D
-1.20177,121.68949,334.33,0.49,0.41,2026-09-18,0546,N,nominal,2.0NRT,297.8,3.78,D
-2.92119,110.37186,334.67,0.62,0.54,2026-09-18,0546,N,nominal,2.0NRT,295.15,15.96,D
-2.92202,110.36626,337.19,0.62,0.54,2026-09-18,0546,N,nominal,2.0NRT,296.58,17.31,D
-1.19768,121.66653,330.28,0.49,0.41,2026-09-18,0546,N,nominal,2.0NRT,296.06,3.01,D
-1.18904,121.67302,333.57,0.49,0.41,2026-09-18,0546,N,nominal,2.0NRT,297.66,3.75,D
-2.05368,116.03717,331.37,0.42,0.38,2026-09-18,0546,N,low,2.0NRT,297.1,5.14,D
-2.07561,115.89282,353.06,0.43,0.38,2026-09-18,0546,N,nominal,2.0NRT,307.15,40.93,D
-2.07618,115.88905,342.35,0.43,0.38,2026-09-18,0546,N,nominal,2.0NRT,305.34,27.71,D
-2.07156,115.89604,334.07,0.43,0.38,2026-09-18,0546,N,low,2.0NRT,298.38,63.46,D
-2.81273,110.96546,331.67,0.56,0.51,2026-09-18,0546,N,nominal,2.0NRT,298.25,5.35,D
-2.07213,115.89229,367,0.43,0.38,2026-09-18,0546,N,low,2.0NRT,326.04,63.46,D
-2.0727,115.88849,367,0.43,0.38,2026-09-18,0546,N,low,2.0NRT,343.05,501.01,D
-2.34705,114.04831,367,0.52,0.42,2026-09-18,0546,N,high,2.0NRT,306.29,81.54,D
-2.06865,115.89174,348.12,0.43,0.38,2026-09-18,0546,N,low,2.0NRT,296.69,63.46,D
-2.80422,110.98999,346.48,0.56,0.51,2026-09-18,0546,N,nominal,2.0NRT,300,30.36,D
-2.80497,110.98494,346.37,0.56,0.51,2026-09-18,0546,N,nominal,2.0NRT,301.73,30.36,D
-2.80572,110.97989,356.3,0.56,0.51,2026-09-18,0546,N,nominal,2.0NRT,300.42,56.83,D
-2.80722,110.9698,333.91,0.56,0.51,2026-09-18,0546,N,nominal,2.0NRT,297.15,5.35,D
-2.80796,110.96478,330.33,0.56,0.51,2026-09-18,0546,N,nominal,2.0NRT,298.58,5.35,D
-3.59874,105.49906,367,0.68,0.74,2026-09-18,0546,N,high,2.0NRT,290.22,18.11,D
-0.2277,127.70089,344.17,0.42,0.61,2026-09-18,0546,N,nominal,2.0NRT,297.02,3.65,D
-0.22821,127.69769,332.34,0.42,0.61,2026-09-18,0546,N,nominal,2.0NRT,297.02,3.65,D
-2.06055,115.92167,336.11,0.42,0.38,2026-09-18,0546,N,low,2.0NRT,300.87,6.56,D
-2.06113,115.91787,333.24,0.42,0.38,2026-09-18,0546,N,low,2.0NRT,299.29,4.07,D
-2.79947,110.9893,355.54,0.56,0.51,2026-09-18,0546,N,nominal,2.0NRT,300.96,33.66,D
-2.80022,110.98425,332.79,0.56,0.51,2026-09-18,0546,N,nominal,2.0NRT,297.33,33.66,D
-2.80246,110.96912,339.76,0.56,0.51,2026-09-18,0546,N,nominal,2.0NRT,298.23,6.1,D
-2.8032,110.96413,331.76,0.56,0.51,2026-09-18,0546,N,nominal,2.0NRT,298.58,6.1,D
-2.81987,110.85146,354.76,0.57,0.52,2026-09-18,0546,N,nominal,2.0NRT,295.25,16.37,D
-2.79472,110.98862,344.59,0.56,0.51,2026-09-18,0546,N,nominal,2.0NRT,297.67,33.66,D
-2.79547,110.98356,340.56,0.56,0.51,2026-09-18,0546,N,nominal,2.0NRT,299.37,33.66,D
-2.79621,110.97851,331.12,0.56,0.51,2026-09-18,0546,N,nominal,2.0NRT,299.14,7.56,D
-2.79696,110.97346,331.26,0.56,0.51,2026-09-18,0546,N,nominal,2.0NRT,298.04,7.56,D
-2.7977,110.96844,346.53,0.56,0.51,2026-09-18,0546,N,nominal,2.0NRT,298.64,6.1,D
-2.79844,110.96344,337.48,0.56,0.51,2026-09-18,0546,N,nominal,2.0NRT,298.68,6.1,D
-3.59184,105.49825,357.3,0.68,0.74,2026-09-18,0546,N,low,2.0NRT,289.75,18.11,D
-2.79368,110.96273,367,0.56,0.51,2026-09-18,0546,N,high,2.0NRT,301.79,19.59,D
-2.75202,111.24525,350.79,0.54,0.5,2026-09-18,0546,N,nominal,2.0NRT,296.48,31.64,D
-2.79071,110.98287,354.15,0.56,0.51,2026-09-18,0546,N,nominal,2.0NRT,303.07,41.85,D
-2.79146,110.97781,347.97,0.56,0.51,2026-09-18,0546,N,nominal,2.0NRT,299.28,25.27,D
-2.7922,110.97277,346.45,0.56,0.51,2026-09-18,0546,N,nominal,2.0NRT,298.5,25.27,D
-2.79294,110.96774,347.01,0.56,0.51,2026-09-18,0546,N,nominal,2.0NRT,297.61,19.59,D
-2.81104,110.84486,333.86,0.57,0.52,2026-09-18,0546,N,nominal,2.0NRT,292.89,6.9,D
-3.58055,105.52839,357.05,0.67,0.74,2026-09-18,0546,N,nominal,2.0NRT,289.5,15.52,D
-2.04379,115.96207,330.72,0.42,0.38,2026-09-18,0546,N,low,2.0NRT,301.74,5.3,D
-2.04436,115.95825,352.67,0.42,0.38,2026-09-18,0546,N,nominal,2.0NRT,302.92,5.3,D
-2.74593,111.25428,334.19,0.53,0.5,2026-09-18,0546,N,nominal,2.0NRT,294.25,9.19,D
-2.78596,110.98218,331.07,0.56,0.51,2026-09-18,0546,N,nominal,2.0NRT,295.05,41.85,D
-2.7867,110.97713,350.87,0.56,0.51,2026-09-18,0546,N,nominal,2.0NRT,297.5,25.27,D
-2.78819,110.96703,349.21,0.56,0.51,2026-09-18,0546,N,nominal,2.0NRT,298.28,19.59,D
-2.78893,110.962,354.19,0.56,0.51,2026-09-18,0546,N,nominal,2.0NRT,299.78,19.59,D
-2.04032,115.96152,333.31,0.42,0.38,2026-09-18,0546,N,low,2.0NRT,300.6,7.58,D
-2.04089,115.95773,346.17,0.42,0.38,2026-09-18,0546,N,nominal,2.0NRT,299.17,7.58,D
-2.04147,115.95392,351.41,0.42,0.38,2026-09-18,0546,N,nominal,2.0NRT,299.69,11.26,D
-2.62827,112.02107,336.48,0.47,0.48,2026-09-18,0546,N,nominal,2.0NRT,295.89,4.67,D
-2.78343,110.96632,342.34,0.56,0.51,2026-09-18,0546,N,nominal,2.0NRT,295.99,23.86,D
-2.78417,110.96128,355.33,0.56,0.51,2026-09-18,0546,N,nominal,2.0NRT,297.9,23.86,D
-2.87067,110.37031,342.93,0.62,0.54,2026-09-18,0546,N,nominal,2.0NRT,297.12,6.33,D
-1.08907,122.11475,330.12,0.52,0.42,2026-09-18,0546,N,nominal,2.0NRT,297.64,4.27,D
-2.03685,115.961,344.12,0.42,0.38,2026-09-18,0546,N,nominal,2.0NRT,301.07,7.58,D
-2.62387,112.02039,330.89,0.47,0.48,2026-09-18,0546,N,nominal,2.0NRT,296.83,4.67,D
-2.6245,112.01611,331.01,0.47,0.48,2026-09-18,0546,N,nominal,2.0NRT,294.57,4.96,D
-2.77941,110.96057,350.66,0.56,0.51,2026-09-18,0546,N,nominal,2.0NRT,297.37,23.86,D
-2.78015,110.95553,343.41,0.56,0.52,2026-09-18,0546,N,nominal,2.0NRT,293.45,11.07,D
-2.85679,110.43078,335.69,0.61,0.53,2026-09-18,0546,N,nominal,2.0NRT,295.54,6.32,D
-2.86571,110.36958,342.15,0.62,0.54,2026-09-18,0546,N,nominal,2.0NRT,296.78,6.33,D
-2.86074,110.36887,367,0.62,0.54,2026-09-18,0546,N,high,2.0NRT,298.13,20.15,D
-1.08524,122.11419,337.92,0.52,0.42,2026-09-18,0546,N,nominal,2.0NRT,297.95,8.71,D
-1.08589,122.11,332.12,0.52,0.42,2026-09-18,0546,N,nominal,2.0NRT,296.13,4.51,D
-2.79458,110.78953,331.12,0.58,0.52,2026-09-18,0546,N,nominal,2.0NRT,294.06,5.42,D
-2.79534,110.78432,333.71,0.58,0.52,2026-09-18,0546,N,nominal,2.0NRT,296.59,5.42,D
-2.61063,112.01846,348.82,0.47,0.48,2026-09-18,0546,N,nominal,2.0NRT,302.97,33.76,D
-2.84584,110.36671,367,0.62,0.54,2026-09-18,0546,N,high,2.0NRT,299.19,12.88,D
-2.60622,112.0178,332.84,0.47,0.48,2026-09-18,0546,N,nominal,2.0NRT,293.21,33.76,D
-2.78873,110.76196,343.42,0.58,0.52,2026-09-18,0546,N,nominal,2.0NRT,297.56,13.5,D
-2.84665,110.36109,338.5,0.62,0.54,2026-09-18,0546,N,nominal,2.0NRT,297.51,12.88,D
-2.84007,110.37154,346.84,0.62,0.54,2026-09-18,0546,N,nominal,2.0NRT,297.34,18.12,D
-2.84088,110.36596,335.11,0.62,0.54,2026-09-18,0546,N,nominal,2.0NRT,296.49,10.12,D
-2.77006,110.82314,331.3,0.57,0.52,2026-09-18,0546,N,nominal,2.0NRT,294.62,8.52,D
-2.82791,110.42094,334.86,0.61,0.53,2026-09-18,0546,N,nominal,2.0NRT,294.89,2.85,D
-2.61082,112.01941,367,0.47,0.48,2026-09-18,0546,N,high,2.0NRT,301.02,29.71,D
-2.0208,115.84568,339.4,0.43,0.38,2026-09-18,0546,N,nominal,2.0NRT,298.43,4.03,D
-2.02197,115.83808,334.52,0.43,0.38,2026-09-18,0546,N,low,2.0NRT,298.07,4.74,D
-2.61148,112.01511,330.89,0.47,0.48,2026-09-18,0546,N,nominal,2.0NRT,294.09,22.12,D
-2.85486,110.43397,340.03,0.61,0.53,2026-09-18,0546,N,nominal,2.0NRT,294.83,3.68,D
-2.86424,110.37291,340.95,0.62,0.54,2026-09-18,0546,N,nominal,2.0NRT,296.09,15.13,D
-2.60641,112.01875,332.02,0.47,0.48,2026-09-18,0546,N,nominal,2.0NRT,293.25,29.71,D
-2.79565,110.78715,332.02,0.58,0.52,2026-09-18,0546,N,nominal,2.0NRT,295.14,6.47,D
-2.79645,110.78197,331.6,0.58,0.52,2026-09-18,0546,N,nominal,2.0NRT,296.33,8.56,D
-2.86013,110.36664,351.66,0.62,0.54,2026-09-18,0546,N,nominal,2.0NRT,297.06,15.13,D
-1.95322,116.23955,330.15,0.41,0.37,2026-09-18,0546,N,nominal,2.0NRT,298.47,2.96,D
-2.00856,115.87894,341.55,0.43,0.38,2026-09-18,0546,N,nominal,2.0NRT,300.07,6.53,D
-2.01151,115.83649,332.76,0.43,0.38,2026-09-18,0546,N,low,2.0NRT,297.85,5.03,D
-2.79,110.75968,342.31,0.58,0.52,2026-09-18,0546,N,nominal,2.0NRT,294.82,7.26,D
-2.84523,110.3645,367,0.62,0.54,2026-09-18,0546,N,high,2.0NRT,299.7,14.28,D
-2.78517,110.75897,333.62,0.58,0.52,2026-09-18,0546,N,nominal,2.0NRT,294.15,9.6,D
-2.84438,110.37008,342.08,0.62,0.54,2026-09-18,0546,N,nominal,2.0NRT,296.9,14.28,D
-2.72631,111.11361,331.38,0.55,0.51,2026-09-18,0546,N,nominal,2.0NRT,295.56,3.79,D
-2.83858,110.37492,341.8,0.61,0.54,2026-09-18,0546,N,nominal,2.0NRT,295.85,7.74,D
-2.83942,110.36934,338.58,0.62,0.54,2026-09-18,0546,N,nominal,2.0NRT,297.21,14.28,D
-1.99347,115.88445,339.91,0.42,0.38,2026-09-18,0546,N,low,2.0NRT,303.12,12.54,D
-2.76527,110.82515,332.48,0.57,0.52,2026-09-18,0546,N,nominal,2.0NRT,294.28,5.6,D
-2.82613,110.39019,332.83,0.61,0.54,2026-09-18,0546,N,nominal,2.0NRT,293.6,3.41,D
-2.82949,110.36794,345.99,0.62,0.54,2026-09-18,0546,N,nominal,2.0NRT,295.18,11.44,D
-2.82034,110.39501,330.81,0.61,0.54,2026-09-18,0546,N,nominal,2.0NRT,293.41,3.5,D
-2.82453,110.36723,341.41,0.62,0.54,2026-09-18,0546,N,nominal,2.0NRT,294.75,13.33,D
-2.82537,110.36164,338.13,0.62,0.54,2026-09-18,0546,N,nominal,2.0NRT,294.59,13.33,D
-2.82621,110.35606,344.93,0.62,0.54,2026-09-18,0546,N,nominal,2.0NRT,297.37,7.37,D
-2.82705,110.35048,331.35,0.62,0.54,2026-09-18,0546,N,nominal,2.0NRT,296.01,7.37,D
-1.98477,115.87147,330.64,0.43,0.38,2026-09-18,0546,N,low,2.0NRT,302.18,5.11,D
-2.81205,110.41649,335.92,0.61,0.53,2026-09-18,0546,N,nominal,2.0NRT,295.42,5.93,D
-2.8204,110.36092,340.89,0.62,0.54,2026-09-18,0546,N,nominal,2.0NRT,295.8,13.33,D
-2.82124,110.35535,349.46,0.62,0.54,2026-09-18,0546,N,nominal,2.0NRT,298.27,7.37,D
-2.82208,110.34976,343.37,0.62,0.54,2026-09-18,0546,N,nominal,2.0NRT,296.09,7.37,D
-2.82292,110.34418,344.76,0.62,0.54,2026-09-18,0546,N,nominal,2.0NRT,295.95,9.34,D
-2.8246,110.33302,336.26,0.62,0.54,2026-09-18,0546,N,nominal,2.0NRT,296.09,4.88,D
-2.81712,110.34904,367,0.62,0.54,2026-09-18,0546,N,high,2.0NRT,298.29,46.63,D
-1.98304,115.85947,333.66,0.43,0.38,2026-09-18,0546,N,low,2.0NRT,299.77,3.83,D
-2.80877,110.40469,344.31,0.61,0.54,2026-09-18,0546,N,nominal,2.0NRT,295.55,13.36,D
-2.81544,110.36021,342.91,0.62,0.54,2026-09-18,0546,N,nominal,2.0NRT,298.59,61.81,D
-2.81628,110.35463,343.59,0.62,0.54,2026-09-18,0546,N,nominal,2.0NRT,298.09,46.63,D
-2.81795,110.34345,344.08,0.62,0.54,2026-09-18,0546,N,nominal,2.0NRT,296.52,38.3,D
-2.81963,110.33229,343.62,0.62,0.54,2026-09-18,0546,N,nominal,2.0NRT,297.99,16.65,D
-2.82046,110.3267,342,0.62,0.54,2026-09-18,0546,N,nominal,2.0NRT,295.8,16.65,D
-2.69144,111.15376,341.15,0.54,0.51,2026-09-18,0546,N,nominal,2.0NRT,294.28,9.13,D
-2.69586,111.1243,336.08,0.54,0.51,2026-09-18,0546,N,nominal,2.0NRT,293.59,5.3,D
-2.75374,110.7384,331.03,0.58,0.52,2026-09-18,0546,N,nominal,2.0NRT,293.24,3.51,D
-2.75452,110.73316,330.39,0.58,0.52,2026-09-18,0546,N,nominal,2.0NRT,294.18,4.09,D
-2.80465,110.39844,341.99,0.61,0.54,2026-09-18,0546,N,nominal,2.0NRT,295.31,7.33,D
-2.81215,110.34832,356.19,0.62,0.54,2026-09-18,0546,N,nominal,2.0NRT,298.1,46.63,D
-2.81298,110.34274,346.61,0.62,0.54,2026-09-18,0546,N,nominal,2.0NRT,303.56,38.3,D
-2.81382,110.33716,336.27,0.62,0.54,2026-09-18,0546,N,nominal,2.0NRT,297.04,38.3,D
-2.80801,110.34203,367,0.62,0.54,2026-09-18,0546,N,high,2.0NRT,297.45,31.18,D
-2.68162,111.18734,331.54,0.54,0.51,2026-09-18,0546,N,nominal,2.0NRT,295.65,9.73,D
-2.74891,110.73772,340.59,0.58,0.52,2026-09-18,0546,N,nominal,2.0NRT,293.87,14.33,D
-2.74969,110.73246,341.49,0.58,0.52,2026-09-18,0546,N,nominal,2.0NRT,294.74,11.84,D
-2.80717,110.34762,347.4,0.62,0.54,2026-09-18,0546,N,nominal,2.0NRT,297,61.63,D
-2.80884,110.33646,352.33,0.62,0.54,2026-09-18,0546,N,nominal,2.0NRT,296.96,31.18,D
-2.80303,110.34135,342.77,0.62,0.54,2026-09-18,0546,N,nominal,2.0NRT,293.43,31.18,D
-2.80386,110.33577,351.94,0.62,0.54,2026-09-18,0546,N,nominal,2.0NRT,294.6,31.18,D
-2.72839,110.8092,343.86,0.57,0.52,2026-09-18,0546,N,nominal,2.0NRT,295.71,20.16,D
-2.79889,110.33506,337.68,0.62,0.54,2026-09-18,0546,N,nominal,2.0NRT,293.67,4.63,D
-2.80727,110.27865,345.86,0.62,0.54,2026-09-18,0546,N,nominal,2.0NRT,297.72,18.36,D
-2.80143,110.2836,337.72,0.62,0.54,2026-09-18,0546,N,nominal,2.0NRT,294.8,18.36,D
-2.80227,110.27792,350.79,0.62,0.54,2026-09-18,0546,N,nominal,2.0NRT,299.49,18.36,D
-2.60606,111.56722,336.11,0.51,0.49,2026-09-18,0546,N,nominal,2.0NRT,288.52,7.54,D
-2.73192,110.71912,331.38,0.58,0.52,2026-09-18,0546,N,nominal,2.0NRT,290.18,12.07,D
-2.79728,110.27721,347.8,0.62,0.54,2026-09-18,0546,N,nominal,2.0NRT,295.96,13.85,D
-2.72864,110.70786,367,0.58,0.52,2026-09-18,0546,N,high,2.0NRT,293.8,42.07,D
-1.94598,115.93957,332.06,0.42,0.38,2026-09-18,0546,N,low,2.0NRT,296.12,2.61,D
-2.72475,110.73421,344.19,0.58,0.52,2026-09-18,0546,N,nominal,2.0NRT,292.55,15.32,D
-2.72786,110.71314,355.76,0.58,0.52,2026-09-18,0546,N,nominal,2.0NRT,291.82,12.07,D
-2.72943,110.70255,356.13,0.58,0.52,2026-09-18,0546,N,nominal,2.0NRT,294.22,42.07,D
-1.92648,116.04502,345.47,0.42,0.38,2026-09-18,0546,N,nominal,2.0NRT,301.89,8.93,D
-1.90947,116.13409,333.35,0.42,0.37,2026-09-18,0546,N,low,2.0NRT,298.03,21.91,D
-2.76334,110.3698,332.32,0.61,0.54,2026-09-18,0546,N,nominal,2.0NRT,295.01,5.69,D
-1.94123,115.85327,332.85,0.43,0.38,2026-09-18,0546,N,low,2.0NRT,306.7,6.53,D
-2.6327,111.19516,340.72,0.54,0.51,2026-09-18,0546,N,nominal,2.0NRT,294.83,10.78,D
-2.75341,110.36841,349.7,0.61,0.54,2026-09-18,0546,N,nominal,2.0NRT,300.62,46.81,D
-2.75423,110.36279,352.82,0.61,0.54,2026-09-18,0546,N,nominal,2.0NRT,298.35,46.81,D
-1.92285,115.95171,332.66,0.42,0.38,2026-09-18,0546,N,nominal,2.0NRT,295.06,4.13,D
-1.92343,115.9479,343.46,0.42,0.38,2026-09-18,0546,N,nominal,2.0NRT,296.46,4.13,D
-2.5629,111.63981,334.06,0.5,0.49,2026-09-18,0546,N,nominal,2.0NRT,292.62,8.07,D
-2.74845,110.3677,334.51,0.61,0.54,2026-09-18,0546,N,nominal,2.0NRT,294.67,46.81,D
-2.74927,110.3621,350.87,0.61,0.54,2026-09-18,0546,N,nominal,2.0NRT,299.6,46.81,D
-2.7566,110.31163,342.45,0.62,0.54,2026-09-18,0546,N,nominal,2.0NRT,298.07,10.7,D
-1.91996,115.94735,331.61,0.42,0.38,2026-09-18,0546,N,low,2.0NRT,295.9,1.73,D
-2.7508,110.31654,343.18,0.62,0.54,2026-09-18,0546,N,nominal,2.0NRT,297.74,9.68,D
-2.75406,110.29404,330.76,0.62,0.54,2026-09-18,0546,N,nominal,2.0NRT,294.56,5.74,D
-0.98098,122.01435,349.77,0.52,0.41,2026-09-18,0546,N,nominal,2.0NRT,297,7.98,D
-2.56445,111.56576,347.9,0.51,0.49,2026-09-18,0546,N,nominal,2.0NRT,298.52,73.85,D
-2.74908,110.2933,335.93,0.62,0.54,2026-09-18,0546,N,nominal,2.0NRT,295.08,5.74,D
-0.97713,122.01395,334.47,0.52,0.41,2026-09-18,0546,N,nominal,2.0NRT,298.84,7.62,D
-2.55924,111.56964,336.4,0.51,0.49,2026-09-18,0546,N,nominal,2.0NRT,295.06,7.88,D
-2.5599,111.56508,346.8,0.51,0.49,2026-09-18,0546,N,nominal,2.0NRT,292.94,15.55,D
-2.61543,111.18263,331.38,0.54,0.51,2026-09-18,0546,N,nominal,2.0NRT,295.06,6.84,D
-2.67492,110.73769,367,0.58,0.52,2026-09-18,0546,N,high,2.0NRT,293.87,28.99,D
-2.55469,111.56898,341.89,0.51,0.49,2026-09-18,0546,N,nominal,2.0NRT,292.96,7.88,D
-2.58502,111.35979,330.25,0.52,0.5,2026-09-18,0546,N,nominal,2.0NRT,294,2.51,D
-0.97868,122.01532,340.25,0.52,0.41,2026-09-18,0546,N,nominal,2.0NRT,296.84,5.24,D
-0.97939,122.0106,330.59,0.52,0.41,2026-09-18,0546,N,nominal,2.0NRT,297.26,5.24,D
-2.562,111.64064,335.95,0.5,0.49,2026-09-18,0546,N,nominal,2.0NRT,292.35,5.55,D
-2.63051,111.19649,334.14,0.54,0.51,2026-09-18,0546,N,nominal,2.0NRT,295.49,6.67,D
-2.55817,111.63548,330.28,0.5,0.49,2026-09-18,0546,N,nominal,2.0NRT,291.83,5.55,D
-2.75343,110.36566,356.58,0.61,0.54,2026-09-18,0546,N,nominal,2.0NRT,302.17,95.9,D
-2.75428,110.36007,342.17,0.61,0.54,2026-09-18,0546,N,nominal,2.0NRT,296.19,13.65,D
-0.9853,121.86923,342.21,0.51,0.41,2026-09-18,0546,N,nominal,2.0NRT,292.4,11.66,D
-2.56409,111.56679,352.65,0.51,0.49,2026-09-18,0546,N,nominal,2.0NRT,296.79,27.11,D
-2.56479,111.56223,338.77,0.51,0.49,2026-09-18,0546,N,nominal,2.0NRT,289.38,27.11,D
-2.74846,110.36497,343.7,0.61,0.54,2026-09-18,0546,N,nominal,2.0NRT,297.14,71.55,D
-2.74932,110.3594,334.06,0.61,0.54,2026-09-18,0546,N,nominal,2.0NRT,296.73,30.84,D
-2.75618,110.31461,339.58,0.62,0.54,2026-09-18,0546,N,nominal,2.0NRT,298.1,11.15,D
-0.98074,121.87372,348.56,0.51,0.41,2026-09-18,0546,N,nominal,2.0NRT,299.96,11.66,D
-2.55955,111.56612,346.89,0.51,0.49,2026-09-18,0546,N,nominal,2.0NRT,293.22,27.11,D
-2.56025,111.56155,336.08,0.51,0.49,2026-09-18,0546,N,nominal,2.0NRT,286.92,27.11,D
-2.7512,110.3139,346.71,0.62,0.54,2026-09-18,0546,N,nominal,2.0NRT,297.31,11.15,D
-2.5543,111.57002,330.33,0.5,0.49,2026-09-18,0546,N,nominal,2.0NRT,293.64,11.48,D
-2.555,111.56545,342.86,0.51,0.49,2026-09-18,0546,N,nominal,2.0NRT,289.05,6.22,D
-2.58621,111.36137,334.58,0.52,0.5,2026-09-18,0546,N,nominal,2.0NRT,291.77,5.03,D
-2.61332,111.18403,331.76,0.54,0.51,2026-09-18,0546,N,nominal,2.0NRT,294.85,5.73,D
-2.74965,110.29073,340.24,0.62,0.54,2026-09-18,0546,N,nominal,2.0NRT,294.79,4.11,D
-1.89214,115.86511,352.39,0.42,0.38,2026-09-18,0546,N,low,2.0NRT,308.42,30.82,D
-2.55046,111.56479,343.63,0.51,0.49,2026-09-18,0546,N,nominal,2.0NRT,288.23,6.22,D
-2.67617,110.74022,342.69,0.58,0.52,2026-09-18,0546,N,nominal,2.0NRT,292.27,21.04,D
-2.67696,110.73501,341.85,0.58,0.52,2026-09-18,0546,N,nominal,2.0NRT,293.48,11.48,D
-1.84716,116.1358,349.11,0.42,0.37,2026-09-18,0546,N,nominal,2.0NRT,303.24,18.79,D
-1.88866,115.86459,336.96,0.42,0.38,2026-09-18,0546,N,low,2.0NRT,302.36,4.84,D
-2.55079,111.53207,334.15,0.51,0.49,2026-09-18,0546,N,nominal,2.0NRT,284.14,5.07,D
-2.61813,111.08962,339.67,0.55,0.51,2026-09-18,0546,N,nominal,2.0NRT,295.25,12.34,D
-2.61267,111.09389,337.47,0.54,0.51,2026-09-18,0546,N,nominal,2.0NRT,294.95,7.92,D
-1.01705,121.51143,337.43,0.49,0.4,2026-09-18,0546,N,nominal,2.0NRT,298.51,8.56,D
-2.53751,111.55823,336.3,0.51,0.49,2026-09-18,0546,N,nominal,2.0NRT,284.42,25.16,D
-2.5382,111.55367,341.08,0.51,0.49,2026-09-18,0546,N,nominal,2.0NRT,290.66,37.45,D
-2.5389,111.5491,333.92,0.51,0.49,2026-09-18,0546,N,nominal,2.0NRT,284.25,37.45,D
-2.73482,110.25402,349.06,0.62,0.54,2026-09-18,0546,N,nominal,2.0NRT,295.32,10.69,D
-2.53227,111.56213,353.82,0.51,0.49,2026-09-18,0546,N,nominal,2.0NRT,289.95,25.16,D
-2.53297,111.55756,351.92,0.51,0.49,2026-09-18,0546,N,nominal,2.0NRT,285.07,25.16,D
-2.53435,111.54843,350.96,0.51,0.49,2026-09-18,0546,N,nominal,2.0NRT,287.91,37.45,D
-2.53366,111.553,356.55,0.51,0.49,2026-09-18,0546,N,low,2.0NRT,285.28,37.45,D
-2.52773,111.56148,343.77,0.51,0.49,2026-09-18,0546,N,nominal,2.0NRT,285.21,32.33,D
-2.52911,111.55233,354.53,0.51,0.49,2026-09-18,0546,N,nominal,2.0NRT,284.08,19.62,D
-2.5298,111.54776,350.7,0.51,0.49,2026-09-18,0546,N,nominal,2.0NRT,284.02,19.62,D
-2.53049,111.54319,351.03,0.51,0.49,2026-09-18,0546,N,nominal,2.0NRT,285.98,24.58,D
-2.52842,111.55691,356.37,0.51,0.49,2026-09-18,0546,N,low,2.0NRT,288.13,32.33,D
-2.58133,111.17449,336.81,0.54,0.51,2026-09-18,0546,N,nominal,2.0NRT,294.52,5.67,D
-0.78219,122.90278,337.07,0.39,0.44,2026-09-18,0546,N,nominal,2.0NRT,297.39,2.48,D
-2.57054,111.18278,336.8,0.54,0.51,2026-09-18,0546,N,nominal,2.0NRT,293.64,8.23,D
-2.58741,111.07001,332.95,0.55,0.51,2026-09-18,0546,N,nominal,2.0NRT,293.54,9.6,D
-2.58197,111.07428,339.36,0.55,0.51,2026-09-18,0546,N,nominal,2.0NRT,294.08,6.26,D
-2.58271,111.06934,339.1,0.55,0.51,2026-09-18,0546,N,nominal,2.0NRT,293.65,6.26,D
-2.4856,111.65714,332,0.5,0.49,2026-09-18,0546,N,nominal,2.0NRT,295.49,3.46,D
-3.47832,104.86928,334.32,0.74,0.76,2026-09-18,0546,N,nominal,2.0NRT,289.1,12.69,D
-2.47407,111.64162,338.19,0.5,0.49,2026-09-18,0546,N,nominal,2.0NRT,295.58,5.1,D
-2.55697,111.08073,340.77,0.55,0.51,2026-09-18,0546,N,nominal,2.0NRT,295.44,14.79,D
-2.5577,111.07578,338.85,0.55,0.51,2026-09-18,0546,N,nominal,2.0NRT,295.02,14.79,D
-2.55664,111.05035,330.42,0.55,0.51,2026-09-18,0546,N,nominal,2.0NRT,296.96,4.6,D
-2.5788,110.89975,335.63,0.56,0.52,2026-09-18,0546,N,nominal,2.0NRT,293.84,2.78,D
-0.67064,123.37171,340.24,0.42,0.45,2026-09-18,0546,N,nominal,2.0NRT,297.18,5.94,D
-2.62211,110.53702,340.86,0.6,0.53,2026-09-18,0546,N,nominal,2.0NRT,293.31,10.26,D
-3.4356,104.86336,338.92,0.74,0.76,2026-09-18,0546,N,nominal,2.0NRT,278.04,28.87,D
-3.43463,104.87025,357.06,0.74,0.76,2026-09-18,0546,N,low,2.0NRT,285.58,28.87,D
-2.62435,110.4874,343.43,0.6,0.53,2026-09-18,0546,N,nominal,2.0NRT,296.17,12.71,D
-2.62514,110.48194,349.11,0.6,0.53,2026-09-18,0546,N,nominal,2.0NRT,297.42,12.71,D
-2.65991,110.24313,336.52,0.62,0.54,2026-09-18,0546,N,nominal,2.0NRT,293.82,3.89,D
-3.42751,104.86925,356.75,0.74,0.76,2026-09-18,0546,N,low,2.0NRT,289.71,28.87,D
-2.64265,110.32692,343.7,0.62,0.54,2026-09-18,0546,N,nominal,2.0NRT,294.59,15.56,D
-3.4204,104.86826,331.59,0.74,0.76,2026-09-18,0546,N,nominal,2.0NRT,289.46,10.84,D
-1.80528,115.84126,342.07,0.42,0.38,2026-09-18,0546,N,nominal,2.0NRT,301.56,5.77,D
-2.61975,110.53586,338.2,0.59,0.53,2026-09-18,0546,N,nominal,2.0NRT,293.82,5.46,D
-2.62725,110.4871,333.7,0.6,0.53,2026-09-18,0546,N,nominal,2.0NRT,295.22,6.52,D
-2.62234,110.4864,341.9,0.6,0.53,2026-09-18,0546,N,nominal,2.0NRT,296.96,11.54,D
-2.62318,110.48096,352.85,0.6,0.53,2026-09-18,0546,N,nominal,2.0NRT,296.9,12.44,D
-2.6468,110.327,330.57,0.62,0.54,2026-09-18,0546,N,nominal,2.0NRT,294.02,9.86,D
-2.65973,110.24267,335.78,0.62,0.54,2026-09-18,0546,N,nominal,2.0NRT,293.71,12.05,D
-3.47412,104.87144,344.56,0.74,0.76,2026-09-18,0546,N,nominal,2.0NRT,289.59,10.95,D
-2.64183,110.32629,350.73,0.62,0.54,2026-09-18,0546,N,nominal,2.0NRT,293.66,9.86,D
-1.78124,115.85863,331.82,0.42,0.38,2026-09-18,0546,N,low,2.0NRT,299.59,2.61,D
-2.51303,111.07299,335.94,0.54,0.51,2026-09-18,0546,N,nominal,2.0NRT,295.15,5.83,D
-2.44812,111.46829,332.64,0.51,0.49,2026-09-18,0546,N,nominal,2.0NRT,288.2,5.39,D
-2.44882,111.46368,335.84,0.51,0.49,2026-09-18,0546,N,nominal,2.0NRT,288.72,5.39,D
-2.63218,110.25613,355,0.62,0.54,2026-09-18,0546,N,nominal,2.0NRT,291.63,23.93,D
-3.43751,104.87351,357.19,0.74,0.76,2026-09-18,0546,N,low,2.0NRT,283.13,51.63,D
-3.43852,104.86663,357.07,0.74,0.76,2026-09-18,0546,N,low,2.0NRT,278.79,34.8,D
-3.43039,104.87254,367,0.74,0.76,2026-09-18,0546,N,high,2.0NRT,290.25,28.64,D
-2.51262,111.01227,341.16,0.55,0.51,2026-09-18,0546,N,nominal,2.0NRT,291.45,6.95,D
-2.9313,108.23524,330.33,0.43,0.62,2026-09-18,0546,N,nominal,2.0NRT,291.03,2.88,D
-3.4314,104.86567,347.26,0.74,0.76,2026-09-18,0546,N,nominal,2.0NRT,287.6,19.69,D
-1.77081,115.85711,335.89,0.42,0.38,2026-09-18,0546,N,low,2.0NRT,299.46,4.38,D
-2.56533,110.63161,342.82,0.59,0.52,2026-09-18,0546,N,nominal,2.0NRT,296,21.63,D
-3.42328,104.87158,339.93,0.74,0.76,2026-09-18,0546,N,nominal,2.0NRT,289.13,28.64,D
-3.42429,104.86469,348.55,0.74,0.76,2026-09-18,0546,N,nominal,2.0NRT,290.03,19.69,D
-1.76734,115.85655,343.94,0.42,0.38,2026-09-18,0546,N,nominal,2.0NRT,297.82,5.96,D
-2.56047,110.6309,353.07,0.59,0.52,2026-09-18,0546,N,nominal,2.0NRT,295.65,47.55,D
-1.76466,115.82743,334.97,0.43,0.38,2026-09-18,0546,N,nominal,2.0NRT,302.53,3.84,D
-1.76061,115.8307,336.47,0.42,0.38,2026-09-18,0546,N,nominal,2.0NRT,304.42,7.56,D
-1.76118,115.8269,337.04,0.43,0.38,2026-09-18,0546,N,nominal,2.0NRT,304.62,3.84,D
-0.66554,122.93103,341.9,0.4,0.44,2026-09-18,0546,N,nominal,2.0NRT,301.31,6.46,D
-1.75771,115.82636,338.22,0.43,0.38,2026-09-18,0546,N,nominal,2.0NRT,302.57,5.24,D
-0.63633,123.09162,335.21,0.41,0.45,2026-09-18,0546,N,nominal,2.0NRT,296.26,5.96,D
-0.62057,123.1655,336.41,0.41,0.45,2026-09-18,0546,N,nominal,2.0NRT,298.9,6.27,D
-0.62115,123.16178,356.91,0.41,0.45,2026-09-18,0546,N,nominal,2.0NRT,299.51,11.2,D
-1.71966,116.007,334.11,0.42,0.38,2026-09-18,0546,N,nominal,2.0NRT,299.97,3.79,D
-2.89079,108.07034,349.61,0.44,0.63,2026-09-18,0546,N,nominal,2.0NRT,288.96,5.89,D
-2.89138,108.06628,336.9,0.44,0.63,2026-09-18,0546,N,nominal,2.0NRT,290.6,5.89,D
-2.11361,113.31258,367,0.38,0.43,2026-09-18,0546,N,high,2.0NRT,303.22,33.21,D
-2.88498,108.06954,336.21,0.44,0.63,2026-09-18,0546,N,nominal,2.0NRT,291,5.89,D
-2.88557,108.06548,352.12,0.44,0.63,2026-09-18,0546,N,nominal,2.0NRT,290.9,5.89,D
-1.6421,116.40331,339.78,0.41,0.37,2026-09-18,0546,N,low,2.0NRT,299.96,14.41,D
-2.51929,110.47169,332.94,0.6,0.53,2026-09-18,0546,N,nominal,2.0NRT,292.89,7.42,D
-1.85688,114.92783,367,0.47,0.39,2026-09-18,0546,N,high,2.0NRT,304.65,32.9,D
-2.50399,110.50806,351.17,0.6,0.53,2026-09-18,0546,N,nominal,2.0NRT,298.92,46.04,D
-2.49911,110.50729,338.19,0.6,0.53,2026-09-18,0546,N,nominal,2.0NRT,295.56,7.91,D
-1.13458,119.5632,331.51,0.4,0.37,2026-09-18,0546,N,nominal,2.0NRT,294.73,2.72,D
-2.5221,110.47515,331.82,0.6,0.53,2026-09-18,0546,N,nominal,2.0NRT,292.78,3.15,D
-2.88552,108.06956,338.25,0.44,0.63,2026-09-18,0546,N,nominal,2.0NRT,290.81,7.24,D
-2.88614,108.06552,355.12,0.44,0.63,2026-09-18,0546,N,nominal,2.0NRT,290.85,7.24,D
-1.14276,119.39455,331.96,0.4,0.37,2026-09-18,0546,N,nominal,2.0NRT,299.12,2.38,D
-1.70506,115.72137,332.42,0.43,0.38,2026-09-18,0546,N,low,2.0NRT,297.9,2.48,D
-1.70565,115.7175,330.82,0.43,0.38,2026-09-18,0546,N,low,2.0NRT,297.11,2.12,D
-2.50734,110.50604,344.1,0.6,0.53,2026-09-18,0546,N,nominal,2.0NRT,297.57,12.74,D
-2.50246,110.50531,347.51,0.6,0.53,2026-09-18,0546,N,nominal,2.0NRT,298.71,47.64,D
-3.30062,105.18684,340.95,0.7,0.75,2026-09-18,0546,N,nominal,2.0NRT,286.12,7.74,D
-2.47967,110.45762,331.15,0.6,0.53,2026-09-18,0546,N,nominal,2.0NRT,294.29,11.11,D
-2.47313,110.46776,336.07,0.6,0.53,2026-09-18,0546,N,nominal,2.0NRT,293.68,5.68,D
-2.47394,110.46233,343.63,0.6,0.53,2026-09-18,0546,N,nominal,2.0NRT,294.86,11.11,D
-2.45102,110.44803,339.02,0.6,0.53,2026-09-18,0546,N,nominal,2.0NRT,294.33,7.56,D
-2.4412,110.44663,335.74,0.6,0.53,2026-09-18,0546,N,nominal,2.0NRT,294.12,7.79,D
-2.4371,110.44047,334.45,0.6,0.53,2026-09-18,0546,N,nominal,2.0NRT,293.77,7.79,D
-1.55341,116.3223,331.94,0.41,0.37,2026-09-18,0546,N,nominal,2.0NRT,300.1,2.27,D
-2.26321,111.48972,355.62,0.51,0.49,2026-09-18,0546,N,nominal,2.0NRT,297.97,23.54,D
-2.26388,111.48513,353.82,0.51,0.49,2026-09-18,0546,N,nominal,2.0NRT,292.23,23.54,D
-2.25933,111.48447,338.53,0.51,0.49,2026-09-18,0546,N,nominal,2.0NRT,291.49,16.7,D
-2.25866,111.48906,357.58,0.51,0.49,2026-09-18,0546,N,low,2.0NRT,298.31,16.7,D
-2.2541,111.4884,352.58,0.51,0.49,2026-09-18,0546,N,nominal,2.0NRT,292.35,16.7,D
-2.25478,111.48381,337.39,0.51,0.49,2026-09-18,0546,N,nominal,2.0NRT,291,16.7,D
-2.25545,111.4792,336.18,0.51,0.49,2026-09-18,0546,N,nominal,2.0NRT,293,7.72,D
-2.25612,111.47459,335.81,0.51,0.49,2026-09-18,0546,N,nominal,2.0NRT,295.46,7.72,D
-2.2568,111.46999,329.98,0.51,0.49,2026-09-18,0546,N,nominal,2.0NRT,294.6,6.46,D
-2.25747,111.46539,332.69,0.51,0.49,2026-09-18,0546,N,nominal,2.0NRT,294.46,6.46,D
-2.25023,111.48312,334.85,0.51,0.49,2026-09-18,0546,N,nominal,2.0NRT,288.77,8.56,D
-2.2509,111.47853,337.71,0.51,0.49,2026-09-18,0546,N,nominal,2.0NRT,292.54,10.07,D
-2.25359,111.4601,337.28,0.51,0.49,2026-09-18,0546,N,nominal,2.0NRT,291.66,5.03,D
-2.24836,111.46401,332.07,0.51,0.49,2026-09-18,0546,N,nominal,2.0NRT,294.56,10.31,D
-2.24903,111.4594,338.01,0.51,0.49,2026-09-18,0546,N,nominal,2.0NRT,292.04,5.03,D
-1.52114,116.35113,336.16,0.41,0.37,2026-09-18,0546,N,nominal,2.0NRT,302.61,4.84,D
-2.26218,111.491,345.43,0.51,0.49,2026-09-18,0546,N,nominal,2.0NRT,297.09,24.88,D
-2.26288,111.48643,356.59,0.51,0.49,2026-09-18,0546,N,low,2.0NRT,293.89,24.88,D
-2.25762,111.49035,353.36,0.51,0.49,2026-09-18,0546,N,nominal,2.0NRT,293.49,24.88,D
-2.25833,111.48579,349.34,0.51,0.49,2026-09-18,0546,N,nominal,2.0NRT,292.98,24.88,D
-1.57456,115.88823,331.39,0.42,0.38,2026-09-18,0546,N,low,2.0NRT,299.06,2.42,D
-1.57748,115.86924,343.27,0.42,0.38,2026-09-18,0546,N,nominal,2.0NRT,316.52,30.54,D
-1.57806,115.86547,335.24,0.42,0.38,2026-09-18,0546,N,low,2.0NRT,301.44,30.54,D
-2.25308,111.48969,341.64,0.51,0.49,2026-09-18,0546,N,nominal,2.0NRT,289.82,16.66,D
-2.25378,111.48512,346.9,0.51,0.49,2026-09-18,0546,N,nominal,2.0NRT,291.96,16.66,D
-2.25449,111.48053,339.7,0.51,0.49,2026-09-18,0546,N,nominal,2.0NRT,292.43,10.43,D
-2.2552,111.47594,336.58,0.51,0.49,2026-09-18,0546,N,nominal,2.0NRT,295.4,10.43,D
-2.25591,111.47133,332.33,0.51,0.49,2026-09-18,0546,N,nominal,2.0NRT,295.19,7.15,D
-2.25662,111.46674,334.66,0.51,0.49,2026-09-18,0546,N,nominal,2.0NRT,295.3,7.15,D
-1.57401,115.86874,351.19,0.42,0.38,2026-09-18,0546,N,nominal,2.0NRT,301.31,30.54,D
-2.25277,111.46147,334.7,0.51,0.49,2026-09-18,0546,N,nominal,2.0NRT,292.61,7.1,D
-2.25348,111.45687,331.36,0.51,0.49,2026-09-18,0546,N,nominal,2.0NRT,290.76,7.1,D
-2.38453,110.47459,333.28,0.6,0.53,2026-09-18,0546,N,nominal,2.0NRT,295.98,8.93,D
-2.38045,110.46848,341.83,0.6,0.53,2026-09-18,0546,N,nominal,2.0NRT,297.69,16.09,D
-1.54972,115.88838,330.58,0.42,0.38,2026-09-18,0546,N,low,2.0NRT,298.17,3.52,D
-1.55204,115.84992,333.97,0.42,0.38,2026-09-18,0546,N,nominal,2.0NRT,299.13,4.98,D
-1.54857,115.8494,344.41,0.42,0.38,2026-09-18,0546,N,nominal,2.0NRT,299.08,4.98,D
-1.56135,115.76566,335.23,0.43,0.38,2026-09-18,0546,N,nominal,2.0NRT,300.63,3.14,D
-1.54221,115.86785,335.75,0.42,0.38,2026-09-18,0546,N,nominal,2.0NRT,300.57,7.2,D
-1.54048,115.85592,341.07,0.42,0.38,2026-09-18,0546,N,nominal,2.0NRT,304.44,24.55,D
-1.53987,115.78979,333.5,0.42,0.38,2026-09-18,0546,N,low,2.0NRT,300.38,5.28,D
-3.09636,105.32669,335.7,0.68,0.74,2026-09-18,0546,N,nominal,2.0NRT,289.78,8.78,D
-3.10279,105.28223,336.87,0.69,0.74,2026-09-18,0546,N,nominal,2.0NRT,289.88,8.78,D
-3.08946,105.32573,367,0.68,0.74,2026-09-18,0546,N,high,2.0NRT,290.7,8.78,D
-1.44773,116.37337,352.12,0.41,0.37,2026-09-18,0546,N,low,2.0NRT,301.89,27.33,D
-3.09588,105.28125,338.42,0.69,0.74,2026-09-18,0546,N,nominal,2.0NRT,289.18,8.78,D
0.34218,127.85378,333.75,0.44,0.62,2026-09-18,0546,N,nominal,2.0NRT,294.63,6.18,D
-1.45145,116.30292,338.86,0.41,0.37,2026-09-18,0546,N,low,2.0NRT,307.27,28.61,D
-2.28569,110.56972,334.28,0.59,0.53,2026-09-18,0546,N,nominal,2.0NRT,296.04,6.46,D
-1.86482,113.3713,367,0.57,0.43,2026-09-18,0546,N,high,2.0NRT,304.23,47.27,D
-1.86558,113.36619,367,0.57,0.43,2026-09-18,0546,N,high,2.0NRT,305.47,47.27,D
-1.50909,115.75786,340.02,0.43,0.38,2026-09-18,0546,N,nominal,2.0NRT,297.21,5.21,D
-1.49931,115.79929,334.68,0.42,0.38,2026-09-18,0546,N,low,2.0NRT,301.19,6.57,D
-1.49988,115.7955,341.05,0.42,0.38,2026-09-18,0546,N,nominal,2.0NRT,302.23,3.9,D
-1.4964,115.79497,345.35,0.42,0.38,2026-09-18,0546,N,nominal,2.0NRT,302.22,5.19,D
-1.49349,115.79066,334.28,0.42,0.38,2026-09-18,0546,N,low,2.0NRT,304.39,5.19,D
-1.86753,113.369,367,0.57,0.43,2026-09-18,0546,N,high,2.0NRT,302.14,41.33,D
-1.49118,115.79796,338.49,0.42,0.38,2026-09-18,0546,N,low,2.0NRT,303.22,9.47,D
-1.49234,115.79041,334.86,0.42,0.38,2026-09-18,0546,N,low,2.0NRT,303.66,8.07,D
-1.40577,116.32931,330.97,0.41,0.37,2026-09-18,0546,N,nominal,2.0NRT,300.57,1.27,D
-1.4877,115.79745,337.82,0.42,0.38,2026-09-18,0546,N,nominal,2.0NRT,304.33,48.15,D
-1.76363,113.98759,367,0.52,0.42,2026-09-18,0546,N,high,2.0NRT,306.41,52.24,D
-3.08946,105.32983,342.84,0.68,0.74,2026-09-18,0546,N,nominal,2.0NRT,289.41,12.57,D
-3.09042,105.32352,343.6,0.68,0.74,2026-09-18,0546,N,nominal,2.0NRT,290.5,12.57,D
-3.09617,105.28548,347.08,0.69,0.74,2026-09-18,0546,N,nominal,2.0NRT,290.02,17.47,D
-1.46794,115.85658,346.76,0.42,0.38,2026-09-18,0546,N,nominal,2.0NRT,302.91,10.92,D
-1.46389,115.85986,345.24,0.42,0.38,2026-09-18,0546,N,nominal,2.0NRT,304.06,9.33,D
-1.46447,115.85607,341.57,0.42,0.38,2026-09-18,0546,N,nominal,2.0NRT,302.34,9.33,D
-2.89344,106.53587,336.91,0.56,0.69,2026-09-18,0546,N,nominal,2.0NRT,291.47,4.22,D
-2.22364,110.82821,337.79,0.56,0.52,2026-09-18,0546,N,nominal,2.0NRT,289.31,8.65,D
-2.32577,110.15843,332.14,0.63,0.54,2026-09-18,0546,N,nominal,2.0NRT,295.1,5.54,D
-2.21888,110.82755,339.91,0.56,0.52,2026-09-18,0546,N,nominal,2.0NRT,288.87,10.31,D
-2.29473,110.22878,334.38,0.62,0.54,2026-09-18,0546,N,nominal,2.0NRT,294.42,8.3,D
-2.29641,110.21761,355.86,0.62,0.54,2026-09-18,0546,N,nominal,2.0NRT,300.23,34.95,D
-2.29144,110.21687,352.82,0.62,0.54,2026-09-18,0546,N,nominal,2.0NRT,298.84,24.57,D
-2.28563,110.22172,336.38,0.62,0.54,2026-09-18,0546,N,nominal,2.0NRT,296.16,15.45,D
-1.59984,114.73219,333.64,0.47,0.4,2026-09-18,0546,N,low,2.0NRT,303.72,10.27,D
-2.25337,110.40309,337.8,0.6,0.53,2026-09-18,0546,N,nominal,2.0NRT,291,5.12,D
0.48358,128.19066,352.6,0.47,0.64,2026-09-18,0546,N,nominal,2.0NRT,296.86,6.38,D
-2.87296,106.18581,358.13,0.59,0.7,2026-09-18,0546,N,low,2.0NRT,289.72,8.22,D
-2.16203,110.94748,345.1,0.55,0.51,2026-09-18,0546,N,nominal,2.0NRT,294.37,11.08,D
-2.86639,106.18513,347.27,0.59,0.7,2026-09-18,0546,N,nominal,2.0NRT,289.1,6.58,D
-2.27333,110.13347,347.7,0.63,0.54,2026-09-18,0546,N,nominal,2.0NRT,295.22,14.81,D
-2.22642,110.41582,345.67,0.6,0.53,2026-09-18,0546,N,nominal,2.0NRT,296.19,9.7,D
-2.22883,110.39953,335.81,0.6,0.53,2026-09-18,0546,N,nominal,2.0NRT,294.13,4.14,D
-2.24919,110.26203,330.29,0.61,0.54,2026-09-18,0546,N,nominal,2.0NRT,294.56,9.02,D
-2.25002,110.25645,340.38,0.61,0.54,2026-09-18,0546,N,nominal,2.0NRT,293.42,5.29,D
-2.25747,110.20615,333.06,0.62,0.54,2026-09-18,0546,N,nominal,2.0NRT,295.54,7.39,D
0.48282,127.99478,335.53,0.45,0.63,2026-09-18,0546,N,nominal,2.0NRT,302.27,6.43,D
0.48219,127.99079,335.53,0.45,0.63,2026-09-18,0546,N,nominal,2.0NRT,302.22,6.43,D
-2.25166,110.21104,335.07,0.62,0.54,2026-09-18,0546,N,nominal,2.0NRT,295.63,11.01,D
-2.59759,107.85371,338.66,0.45,0.63,2026-09-18,0546,N,nominal,2.0NRT,293.57,11.18,D
-2.59819,107.84959,356.98,0.45,0.63,2026-09-18,0546,N,nominal,2.0NRT,294.11,11.18,D
0.48733,127.98553,335.39,0.45,0.63,2026-09-18,0546,N,nominal,2.0NRT,301.33,7.48,D
-2.10444,111.17394,340.19,0.53,0.5,2026-09-18,0546,N,nominal,2.0NRT,289.86,3.29,D
-2.18825,110.60671,332.44,0.58,0.52,2026-09-18,0546,N,nominal,2.0NRT,294.69,5.51,D
-2.23843,110.23194,335.97,0.62,0.54,2026-09-18,0546,N,nominal,2.0NRT,294.07,9.82,D
-2.093,111.18724,340.81,0.53,0.5,2026-09-18,0546,N,nominal,2.0NRT,293.5,12.42,D
-2.0937,111.18254,336.54,0.53,0.5,2026-09-18,0546,N,nominal,2.0NRT,291.99,8.86,D
-2.75793,106.61626,333.74,0.55,0.68,2026-09-18,0546,N,nominal,2.0NRT,291.9,7.68,D
-2.217,110.2746,341.13,0.61,0.54,2026-09-18,0546,N,nominal,2.0NRT,295.42,16.67,D
-2.23501,110.15106,335.33,0.62,0.54,2026-09-18,0546,N,nominal,2.0NRT,295.64,8.47,D
-2.07519,111.17953,345.83,0.53,0.5,2026-09-18,0546,N,nominal,2.0NRT,292.47,8.99,D
-2.19593,110.35007,331.26,0.6,0.53,2026-09-18,0546,N,nominal,2.0NRT,293.02,6.27,D
-2.09447,111.18564,354.08,0.53,0.5,2026-09-18,0546,N,nominal,2.0NRT,293.26,9.51,D
-2.24173,110.23723,331.42,0.62,0.54,2026-09-18,0546,N,nominal,2.0NRT,293.74,14.76,D
-2.08987,111.18479,335.42,0.53,0.5,2026-09-18,0546,N,nominal,2.0NRT,291.64,9.51,D
-2.59877,107.85199,367,0.45,0.63,2026-09-18,0546,N,high,2.0NRT,295.17,20.13,D
0.48352,128.00438,331.6,0.45,0.63,2026-09-18,0546,N,nominal,2.0NRT,299.58,4.89,D
0.48294,128.00053,328.22,0.45,0.63,2026-09-18,0546,N,low,2.0NRT,299.93,4.89,D
0.48234,127.99661,331.38,0.45,0.63,2026-09-18,0546,N,nominal,2.0NRT,301.11,6.45,D
0.48175,127.99271,337.26,0.45,0.63,2026-09-18,0546,N,nominal,2.0NRT,302.65,6.45,D
-2.23093,110.24142,339.12,0.61,0.54,2026-09-18,0546,N,nominal,2.0NRT,295.08,6.39,D
-2.5994,107.8479,340.55,0.45,0.63,2026-09-18,0546,N,nominal,2.0NRT,292.87,10.52,D
0.48695,127.98757,335.4,0.45,0.63,2026-09-18,0546,N,nominal,2.0NRT,301.61,8.8,D
-1.30809,116.19132,330.47,0.41,0.37,2026-09-18,0546,N,nominal,2.0NRT,300.72,2.31,D
-2.2208,110.27429,340.75,0.61,0.54,2026-09-18,0546,N,nominal,2.0NRT,295.28,10.52,D
-1.3058,116.18344,337.14,0.41,0.37,2026-09-18,0546,N,nominal,2.0NRT,301.24,6.03,D
-2.07673,111.1778,342.48,0.53,0.5,2026-09-18,0546,N,nominal,2.0NRT,292.54,7.61,D
-2.2348,110.15026,336.62,0.62,0.54,2026-09-18,0546,N,nominal,2.0NRT,295.95,5.45,D
-1.30067,116.19402,335.18,0.41,0.37,2026-09-18,0546,N,nominal,2.0NRT,299.95,3.68,D
-2.07207,111.1773,331.36,0.53,0.5,2026-09-18,0546,N,nominal,2.0NRT,292.82,7.61,D
-2.0666,111.18205,337.99,0.53,0.5,2026-09-18,0546,N,nominal,2.0NRT,291.58,6.27,D
-2.19422,110.34884,344.28,0.6,0.53,2026-09-18,0546,N,nominal,2.0NRT,293.62,10.76,D
-2.76186,106.61621,340.08,0.55,0.68,2026-09-18,0546,N,nominal,2.0NRT,291.79,4.6,D
-2.19013,110.34267,348.31,0.6,0.53,2026-09-18,0546,N,nominal,2.0NRT,296.8,41.64,D
-2.19096,110.33724,333.73,0.6,0.53,2026-09-18,0546,N,nominal,2.0NRT,294.4,41.64,D
-2.20017,110.27691,343.66,0.61,0.53,2026-09-18,0546,N,nominal,2.0NRT,294.6,10.98,D
-2.20102,110.27138,340.94,0.61,0.54,2026-09-18,0546,N,nominal,2.0NRT,295.24,10.98,D
-2.21809,110.15946,330.56,0.62,0.54,2026-09-18,0546,N,nominal,2.0NRT,293.31,5.05,D
-2.21053,110.17564,367,0.62,0.54,2026-09-18,0546,N,high,2.0NRT,297.35,19.53,D
-1.27918,116.26583,331.28,0.41,0.37,2026-09-18,0546,N,low,2.0NRT,302.75,5.14,D
-2.2114,110.16998,335.72,0.62,0.54,2026-09-18,0546,N,nominal,2.0NRT,294.93,19.53,D
-2.21311,110.15872,346.46,0.62,0.54,2026-09-18,0546,N,nominal,2.0NRT,296.5,37.84,D
-2.21397,110.15305,343.21,0.62,0.54,2026-09-18,0546,N,nominal,2.0NRT,297.05,16.93,D
-2.20556,110.17489,367,0.62,0.54,2026-09-18,0546,N,high,2.0NRT,297.7,19.53,D
0.50876,127.89614,334.99,0.44,0.63,2026-09-18,0546,N,nominal,2.0NRT,301.66,6.45,D
-2.19534,110.24213,355.33,0.61,0.54,2026-09-18,0546,N,nominal,2.0NRT,292.4,14.96,D
-2.2047,110.18054,352.65,0.62,0.54,2026-09-18,0546,N,nominal,2.0NRT,295.99,30.93,D
-2.20641,110.16926,345.56,0.62,0.54,2026-09-18,0546,N,nominal,2.0NRT,295.51,19.53,D
-2.20898,110.15233,346.66,0.62,0.54,2026-09-18,0546,N,nominal,2.0NRT,294.98,16.93,D
-2.15974,110.44362,334.02,0.59,0.53,2026-09-18,0546,N,nominal,2.0NRT,295.55,6.18,D
-2.18283,110.29127,340.59,0.61,0.53,2026-09-18,0546,N,nominal,2.0NRT,295.04,9.89,D
-2.19972,110.17979,339.57,0.62,0.54,2026-09-18,0546,N,nominal,2.0NRT,294.16,10.98,D
-2.20143,110.16853,344.05,0.62,0.54,2026-09-18,0546,N,nominal,2.0NRT,294.78,13.65,D
-2.21002,110.11183,331.48,0.63,0.54,2026-09-18,0546,N,nominal,2.0NRT,295.65,4.92,D
-2.06467,111.03854,348.51,0.54,0.51,2026-09-18,0546,N,nominal,2.0NRT,285.03,19.54,D
-2.20502,110.11109,330.45,0.63,0.54,2026-09-18,0546,N,nominal,2.0NRT,294.99,4.92,D
-2.05205,111.0904,343.54,0.54,0.5,2026-09-18,0546,N,nominal,2.0NRT,290.4,6.26,D
-2.05934,111.04215,350.69,0.54,0.51,2026-09-18,0546,N,nominal,2.0NRT,285.45,11.41,D
-2.01355,111.31393,342.34,0.52,0.5,2026-09-18,0546,N,nominal,2.0NRT,293.42,9.56,D
-2.04233,111.12326,331.2,0.53,0.5,2026-09-18,0546,N,nominal,2.0NRT,291.64,4.21,D
-2.04735,111.08999,334,0.54,0.5,2026-09-18,0546,N,nominal,2.0NRT,288.16,6.26,D
-2.15649,110.36566,348.17,0.6,0.53,2026-09-18,0546,N,nominal,2.0NRT,295.12,14.85,D
-2.02543,111.20387,339.51,0.53,0.5,2026-09-18,0546,N,nominal,2.0NRT,294.82,4.85,D
-2.03551,111.13692,331.72,0.53,0.5,2026-09-18,0546,N,nominal,2.0NRT,293.77,7.88,D
-2.03767,111.12261,353.97,0.53,0.5,2026-09-18,0546,N,nominal,2.0NRT,292.29,23.37,D
-2.15158,110.36496,338.98,0.6,0.53,2026-09-18,0546,N,nominal,2.0NRT,295.45,11.46,D
-2.14667,110.36425,345.12,0.6,0.53,2026-09-18,0546,N,nominal,2.0NRT,294.7,11.46,D
-2.18075,110.13661,331.7,0.62,0.54,2026-09-18,0546,N,nominal,2.0NRT,293.97,3.47,D
-2.15651,110.26474,341.63,0.61,0.54,2026-09-18,0546,N,nominal,2.0NRT,295.42,12.57,D
-2.17491,110.14152,341.14,0.62,0.54,2026-09-18,0546,N,nominal,2.0NRT,295.06,11.36,D
-2.17576,110.13586,345.16,0.62,0.54,2026-09-18,0546,N,nominal,2.0NRT,295.16,11.87,D
-2.15157,110.26398,367,0.61,0.54,2026-09-18,0546,N,high,2.0NRT,297.74,12.57,D
0.6253,128.33546,335.63,0.48,0.65,2026-09-18,0546,N,nominal,2.0NRT,294.18,4.96,D
-2.15075,110.26952,337.92,0.61,0.53,2026-09-18,0546,N,nominal,2.0NRT,295.83,12.57,D
-2.1524,110.25844,347.4,0.61,0.54,2026-09-18,0546,N,nominal,2.0NRT,296.72,17.82,D
-2.15818,110.21962,347.89,0.62,0.54,2026-09-18,0546,N,nominal,2.0NRT,294.55,10.78,D
0.63137,128.33508,331.35,0.48,0.65,2026-09-18,0546,N,nominal,2.0NRT,293.33,5.7,D
-2.00552,111.21068,349.66,0.52,0.5,2026-09-18,0546,N,nominal,2.0NRT,296.27,12.58,D
-2.09377,110.61855,347.76,0.58,0.52,2026-09-18,0546,N,nominal,2.0NRT,294.32,14.59,D
-2.1458,110.26878,346.39,0.61,0.53,2026-09-18,0546,N,nominal,2.0NRT,296.37,16.01,D
-2.15322,110.21888,354.19,0.62,0.54,2026-09-18,0546,N,nominal,2.0NRT,293.97,14.32,D
-2.15989,110.17399,333.13,0.62,0.54,2026-09-18,0546,N,nominal,2.0NRT,291.31,9.82,D
-2.01724,111.10019,341.71,0.53,0.5,2026-09-18,0546,N,nominal,2.0NRT,294.7,77.33,D
-2.01404,111.08973,333.05,0.53,0.5,2026-09-18,0546,N,nominal,2.0NRT,289.63,7.24,D
0.58961,127.95601,332.75,0.45,0.63,2026-09-18,0546,N,nominal,2.0NRT,298.74,4.57,D
-1.25143,116.12636,334.71,0.41,0.37,2026-09-18,0546,N,nominal,2.0NRT,300.08,4.27,D
0.60206,127.95908,351.65,0.45,0.63,2026-09-18,0546,N,nominal,2.0NRT,300.57,8.53,D
0.60146,127.95536,349.71,0.45,0.63,2026-09-18,0546,N,nominal,2.0NRT,300.23,8.53,D
0.60085,127.95153,340.88,0.45,0.63,2026-09-18,0546,N,nominal,2.0NRT,297.84,6.11,D
-1.248,116.12585,336.69,0.41,0.37,2026-09-18,0546,N,nominal,2.0NRT,301.43,4.27,D
-1.99367,111.13096,338.21,0.53,0.5,2026-09-18,0546,N,nominal,2.0NRT,290.08,5.07,D
-1.99438,111.12614,335.48,0.53,0.5,2026-09-18,0546,N,nominal,2.0NRT,289.94,5.07,D
-2.09307,110.45583,333.94,0.59,0.53,2026-09-18,0546,N,nominal,2.0NRT,297.25,3.59,D
-2.12599,110.23175,343.27,0.61,0.54,2026-09-18,0546,N,nominal,2.0NRT,293.28,6.43,D
0.6092,127.96639,355.5,0.45,0.63,2026-09-18,0546,N,nominal,2.0NRT,299.57,6.32,D
0.6086,127.96264,339.3,0.45,0.63,2026-09-18,0546,N,nominal,2.0NRT,298.35,6.32,D
0.608,127.95887,335.69,0.45,0.63,2026-09-18,0546,N,nominal,2.0NRT,298.4,4.17,D
0.60739,127.95506,334.33,0.45,0.63,2026-09-18,0546,N,nominal,2.0NRT,298.82,4.17,D
0.60677,127.95113,342.74,0.45,0.63,2026-09-18,0546,N,nominal,2.0NRT,298.54,6.37,D
0.6055,127.94318,339.64,0.45,0.63,2026-09-18,0546,N,nominal,2.0NRT,298.16,2.73,D
-1.98904,111.1302,341.33,0.53,0.5,2026-09-18,0546,N,nominal,2.0NRT,290.04,10.18,D
-1.98974,111.12541,342.85,0.53,0.5,2026-09-18,0546,N,nominal,2.0NRT,290.09,10.18,D
0.61449,127.96207,343.04,0.45,0.63,2026-09-18,0546,N,nominal,2.0NRT,298.34,6.32,D
0.61391,127.9584,332.86,0.45,0.63,2026-09-18,0546,N,nominal,2.0NRT,297.66,4.17,D
-1.96785,111.21001,340.66,0.52,0.5,2026-09-18,0546,N,nominal,2.0NRT,293.98,8.24,D
-2.10949,110.2407,334.34,0.61,0.54,2026-09-18,0546,N,nominal,2.0NRT,294.7,16.54,D
-1.98066,111.09009,335.73,0.53,0.5,2026-09-18,0546,N,nominal,2.0NRT,290.76,6.33,D
-2.10454,110.23998,343.49,0.61,0.54,2026-09-18,0546,N,nominal,2.0NRT,295.69,16.54,D
-2.10535,110.23441,352.54,0.61,0.54,2026-09-18,0546,N,nominal,2.0NRT,294.43,16.54,D
-1.1107,116.91855,345.01,0.39,0.36,2026-09-18,0546,N,nominal,2.0NRT,300.72,7.39,D
-1.08947,116.97942,334.19,0.39,0.36,2026-09-18,0546,N,low,2.0NRT,306.07,2.94,D
-1.99168,111.12758,353.85,0.53,0.5,2026-09-18,0546,N,nominal,2.0NRT,291.22,24.5,D
-2.09626,110.45374,333.68,0.59,0.53,2026-09-18,0546,N,nominal,2.0NRT,296.59,3.55,D
-2.126,110.22936,339.16,0.61,0.54,2026-09-18,0546,N,nominal,2.0NRT,293.46,12.24,D
-2.14072,110.13419,332.49,0.62,0.54,2026-09-18,0546,N,nominal,2.0NRT,292.98,6.75,D
-2.89082,105.24943,330.2,0.69,0.74,2026-09-18,0546,N,nominal,2.0NRT,288.6,5.33,D
-1.96913,111.21202,351.06,0.52,0.5,2026-09-18,0546,N,nominal,2.0NRT,294.23,10.82,D
-2.13661,110.12779,333.09,0.62,0.54,2026-09-18,0546,N,nominal,2.0NRT,293.69,6.75,D
-1.9836,111.08757,333.78,0.53,0.5,2026-09-18,0546,N,nominal,2.0NRT,290.76,7.1,D
0.60078,127.95851,348.48,0.45,0.63,2026-09-18,0546,N,nominal,2.0NRT,299.78,6.72,D
0.60023,127.95486,348.98,0.45,0.63,2026-09-18,0546,N,nominal,2.0NRT,299.81,6.72,D
-2.10942,110.23833,343.61,0.61,0.54,2026-09-18,0546,N,nominal,2.0NRT,295.2,10.74,D
0.60789,127.96597,367,0.45,0.63,2026-09-18,0546,N,high,2.0NRT,299.85,7.05,D
-2.10447,110.23762,367,0.61,0.54,2026-09-18,0546,N,high,2.0NRT,295,34.84,D
0.60731,127.96217,334.05,0.45,0.63,2026-09-18,0546,N,nominal,2.0NRT,297.97,7.05,D
0.60673,127.95837,335.01,0.45,0.63,2026-09-18,0546,N,nominal,2.0NRT,298.77,5.67,D
0.60615,127.95454,340.85,0.45,0.63,2026-09-18,0546,N,nominal,2.0NRT,299.05,5.67,D
0.60555,127.95061,338.88,0.45,0.63,2026-09-18,0546,N,nominal,2.0NRT,298.1,7.09,D
0.60435,127.9427,338.84,0.45,0.63,2026-09-18,0546,N,nominal,2.0NRT,298.2,3.17,D
-2.10532,110.23206,340.79,0.61,0.54,2026-09-18,0546,N,nominal,2.0NRT,293.97,8.34,D
-1.67143,113.0295,367,0.39,0.44,2026-09-18,0546,N,high,2.0NRT,303.6,157.88,D
0.61321,127.96167,340.54,0.45,0.63,2026-09-18,0546,N,nominal,2.0NRT,298.63,7.05,D
0.61264,127.95795,338.67,0.45,0.63,2026-09-18,0546,N,nominal,2.0NRT,298.46,5.67,D
-2.11061,110.16434,337.01,0.62,0.54,2026-09-18,0546,N,nominal,2.0NRT,295.31,39.45,D
-2.11147,110.15872,351.39,0.62,0.54,2026-09-18,0546,N,nominal,2.0NRT,300.46,39.45,D
0.61951,127.88603,367,0.45,0.63,2026-09-18,0546,N,high,2.0NRT,299.69,11.41,D
0.62011,127.88995,343.95,0.45,0.63,2026-09-18,0546,N,nominal,2.0NRT,297.15,11.41,D
-2.06465,110.36652,335.66,0.6,0.53,2026-09-18,0546,N,nominal,2.0NRT,298.31,5.69,D
-2.06547,110.3611,336.57,0.6,0.53,2026-09-18,0546,N,nominal,2.0NRT,297.1,5.48,D
-1.03658,117.07895,336.8,0.39,0.36,2026-09-18,0546,N,nominal,2.0NRT,301.85,3.05,D
-2.05892,110.37123,334.98,0.6,0.53,2026-09-18,0546,N,nominal,2.0NRT,299.24,5.69,D
-2.05402,110.3705,333.99,0.6,0.53,2026-09-18,0546,N,nominal,2.0NRT,297.91,4.86,D
-2.07653,110.188,340.12,0.62,0.54,2026-09-18,0546,N,nominal,2.0NRT,294.69,8.96,D
-2.07737,110.1824,342.45,0.62,0.54,2026-09-18,0546,N,nominal,2.0NRT,295.42,12.29,D
-2.82418,105.17522,347.11,0.69,0.74,2026-09-18,0546,N,nominal,2.0NRT,286.92,7.25,D
-1.05708,116.87743,346.99,0.39,0.36,2026-09-18,0546,N,nominal,2.0NRT,302.08,13.04,D
-1.05762,116.87389,338.58,0.39,0.36,2026-09-18,0546,N,nominal,2.0NRT,301.66,13.04,D
-1.05373,116.87693,352.26,0.39,0.36,2026-09-18,0546,N,nominal,2.0NRT,306.49,13.04,D
-1.05427,116.87339,338.12,0.39,0.36,2026-09-18,0546,N,nominal,2.0NRT,301.72,13.04,D
-2.05166,110.21857,351.63,0.61,0.54,2026-09-18,0546,N,nominal,2.0NRT,296.71,13.39,D
-1.00892,117.10338,332.68,0.39,0.36,2026-09-18,0546,N,nominal,2.0NRT,299.09,1.73,D
-2.03601,110.28964,346.43,0.61,0.53,2026-09-18,0546,N,nominal,2.0NRT,296.45,19.82,D
-2.0467,110.21788,337.58,0.61,0.54,2026-09-18,0546,N,nominal,2.0NRT,297,12.71,D
-1.00398,117.11335,335.8,0.39,0.36,2026-09-18,0546,N,nominal,2.0NRT,300.57,3.7,D
-1.00452,117.10986,335.23,0.39,0.36,2026-09-18,0546,N,nominal,2.0NRT,300.65,3.7,D
-1.02585,116.96982,332.49,0.39,0.36,2026-09-18,0546,N,nominal,2.0NRT,299.52,3.27,D
-2.03599,110.25589,345.54,0.61,0.53,2026-09-18,0546,N,nominal,2.0NRT,295.7,24.34,D
-2.03681,110.25037,348.46,0.61,0.53,2026-09-18,0546,N,nominal,2.0NRT,300.22,24.34,D
-1.00118,117.10936,339.32,0.39,0.36,2026-09-18,0546,N,nominal,2.0NRT,300.8,7.4,D
-2.03187,110.24961,345.17,0.61,0.53,2026-09-18,0546,N,nominal,2.0NRT,295.06,16.51,D
-1.00262,117.07741,341.08,0.39,0.36,2026-09-18,0546,N,nominal,2.0NRT,304.32,18.51,D
-1.03467,116.86684,332.83,0.39,0.36,2026-09-18,0546,N,nominal,2.0NRT,300.19,3.26,D
-1.02757,116.89098,336.12,0.39,0.36,2026-09-18,0546,N,nominal,2.0NRT,303.78,4.87,D
-1.95279,110.71686,341.13,0.57,0.52,2026-09-18,0546,N,nominal,2.0NRT,291.15,7.25,D
-2.03018,110.1926,341.13,0.62,0.54,2026-09-18,0546,N,nominal,2.0NRT,299.26,36.68,D
-2.0138,110.26954,332.18,0.61,0.53,2026-09-18,0546,N,nominal,2.0NRT,294.89,4.48,D
-1.84612,111.37452,367,0.51,0.49,2026-09-18,0546,N,high,2.0NRT,296.36,20.33,D
-0.98395,117.11033,336.28,0.39,0.36,2026-09-18,0546,N,nominal,2.0NRT,303.01,2.38,D
-1.95304,110.71431,333.94,0.57,0.52,2026-09-18,0546,N,nominal,2.0NRT,291.05,4.78,D
-1.8453,111.37593,343.81,0.51,0.49,2026-09-18,0546,N,nominal,2.0NRT,295.31,15.64,D
-1.84601,111.37138,340.9,0.51,0.49,2026-09-18,0546,N,nominal,2.0NRT,294.12,6.32,D
-2.02869,110.19592,343.41,0.61,0.54,2026-09-18,0546,N,nominal,2.0NRT,298.74,26.68,D
-2.01429,110.25613,335.69,0.61,0.53,2026-09-18,0546,N,nominal,2.0NRT,295.85,3.75,D
-1.8521,111.21094,332.52,0.52,0.5,2026-09-18,0546,N,nominal,2.0NRT,294.61,2.32,D
-0.92312,117.179,332.45,0.39,0.36,2026-09-18,0546,N,nominal,2.0NRT,298.99,3.04,D
-1.97461,110.31762,336.03,0.6,0.53,2026-09-18,0546,N,nominal,2.0NRT,293.18,7.57,D
-1.99398,110.19086,334.55,0.61,0.54,2026-09-18,0546,N,nominal,2.0NRT,295.68,6.07,D
-1.99569,110.1797,340.16,0.62,0.54,2026-09-18,0546,N,nominal,2.0NRT,296.89,12.24,D
-1.98576,110.17827,367,0.62,0.54,2026-09-18,0546,N,high,2.0NRT,298.92,16.34,D
-0.91364,117.17403,346.77,0.39,0.36,2026-09-18,0546,N,nominal,2.0NRT,300.57,6.4,D
-1.98079,110.17758,343.72,0.62,0.54,2026-09-18,0546,N,nominal,2.0NRT,296.52,16.34,D
-1.89613,110.60575,346.87,0.57,0.52,2026-09-18,0546,N,nominal,2.0NRT,294.61,35.59,D
-1.95095,110.20746,332.93,0.61,0.54,2026-09-18,0546,N,nominal,2.0NRT,295.36,6.35,D
-1.9543,110.18515,338.98,0.61,0.54,2026-09-18,0546,N,nominal,2.0NRT,296.03,7.04,D
-1.94934,110.18439,340.84,0.61,0.54,2026-09-18,0546,N,nominal,2.0NRT,295.78,7.04,D
-1.94355,110.18924,330.72,0.61,0.54,2026-09-18,0546,N,nominal,2.0NRT,295.73,3.43,D
-2.50027,106.42624,340.72,0.57,0.69,2026-09-18,0546,N,nominal,2.0NRT,292.39,7.48,D
-1.92456,110.18072,344.02,0.61,0.54,2026-09-18,0546,N,nominal,2.0NRT,295.08,13.87,D
-1.37244,113.86344,367,0.52,0.42,2026-09-18,0546,N,high,2.0NRT,325.81,294.12,D
-0.86377,117.18788,331.93,0.39,0.36,2026-09-18,0546,N,nominal,2.0NRT,299.01,1.43,D
-0.86536,117.17743,342.02,0.39,0.36,2026-09-18,0546,N,nominal,2.0NRT,299.42,3.06,D
-0.92774,116.76696,335.94,0.39,0.37,2026-09-18,0546,N,nominal,2.0NRT,300.62,2.5,D
-1.90478,110.21197,351.47,0.61,0.54,2026-09-18,0546,N,nominal,2.0NRT,295.72,14.12,D
-0.86043,117.18737,347.18,0.39,0.36,2026-09-18,0546,N,nominal,2.0NRT,300.21,7.99,D
-0.86096,117.18389,330.61,0.39,0.36,2026-09-18,0546,N,nominal,2.0NRT,299.64,5.16,D
-0.86149,117.1804,342.33,0.39,0.36,2026-09-18,0546,N,nominal,2.0NRT,300.12,5.16,D
-0.85816,117.1799,333.31,0.39,0.36,2026-09-18,0546,N,nominal,2.0NRT,299.32,5.16,D
-0.85869,117.17643,348.02,0.39,0.36,2026-09-18,0546,N,nominal,2.0NRT,298.87,79.93,D
-0.89161,116.95985,337.22,0.39,0.36,2026-09-18,0546,N,nominal,2.0NRT,302.87,3.58,D
-1.86658,110.58263,338.76,0.58,0.52,2026-09-18,0546,N,nominal,2.0NRT,292.68,6.67,D
-1.92373,110.18378,341.63,0.61,0.54,2026-09-18,0546,N,nominal,2.0NRT,295.11,8.11,D
-2.50006,106.42287,343.12,0.56,0.69,2026-09-18,0546,N,nominal,2.0NRT,292.79,8.81,D
-0.99871,116.09513,334.59,0.41,0.37,2026-09-18,0546,N,nominal,2.0NRT,298.84,2.99,D
-1.90457,110.20943,342.23,0.61,0.53,2026-09-18,0546,N,nominal,2.0NRT,296.48,11.49,D
-0.85544,116.96076,330.22,0.39,0.36,2026-09-18,0546,N,low,2.0NRT,302.57,3.23,D
-1.88888,110.21284,330.48,0.61,0.53,2026-09-18,0546,N,nominal,2.0NRT,294.32,9.03,D
-1.89568,110.1685,339.61,0.61,0.54,2026-09-18,0546,N,nominal,2.0NRT,293.42,9.24,D
-1.89073,110.16776,348.75,0.61,0.54,2026-09-18,0546,N,nominal,2.0NRT,294.75,27.51,D
-1.89158,110.16218,333.44,0.62,0.54,2026-09-18,0546,N,nominal,2.0NRT,295.61,7.78,D
-1.87144,110.26088,342,0.61,0.53,2026-09-18,0546,N,nominal,2.0NRT,296.1,7.05,D
-1.88492,110.17256,341.48,0.61,0.54,2026-09-18,0546,N,nominal,2.0NRT,293.88,27.51,D
-1.88578,110.167,344.51,0.61,0.54,2026-09-18,0546,N,nominal,2.0NRT,294.03,27.51,D
-1.88663,110.16142,342.25,0.62,0.54,2026-09-18,0546,N,nominal,2.0NRT,291.37,7.78,D
-1.88764,110.12145,338.86,0.62,0.54,2026-09-18,0546,N,nominal,2.0NRT,297.2,8.95,D
-2.47734,106.22586,352.18,0.58,0.7,2026-09-18,0546,N,nominal,2.0NRT,291.13,14.34,D
-0.81573,117.10851,333.75,0.39,0.36,2026-09-18,0546,N,nominal,2.0NRT,299.84,4.09,D
-0.84515,116.91615,336.03,0.39,0.36,2026-09-18,0546,N,nominal,2.0NRT,302.71,6.56,D
-1.77529,110.79493,335.21,0.55,0.51,2026-09-18,0546,N,nominal,2.0NRT,289.62,5.36,D
-1.85584,110.26414,356.01,0.6,0.53,2026-09-18,0546,N,nominal,2.0NRT,295.84,19.08,D
-1.8667,110.19248,333.9,0.61,0.54,2026-09-18,0546,N,nominal,2.0NRT,296.84,7.44,D
-1.86922,110.17587,337.38,0.61,0.54,2026-09-18,0546,N,nominal,2.0NRT,293.29,6.25,D
-1.85672,110.22503,367,0.61,0.53,2026-09-18,0546,N,high,2.0NRT,295.8,19.29,D
-1.85092,110.26341,340.81,0.6,0.53,2026-09-18,0546,N,nominal,2.0NRT,294.21,19.08,D
-1.85174,110.25795,341.82,0.61,0.53,2026-09-18,0546,N,nominal,2.0NRT,295.75,18.19,D
-1.86176,110.19176,345.44,0.61,0.54,2026-09-18,0546,N,nominal,2.0NRT,297.85,7.44,D
-1.85013,110.2353,335.48,0.61,0.53,2026-09-18,0546,N,nominal,2.0NRT,295.55,11.68,D
-1.84271,110.25105,337.86,0.61,0.53,2026-09-18,0546,N,nominal,2.0NRT,296.01,8.9,D
-1.84936,110.20693,334.62,0.61,0.53,2026-09-18,0546,N,nominal,2.0NRT,296.06,5.43,D
-1.84608,110.19511,341.04,0.61,0.54,2026-09-18,0546,N,nominal,2.0NRT,298.02,8.4,D
-1.84113,110.19439,338.15,0.61,0.54,2026-09-18,0546,N,nominal,2.0NRT,297.74,8.4,D
-2.44504,105.94769,331.11,0.61,0.71,2026-09-18,0546,N,nominal,2.0NRT,285.45,6.35,D
-1.81885,110.13995,334.13,0.62,0.54,2026-09-18,0546,N,nominal,2.0NRT,294.33,4.08,D
-1.83132,110.02075,342.45,0.63,0.54,2026-09-18,0546,N,nominal,2.0NRT,296.6,13.54,D
-1.78439,110.23688,343.37,0.61,0.53,2026-09-18,0546,N,nominal,2.0NRT,298.99,9.49,D
-1.80309,110.10895,341.76,0.62,0.54,2026-09-18,0546,N,nominal,2.0NRT,295.58,12.62,D
-1.80391,110.10336,335.59,0.62,0.54,2026-09-18,0546,N,nominal,2.0NRT,293.4,5.98,D
-1.81797,110.13876,334.22,0.62,0.54,2026-09-18,0546,N,nominal,2.0NRT,294.84,6.68,D
-1.83134,110.01982,343.9,0.63,0.54,2026-09-18,0546,N,nominal,2.0NRT,296.77,9.31,D
-0.73774,117.04311,334.29,0.39,0.36,2026-09-18,0546,N,nominal,2.0NRT,303.87,2.56,D
-1.78769,110.23624,330.26,0.61,0.53,2026-09-18,0546,N,nominal,2.0NRT,296.96,5.85,D
-1.65413,111.07006,339.93,0.53,0.5,2026-09-18,0546,N,nominal,2.0NRT,294.92,12.5,D
-1.78277,110.2355,330.79,0.61,0.53,2026-09-18,0546,N,nominal,2.0NRT,297.11,8.15,D
-1.80243,110.10786,342.01,0.62,0.54,2026-09-18,0546,N,nominal,2.0NRT,295.69,17.27,D
-1.67373,110.91186,344.79,0.54,0.51,2026-09-18,0546,N,nominal,2.0NRT,295.49,25.25,D
-1.78546,110.18519,332.48,0.61,0.53,2026-09-18,0546,N,nominal,2.0NRT,296.71,4.99,D
-0.69523,117.25383,331.75,0.39,0.36,2026-09-18,0546,N,low,2.0NRT,303.39,5.18,D
-1.77631,110.21195,344.14,0.61,0.53,2026-09-18,0546,N,nominal,2.0NRT,300.3,13.74,D
-1.77714,110.20651,335.4,0.61,0.53,2026-09-18,0546,N,nominal,2.0NRT,300.01,10.77,D
-0.68699,117.26321,332.98,0.39,0.36,2026-09-18,0546,N,low,2.0NRT,304.66,3.35,D
-1.64072,111.03366,339.8,0.53,0.5,2026-09-18,0546,N,nominal,2.0NRT,294.79,10.37,D
-1.64146,111.02884,339.76,0.53,0.5,2026-09-18,0546,N,nominal,2.0NRT,294.53,6.96,D
-0.7343,116.93159,335.63,0.39,0.36,2026-09-18,0546,N,nominal,2.0NRT,301.09,3.29,D
-1.60796,111.15547,340.4,0.52,0.5,2026-09-18,0546,N,nominal,2.0NRT,296.7,12.72,D
-1.64138,110.93535,339.24,0.54,0.51,2026-09-18,0546,N,nominal,2.0NRT,293.57,6.01,D
-0.67208,117.2716,333.7,0.39,0.36,2026-09-18,0546,N,nominal,2.0NRT,301.47,2.37,D
-1.60335,111.15483,345.86,0.52,0.5,2026-09-18,0546,N,nominal,2.0NRT,296.98,22.62,D
-1.74335,110.22977,339.02,0.61,0.53,2026-09-18,0546,N,nominal,2.0NRT,295.79,10.81,D
-0.66875,117.27111,343.76,0.39,0.36,2026-09-18,0546,N,nominal,2.0NRT,303.35,2.37,D
-1.63422,110.91937,349.21,0.54,0.51,2026-09-18,0546,N,nominal,2.0NRT,293.2,10.54,D
-1.7335,110.2283,339.17,0.61,0.53,2026-09-18,0546,N,nominal,2.0NRT,295.86,8.48,D
-0.68756,117.10331,355.94,0.39,0.36,2026-09-18,0546,N,nominal,2.0NRT,307.21,33.24,D
-1.60229,111.06796,344.88,0.53,0.5,2026-09-18,0546,N,nominal,2.0NRT,294.32,7.8,D
-0.62495,117.49097,335.62,0.39,0.36,2026-09-18,0546,N,nominal,2.0NRT,298.55,2.73,D
-0.68422,117.1028,351.37,0.39,0.36,2026-09-18,0546,N,nominal,2.0NRT,304.75,35.48,D
-0.68475,117.09932,337.57,0.39,0.36,2026-09-18,0546,N,nominal,2.0NRT,299,6.31,D
-1.58072,111.18008,341.57,0.52,0.5,2026-09-18,0546,N,nominal,2.0NRT,298.47,32.34,D
-1.58142,111.17542,335.09,0.52,0.5,2026-09-18,0546,N,nominal,2.0NRT,294.25,15.95,D
-1.60562,111.01421,333.68,0.53,0.5,2026-09-18,0546,N,nominal,2.0NRT,293.6,3.37,D
-1.65239,110.70245,347.3,0.56,0.52,2026-09-18,0546,N,nominal,2.0NRT,288.73,9.47,D
-1.75034,110.04852,339.07,0.62,0.54,2026-09-18,0546,N,nominal,2.0NRT,297.94,11.49,D
-0.62163,117.49047,334.9,0.39,0.36,2026-09-18,0546,N,nominal,2.0NRT,298.18,2.73,D
-1.71463,110.2535,342.1,0.6,0.53,2026-09-18,0546,N,nominal,2.0NRT,296.88,13.39,D
-1.74366,110.0591,332.21,0.62,0.54,2026-09-18,0546,N,nominal,2.0NRT,296.14,10.04,D
-1.70972,110.25275,333.33,0.6,0.53,2026-09-18,0546,N,nominal,2.0NRT,295.75,6.46,D
-1.70236,110.26846,367,0.6,0.53,2026-09-18,0546,N,high,2.0NRT,294.53,18.78,D
-1.67211,110.47189,341.83,0.58,0.52,2026-09-18,0546,N,nominal,2.0NRT,293.93,11.7,D
-1.5602,111.19158,342.35,0.52,0.5,2026-09-18,0546,N,nominal,2.0NRT,295.79,6.53,D
-1.66726,110.47121,337.32,0.58,0.52,2026-09-18,0546,N,nominal,2.0NRT,290.03,5.71,D
-1.69908,110.25673,341.81,0.6,0.53,2026-09-18,0546,N,nominal,2.0NRT,295.5,14.99,D
-1.71212,110.16881,332.92,0.61,0.54,2026-09-18,0546,N,nominal,2.0NRT,297.78,5.98,D
-1.70636,110.17359,338.9,0.61,0.53,2026-09-18,0546,N,nominal,2.0NRT,295.85,5.98,D
1.08305,128.26338,346.8,0.48,0.65,2026-09-18,0546,N,nominal,2.0NRT,295.03,6.99,D
-1.56557,111.09196,339.75,0.53,0.5,2026-09-18,0546,N,nominal,2.0NRT,296.32,7.46,D
-1.68204,110.30416,342.1,0.6,0.53,2026-09-18,0546,N,nominal,2.0NRT,294.44,20.3,D
-1.68846,110.26067,344.92,0.6,0.53,2026-09-18,0546,N,nominal,2.0NRT,295.9,8.07,D
-1.70141,110.17286,331.33,0.61,0.53,2026-09-18,0546,N,nominal,2.0NRT,294.86,4.83,D
-1.70796,110.12849,334.19,0.62,0.54,2026-09-18,0546,N,nominal,2.0NRT,295.71,5.51,D
-1.54367,111.20811,340.28,0.52,0.5,2026-09-18,0546,N,nominal,2.0NRT,297.39,11.93,D
-1.71291,110.06036,337.23,0.62,0.54,2026-09-18,0546,N,nominal,2.0NRT,296.36,7.17,D
-1.56122,111.05733,329.84,0.53,0.5,2026-09-18,0546,N,nominal,2.0NRT,294.5,4.46,D
-1.61511,110.69137,341.93,0.56,0.52,2026-09-18,0546,N,nominal,2.0NRT,287.47,15.24,D
-1.68183,110.23742,340.63,0.6,0.53,2026-09-18,0546,N,nominal,2.0NRT,295.94,16.57,D
-1.61036,110.69057,342.03,0.56,0.52,2026-09-18,0546,N,nominal,2.0NRT,287.78,15.24,D
-1.61111,110.68546,330.81,0.56,0.52,2026-09-18,0546,N,nominal,2.0NRT,287.11,15.24,D
-0.65268,117.00453,332.82,0.39,0.36,2026-09-18,0546,N,nominal,2.0NRT,300.65,7.32,D
-1.66944,110.46896,347.76,0.58,0.52,2026-09-18,0546,N,nominal,2.0NRT,290.97,15.04,D
-1.70037,110.27132,342.53,0.6,0.53,2026-09-18,0546,N,nominal,2.0NRT,295.26,15.96,D
-1.70122,110.26588,346.15,0.6,0.53,2026-09-18,0546,N,nominal,2.0NRT,296.15,8.16,D
-1.70208,110.26043,343.47,0.6,0.53,2026-09-18,0546,N,nominal,2.0NRT,295.68,8.16,D
-1.69717,110.25964,339.12,0.6,0.53,2026-09-18,0546,N,nominal,2.0NRT,296.34,8.16,D
-1.54482,111.20515,341.11,0.52,0.5,2026-09-18,0546,N,nominal,2.0NRT,298.18,7.64,D
-1.56222,111.09348,329.27,0.53,0.5,2026-09-18,0546,N,nominal,2.0NRT,295.22,6.39,D
-1.70506,110.17678,342.53,0.61,0.53,2026-09-18,0546,N,nominal,2.0NRT,295.11,14.37,D
-1.72329,110.05973,331.49,0.62,0.54,2026-09-18,0546,N,nominal,2.0NRT,296.35,6.8,D
-1.54021,111.20464,329.54,0.52,0.5,2026-09-18,0546,N,nominal,2.0NRT,295.1,7.64,D
-1.56275,111.05963,329.93,0.53,0.5,2026-09-18,0546,N,nominal,2.0NRT,294.61,3.98,D
-1.68062,110.30154,348.63,0.6,0.53,2026-09-18,0546,N,nominal,2.0NRT,293.68,20.09,D
-1.68736,110.25814,343.83,0.6,0.53,2026-09-18,0546,N,nominal,2.0NRT,296.7,11.57,D
-0.65113,116.92551,334.41,0.39,0.36,2026-09-18,0546,N,nominal,2.0NRT,299.38,2.63,D
-1.61557,110.68867,345.41,0.56,0.52,2026-09-18,0546,N,nominal,2.0NRT,288.54,21.97,D
-1.68582,110.23567,330.16,0.6,0.53,2026-09-18,0546,N,nominal,2.0NRT,295.62,5.72,D
-1.71333,110.05826,337.5,0.62,0.54,2026-09-18,0546,N,nominal,2.0NRT,296.24,8.66,D
-1.61082,110.68791,348.54,0.56,0.52,2026-09-18,0546,N,nominal,2.0NRT,288.96,21.97,D
-1.6809,110.23495,342.34,0.6,0.53,2026-09-18,0546,N,nominal,2.0NRT,295.36,5.72,D
-1.66425,110.31025,329.69,0.6,0.53,2026-09-18,0546,N,nominal,2.0NRT,290.93,6.63,D
1.08495,128.26279,337.07,0.48,0.65,2026-09-18,0546,N,nominal,2.0NRT,294,7.27,D
-1.65688,110.32566,336.39,0.59,0.53,2026-09-18,0546,N,nominal,2.0NRT,292.43,7.09,D
-1.65936,110.30953,344.87,0.6,0.53,2026-09-18,0546,N,nominal,2.0NRT,292.18,6.63,D
-1.70099,110.03915,340.5,0.62,0.54,2026-09-18,0546,N,nominal,2.0NRT,294.96,13.06,D
-1.70186,110.03346,343.62,0.62,0.54,2026-09-18,0546,N,nominal,2.0NRT,295.26,13.06,D
-1.66029,110.2709,337.12,0.6,0.53,2026-09-18,0546,N,nominal,2.0NRT,295.64,8.11,D
-1.55788,110.90608,339.43,0.54,0.51,2026-09-18,0546,N,nominal,2.0NRT,293.77,4.97,D
-1.65872,110.24846,339.95,0.6,0.53,2026-09-18,0546,N,nominal,2.0NRT,294.98,7.34,D
-1.60573,110.4651,330.42,0.58,0.52,2026-09-18,0546,N,nominal,2.0NRT,288.29,3.57,D
-1.60892,110.4441,331.18,0.58,0.52,2026-09-18,0546,N,nominal,2.0NRT,287.67,6.04,D
-2.25084,106.19082,330,0.58,0.7,2026-09-18,0546,N,nominal,2.0NRT,291.33,5.23,D
-1.60089,110.46442,355.33,0.58,0.52,2026-09-18,0546,N,nominal,2.0NRT,289.76,22.54,D
-1.60169,110.45915,329.62,0.58,0.52,2026-09-18,0546,N,nominal,2.0NRT,288.39,7.02,D
-1.59605,110.46374,367,0.58,0.52,2026-09-18,0546,N,high,2.0NRT,290.47,22.54,D
1.13104,128.24333,328.98,0.48,0.65,2026-09-18,0546,N,nominal,2.0NRT,294.33,3.88,D
-1.59684,110.45847,338.94,0.58,0.52,2026-09-18,0546,N,nominal,2.0NRT,288.53,7.02,D
-1.59764,110.45321,332.26,0.58,0.52,2026-09-18,0546,N,nominal,2.0NRT,287.6,7.02,D
-1.59201,110.45776,344.95,0.58,0.52,2026-09-18,0546,N,nominal,2.0NRT,287.51,11.62,D
-1.5928,110.45251,339.97,0.58,0.52,2026-09-18,0546,N,nominal,2.0NRT,287.4,11.62,D
-1.58875,110.44655,338.08,0.58,0.52,2026-09-18,0546,N,nominal,2.0NRT,286.3,11.27,D
-1.5847,110.44054,348.57,0.58,0.52,2026-09-18,0546,N,nominal,2.0NRT,289.47,12.24,D
-1.56966,110.50791,342.82,0.58,0.52,2026-09-18,0546,N,nominal,2.0NRT,289.74,17.29,D
-1.57044,110.50275,346.65,0.58,0.52,2026-09-18,0546,N,nominal,2.0NRT,291.49,17.29,D
-1.57986,110.43981,344.32,0.58,0.52,2026-09-18,0546,N,nominal,2.0NRT,288.16,12.24,D
-1.58144,110.42928,331.77,0.58,0.52,2026-09-18,0546,N,nominal,2.0NRT,286.01,13.18,D
-1.56719,110.49152,337.97,0.58,0.52,2026-09-18,0546,N,nominal,2.0NRT,287.79,18.17,D
-1.56798,110.48624,336.24,0.58,0.52,2026-09-18,0546,N,nominal,2.0NRT,285.34,6.78,D
-1.37117,111.74055,332.67,0.47,0.48,2026-09-18,0546,N,nominal,2.0NRT,295.26,4.08,D
-1.58436,110.30964,344.24,0.6,0.53,2026-09-18,0546,N,nominal,2.0NRT,290.2,30.07,D
-0.51569,117.34293,340.57,0.39,0.36,2026-09-18,0546,N,nominal,2.0NRT,299.87,3.59,D
-1.57129,110.29669,330.44,0.6,0.53,2026-09-18,0546,N,nominal,2.0NRT,289.41,7.84,D
-0.5263,117.20627,336.55,0.39,0.36,2026-09-18,0546,N,nominal,2.0NRT,299.24,2.96,D
-1.58694,110.30743,347.57,0.59,0.53,2026-09-18,0546,N,nominal,2.0NRT,289.5,13.25,D
-1.58206,110.30671,333.57,0.59,0.53,2026-09-18,0546,N,nominal,2.0NRT,287.67,13.25,D
-1.57312,110.29993,337.95,0.6,0.53,2026-09-18,0546,N,nominal,2.0NRT,289.22,9.57,D
-1.53158,110.27739,340.92,0.6,0.53,2026-09-18,0546,N,nominal,2.0NRT,292.31,17.35,D
-1.54823,110.16808,351.05,0.61,0.53,2026-09-18,0546,N,nominal,2.0NRT,296.54,33.34,D
-1.54907,110.16258,339.44,0.61,0.53,2026-09-18,0546,N,nominal,2.0NRT,299.95,33.34,D
-1.52504,110.2875,332.13,0.6,0.53,2026-09-18,0546,N,nominal,2.0NRT,291.94,5.84,D
-1.52668,110.27667,335.15,0.6,0.53,2026-09-18,0546,N,nominal,2.0NRT,291.84,17.35,D
-1.5275,110.27129,349.19,0.6,0.53,2026-09-18,0546,N,nominal,2.0NRT,294.29,17.35,D
-1.54247,110.17285,343.5,0.61,0.53,2026-09-18,0546,N,nominal,2.0NRT,296.42,13.06,D
-1.54331,110.16733,331.37,0.61,0.53,2026-09-18,0546,N,nominal,2.0NRT,296.61,33.34,D
-1.54414,110.16186,349.61,0.61,0.53,2026-09-18,0546,N,nominal,2.0NRT,298.03,33.34,D
-1.52343,110.26514,367,0.6,0.53,2026-09-18,0546,N,high,2.0NRT,292.31,21.48,D
-1.52425,110.25971,367,0.6,0.53,2026-09-18,0546,N,high,2.0NRT,293.27,21.48,D
-1.52015,110.28677,350.47,0.6,0.53,2026-09-18,0546,N,nominal,2.0NRT,294.59,10.45,D
-1.52097,110.28136,331.64,0.6,0.53,2026-09-18,0546,N,nominal,2.0NRT,292.36,10.45,D
-1.52261,110.27057,355.28,0.6,0.53,2026-09-18,0546,N,nominal,2.0NRT,295.73,67.73,D
-1.53502,110.18871,353.25,0.61,0.53,2026-09-18,0546,N,nominal,2.0NRT,295.78,11.97,D
-1.5392,110.16113,345.83,0.61,0.53,2026-09-18,0546,N,nominal,2.0NRT,296.25,19.36,D
-1.51936,110.25898,350.62,0.6,0.53,2026-09-18,0546,N,nominal,2.0NRT,290.79,21.48,D
-1.52018,110.25354,345.44,0.6,0.53,2026-09-18,0546,N,nominal,2.0NRT,291.65,11.86,D
-1.521,110.24812,345.54,0.6,0.53,2026-09-18,0546,N,nominal,2.0NRT,291.09,11.86,D
-1.5301,110.18798,351.26,0.61,0.53,2026-09-18,0546,N,nominal,2.0NRT,295.49,11.97,D
-1.53093,110.18248,348.52,0.61,0.53,2026-09-18,0546,N,nominal,2.0NRT,295.88,11.97,D
-1.53427,110.1604,351.13,0.61,0.53,2026-09-18,0546,N,nominal,2.0NRT,297.14,19.36,D
-1.5351,110.15494,351.99,0.61,0.53,2026-09-18,0546,N,nominal,2.0NRT,295.98,9.96,D
-1.53593,110.14945,340.13,0.61,0.53,2026-09-18,0546,N,nominal,2.0NRT,294.96,9.96,D
-1.53676,110.14392,356.65,0.61,0.53,2026-09-18,0546,N,nominal,2.0NRT,295.49,13.32,D
-1.53183,110.14317,346.82,0.61,0.53,2026-09-18,0546,N,nominal,2.0NRT,295.95,22.25,D
-1.53266,110.13762,352.64,0.61,0.53,2026-09-18,0546,N,nominal,2.0NRT,295.54,22.25,D
-1.49391,110.36143,329.31,0.59,0.53,2026-09-18,0546,N,nominal,2.0NRT,287.39,3.99,D
-1.52772,110.1369,344.6,0.61,0.53,2026-09-18,0546,N,nominal,2.0NRT,294.43,22.25,D
-1.52855,110.13139,344.82,0.61,0.53,2026-09-18,0546,N,nominal,2.0NRT,294.53,10.88,D
1.19419,127.84512,339.3,0.45,0.63,2026-09-18,0546,N,nominal,2.0NRT,300.55,3.41,D
-1.48892,110.36159,341.38,0.59,0.53,2026-09-18,0546,N,nominal,2.0NRT,288.68,11.13,D
-1.51369,110.19668,346.15,0.6,0.53,2026-09-18,0546,N,nominal,2.0NRT,295.92,11.07,D
-1.28715,111.67167,342.43,0.48,0.48,2026-09-18,0546,N,nominal,2.0NRT,295.01,15.67,D
-1.51207,110.17397,338.08,0.61,0.53,2026-09-18,0546,N,nominal,2.0NRT,295.2,37.37,D
-1.51289,110.16846,341.5,0.61,0.53,2026-09-18,0546,N,nominal,2.0NRT,296.4,37.37,D
-1.51044,110.11735,338.5,0.61,0.54,2026-09-18,0546,N,nominal,2.0NRT,294.53,4.05,D
-1.51126,110.11179,335.77,0.61,0.54,2026-09-18,0546,N,nominal,2.0NRT,294.67,4.05,D
-1.49646,110.17732,341.43,0.61,0.53,2026-09-18,0546,N,nominal,2.0NRT,297.53,16.7,D
-1.49728,110.17182,333.33,0.61,0.53,2026-09-18,0546,N,nominal,2.0NRT,296.39,7.43,D
-1.48989,110.18767,338.88,0.6,0.53,2026-09-18,0546,N,nominal,2.0NRT,297.8,7.86,D
-1.48903,110.15948,330.6,0.61,0.53,2026-09-18,0546,N,nominal,2.0NRT,297.18,4.92,D
-1.4069,110.68097,341.78,0.56,0.51,2026-09-18,0546,N,nominal,2.0NRT,295.8,7.82,D
-1.43937,110.46152,331.28,0.58,0.52,2026-09-18,0546,N,nominal,2.0NRT,288.67,3.61,D
-1.45059,110.38558,329.26,0.59,0.53,2026-09-18,0546,N,nominal,2.0NRT,287.47,5.53,D
-1.47514,110.18536,334.57,0.6,0.53,2026-09-18,0546,N,nominal,2.0NRT,297.5,7.06,D
0.66144,124.1537,340.99,0.5,0.49,2026-09-18,0546,N,nominal,2.0NRT,298.55,5.9,D
-0.42255,117.17567,346.08,0.39,0.36,2026-09-18,0546,N,nominal,2.0NRT,307.01,7.94,D
-1.51007,110.11474,334.08,0.61,0.54,2026-09-18,0546,N,nominal,2.0NRT,294.65,7.2,D
-1.51094,110.10919,344.17,0.61,0.54,2026-09-18,0546,N,nominal,2.0NRT,294.92,10.3,D
-1.49563,110.1746,356.23,0.61,0.53,2026-09-18,0546,N,nominal,2.0NRT,297.59,20.51,D
0.51021,123.19992,336.06,0.43,0.46,2026-09-18,0546,N,nominal,2.0NRT,298.48,3.26,D
-1.48898,110.18491,340.26,0.6,0.53,2026-09-18,0546,N,nominal,2.0NRT,296.73,8.92,D
-1.40705,110.67809,345.29,0.56,0.51,2026-09-18,0546,N,nominal,2.0NRT,296.11,6.69,D
0.66269,124.15405,333.2,0.5,0.49,2026-09-18,0546,N,nominal,2.0NRT,298.41,5.53,D
0.662,124.14944,339.59,0.5,0.49,2026-09-18,0546,N,nominal,2.0NRT,298.46,4.3,D
-1.44737,110.38771,343.74,0.58,0.52,2026-09-18,0546,N,nominal,2.0NRT,290.11,9.7,D
-1.47423,110.18267,339.5,0.6,0.53,2026-09-18,0546,N,nominal,2.0NRT,296.58,11.63,D
-0.34834,117.422,332.56,0.39,0.36,2026-09-18,0546,N,nominal,2.0NRT,298.51,2.42,D
1.2502,127.86929,337.7,0.45,0.63,2026-09-18,0546,N,nominal,2.0NRT,298.99,4.03,D
-1.31765,111.06973,338.48,0.52,0.5,2026-09-18,0546,N,nominal,2.0NRT,295.07,4.66,D
1.25669,127.87252,340.4,0.46,0.63,2026-09-18,0546,N,nominal,2.0NRT,298.47,3,D
-1.31306,111.06892,339.46,0.52,0.5,2026-09-18,0546,N,nominal,2.0NRT,294.28,7.86,D
1.26255,127.87164,334.28,0.46,0.63,2026-09-18,0546,N,nominal,2.0NRT,297.24,3,D
-0.35991,117.25753,333.69,0.39,0.36,2026-09-18,0546,N,nominal,2.0NRT,302.51,2.22,D
-1.42215,110.32569,336.74,0.59,0.53,2026-09-18,0546,N,nominal,2.0NRT,292.28,4.67,D
-0.35605,117.26048,346.84,0.39,0.36,2026-09-18,0546,N,nominal,2.0NRT,303.84,9.55,D
-1.41805,110.31999,353.47,0.59,0.53,2026-09-18,0546,N,nominal,2.0NRT,293.91,11.36,D
-1.4406,110.17226,334.94,0.6,0.53,2026-09-18,0546,N,nominal,2.0NRT,293.81,7.97,D
-0.35273,117.25999,339.44,0.39,0.36,2026-09-18,0546,N,nominal,2.0NRT,302.82,9.55,D
1.29118,127.90178,334.3,0.46,0.63,2026-09-18,0546,N,nominal,2.0NRT,297.77,4.03,D
-1.37883,110.44756,343.2,0.58,0.52,2026-09-18,0546,N,nominal,2.0NRT,290.02,18.72,D
-1.416,110.16854,334.54,0.6,0.53,2026-09-18,0546,N,nominal,2.0NRT,294.18,4.01,D
-1.41771,110.12376,340.79,0.61,0.53,2026-09-18,0546,N,nominal,2.0NRT,297.54,12.12,D
0.0723,119.89802,336.85,0.42,0.38,2026-09-18,0546,N,nominal,2.0NRT,298.74,4.07,D
0.07114,119.89047,333.33,0.42,0.38,2026-09-18,0546,N,nominal,2.0NRT,300.65,2.99,D
-1.39959,110.21083,333.92,0.6,0.53,2026-09-18,0546,N,nominal,2.0NRT,292.47,11.9,D
-1.40042,110.17186,354.62,0.6,0.53,2026-09-18,0546,N,nominal,2.0NRT,296.39,31.5,D
-1.35045,110.40633,331.98,0.58,0.52,2026-09-18,0546,N,nominal,2.0NRT,291.83,8.14,D
-1.31045,110.54358,334.08,0.57,0.52,2026-09-18,0546,N,nominal,2.0NRT,297.01,5.21,D
-1.35684,110.40453,332.38,0.58,0.52,2026-09-18,0546,N,nominal,2.0NRT,292.37,5.6,D
-1.35119,110.409,332.51,0.58,0.52,2026-09-18,0546,N,nominal,2.0NRT,292.07,5.6,D
-0.32386,116.96339,341.79,0.39,0.36,2026-09-18,0546,N,nominal,2.0NRT,309.68,95.01,D
0.53841,122.61456,330.23,0.39,0.44,2026-09-18,0546,N,nominal,2.0NRT,297.1,2.76,D
-0.29543,117.1265,334.33,0.39,0.36,2026-09-18,0546,N,nominal,2.0NRT,298.76,1.44,D
-1.31091,110.54092,337.24,0.57,0.52,2026-09-18,0546,N,nominal,2.0NRT,297.65,5.33,D
-1.55496,108.93458,367,0.37,0.58,2026-09-18,0546,N,high,2.0NRT,294.88,6.38,D
-1.30372,110.46046,341.44,0.58,0.52,2026-09-18,0546,N,nominal,2.0NRT,291.85,9.3,D
0.77485,123.94198,335.64,0.48,0.48,2026-09-18,0546,N,nominal,2.0NRT,297.18,11.2,D
0.77426,123.93813,344.28,0.48,0.48,2026-09-18,0546,N,nominal,2.0NRT,299.95,11.2,D
0.5565,122.5161,343.14,0.39,0.44,2026-09-18,0546,N,nominal,2.0NRT,299.4,5.53,D
-1.27181,110.54057,328.83,0.57,0.52,2026-09-18,0546,N,nominal,2.0NRT,295.28,4.18,D
0.86139,124.41499,332.42,0.52,0.5,2026-09-18,0546,N,nominal,2.0NRT,301.06,4.31,D
-1.26382,110.52871,333.61,0.57,0.52,2026-09-18,0546,N,nominal,2.0NRT,295.98,6.64,D
-1.29075,110.35145,335.53,0.59,0.52,2026-09-18,0546,N,nominal,2.0NRT,293.97,5.53,D
0.76221,123.71306,334.43,0.47,0.47,2026-09-18,0546,N,nominal,2.0NRT,297.38,7.96,D
1.3653,127.53643,348.39,0.43,0.62,2026-09-18,0546,N,nominal,2.0NRT,296.06,5.83,D
1.36473,127.53278,330.11,0.43,0.62,2026-09-18,0546,N,nominal,2.0NRT,295.23,5.83,D
-1.24306,110.5366,341.86,0.57,0.52,2026-09-18,0546,N,nominal,2.0NRT,295.32,5.75,D
0.5368,122.17681,338.13,0.55,0.43,2026-09-18,0546,N,nominal,2.0NRT,298.32,6.62,D
-1.20873,110.73256,343.41,0.55,0.51,2026-09-18,0546,N,nominal,2.0NRT,296.19,14.98,D
-1.23834,110.53542,338.11,0.57,0.52,2026-09-18,0546,N,nominal,2.0NRT,295.56,6.74,D
1.41079,127.75258,333.39,0.45,0.63,2026-09-18,0546,N,nominal,2.0NRT,300.36,3.85,D
-1.20402,110.73186,356.14,0.55,0.51,2026-09-18,0546,N,nominal,2.0NRT,296.98,14.98,D
-1.23664,110.51411,341.69,0.57,0.52,2026-09-18,0546,N,nominal,2.0NRT,296.07,9.28,D
-1.25457,110.39441,340.55,0.58,0.52,2026-09-18,0546,N,nominal,2.0NRT,296.16,13.25,D
-1.25536,110.38911,341.93,0.58,0.52,2026-09-18,0546,N,nominal,2.0NRT,296.53,13.25,D
-1.25772,110.37335,337.32,0.58,0.52,2026-09-18,0546,N,nominal,2.0NRT,293.62,8.24,D
1.40973,127.75373,331.81,0.45,0.63,2026-09-18,0546,N,nominal,2.0NRT,300.06,3.6,D
1.43949,127.91372,330.49,0.46,0.64,2026-09-18,0546,N,nominal,2.0NRT,296.98,2.61,D
0.79972,123.60699,367,0.46,0.47,2026-09-18,0546,N,high,2.0NRT,299.72,15.96,D
1.41937,127.7384,330.3,0.45,0.63,2026-09-18,0546,N,nominal,2.0NRT,298.78,2.2,D
0.8041,123.60654,336.89,0.46,0.47,2026-09-18,0546,N,nominal,2.0NRT,298.07,5.87,D
-1.05294,111.48062,343.32,0.49,0.48,2026-09-18,0546,N,nominal,2.0NRT,295.79,20.71,D
-1.16871,110.70425,333.68,0.55,0.51,2026-09-18,0546,N,nominal,2.0NRT,293.48,5.2,D
-1.8988,105.89234,331.14,0.6,0.71,2026-09-18,0546,N,nominal,2.0NRT,290.48,3.46,D
1.48536,127.97794,347.81,0.47,0.64,2026-09-18,0546,N,nominal,2.0NRT,291.9,4.84,D
0.70842,122.86144,342.76,0.41,0.45,2026-09-18,0546,N,nominal,2.0NRT,302.66,5.21,D
0.80299,123.45338,331.08,0.45,0.47,2026-09-18,0546,N,nominal,2.0NRT,296.96,2.59,D
0.71571,122.88156,331.78,0.41,0.45,2026-09-18,0546,N,nominal,2.0NRT,299.49,3.41,D
-1.13235,110.81521,338.76,0.54,0.51,2026-09-18,0546,N,nominal,2.0NRT,294.57,6.61,D
0.72401,122.88046,338.48,0.41,0.45,2026-09-18,0546,N,nominal,2.0NRT,300.23,3.76,D
0.66667,122.37288,336.65,0.57,0.43,2026-09-18,0546,N,nominal,2.0NRT,299.67,3.7,D
1.49317,127.63779,367,0.44,0.63,2026-09-18,0546,N,high,2.0NRT,318.92,10.85,D
1.49924,127.63869,336.35,0.44,0.63,2026-09-18,0546,N,nominal,2.0NRT,304.37,10.85,D
0.7092,122.54082,343.89,0.39,0.44,2026-09-18,0546,N,nominal,2.0NRT,302.18,5.6,D
-1.81439,105.87399,340.02,0.6,0.71,2026-09-18,0546,N,nominal,2.0NRT,290.48,8.81,D
1.56994,128.01485,367,0.47,0.64,2026-09-18,0546,N,high,2.0NRT,297.31,17.16,D
1.56925,128.01045,334.42,0.47,0.64,2026-09-18,0546,N,nominal,2.0NRT,294.81,6.97,D
0.55942,121.50329,332.27,0.51,0.41,2026-09-18,0546,N,nominal,2.0NRT,296.15,3.39,D
-0.07602,117.36576,332.76,0.39,0.36,2026-09-18,0546,N,nominal,2.0NRT,298.01,2.15,D
-1.0827,110.66595,335.03,0.55,0.51,2026-09-18,0546,N,nominal,2.0NRT,296.76,6.9,D
-1.08939,110.62083,333.72,0.56,0.51,2026-09-18,0546,N,nominal,2.0NRT,295.81,5.43,D
1.06975,124.69691,367,0.55,0.51,2026-09-18,0546,N,high,2.0NRT,299.52,17.07,D
1.0705,124.70163,340.75,0.55,0.51,2026-09-18,0546,N,nominal,2.0NRT,296.68,7.71,D
1.069,124.69211,338.53,0.55,0.51,2026-09-18,0546,N,nominal,2.0NRT,297.09,17.07,D
0.58873,121.61617,341.8,0.52,0.41,2026-09-18,0546,N,nominal,2.0NRT,292.77,12.56,D
0.588,121.61798,342.25,0.52,0.41,2026-09-18,0546,N,nominal,2.0NRT,295.73,30.4,D
1.49331,127.638,367,0.44,0.63,2026-09-18,0546,N,high,2.0NRT,319.14,12.03,D
-1.18861,110.04462,337.66,0.61,0.54,2026-09-18,0546,N,nominal,2.0NRT,290.54,9.65,D
1.49937,127.63894,331.69,0.44,0.63,2026-09-18,0546,N,nominal,2.0NRT,303.92,12.03,D
0.37872,120.15454,330.25,0.44,0.38,2026-09-18,0546,N,nominal,2.0NRT,296.67,6,D
-1.08657,110.66383,335.51,0.55,0.51,2026-09-18,0546,N,nominal,2.0NRT,296.87,5.92,D
1.56728,128.01588,330.7,0.47,0.64,2026-09-18,0546,N,nominal,2.0NRT,295.76,5.23,D
1.07155,124.69864,357.14,0.55,0.51,2026-09-18,0546,N,nominal,2.0NRT,297.43,25.66,D
1.07084,124.69389,354.7,0.55,0.51,2026-09-18,0546,N,nominal,2.0NRT,300.21,25.66,D
-0.95722,111.43159,333.18,0.49,0.48,2026-09-18,0546,N,nominal,2.0NRT,295.14,5.28,D
-1.82314,105.86717,331,0.6,0.71,2026-09-18,0546,N,nominal,2.0NRT,290.58,7.47,D
1.57324,128.01508,367,0.47,0.64,2026-09-18,0546,N,high,2.0NRT,296.05,16.33,D
1.57259,128.01068,341.02,0.47,0.64,2026-09-18,0546,N,nominal,2.0NRT,295.27,8.92,D
-1.81573,105.87172,356.21,0.6,0.71,2026-09-18,0546,N,nominal,2.0NRT,291.31,10.3,D
1.07949,124.68739,347.34,0.55,0.51,2026-09-18,0546,N,nominal,2.0NRT,298.43,15.5,D
1.07878,124.68263,341.41,0.55,0.51,2026-09-18,0546,N,nominal,2.0NRT,297.64,15.5,D
1.08346,124.68179,348.11,0.55,0.51,2026-09-18,0546,N,nominal,2.0NRT,297.98,18.71,D
1.08274,124.67698,341.21,0.55,0.51,2026-09-18,0546,N,nominal,2.0NRT,298.44,12.89,D
1.08815,124.68091,349.82,0.55,0.51,2026-09-18,0546,N,nominal,2.0NRT,297.41,18.71,D
1.08742,124.67612,340.68,0.55,0.51,2026-09-18,0546,N,nominal,2.0NRT,295.91,12.89,D
1.09427,124.68948,340.5,0.55,0.51,2026-09-18,0546,N,nominal,2.0NRT,296.14,6.06,D
1.09355,124.68476,335.55,0.55,0.51,2026-09-18,0546,N,nominal,2.0NRT,296.61,8.06,D
1.09283,124.68004,342.05,0.55,0.51,2026-09-18,0546,N,nominal,2.0NRT,296.45,8.06,D
0.88205,123.2933,336.1,0.44,0.46,2026-09-18,0546,N,nominal,2.0NRT,296.83,3.15,D
0.88453,123.2524,339.55,0.44,0.46,2026-09-18,0546,N,nominal,2.0NRT,296.82,3.05,D
0.84355,122.98418,331.61,0.42,0.45,2026-09-18,0546,N,nominal,2.0NRT,296.65,2.77,D
0.84244,122.97688,340.09,0.42,0.45,2026-09-18,0546,N,nominal,2.0NRT,298.02,4.43,D
0.84668,122.97675,337.86,0.42,0.45,2026-09-18,0546,N,nominal,2.0NRT,297.77,4.43,D
-0.00333,117.42118,341.21,0.38,0.36,2026-09-18,0546,N,nominal,2.0NRT,301.24,13.23,D
-0,117.42068,335.22,0.38,0.36,2026-09-18,0546,N,nominal,2.0NRT,299.94,3.98,D
-1.03219,110.67158,351.04,0.55,0.51,2026-09-18,0546,N,nominal,2.0NRT,296.89,10.97,D
-1.10843,110.13945,341.69,0.6,0.53,2026-09-18,0546,N,nominal,2.0NRT,291.26,11.38,D
0.88839,122.99784,337.31,0.42,0.45,2026-09-18,0546,N,nominal,2.0NRT,301.96,3.55,D
0.9313,123.2453,334.69,0.44,0.46,2026-09-18,0546,N,nominal,2.0NRT,298.43,4.01,D
0.8926,122.99741,336.15,0.42,0.45,2026-09-18,0546,N,nominal,2.0NRT,300.98,3.55,D
0.89203,122.99371,330.55,0.42,0.45,2026-09-18,0546,N,nominal,2.0NRT,300.15,3.55,D
0.89148,122.9902,349.64,0.42,0.45,2026-09-18,0546,N,nominal,2.0NRT,300.93,8.86,D
0.93559,123.2449,331.76,0.44,0.46,2026-09-18,0546,N,nominal,2.0NRT,297.86,4.56,D
-0.84695,111.55758,340.65,0.48,0.48,2026-09-18,0546,N,nominal,2.0NRT,296.88,8.09,D
-0.84759,111.55328,340.28,0.48,0.48,2026-09-18,0546,N,nominal,2.0NRT,296.16,5.55,D
-0.84895,111.55454,341.22,0.48,0.48,2026-09-18,0546,N,nominal,2.0NRT,297.7,4.55,D
0.85878,122.65364,330.95,0.4,0.44,2026-09-18,0546,N,nominal,2.0NRT,297.87,2.95,D
-0.84453,111.55383,337.66,0.48,0.48,2026-09-18,0546,N,nominal,2.0NRT,294.82,2.93,D
0.89083,122.67215,333.7,0.4,0.44,2026-09-18,0546,N,nominal,2.0NRT,298.48,4.05,D
-0.8474,111.33041,335.06,0.49,0.49,2026-09-18,0546,N,nominal,2.0NRT,294.28,5.29,D
0.89492,122.67151,334.12,0.4,0.44,2026-09-18,0546,N,nominal,2.0NRT,296.79,3.42,D
-0.78678,111.69319,337.79,0.47,0.47,2026-09-18,0546,N,nominal,2.0NRT,295.1,2.64,D
-0.84291,111.3297,346.99,0.49,0.49,2026-09-18,0546,N,nominal,2.0NRT,295.1,44.85,D
-1.12627,109.49446,339.98,0.33,0.55,2026-09-18,0546,N,nominal,2.0NRT,293.22,3.7,D
-0.94712,110.10198,348.11,0.6,0.53,2026-09-18,0546,N,nominal,2.0NRT,293.35,27.58,D
-0.9535,110.11195,333.29,0.6,0.53,2026-09-18,0546,N,nominal,2.0NRT,292.14,11.17,D
0.94897,122.45233,346.7,0.39,0.44,2026-09-18,0546,N,nominal,2.0NRT,294.49,10.02,D
-0.9503,110.10033,331.05,0.6,0.53,2026-09-18,0546,N,nominal,2.0NRT,291.02,8.27,D
-0.94454,110.10506,340.41,0.6,0.53,2026-09-18,0546,N,nominal,2.0NRT,292.68,18.69,D
-0.94539,110.09962,339.96,0.6,0.53,2026-09-18,0546,N,nominal,2.0NRT,291.69,11.4,D
0.95676,122.44933,338.01,0.39,0.44,2026-09-18,0546,N,nominal,2.0NRT,297.62,3.53,D
0.95626,122.44601,331.08,0.39,0.44,2026-09-18,0546,N,nominal,2.0NRT,295.25,3.53,D
1.7363,127.60154,337.17,0.44,0.63,2026-09-18,0546,N,nominal,2.0NRT,296.69,4.06,D
-0.93389,110.10904,335.59,0.6,0.53,2026-09-18,0546,N,nominal,2.0NRT,292.19,6.02,D
-0.94661,110.0271,331.18,0.61,0.53,2026-09-18,0546,N,nominal,2.0NRT,289.88,10.19,D
-0.94747,110.02158,330.22,0.61,0.53,2026-09-18,0546,N,nominal,2.0NRT,288.81,7.48,D
1.78258,127.87098,333.2,0.46,0.64,2026-09-18,0546,N,nominal,2.0NRT,295.1,3.62,D
-0.92646,110.12458,344.58,0.6,0.53,2026-09-18,0546,N,nominal,2.0NRT,292.83,10.96,D
-0.9273,110.11914,330.14,0.6,0.53,2026-09-18,0546,N,nominal,2.0NRT,291.94,7.23,D
-0.92815,110.11372,345.76,0.6,0.53,2026-09-18,0546,N,nominal,2.0NRT,292.83,7.23,D
-0.92899,110.10828,338.35,0.6,0.53,2026-09-18,0546,N,nominal,2.0NRT,291.79,6.02,D
-0.94253,110.02087,336.46,0.61,0.53,2026-09-18,0546,N,nominal,2.0NRT,287.93,7.48,D
-0.92157,110.12384,342.39,0.6,0.53,2026-09-18,0546,N,nominal,2.0NRT,292.69,17.29,D
-0.92745,110.08576,329.22,0.6,0.53,2026-09-18,0546,N,nominal,2.0NRT,292.95,10.27,D
-0.91104,110.09451,330.53,0.6,0.53,2026-09-18,0546,N,nominal,2.0NRT,292.2,6.27,D
-0.91187,110.08912,338.02,0.6,0.53,2026-09-18,0546,N,nominal,2.0NRT,292.25,6.27,D
-1.79905,104.28141,331.33,0.77,0.77,2026-09-18,0546,N,nominal,2.0NRT,286.84,5.66,D
-0.90613,110.0938,367,0.6,0.53,2026-09-18,0546,N,high,2.0NRT,296.82,226.83,D
-0.95753,109.75819,331.39,0.64,0.54,2026-09-18,0546,N,nominal,2.0NRT,291.45,8.14,D
-1.78867,104.30138,331.1,0.77,0.77,2026-09-18,0546,N,nominal,2.0NRT,287.45,7.06,D
-0.68588,111.41178,336.16,0.49,0.48,2026-09-18,0546,N,nominal,2.0NRT,295.31,4.86,D
-0.84975,110.13538,352.86,0.6,0.53,2026-09-18,0546,N,nominal,2.0NRT,293.95,25.99,D
-1.71362,104.31223,328.49,0.76,0.77,2026-09-18,0546,N,nominal,2.0NRT,287.77,4.43,D
-0.79531,110.50019,331.53,0.56,0.52,2026-09-18,0546,N,nominal,2.0NRT,292.59,2.89,D
-0.85302,110.13432,340.2,0.6,0.53,2026-09-18,0546,N,nominal,2.0NRT,292.53,7.43,D
-0.84813,110.13361,340.97,0.6,0.53,2026-09-18,0546,N,nominal,2.0NRT,292.71,7.43,D
-1.75575,104.31229,330.13,0.76,0.77,2026-09-18,0546,N,nominal,2.0NRT,288.35,4.47,D
1.43392,124.9062,337.88,0.57,0.52,2026-09-18,0546,N,nominal,2.0NRT,297.41,5.15,D
-0.81608,110.21085,342.55,0.59,0.53,2026-09-18,0546,N,nominal,2.0NRT,294.7,63.35,D
0.81511,120.7281,331.3,0.47,0.39,2026-09-18,0546,N,nominal,2.0NRT,299.19,3.14,D
-1.69503,104.3253,330.61,0.76,0.77,2026-09-18,0546,N,nominal,2.0NRT,288.12,4.63,D
-0.68092,110.89548,340.63,0.53,0.5,2026-09-18,0546,N,nominal,2.0NRT,294.89,14.79,D
-0.73905,110.5177,341.19,0.56,0.51,2026-09-18,0546,N,nominal,2.0NRT,289.89,10.52,D
-0.7343,110.517,342.59,0.56,0.51,2026-09-18,0546,N,nominal,2.0NRT,290.33,71.04,D
1.50916,125.14102,333.84,0.6,0.53,2026-09-18,0546,N,nominal,2.0NRT,296.68,5.61,D
-1.66527,104.32818,335.54,0.76,0.77,2026-09-18,0546,N,nominal,2.0NRT,287.72,10.26,D
-0.68003,110.77732,331.6,0.54,0.51,2026-09-18,0546,N,nominal,2.0NRT,295.85,2.6,D
-0.68479,110.68314,355.14,0.54,0.51,2026-09-18,0546,N,nominal,2.0NRT,294.3,12.59,D
-0.70976,110.51854,349.12,0.56,0.51,2026-09-18,0546,N,nominal,2.0NRT,294.21,41.23,D
-0.72757,110.40117,343.65,0.57,0.52,2026-09-18,0546,N,nominal,2.0NRT,289.89,8.48,D
-0.6801,110.68239,355.07,0.54,0.51,2026-09-18,0546,N,nominal,2.0NRT,293.9,19.05,D
-0.68458,110.65278,331.82,0.55,0.51,2026-09-18,0546,N,nominal,2.0NRT,293.3,5.7,D
-0.70502,110.51781,338.4,0.56,0.51,2026-09-18,0546,N,nominal,2.0NRT,289.41,8.41,D
-1.62734,104.33696,338.48,0.76,0.77,2026-09-18,0546,N,nominal,2.0NRT,287.65,12.04,D
-0.70082,110.4812,348.85,0.56,0.52,2026-09-18,0546,N,nominal,2.0NRT,291.16,24.01,D
-0.66453,110.6902,342.29,0.54,0.51,2026-09-18,0546,N,nominal,2.0NRT,295.91,15.63,D
-0.69532,110.48541,336.01,0.56,0.52,2026-09-18,0546,N,nominal,2.0NRT,290.17,24.01,D
-0.69607,110.48042,351.56,0.56,0.52,2026-09-18,0546,N,nominal,2.0NRT,292.04,24.01,D
0.88628,120.85132,334.48,0.47,0.4,2026-09-18,0546,N,nominal,2.0NRT,298.04,5.34,D
0.88562,120.84705,338.47,0.47,0.4,2026-09-18,0546,N,nominal,2.0NRT,301.62,5.79,D
-0.65984,110.68946,344.27,0.54,0.51,2026-09-18,0546,N,nominal,2.0NRT,296.89,48.27,D
-0.69273,110.47025,345.34,0.56,0.52,2026-09-18,0546,N,nominal,2.0NRT,288.51,9.54,D
0.88994,120.85077,331.91,0.47,0.4,2026-09-18,0546,N,nominal,2.0NRT,298.22,5.34,D
0.88928,120.84651,334.69,0.47,0.4,2026-09-18,0546,N,nominal,2.0NRT,300.66,5.79,D
-0.65664,110.67885,343.34,0.54,0.51,2026-09-18,0546,N,nominal,2.0NRT,293.74,19.21,D
-0.68579,110.48408,356.65,0.56,0.52,2026-09-18,0546,N,nominal,2.0NRT,289.07,16.25,D
1.53109,124.9293,348.07,0.58,0.52,2026-09-18,0546,N,nominal,2.0NRT,300.31,9.51,D
0.89427,120.85448,333.08,0.47,0.4,2026-09-18,0546,N,nominal,2.0NRT,296.72,6.22,D
0.89361,120.85024,340.65,0.47,0.4,2026-09-18,0546,N,nominal,2.0NRT,300.41,6.22,D
-0.68179,110.47828,355.29,0.56,0.52,2026-09-18,0546,N,nominal,2.0NRT,291.36,16.6,D
-0.68941,110.42718,338.81,0.57,0.52,2026-09-18,0546,N,nominal,2.0NRT,287.8,11.75,D
-0.69993,110.48366,340.78,0.56,0.52,2026-09-18,0546,N,nominal,2.0NRT,291.88,19.01,D
-0.7007,110.4788,339.16,0.56,0.52,2026-09-18,0546,N,nominal,2.0NRT,290.95,13.96,D
-0.66205,110.6922,333.58,0.54,0.51,2026-09-18,0546,N,nominal,2.0NRT,293.55,27.7,D
-0.66283,110.68727,329.21,0.54,0.51,2026-09-18,0546,N,low,2.0NRT,299.63,51.59,D
-0.69437,110.48798,335.49,0.56,0.52,2026-09-18,0546,N,nominal,2.0NRT,289.88,19.01,D
-0.69517,110.48293,342.43,0.56,0.52,2026-09-18,0546,N,nominal,2.0NRT,289.78,19.01,D
-0.69594,110.47803,340.42,0.56,0.52,2026-09-18,0546,N,nominal,2.0NRT,289.83,13.96,D
-0.69194,110.47256,333.63,0.56,0.52,2026-09-18,0546,N,nominal,2.0NRT,288.26,8.24,D
-0.69265,110.468,330.48,0.56,0.52,2026-09-18,0546,N,nominal,2.0NRT,289.51,4.19,D
-0.65501,110.67598,339.77,0.54,0.51,2026-09-18,0546,N,nominal,2.0NRT,293.69,6.9,D
-0.68484,110.48666,339.51,0.56,0.52,2026-09-18,0546,N,nominal,2.0NRT,288.82,11,D
-0.68565,110.48154,339.83,0.56,0.52,2026-09-18,0546,N,nominal,2.0NRT,289.63,11,D
1.52972,124.92693,342.79,0.58,0.52,2026-09-18,0546,N,nominal,2.0NRT,300.16,6.92,D
-0.68089,110.48084,337.22,0.56,0.52,2026-09-18,0546,N,nominal,2.0NRT,291.03,11.54,D
-0.68168,110.47584,339.95,0.56,0.52,2026-09-18,0546,N,nominal,2.0NRT,290.87,8.38,D
-0.6889,110.42989,349.37,0.57,0.52,2026-09-18,0546,N,nominal,2.0NRT,288.25,9.56,D
0.40911,117.44454,341.79,0.38,0.36,2026-09-18,0546,N,nominal,2.0NRT,298.54,29.88,D
-1.63152,104.33694,339.15,0.76,0.77,2026-09-18,0546,N,nominal,2.0NRT,287.89,13.81,D
-0.66974,110.45868,341.08,0.56,0.52,2026-09-18,0546,N,nominal,2.0NRT,288.74,9.44,D
1.56862,125.02155,330.34,0.59,0.53,2026-09-18,0546,N,nominal,2.0NRT,298.24,4.47,D
0.43381,117.53945,338.02,0.38,0.36,2026-09-18,0546,N,nominal,2.0NRT,297.54,3.56,D
-0.46123,111.62222,330.83,0.47,0.47,2026-09-18,0546,N,nominal,2.0NRT,294.81,3.66,D
-0.46188,111.618,332.7,0.47,0.48,2026-09-18,0546,N,nominal,2.0NRT,295.72,3.66,D
-0.6088,110.66441,351.11,0.54,0.51,2026-09-18,0546,N,nominal,2.0NRT,296.34,32.04,D
-0.57367,110.8617,341.05,0.53,0.5,2026-09-18,0546,N,nominal,2.0NRT,295.56,4.85,D
-0.60411,110.66371,351.7,0.54,0.51,2026-09-18,0546,N,nominal,2.0NRT,293.78,37.51,D
-0.62387,110.50354,329.3,0.56,0.51,2026-09-18,0546,N,nominal,2.0NRT,292.61,3.95,D
-0.47552,111.44106,338.42,0.48,0.48,2026-09-18,0546,N,nominal,2.0NRT,294.39,5.18,D
-0.58952,110.69627,332.72,0.54,0.51,2026-09-18,0546,N,nominal,2.0NRT,294.49,4.5,D
-0.78593,109.41222,333.3,0.33,0.56,2026-09-18,0546,N,nominal,2.0NRT,290.73,2.73,D
-1.54932,104.3965,328.86,0.75,0.77,2026-09-18,0546,N,nominal,2.0NRT,288.05,8.64,D
1.61327,125.05346,330.59,0.59,0.53,2026-09-18,0546,N,nominal,2.0NRT,297.1,5.21,D
-0.46227,111.43864,340.1,0.48,0.48,2026-09-18,0546,N,nominal,2.0NRT,295.03,10.97,D
-0.46293,111.43431,347.49,0.48,0.48,2026-09-18,0546,N,nominal,2.0NRT,294.7,10.97,D
-0.56784,110.71294,338.4,0.54,0.51,2026-09-18,0546,N,nominal,2.0NRT,294.18,5.01,D
-0.56167,110.72214,340.41,0.54,0.51,2026-09-18,0546,N,nominal,2.0NRT,294.21,16.21,D
-0.55116,110.76012,332.45,0.54,0.5,2026-09-18,0546,N,nominal,2.0NRT,293.34,5.9,D
-0.55307,110.71578,344.19,0.54,0.51,2026-09-18,0546,N,nominal,2.0NRT,293.51,7.55,D
-0.5484,110.71507,347.88,0.54,0.51,2026-09-18,0546,N,nominal,2.0NRT,294.32,29.56,D
2.16404,128.33293,348.8,0.5,0.66,2026-09-18,0546,N,nominal,2.0NRT,296.77,11.24,D
2.1633,128.32816,345.44,0.5,0.66,2026-09-18,0546,N,nominal,2.0NRT,296.87,6.05,D
2.16265,128.32394,333.49,0.5,0.66,2026-09-18,0546,N,nominal,2.0NRT,296.54,6.05,D
-0.54939,110.75669,336.85,0.53,0.5,2026-09-18,0546,N,nominal,2.0NRT,293.26,6.99,D
-0.55087,110.71725,346.85,0.54,0.51,2026-09-18,0546,N,nominal,2.0NRT,295.17,28.84,D
-0.55163,110.71245,329.73,0.54,0.51,2026-09-18,0546,N,nominal,2.0NRT,293.41,6.89,D
1.11712,121.44781,344.98,0.51,0.41,2026-09-18,0546,N,nominal,2.0NRT,294.02,6.95,D
2.16368,128.33275,349.46,0.5,0.66,2026-09-18,0546,N,nominal,2.0NRT,296.54,12.21,D
2.16298,128.32802,345.51,0.5,0.66,2026-09-18,0546,N,nominal,2.0NRT,296.93,6.95,D
2.16235,128.32378,333.97,0.5,0.66,2026-09-18,0546,N,nominal,2.0NRT,296.38,6.95,D
-0.40356,111.35941,329.67,0.48,0.48,2026-09-18,0546,N,nominal,2.0NRT,295.16,3.28,D
-0.36531,111.46016,344.88,0.48,0.48,2026-09-18,0546,N,nominal,2.0NRT,296.45,8,D
-0.32893,111.58043,342.98,0.47,0.48,2026-09-18,0546,N,nominal,2.0NRT,292.91,10.68,D
-0.32453,111.57984,346.17,0.47,0.48,2026-09-18,0546,N,nominal,2.0NRT,292.61,10.68,D
-0.32401,111.5537,334.07,0.47,0.48,2026-09-18,0546,N,nominal,2.0NRT,293.37,4.08,D
-0.33309,111.46383,346.05,0.48,0.48,2026-09-18,0546,N,nominal,2.0NRT,295.19,6.16,D
-0.43432,110.79337,335.26,0.53,0.5,2026-09-18,0546,N,nominal,2.0NRT,292.27,10.32,D
1.76804,125.13531,367,0.6,0.53,2026-09-18,0546,N,high,2.0NRT,299.61,19.76,D
2.25336,128.26498,331.81,0.5,0.66,2026-09-18,0546,N,nominal,2.0NRT,295.34,4.4,D
-0.32867,111.46315,333.78,0.48,0.48,2026-09-18,0546,N,nominal,2.0NRT,294.8,5.11,D
-0.32917,111.46413,334.48,0.48,0.48,2026-09-18,0546,N,nominal,2.0NRT,293.61,8.04,D
-0.43615,110.79062,345.98,0.53,0.5,2026-09-18,0546,N,nominal,2.0NRT,292.64,9.42,D
1.76058,125.13935,337.52,0.6,0.53,2026-09-18,0546,N,nominal,2.0NRT,298.17,5.16,D
1.7647,125.13323,349.09,0.6,0.53,2026-09-18,0546,N,nominal,2.0NRT,297.92,10.97,D
1.77038,125.13763,342.53,0.6,0.53,2026-09-18,0546,N,nominal,2.0NRT,298.94,10.97,D
1.76961,125.13244,341.52,0.6,0.53,2026-09-18,0546,N,nominal,2.0NRT,296.45,10.97,D
-0.40869,110.72335,329.95,0.54,0.5,2026-09-18,0546,N,nominal,2.0NRT,292.97,4.38,D
0.72431,117.62421,337.72,0.38,0.36,2026-09-18,0546,N,nominal,2.0NRT,293.09,5.96,D
0.99908,118.95941,337.26,0.4,0.37,2026-09-18,0546,N,nominal,2.0NRT,296.19,3.08,D
1.00441,118.8812,332.38,0.4,0.37,2026-09-18,0546,N,nominal,2.0NRT,294.73,2.17,D
1.00778,118.88063,350.22,0.4,0.37,2026-09-18,0546,N,nominal,2.0NRT,298.52,23.91,D
1.05604,118.82621,337.69,0.4,0.37,2026-09-18,0546,N,nominal,2.0NRT,294.02,7.85,D
1.05549,118.8226,334.51,0.4,0.37,2026-09-18,0546,N,nominal,2.0NRT,299.55,7.85,D
-1.1732,104.24663,329.52,0.76,0.77,2026-09-18,0546,N,nominal,2.0NRT,287.03,10.87,D
-0.23323,110.12337,339.79,0.58,0.52,2026-09-18,0546,N,nominal,2.0NRT,291.09,8.5,D
2.59832,128.59966,338.83,0.53,0.67,2026-09-18,0546,N,nominal,2.0NRT,293.87,6.03,D
0.98791,117.93267,342.06,0.39,0.36,2026-09-18,0546,N,nominal,2.0NRT,298.32,8.43,D
-0.1919,109.82681,341.77,0.61,0.54,2026-09-18,0546,N,nominal,2.0NRT,293.03,15.32,D
0.0722,111.38937,344.57,0.47,0.48,2026-09-18,0546,N,nominal,2.0NRT,293.67,6.23,D
0.0137,110.76498,340.99,0.52,0.5,2026-09-18,0546,N,nominal,2.0NRT,292.95,6.19,D
0.12292,110.83649,329.81,0.52,0.5,2026-09-18,0546,N,nominal,2.0NRT,291.84,1.83,D
1.4565,118.32227,335.09,0.39,0.36,2026-09-18,0546,N,nominal,2.0NRT,293.77,2.11,D
0.20856,110.07594,339.85,0.58,0.52,2026-09-18,0546,N,nominal,2.0NRT,291.19,9.31,D
0.21231,110.0788,342.32,0.58,0.52,2026-09-18,0546,N,nominal,2.0NRT,290.68,7.27,D
1.51477,118.1981,330.12,0.39,0.36,2026-09-18,0546,N,nominal,2.0NRT,297.94,2.93,D
1.57331,118.04945,344.89,0.39,0.36,2026-09-18,0546,N,nominal,2.0NRT,296.56,4.37,D
1.59755,118.0743,330.52,0.39,0.36,2026-09-18,0546,N,nominal,2.0NRT,298.34,3.22,D
1.60216,117.97047,331.02,0.39,0.36,2026-09-18,0546,N,nominal,2.0NRT,294.5,3.51,D
2.78094,125.41066,367,0.33,0.55,2026-09-18,0546,N,high,2.0NRT,311.74,13.84,D
2.77868,125.41058,346.45,0.33,0.55,2026-09-18,0546,N,nominal,2.0NRT,310.14,6.61,D
2.78393,125.41097,352.53,0.33,0.55,2026-09-18,0546,N,nominal,2.0NRT,300.67,6.61,D
0.41727,109.01846,356.02,0.34,0.56,2026-09-18,0546,N,nominal,2.0NRT,288.71,7.69,D
0.41678,109.01534,356.67,0.34,0.56,2026-09-18,0546,N,low,2.0NRT,287.76,7.69,D
0.51916,109.56797,337.71,0.62,0.54,2026-09-18,0546,N,nominal,2.0NRT,290.41,8.2,D
0.52414,109.56727,340.76,0.62,0.54,2026-09-18,0546,N,nominal,2.0NRT,289.24,20.36,D
0.4746,108.97804,335.84,0.34,0.56,2026-09-18,0546,N,nominal,2.0NRT,287.59,2.72,D
1.85781,117.78813,347.45,0.39,0.36,2026-09-18,0546,N,nominal,2.0NRT,300.03,18.44,D
0.47511,108.97763,336.5,0.34,0.56,2026-09-18,0546,N,nominal,2.0NRT,287.97,2.88,D
1.89264,117.79351,335.99,0.39,0.36,2026-09-18,0546,N,nominal,2.0NRT,295.16,6.98,D
0.59427,109.23249,329.56,0.33,0.55,2026-09-18,0546,N,nominal,2.0NRT,290.19,2.45,D
0.63465,109.20322,367,0.33,0.55,2026-09-18,0546,N,high,2.0NRT,290.1,14.16,D
0.63418,109.2003,355.52,0.33,0.55,2026-09-18,0546,N,nominal,2.0NRT,290.47,9.84,D
0.69129,109.42902,333.04,0.63,0.54,2026-09-18,0546,N,nominal,2.0NRT,289.35,6.74,D
1.95266,117.38831,335.67,0.38,0.36,2026-09-18,0546,N,nominal,2.0NRT,293.53,5.91,D
2.17039,117.30809,336.41,0.38,0.36,2026-09-18,0546,N,nominal,2.0NRT,295.55,4.45,D
2.26996,117.848,338.51,0.39,0.36,2026-09-18,0546,N,nominal,2.0NRT,283.32,10.18,D
2.27329,117.84751,338.12,0.39,0.36,2026-09-18,0546,N,nominal,2.0NRT,280.24,10.18,D
2.31582,117.95474,333.17,0.39,0.36,2026-09-18,0546,N,nominal,2.0NRT,285.23,3.48,D
2.31916,117.95425,341.96,0.39,0.36,2026-09-18,0546,N,nominal,2.0NRT,288.62,11.98,D
2.32303,117.95723,333.81,0.39,0.36,2026-09-18,0546,N,nominal,2.0NRT,287.04,11.98,D
2.3225,117.95375,348.18,0.39,0.36,2026-09-18,0546,N,nominal,2.0NRT,291.1,11.98,D
2.31894,117.90793,330.89,0.39,0.36,2026-09-18,0546,N,nominal,2.0NRT,286.26,2.65,D
2.31841,117.90445,340.11,0.39,0.36,2026-09-18,0546,N,nominal,2.0NRT,285.53,2.65,D
2.32917,117.95274,344.64,0.39,0.36,2026-09-18,0546,N,nominal,2.0NRT,288.17,5.42,D
2.3228,117.91091,340.99,0.39,0.36,2026-09-18,0546,N,nominal,2.0NRT,287.11,7.46,D
2.32227,117.90744,330.24,0.39,0.36,2026-09-18,0546,N,nominal,2.0NRT,287.26,2.65,D
2.32174,117.90395,331.17,0.39,0.36,2026-09-18,0546,N,nominal,2.0NRT,284.43,2.65,D
2.33728,117.98365,332.23,0.39,0.36,2026-09-18,0546,N,nominal,2.0NRT,281.41,4.88,D
2.32826,117.92435,334.27,0.39,0.36,2026-09-18,0546,N,nominal,2.0NRT,289.41,3.97,D
2.32402,117.89647,340.33,0.39,0.36,2026-09-18,0546,N,nominal,2.0NRT,284.76,8.91,D
2.50975,117.56191,334.62,0.39,0.36,2026-09-18,0546,N,nominal,2.0NRT,292.29,20.65,D
2.52794,117.41431,339.74,0.38,0.36,2026-09-18,0546,N,nominal,2.0NRT,303.35,49.64,D
2.55572,117.55142,333.51,0.39,0.36,2026-09-18,0546,N,nominal,2.0NRT,288.88,3.43,D
2.56905,117.55224,342.73,0.39,0.36,2026-09-18,0546,N,nominal,2.0NRT,289.57,7.1,D
2.5923,117.54873,339.72,0.39,0.36,2026-09-18,0546,N,nominal,2.0NRT,290.76,5.11,D
2.61563,117.45679,352.38,0.38,0.36,2026-09-18,0546,N,nominal,2.0NRT,299.59,18.67,D
2.64009,117.59464,335.52,0.39,0.36,2026-09-18,0546,N,nominal,2.0NRT,291.12,27.73,D
2.61895,117.45629,333.55,0.38,0.36,2026-09-18,0546,N,nominal,2.0NRT,293.71,18.67,D
2.62808,117.49383,342.97,0.39,0.36,2026-09-18,0546,N,nominal,2.0NRT,289.85,5.63,D
2.65362,117.63864,341.85,0.39,0.36,2026-09-18,0546,N,nominal,2.0NRT,289.6,5.04,D
2.66918,117.62922,337.11,0.39,0.36,2026-09-18,0546,N,nominal,2.0NRT,290.36,8.81,D
2.66368,117.44229,336.61,0.38,0.36,2026-09-18,0546,N,nominal,2.0NRT,288.81,4.31,D
2.66016,117.39693,341.59,0.38,0.36,2026-09-18,0546,N,nominal,2.0NRT,292.2,13.68,D
2.664,117.39987,352.18,0.38,0.36,2026-09-18,0546,N,nominal,2.0NRT,295.54,13.68,D
2.66348,117.39642,350.44,0.38,0.36,2026-09-18,0546,N,nominal,2.0NRT,295.95,13.68,D
2.6668,117.39591,367,0.38,0.36,2026-09-18,0546,N,high,2.0NRT,294.58,16.64,D
2.66785,117.40282,330.74,0.38,0.36,2026-09-18,0546,N,nominal,2.0NRT,288.63,7.04,D
2.66732,117.39937,356.17,0.38,0.36,2026-09-18,0546,N,nominal,2.0NRT,298.5,16.64,D
2.67222,117.40922,331.74,0.38,0.36,2026-09-18,0546,N,nominal,2.0NRT,288.49,5.18,D
2.67169,117.40578,336.98,0.38,0.36,2026-09-18,0546,N,nominal,2.0NRT,290,7.04,D
2.67064,117.39886,336.58,0.38,0.36,2026-09-18,0546,N,nominal,2.0NRT,289.95,16.64,D
2.741,117.37057,341.29,0.38,0.36,2026-09-18,0546,N,nominal,2.0NRT,288.7,11.56,D
2.74482,117.26346,335.31,0.38,0.36,2026-09-18,0546,N,nominal,2.0NRT,285.47,1.92,D
2.76497,117.37331,341.6,0.38,0.36,2026-09-18,0546,N,nominal,2.0NRT,296.44,19.23,D
2.89532,117.27512,333.88,0.38,0.36,2026-09-18,0546,N,nominal,2.0NRT,293.64,28.73,D
2.91033,117.26226,345.05,0.38,0.36,2026-09-18,0548,N,nominal,2.0NRT,293.78,11.56,D
2.9236,117.26025,332.36,0.38,0.36,2026-09-18,0548,N,nominal,2.0NRT,293.72,3.6,D
3.87721,116.17886,332.08,0.39,0.36,2026-09-18,0548,N,nominal,2.0NRT,294.86,7.11,D
3.87668,116.1754,329.44,0.39,0.36,2026-09-18,0548,N,nominal,2.0NRT,293.59,3.95,D
6.29008,124.53509,341.1,0.32,0.55,2026-09-18,0548,N,nominal,2.0NRT,291.91,5.17,D
6.28877,124.53564,348.75,0.32,0.55,2026-09-18,0548,N,nominal,2.0NRT,292.64,3.65,D
7.83075,125.78667,353.53,0.41,0.61,2026-09-18,0548,N,nominal,2.0NRT,289.44,12.2,D
7.83127,125.79046,357.01,0.41,0.61,2026-09-18,0548,N,low,2.0NRT,289.86,12.2,D
7.82897,125.79002,367,0.41,0.61,2026-09-18,0548,N,high,2.0NRT,290.47,13.31,D
7.82849,125.78624,341.32,0.41,0.61,2026-09-18,0548,N,nominal,2.0NRT,289.42,13.31,D
7.83306,124.59705,336.6,0.34,0.56,2026-09-18,0548,N,nominal,2.0NRT,292.1,4.01,D
10.209,108.34953,341.39,0.52,0.5,2026-09-18,0550,N,nominal,2.0NRT,290.78,5.03,D
10.35927,104.87605,335.68,0.44,0.63,2026-09-18,0550,N,nominal,2.0NRT,286.56,5.8,D
10.32488,104.69405,341.71,0.46,0.63,2026-09-18,0550,N,nominal,2.0NRT,286.24,7.01,D
10.3307,104.69295,346.61,0.46,0.63,2026-09-18,0550,N,nominal,2.0NRT,285.39,7.01,D
10.35983,104.75277,328,0.45,0.63,2026-09-18,0550,N,nominal,2.0NRT,286.53,2.76,D
10.44624,104.70175,331.94,0.45,0.63,2026-09-18,0550,N,nominal,2.0NRT,285.37,3.55,D
10.44503,104.70193,331.66,0.45,0.63,2026-09-18,0550,N,nominal,2.0NRT,284.99,5.89,D
12.90379,108.76782,334.6,0.44,0.46,2026-09-18,0550,N,nominal,2.0NRT,292.53,9.09,D
12.90299,108.76333,340.15,0.44,0.46,2026-09-18,0550,N,nominal,2.0NRT,293.64,7.21,D
13.05143,108.47997,343.8,0.46,0.47,2026-09-18,0550,N,nominal,2.0NRT,296.22,7.62,D
13.21969,109.23505,342.54,0.41,0.45,2026-09-18,0550,N,nominal,2.0NRT,293.78,12.88,D
13.4279,109.18672,334.56,0.41,0.45,2026-09-18,0550,N,nominal,2.0NRT,291.06,3.08,D
13.41988,109.14069,344.66,0.41,0.45,2026-09-18,0550,N,nominal,2.0NRT,294.27,23.77,D
13.4743,109.19612,340.49,0.41,0.45,2026-09-18,0550,N,nominal,2.0NRT,293.18,4.41,D
13.50174,109.20792,334.92,0.41,0.45,2026-09-18,0550,N,nominal,2.0NRT,293.33,6.28,D
13.50112,109.20439,338.85,0.41,0.45,2026-09-18,0550,N,nominal,2.0NRT,294.35,6.28,D
13.5135,109.25062,339.54,0.4,0.45,2026-09-18,0550,N,nominal,2.0NRT,293.39,4.44,D
13.50584,109.20724,355.52,0.41,0.45,2026-09-18,0550,N,nominal,2.0NRT,296.5,6.28,D
13.50523,109.20379,330.76,0.41,0.45,2026-09-18,0550,N,nominal,2.0NRT,295.58,6.28,D
13.51324,109.17733,354.47,0.41,0.45,2026-09-18,0550,N,nominal,2.0NRT,296.19,38.73,D
13.51259,109.17365,341.51,0.41,0.45,2026-09-18,0550,N,nominal,2.0NRT,293.53,9.19,D
13.52666,109.22974,338.63,0.4,0.45,2026-09-18,0550,N,nominal,2.0NRT,293.27,2.95,D
13.51888,109.16132,340.38,0.41,0.45,2026-09-18,0550,N,nominal,2.0NRT,292.22,12.82,D
13.52707,109.15975,337.59,0.41,0.45,2026-09-18,0550,N,nominal,2.0NRT,291.7,4.64,D
13.53118,109.15906,333.13,0.41,0.45,2026-09-18,0550,N,nominal,2.0NRT,290.18,4.64,D
13.56334,109.18051,353.81,0.41,0.45,2026-09-18,0550,N,nominal,2.0NRT,292.52,7.47,D
13.56544,109.16864,334.67,0.41,0.45,2026-09-18,0550,N,nominal,2.0NRT,291.94,6.49,D
13.58287,109.02851,334.18,0.42,0.45,2026-09-18,0550,N,nominal,2.0NRT,287.16,3.4,D
13.64652,109.17342,332.24,0.41,0.45,2026-09-18,0550,N,nominal,2.0NRT,292.59,2.89,D
13.65058,109.17253,340.21,0.41,0.45,2026-09-18,0550,N,nominal,2.0NRT,292.75,2.89,D
13.65467,109.1718,337.03,0.41,0.45,2026-09-18,0550,N,nominal,2.0NRT,293.8,3.65,D
13.63628,109.04156,349.02,0.41,0.45,2026-09-18,0550,N,nominal,2.0NRT,291.23,8.71,D
13.64037,109.04057,332.97,0.41,0.45,2026-09-18,0550,N,nominal,2.0NRT,288.69,5.1,D
13.6573,109.11385,351.55,0.41,0.45,2026-09-18,0550,N,nominal,2.0NRT,293.95,24.82,D
13.65656,109.10957,337.21,0.41,0.45,2026-09-18,0550,N,nominal,2.0NRT,290.86,9.01,D
13.63788,109.04105,352.91,0.41,0.45,2026-09-18,0550,N,nominal,2.0NRT,290.87,10.47,D
13.65542,109.11443,355.73,0.41,0.45,2026-09-18,0550,N,nominal,2.0NRT,294.59,22.44,D
13.65714,109.05343,343.64,0.41,0.45,2026-09-18,0550,N,nominal,2.0NRT,292.22,4.26,D
13.66122,109.05246,340.32,0.41,0.45,2026-09-18,0550,N,nominal,2.0NRT,291.66,4.26,D
13.67757,109.11994,332.41,0.41,0.45,2026-09-18,0550,N,nominal,2.0NRT,294.09,4.91,D
13.85356,108.98615,341.41,0.41,0.45,2026-09-18,0550,N,nominal,2.0NRT,293.58,2.27,D
13.85766,108.98531,328.1,0.41,0.45,2026-09-18,0550,N,nominal,2.0NRT,293.53,2.27,D
13.85426,108.9192,352.38,0.42,0.45,2026-09-18,0550,N,nominal,2.0NRT,296.51,35.31,D
13.85837,108.91828,341.2,0.42,0.45,2026-09-18,0550,N,nominal,2.0NRT,292.69,6.29,D
13.87158,108.94423,346.6,0.42,0.45,2026-09-18,0550,N,nominal,2.0NRT,292.99,9.73,D
14.00552,108.9657,327.86,0.41,0.45,2026-09-18,0550,N,nominal,2.0NRT,294.07,5.44,D
14.00485,108.96193,340.82,0.41,0.45,2026-09-18,0550,N,nominal,2.0NRT,294.46,5.44,D
14.02069,108.95528,349.46,0.41,0.45,2026-09-18,0550,N,nominal,2.0NRT,296.04,21.89,D
14.02001,108.95143,337.19,0.41,0.45,2026-09-18,0550,N,nominal,2.0NRT,294.86,21.89,D
14.02208,108.93909,341.5,0.41,0.45,2026-09-18,0550,N,nominal,2.0NRT,294.4,3.34,D
14.23542,108.89516,353.43,0.41,0.45,2026-09-18,0550,N,nominal,2.0NRT,293.74,29.04,D
14.2466,108.86196,327.33,0.42,0.45,2026-09-18,0550,N,nominal,2.0NRT,292.74,3.67,D
14.25069,108.86095,346.06,0.42,0.45,2026-09-18,0550,N,nominal,2.0NRT,293.86,7.34,D
14.27363,108.88471,327.15,0.41,0.45,2026-09-18,0550,N,nominal,2.0NRT,292.04,2.97,D
14.2716,108.82645,343.26,0.42,0.45,2026-09-18,0550,N,nominal,2.0NRT,291.64,7.63,D
14.34117,109.00129,330.62,0.41,0.45,2026-09-18,0550,N,nominal,2.0NRT,292.3,2.72,D
14.37358,109.04166,328.7,0.4,0.44,2026-09-18,0550,N,nominal,2.0NRT,291.99,4.07,D
14.3776,109.04063,346.03,0.4,0.44,2026-09-18,0550,N,nominal,2.0NRT,292.7,4.07,D
14.43852,109.10213,340.4,0.4,0.44,2026-09-18,0550,N,nominal,2.0NRT,292.89,7.03,D
14.43781,109.09816,327.03,0.4,0.44,2026-09-18,0550,N,nominal,2.0NRT,293.09,7.03,D
14.45202,108.94183,331.39,0.41,0.45,2026-09-18,0550,N,nominal,2.0NRT,291.79,3.27,D
14.45612,108.94112,354.74,0.41,0.45,2026-09-18,0550,N,nominal,2.0NRT,294.74,12.1,D
14.46025,108.94054,327.29,0.41,0.45,2026-09-18,0550,N,nominal,2.0NRT,291.96,12.1,D
14.59923,108.94827,340.04,0.41,0.45,2026-09-18,0550,N,nominal,2.0NRT,292.9,4.33,D
14.59846,108.94825,339.84,0.4,0.45,2026-09-18,0550,N,nominal,2.0NRT,292.53,4.54,D
14.63766,109.0489,327.54,0.4,0.44,2026-09-18,0550,N,nominal,2.0NRT,293.45,9.28,D
14.63701,109.04527,350.47,0.4,0.44,2026-09-18,0550,N,nominal,2.0NRT,294.59,9.28,D
14.60804,108.8848,341.85,0.41,0.45,2026-09-18,0550,N,nominal,2.0NRT,292.65,22.19,D
14.67175,109.02884,347.88,0.4,0.44,2026-09-18,0550,N,nominal,2.0NRT,296.89,53.32,D
14.68759,109.04739,351.16,0.4,0.44,2026-09-18,0550,N,nominal,2.0NRT,291.79,7.04,D
14.68122,109.01135,338.38,0.4,0.44,2026-09-18,0550,N,nominal,2.0NRT,289.43,4.28,D
14.7138,108.70611,339.91,0.42,0.45,2026-09-18,0550,N,nominal,2.0NRT,285.5,7.12,D
14.72391,108.73863,343.73,0.42,0.45,2026-09-18,0550,N,nominal,2.0NRT,285.72,5.94,D
14.72801,108.73771,355.54,0.42,0.45,2026-09-18,0550,N,nominal,2.0NRT,283.38,9.76,D
14.73138,108.73271,328.03,0.42,0.45,2026-09-18,0550,N,nominal,2.0NRT,288.25,9.76,D
14.82766,108.73461,328.01,0.41,0.45,2026-09-18,0550,N,nominal,2.0NRT,288.98,10.96,D
14.83247,108.73768,339.71,0.41,0.45,2026-09-18,0550,N,nominal,2.0NRT,289.93,9.3,D
14.83869,108.72484,342.21,0.41,0.45,2026-09-18,0550,N,nominal,2.0NRT,289.4,6.45,D
16.34778,107.47927,339.78,0.47,0.48,2026-09-18,0553,N,nominal,2.0NRT,281.45,8.32,D
16.3521,107.47828,339.66,0.47,0.48,2026-09-18,0553,N,nominal,2.0NRT,286.17,11.24,D
15.14029,100.72867,325.07,0.67,0.74,2026-09-18,0553,N,nominal,2.0NRT,280.05,8.41,D
15.14154,100.72626,327.17,0.67,0.74,2026-09-18,0553,N,nominal,2.0NRT,280.06,5.88,D
21.1821,110.15649,331.14,0.43,0.38,2026-09-18,0553,N,low,2.0NRT,296.18,5.16,D
21.56702,109.5724,331.34,0.45,0.39,2026-09-18,0553,N,low,2.0NRT,302.62,8.61,D
21.99437,112.11275,330.82,0.39,0.36,2026-09-18,0553,N,nominal,2.0NRT,298.85,3.01,D
22.26885,113.35802,342.93,0.39,0.36,2026-09-18,0553,N,nominal,2.0NRT,304.98,4.24,D
21.62356,108.99751,333.07,0.48,0.4,2026-09-18,0553,N,nominal,2.0NRT,296.64,1.44,D
21.628,109.00135,332.17,0.48,0.4,2026-09-18,0553,N,nominal,2.0NRT,296.83,4.06,D
22.41984,113.92881,331.12,0.4,0.37,2026-09-18,0553,N,low,2.0NRT,305.4,3.51,D
21.5438,108.39622,329.49,0.51,0.41,2026-09-18,0553,N,low,2.0NRT,300.84,3.57,D
21.54757,108.39545,329.79,0.51,0.41,2026-09-18,0553,N,low,2.0NRT,300.17,3.57,D
21.56378,108.44286,334.14,0.51,0.41,2026-09-18,0553,N,nominal,2.0NRT,301.53,8.73,D
21.58136,108.4544,330.86,0.51,0.41,2026-09-18,0553,N,nominal,2.0NRT,300,2,D
21.58141,108.45628,330.27,0.51,0.41,2026-09-18,0553,N,nominal,2.0NRT,299.84,2.68,D
22.05186,110.54057,346.6,0.41,0.37,2026-09-18,0553,N,nominal,2.0NRT,296.37,5.6,D
22.05119,110.5366,331.87,0.41,0.37,2026-09-18,0553,N,nominal,2.0NRT,294.1,5.6,D
22.05527,110.53993,340.99,0.41,0.37,2026-09-18,0553,N,nominal,2.0NRT,296.42,5.6,D
22.0758,110.51558,330.18,0.41,0.37,2026-09-18,0553,N,nominal,2.0NRT,299.54,5.94,D
22.67641,114.35939,331.13,0.41,0.37,2026-09-18,0553,N,low,2.0NRT,306.1,3.98,D
21.84007,108.7235,333.34,0.49,0.4,2026-09-18,0553,N,nominal,2.0NRT,300.9,6.11,D
22.40693,112.02213,332.77,0.39,0.36,2026-09-18,0553,N,nominal,2.0NRT,298.59,4.79,D
22.70273,112.31303,332.52,0.38,0.36,2026-09-18,0553,N,low,2.0NRT,302.78,6.43,D
22.87303,113.425,334.38,0.39,0.36,2026-09-18,0553,N,nominal,2.0NRT,300.32,3.33,D
22.87718,112.81382,348.88,0.39,0.36,2026-09-18,0553,N,nominal,2.0NRT,303.93,5.91,D
22.49017,110.01346,332.99,0.42,0.38,2026-09-18,0553,N,nominal,2.0NRT,298.66,3.3,D
22.56327,110.18428,332.46,0.42,0.38,2026-09-18,0553,N,low,2.0NRT,305.27,8.5,D
22.58931,110.19176,330.66,0.42,0.38,2026-09-18,0553,N,low,2.0NRT,304.16,5.97,D
23.11237,112.75742,340.97,0.39,0.36,2026-09-18,0553,N,nominal,2.0NRT,298.38,5.04,D
23.24122,111.57297,330.88,0.39,0.36,2026-09-18,0553,N,low,2.0NRT,303.57,5.04,D
23.24513,111.57611,333.45,0.39,0.36,2026-09-18,0553,N,low,2.0NRT,304.28,4.03,D
22.8197,108.21012,332.11,0.5,0.41,2026-09-18,0553,N,nominal,2.0NRT,299.65,6.9,D
22.84855,108.32897,330.28,0.49,0.41,2026-09-18,0553,N,low,2.0NRT,300.85,2.58,D
23.37585,111.16291,335.46,0.39,0.36,2026-09-18,0553,N,nominal,2.0NRT,303.8,8.08,D
23.37464,111.15538,333.64,0.39,0.36,2026-09-18,0553,N,nominal,2.0NRT,302.11,5.66,D
23.11096,109.549,330.11,0.43,0.38,2026-09-18,0553,N,nominal,2.0NRT,298.89,5.87,D
23.51905,111.98531,342.72,0.38,0.36,2026-09-18,0553,N,nominal,2.0NRT,300.41,11.97,D
23.51847,111.98158,351.54,0.38,0.36,2026-09-18,0553,N,nominal,2.0NRT,309.49,15.22,D
23.5179,111.97784,335.54,0.38,0.36,2026-09-18,0553,N,nominal,2.0NRT,292.84,15.22,D
23.52235,111.98471,340.22,0.38,0.36,2026-09-18,0553,N,nominal,2.0NRT,297.25,11.97,D
23.52177,111.98098,332.82,0.38,0.36,2026-09-18,0553,N,nominal,2.0NRT,294.89,15.22,D
23.58759,111.94578,344.26,0.38,0.36,2026-09-18,0553,N,nominal,2.0NRT,300.41,19.12,D
23.59089,111.94515,336.71,0.38,0.36,2026-09-18,0553,N,nominal,2.0NRT,302.05,19.12,D
22.92711,107.64347,345.74,0.53,0.42,2026-09-18,0553,N,nominal,2.0NRT,295.35,10.84,D
23.73827,112.46507,334.25,0.38,0.36,2026-09-18,0553,N,nominal,2.0NRT,298.72,6.9,D
23.7377,112.46131,334.57,0.38,0.36,2026-09-18,0553,N,nominal,2.0NRT,299.41,6.9,D
23.25797,109.16304,331.14,0.45,0.39,2026-09-18,0553,N,nominal,2.0NRT,300.71,9.04,D
23.21331,108.8246,330.31,0.46,0.39,2026-09-18,0553,N,low,2.0NRT,301.15,1.84,D
23.2169,108.82386,330.76,0.46,0.39,2026-09-18,0553,N,low,2.0NRT,301.07,1.84,D
23.79699,110.78355,331.77,0.4,0.37,2026-09-18,0555,N,nominal,2.0NRT,296.53,2.43,D
24.17518,112.76361,330.97,0.39,0.36,2026-09-18,0555,N,low,2.0NRT,303.07,4.18,D
24.27844,113.42377,334.89,0.4,0.37,2026-09-18,0555,N,nominal,2.0NRT,303.13,3.23,D
23.63733,107.83031,327.84,0.51,0.41,2026-09-18,0555,N,nominal,2.0NRT,293.97,1.67,D
24.27285,109.47163,336.11,0.43,0.38,2026-09-18,0555,N,nominal,2.0NRT,304.02,4.06,D
24.27213,109.46747,332.17,0.43,0.38,2026-09-18,0555,N,low,2.0NRT,305.65,4.06,D
24.27559,109.46677,332.58,0.43,0.38,2026-09-18,0555,N,low,2.0NRT,305.06,8.28,D
24.25687,109.3581,334.98,0.43,0.38,2026-09-18,0555,N,nominal,2.0NRT,300.44,4.75,D
24.25324,109.3371,330.88,0.43,0.38,2026-09-18,0555,N,low,2.0NRT,301.51,4.09,D
24.26598,109.36929,334.26,0.43,0.38,2026-09-18,0555,N,nominal,2.0NRT,299.99,3.32,D
24.92397,113.5493,333.16,0.4,0.37,2026-09-18,0555,N,low,2.0NRT,306.17,6.74,D
24.28739,109.47301,332.19,0.43,0.38,2026-09-18,0555,N,low,2.0NRT,303.58,6.25,D
24.267,109.31261,330.43,0.43,0.38,2026-09-18,0555,N,low,2.0NRT,301.91,5.35,D
24.59354,111.27048,330.33,0.39,0.36,2026-09-18,0555,N,nominal,2.0NRT,299.53,0.98,D
24.35739,109.54901,332.7,0.42,0.38,2026-09-18,0555,N,low,2.0NRT,304.38,7.06,D
24.35811,109.39872,332.19,0.43,0.38,2026-09-18,0555,N,low,2.0NRT,302.48,5.02,D
24.38076,109.36378,329.24,0.43,0.38,2026-09-18,0555,N,low,2.0NRT,302.01,3.88,D
24.48314,109.77821,333.17,0.41,0.37,2026-09-18,0555,N,low,2.0NRT,303.76,3.83,D
24.48245,109.77415,330.59,0.41,0.37,2026-09-18,0555,N,low,2.0NRT,304.12,3.83,D
24.87085,111.35156,331.66,0.39,0.36,2026-09-18,0555,N,nominal,2.0NRT,302.7,3.32,D
24.47272,108.66443,330.57,0.45,0.39,2026-09-18,0555,N,nominal,2.0NRT,296.16,2.54,D
26.02161,117.37594,329.84,0.41,0.45,2026-09-18,0555,N,nominal,2.0NRT,298.13,2.8,D
24.84555,109.1124,331.59,0.43,0.38,2026-09-18,0555,N,nominal,2.0NRT,298.55,4.79,D
25.21982,110.16359,331.83,0.4,0.37,2026-09-18,0555,N,nominal,2.0NRT,300.25,5.35,D
25.09704,109.33985,332.62,0.42,0.38,2026-09-18,0555,N,nominal,2.0NRT,302.14,4.5,D
25.29004,110.20282,330.56,0.4,0.37,2026-09-18,0555,N,low,2.0NRT,302.29,4.03,D
25.33768,110.28259,331.29,0.4,0.37,2026-09-18,0555,N,low,2.0NRT,302.09,3.97,D
26.73292,119.63833,332.62,0.57,0.52,2026-09-18,0555,N,nominal,2.0NRT,299.95,7.41,D
25.41224,104.62153,325.9,0.48,0.48,2026-09-18,0553,N,nominal,2.0NRT,294.74,3.3,D
26.08636,107.34361,327.32,0.5,0.41,2026-09-18,0553,N,nominal,2.0NRT,290.42,5.04,D
27.87099,120.04514,339.48,0.62,0.54,2026-09-18,0553,N,nominal,2.0NRT,293.27,6.89,D
-4.7375,105.73682,340.27,0.6,0.71,2026-09-18,0726,N,nominal,2.0NRT,290.11,5,D
28.05571,119.45499,328.77,0.57,0.52,2026-09-18,0553,N,nominal,2.0NRT,291.21,3.88,D
-4.647,105.76186,332.81,0.61,0.71,2026-09-18,0726,N,nominal,2.0NRT,290.17,5.98,D
28.63011,117.37927,330.35,0.44,0.46,2026-09-18,0553,N,nominal,2.0NRT,295.22,4.39,D
-4.41257,104.44839,335.93,0.5,0.66,2026-09-18,0726,N,nominal,2.0NRT,288.45,3.71,D
-3.93605,105.86253,332.46,0.63,0.72,2026-09-18,0726,N,nominal,2.0NRT,289.5,4.02,D
-3.77932,105.7401,342.07,0.62,0.72,2026-09-18,0726,N,nominal,2.0NRT,289.89,10.7,D
-3.58331,105.52682,346.32,0.61,0.71,2026-09-18,0726,N,nominal,2.0NRT,290.72,14.5,D
-3.57865,105.52151,341.92,0.61,0.71,2026-09-18,0726,N,nominal,2.0NRT,290.38,9.91,D
-3.53078,105.48476,331.05,0.61,0.71,2026-09-18,0726,N,nominal,2.0NRT,290.17,4.66,D
-3.62937,104.87317,347.18,0.55,0.68,2026-09-18,0726,N,nominal,2.0NRT,288.69,10.49,D
-3.47192,105.55038,331.3,0.61,0.71,2026-09-18,0726,N,nominal,2.0NRT,289.96,9.72,D
-3.47291,105.54471,354.81,0.61,0.71,2026-09-18,0726,N,nominal,2.0NRT,289.86,9.72,D
-3.4756,105.54758,367,0.61,0.71,2026-09-18,0726,N,high,2.0NRT,291.55,21.1,D
-3.37817,105.29694,337.48,0.59,0.7,2026-09-18,0726,N,nominal,2.0NRT,290.33,11.55,D
-3.29747,105.18375,349.35,0.58,0.7,2026-09-18,0726,N,nominal,2.0NRT,289.76,10.23,D
-3.29801,105.18559,341.13,0.58,0.7,2026-09-18,0726,N,nominal,2.0NRT,289.44,9.24,D
-3.2822,105.16099,334.49,0.58,0.7,2026-09-18,0726,N,nominal,2.0NRT,290.02,5.8,D
-3.21534,104.73359,340.91,0.55,0.68,2026-09-18,0726,N,nominal,2.0NRT,291.53,6.83,D
-3.1717,104.83585,332,0.56,0.68,2026-09-18,0726,N,nominal,2.0NRT,290.47,7.48,D
-3.16357,104.84505,332.54,0.56,0.69,2026-09-18,0726,N,nominal,2.0NRT,288.29,8.16,D
-3.16446,104.83992,331.98,0.56,0.68,2026-09-18,0726,N,nominal,2.0NRT,290.2,7.48,D
-3.1692,104.84179,329.86,0.56,0.69,2026-09-18,0726,N,nominal,2.0NRT,290.09,7.59,D
-3.17005,104.83669,339.52,0.56,0.69,2026-09-18,0726,N,nominal,2.0NRT,290.99,7.59,D
-2.86766,106.18323,346.39,0.69,0.74,2026-09-18,0726,N,nominal,2.0NRT,288.7,12.16,D
-2.81403,106.08353,346.31,0.68,0.74,2026-09-18,0726,N,nominal,2.0NRT,288.88,16.9,D
-2.76069,106.61482,344.66,0.74,0.76,2026-09-18,0726,N,nominal,2.0NRT,289.3,7.72,D
-2.7536,106.61359,333.53,0.74,0.76,2026-09-18,0726,N,nominal,2.0NRT,288.67,6.24,D
-2.8134,106.08842,344.45,0.68,0.74,2026-09-18,0726,N,nominal,2.0NRT,288.43,15.24,D
-3.25512,103.10625,352.01,0.42,0.61,2026-09-18,0726,N,nominal,2.0NRT,290.09,8.15,D
-2.90709,105.09898,332.33,0.58,0.7,2026-09-18,0726,N,nominal,2.0NRT,287.29,11.05,D
-2.90802,105.0936,333.74,0.58,0.7,2026-09-18,0726,N,nominal,2.0NRT,287.06,6.5,D
-2.9086,105.09444,332.72,0.58,0.7,2026-09-18,0726,N,nominal,2.0NRT,287.27,6.29,D
-3.02836,104.03078,331.5,0.49,0.65,2026-09-18,0726,N,nominal,2.0NRT,290.36,24.93,D
-3.02383,104.02073,330.05,0.49,0.65,2026-09-18,0726,N,nominal,2.0NRT,289.72,12.35,D
-3.0223,104.02979,358.25,0.49,0.65,2026-09-18,0726,N,low,2.0NRT,292.47,24.93,D
-3.02307,104.02525,358.24,0.49,0.65,2026-09-18,0726,N,low,2.0NRT,295.61,24.93,D
-3.01701,104.02426,352.66,0.49,0.65,2026-09-18,0726,N,nominal,2.0NRT,290.32,35.5,D
-3.01624,104.02881,357.29,0.49,0.65,2026-09-18,0726,N,low,2.0NRT,290.75,35.5,D
-2.65228,106.12349,331.66,0.69,0.74,2026-09-18,0726,N,nominal,2.0NRT,287.41,5.11,D
-2.65262,106.12358,339.29,0.69,0.74,2026-09-18,0726,N,nominal,2.0NRT,288.04,7.87,D
-2.80241,103.32159,338.81,0.45,0.63,2026-09-18,0726,N,nominal,2.0NRT,289.91,5.36,D
-2.43778,103.33537,331.3,0.45,0.63,2026-09-18,0726,N,nominal,2.0NRT,287.8,3.98,D
-2.43872,103.33509,330.55,0.45,0.63,2026-09-18,0726,N,nominal,2.0NRT,288.21,4.06,D
-2.34889,103.44089,345.93,0.46,0.64,2026-09-18,0726,N,nominal,2.0NRT,289.17,5.49,D
-2.343,103.43993,338.06,0.46,0.64,2026-09-18,0726,N,nominal,2.0NRT,289.29,3.39,D
-2.34569,103.44021,367,0.46,0.64,2026-09-18,0726,N,high,2.0NRT,290.77,8.06,D
-2.26079,103.51417,367,0.47,0.64,2026-09-18,0726,N,high,2.0NRT,292.46,25.3,D
-1.87321,105.76125,331.73,0.67,0.74,2026-09-18,0726,N,nominal,2.0NRT,289.3,5.13,D
-2.24748,103.52097,351.07,0.47,0.64,2026-09-18,0726,N,nominal,2.0NRT,290.88,6.81,D
-2.24153,103.5201,344.78,0.47,0.64,2026-09-18,0726,N,nominal,2.0NRT,290.62,6.81,D
-2.22599,103.54007,331.13,0.47,0.64,2026-09-18,0726,N,nominal,2.0NRT,290.46,4.7,D
-2.22004,103.53916,330.17,0.47,0.64,2026-09-18,0726,N,nominal,2.0NRT,289.82,3.21,D
-2.22297,103.5405,342.41,0.47,0.64,2026-09-18,0726,N,nominal,2.0NRT,290.62,7.16,D
-2.14015,103.93997,330.92,0.5,0.66,2026-09-18,0726,N,nominal,2.0NRT,289.29,5.49,D
-2.21873,103.04981,330.29,0.44,0.62,2026-09-18,0726,N,nominal,2.0NRT,289.74,3.97,D
-2.16472,102.76675,340.44,0.42,0.61,2026-09-18,0726,N,nominal,2.0NRT,288.62,8.14,D
-1.65342,105.38124,335.88,0.64,0.72,2026-09-18,0726,N,nominal,2.0NRT,287.83,5.89,D
-1.79096,104.30682,329.95,0.54,0.68,2026-09-18,0726,N,nominal,2.0NRT,289.03,7.32,D
-1.7951,104.28191,328.89,0.54,0.68,2026-09-18,0726,N,nominal,2.0NRT,286.82,5.67,D
-1.84539,103.97901,340.51,0.51,0.66,2026-09-18,0726,N,nominal,2.0NRT,288.15,39.2,D
-1.84694,103.96964,353.96,0.51,0.66,2026-09-18,0726,N,nominal,2.0NRT,292.29,67.59,D
-1.84926,103.95566,342.65,0.51,0.66,2026-09-18,0726,N,nominal,2.0NRT,290.92,18.54,D
-1.85004,103.951,345.46,0.51,0.66,2026-09-18,0726,N,nominal,2.0NRT,291.09,9.16,D
-1.85081,103.94634,343.63,0.51,0.66,2026-09-18,0726,N,nominal,2.0NRT,290.31,9.16,D
-1.84617,103.97433,357.31,0.51,0.66,2026-09-18,0726,N,low,2.0NRT,291.52,39.2,D
-1.84772,103.96498,357.31,0.51,0.66,2026-09-18,0726,N,low,2.0NRT,293.26,67.59,D
-1.84849,103.96031,357.34,0.51,0.66,2026-09-18,0726,N,low,2.0NRT,292.09,18.54,D
-1.84079,103.9687,329.3,0.51,0.66,2026-09-18,0726,N,nominal,2.0NRT,288.97,14.01,D
-1.84234,103.95937,334.73,0.51,0.66,2026-09-18,0726,N,nominal,2.0NRT,290.38,8.78,D
-1.84312,103.95472,330.83,0.51,0.66,2026-09-18,0726,N,nominal,2.0NRT,290.27,8.78,D
-1.84389,103.95006,345.18,0.51,0.66,2026-09-18,0726,N,nominal,2.0NRT,290.86,10.17,D
-1.84544,103.94075,337.25,0.51,0.66,2026-09-18,0726,N,nominal,2.0NRT,289.57,11.4,D
-1.84467,103.9454,357.5,0.51,0.66,2026-09-18,0726,N,low,2.0NRT,291.65,10.17,D
-1.83775,103.94912,328.92,0.51,0.66,2026-09-18,0726,N,nominal,2.0NRT,290.08,10.17,D
-1.83852,103.94447,333.58,0.51,0.66,2026-09-18,0726,N,nominal,2.0NRT,289.85,10.17,D
-1.82702,103.9379,336.62,0.51,0.66,2026-09-18,0726,N,nominal,2.0NRT,290.39,12.66,D
-1.8278,103.93325,346.57,0.51,0.66,2026-09-18,0726,N,nominal,2.0NRT,290.99,12.66,D
-1.82858,103.92859,352.16,0.51,0.66,2026-09-18,0726,N,nominal,2.0NRT,291.51,15.14,D
-1.82244,103.92767,357.06,0.51,0.66,2026-09-18,0726,N,low,2.0NRT,290.11,12.84,D
-1.83874,103.94897,329.8,0.51,0.66,2026-09-18,0726,N,nominal,2.0NRT,290.07,8.52,D
-1.83948,103.94431,338.5,0.51,0.66,2026-09-18,0726,N,nominal,2.0NRT,289.83,8.52,D
-1.82794,103.93771,335.9,0.51,0.66,2026-09-18,0726,N,nominal,2.0NRT,290.57,16.29,D
-1.82869,103.93305,349.48,0.51,0.66,2026-09-18,0726,N,nominal,2.0NRT,291.45,16.29,D
-1.82944,103.92838,353.85,0.51,0.66,2026-09-18,0726,N,nominal,2.0NRT,292.13,14.3,D
-1.8233,103.92744,357.96,0.51,0.66,2026-09-18,0726,N,low,2.0NRT,289.66,14.3,D
-1.66833,104.32874,340.7,0.54,0.68,2026-09-18,0726,N,nominal,2.0NRT,288.54,5.74,D
-1.8407,103.18333,329.59,0.45,0.63,2026-09-18,0726,N,nominal,2.0NRT,287.42,2.25,D
-1.63426,104.3389,332.08,0.54,0.68,2026-09-18,0726,N,nominal,2.0NRT,287.19,5.42,D
-1.62794,104.33795,331.58,0.54,0.68,2026-09-18,0726,N,nominal,2.0NRT,288.27,5.42,D
-1.67126,104.33098,328.84,0.54,0.68,2026-09-18,0726,N,nominal,2.0NRT,288.9,5.38,D
-1.66496,104.32998,338.77,0.54,0.68,2026-09-18,0726,N,nominal,2.0NRT,287.74,5.38,D
-1.63098,104.3401,339.59,0.55,0.68,2026-09-18,0726,N,nominal,2.0NRT,287.85,7.53,D
-1.63179,104.33507,334.01,0.55,0.68,2026-09-18,0726,N,nominal,2.0NRT,288.7,10.28,D
-1.62466,104.33911,334.98,0.55,0.68,2026-09-18,0726,N,nominal,2.0NRT,287.54,7.53,D
-1.54344,104.39879,330.46,0.55,0.68,2026-09-18,0726,N,nominal,2.0NRT,289.24,5.42,D
-1.54804,104.3975,330.68,0.55,0.68,2026-09-18,0726,N,nominal,2.0NRT,290.04,7.78,D
-1.76056,102.72966,340.64,0.42,0.61,2026-09-18,0726,N,nominal,2.0NRT,289.15,4.8,D
-1.76118,102.72585,337.62,0.42,0.61,2026-09-18,0726,N,nominal,2.0NRT,288.31,4.8,D
-1.1811,104.25129,332.43,0.55,0.68,2026-09-18,0726,N,nominal,2.0NRT,286.73,7.63,D
-1.17394,104.25541,343.41,0.55,0.68,2026-09-18,0726,N,nominal,2.0NRT,284.45,15.74,D
-1.17476,104.2504,333.16,0.55,0.68,2026-09-18,0726,N,nominal,2.0NRT,285.94,7.63,D
24.40252,96.57825,326.97,0.37,0.58,2026-09-18,0733,N,nominal,2.0NRT,289.93,2.21,D
-3.82015,143.62558,306.25,0.73,0.76,2026-09-18,1505,N,nominal,2.0NRT,285.6,1.29,N
-4.10428,144.78958,302.3,0.61,0.71,2026-09-18,1505,N,nominal,2.0NRT,283.22,0.75,N
-4.10723,144.80655,303.81,0.61,0.71,2026-09-18,1505,N,nominal,2.0NRT,286.46,1.35,N
-5.04413,150.12354,298.05,0.52,0.5,2026-09-18,1505,N,nominal,2.0NRT,279.76,1.08,N
-4.10421,144.80417,304.1,0.61,0.71,2026-09-18,1505,N,nominal,2.0NRT,285.02,1.52,N
-4.10875,144.79169,299.06,0.61,0.71,2026-09-18,1505,N,nominal,2.0NRT,281.57,0.84,N
-5.03963,150.04298,303.29,0.52,0.5,2026-09-18,1505,N,nominal,2.0NRT,281.22,0.99,N
-5.05025,150.10432,302,0.52,0.5,2026-09-18,1505,N,nominal,2.0NRT,282.61,1.32,N
-5.06168,150.11583,302.18,0.52,0.5,2026-09-18,1505,N,nominal,2.0NRT,279.39,0.91,N
-5.06895,150.0479,303.46,0.52,0.5,2026-09-18,1505,N,nominal,2.0NRT,278.16,0.94,N
-5.06964,150.05194,308.32,0.52,0.5,2026-09-18,1505,N,nominal,2.0NRT,279.64,0.48,N
-5.19766,150.05794,304.88,0.52,0.5,2026-09-18,1505,N,nominal,2.0NRT,284.63,0.56,N
-5.4616,150.00835,306.36,0.52,0.5,2026-09-18,1505,N,nominal,2.0NRT,281.67,1.63,N
-5.539,150.47482,310.36,0.48,0.48,2026-09-18,1505,N,nominal,2.0NRT,289.3,1.48,N
-5.53974,150.47928,308.69,0.48,0.48,2026-09-18,1505,N,nominal,2.0NRT,289.16,1.48,N
-5.53722,150.47627,315.2,0.48,0.48,2026-09-18,1505,N,nominal,2.0NRT,289.62,2.24,N
-5.4609,150.01082,305,0.52,0.5,2026-09-18,1505,N,nominal,2.0NRT,281.79,2.28,N
-5.54169,150.47571,304.33,0.48,0.48,2026-09-18,1505,N,nominal,2.0NRT,288.67,1.35,N
-5.5614,150.18633,299.23,0.5,0.49,2026-09-18,1505,N,nominal,2.0NRT,281.07,0.48,N
-5.64475,150.15062,300.15,0.5,0.49,2026-09-18,1505,N,nominal,2.0NRT,283.32,0.71,N
-5.64857,150.14561,303.83,0.5,0.49,2026-09-18,1505,N,nominal,2.0NRT,283.24,1.24,N
-5.62973,149.9236,320.17,0.52,0.5,2026-09-18,1505,N,nominal,2.0NRT,282.86,2.4,N
-5.62894,149.91893,309.44,0.52,0.5,2026-09-18,1505,N,nominal,2.0NRT,282.12,2.4,N
-5.72185,150.21703,304.64,0.5,0.49,2026-09-18,1505,N,nominal,2.0NRT,288.93,1,N
-5.73332,150.22969,303.83,0.49,0.49,2026-09-18,1505,N,nominal,2.0NRT,287.8,1.59,N
-5.5837,148.81088,307.29,0.62,0.54,2026-09-18,1505,N,nominal,2.0NRT,285.13,1.37,N
-5.66454,149.29175,303.39,0.57,0.52,2026-09-18,1505,N,nominal,2.0NRT,286.12,2.07,N
-5.66145,149.24374,309.71,0.58,0.52,2026-09-18,1505,N,nominal,2.0NRT,289.39,1.88,N
-5.56846,148.83884,301.57,0.62,0.54,2026-09-18,1505,N,nominal,2.0NRT,285.24,1.48,N
-5.66333,149.29013,303.03,0.57,0.52,2026-09-18,1505,N,nominal,2.0NRT,287.23,1.29,N
-5.58379,148.80971,305.25,0.62,0.54,2026-09-18,1505,N,nominal,2.0NRT,284.91,1.59,N
-5.65993,149.24252,305.29,0.58,0.52,2026-09-18,1505,N,nominal,2.0NRT,289.06,1.85,N
-5.66935,149.26794,302.68,0.57,0.52,2026-09-18,1505,N,nominal,2.0NRT,287.53,0.77,N
-5.71878,149.52278,305.05,0.55,0.51,2026-09-18,1505,N,nominal,2.0NRT,290.17,2.47,N
-5.68451,149.29803,302.79,0.57,0.52,2026-09-18,1505,N,nominal,2.0NRT,289.22,2.58,N
-5.73383,149.41223,301.3,0.56,0.52,2026-09-18,1505,N,nominal,2.0NRT,287.22,2.51,N
-5.73773,149.40643,305.49,0.56,0.52,2026-09-18,1505,N,nominal,2.0NRT,286.42,3.17,N
-5.7386,149.41147,317.7,0.56,0.52,2026-09-18,1505,N,nominal,2.0NRT,288.75,3.02,N
-5.74732,149.40512,302.78,0.56,0.52,2026-09-18,1505,N,nominal,2.0NRT,288.52,2.07,N
-5.75506,149.45044,303.62,0.56,0.51,2026-09-18,1505,N,nominal,2.0NRT,289.18,1.62,N
-5.62917,148.56509,305.83,0.32,0.55,2026-09-18,1505,N,nominal,2.0NRT,289.12,0.65,N
-5.80236,149.58572,305.56,0.54,0.51,2026-09-18,1505,N,nominal,2.0NRT,288.48,1.25,N
-5.81312,149.56335,304.28,0.55,0.51,2026-09-18,1505,N,nominal,2.0NRT,288.3,2.32,N
-5.81957,149.57297,308.2,0.55,0.51,2026-09-18,1505,N,nominal,2.0NRT,286.97,1.02,N
-5.81382,149.56186,309.34,0.55,0.51,2026-09-18,1505,N,nominal,2.0NRT,288.62,2.47,N
-5.82034,149.5714,307.18,0.55,0.51,2026-09-18,1505,N,nominal,2.0NRT,287.1,2.6,N
-5.8319,149.55434,304.46,0.55,0.51,2026-09-18,1505,N,nominal,2.0NRT,288.52,1.34,N
-5.95901,147.26518,303.54,0.39,0.59,2026-09-18,1505,N,nominal,2.0NRT,288.5,1.07,N
-5.964,147.29413,302.86,0.39,0.59,2026-09-18,1505,N,nominal,2.0NRT,288.19,0.3,N
-5.96991,147.32837,303.24,0.38,0.59,2026-09-18,1505,N,nominal,2.0NRT,288.7,0.88,N
-9.38246,150.57632,300.48,0.41,0.45,2026-09-18,1507,N,nominal,2.0NRT,282.71,1.23,N
-9.263,148.97792,295.13,0.52,0.5,2026-09-18,1507,N,nominal,2.0NRT,277.12,2.92,N
-10.61366,142.31479,311.43,0.68,0.74,2026-09-18,1507,N,nominal,2.0NRT,268.14,2.24,N
-11.96875,142.59305,304.63,0.61,0.71,2026-09-18,1507,N,nominal,2.0NRT,276.36,1.62,N
-11.97649,142.59714,299.81,0.61,0.71,2026-09-18,1507,N,nominal,2.0NRT,276.94,1.64,N
-11.98962,142.59404,298.72,0.61,0.71,2026-09-18,1507,N,nominal,2.0NRT,276.78,1.48,N
-2.6197,150.80783,312.33,0.51,0.49,2026-09-18,1505,N,nominal,2.0NRT,287,1.12,N
-2.62426,150.8071,367,0.51,0.49,2026-09-18,1505,N,high,2.0NRT,288.74,8.8,N
-2.62501,150.81166,321.98,0.51,0.49,2026-09-18,1505,N,nominal,2.0NRT,288.63,8.8,N
-2.92723,152.04657,312.15,0.42,0.45,2026-09-18,1505,N,nominal,2.0NRT,290.43,1.41,N
-2.92507,152.00735,304.78,0.42,0.45,2026-09-18,1505,N,nominal,2.0NRT,290.75,1.3,N
-2.93909,152.06679,305.42,0.42,0.45,2026-09-18,1505,N,nominal,2.0NRT,289.42,1.08,N
-2.93964,152.07014,303.81,0.41,0.45,2026-09-18,1505,N,nominal,2.0NRT,289.85,1.08,N
-2.94022,152.07368,304.88,0.41,0.45,2026-09-18,1505,N,nominal,2.0NRT,290.01,1.53,N
-2.94327,152.06621,315.53,0.42,0.45,2026-09-18,1505,N,nominal,2.0NRT,289.85,1.08,N
-2.9444,152.07315,305.61,0.41,0.45,2026-09-18,1505,N,nominal,2.0NRT,289.65,1.53,N
-2.94497,152.07661,307.3,0.41,0.45,2026-09-18,1505,N,nominal,2.0NRT,290.26,1.53,N
-2.90547,151.20685,310.48,0.47,0.48,2026-09-18,1505,N,nominal,2.0NRT,292.27,1.39,N
-2.95833,151.44702,310.85,0.45,0.47,2026-09-18,1505,N,nominal,2.0NRT,291.46,1.81,N
-3.09463,151.45677,305.51,0.45,0.47,2026-09-18,1505,N,nominal,2.0NRT,290.08,1.15,N
-3.1543,151.74512,306.18,0.43,0.46,2026-09-18,1505,N,nominal,2.0NRT,289.86,0.99,N
-3.32008,152.05397,308.69,0.41,0.45,2026-09-18,1505,N,nominal,2.0NRT,283.25,0.87,N
-3.32866,152.10741,302.47,0.41,0.45,2026-09-18,1505,N,nominal,2.0NRT,284.7,0.87,N
-3.31788,152.05449,305.89,0.41,0.45,2026-09-18,1505,N,nominal,2.0NRT,283.35,1.52,N
-3.33102,152.10756,303.42,0.41,0.45,2026-09-18,1505,N,nominal,2.0NRT,284.14,1.47,N
-3.30691,151.83519,305.03,0.42,0.45,2026-09-18,1505,N,nominal,2.0NRT,286.38,1.62,N
-3.30756,151.8391,305.65,0.42,0.45,2026-09-18,1505,N,nominal,2.0NRT,286.66,1.42,N
-3.32739,151.80244,306.42,0.43,0.46,2026-09-18,1505,N,nominal,2.0NRT,286.51,1.12,N
-3.32804,151.80641,309.5,0.43,0.46,2026-09-18,1505,N,nominal,2.0NRT,286.62,1.12,N
-3.51217,152.24515,307.71,0.4,0.44,2026-09-18,1505,N,nominal,2.0NRT,285.45,0.94,N
-3.51978,152.24054,304.07,0.4,0.44,2026-09-18,1505,N,nominal,2.0NRT,284.97,1.13,N
-3.72484,152.49965,295.86,0.57,0.43,2026-09-18,1505,N,nominal,2.0NRT,273.11,0.55,N
