artifact_id,region_id,block_id,month,product_id,native_rate_per_1000,support_fraction,comparison_status,investigation_priority
art_science_demo_contract_0001,region_ne_india_myanmar_r1,region_ne_india_myanmar_r1_b01_01,2013-01,myd14a1_061_aqua,39.2284,0.892007,calibration_not_released,unavailable
art_science_demo_contract_0001,region_ne_india_myanmar_r1,region_ne_india_myanmar_r1_b01_02,2013-01,myd14a1_061_aqua,40.6284,0.904007,calibration_not_released,unavailable
art_science_demo_contract_0001,region_ne_india_myanmar_r1,region_ne_india_myanmar_r1_b01_03,2013-01,myd14a1_061_aqua,42.0284,0.904007,calibration_not_released,unavailable
art_science_demo_contract_0001,region_ne_india_myanmar_r1,region_ne_india_myanmar_r1_b01_04,2013-01,myd14a1_061_aqua,43.4284,0.892007,calibration_not_released,unavailable
art_science_demo_contract_0001,region_ne_india_myanmar_r1,region_ne_india_myanmar_r1_b02_01,2013-01,myd14a1_061_aqua,44.1284,0.886007,calibration_not_released,unavailable
art_science_demo_contract_0001,region_ne_india_myanmar_r1,region_ne_india_myanmar_r1_b02_02,2013-01,myd14a1_061_aqua,39.2284,0.892007,calibration_not_released,unavailable
art_science_demo_contract_0001,region_ne_india_myanmar_r1,region_ne_india_myanmar_r1_b02_03,2013-01,myd14a1_061_aqua,40.6284,0.904007,calibration_not_released,unavailable
art_science_demo_contract_0001,region_ne_india_myanmar_r1,region_ne_india_myanmar_r1_b02_04,2013-01,myd14a1_061_aqua,42.0284,0.904007,calibration_not_released,unavailable
art_science_demo_contract_0001,region_ne_india_myanmar_r1,region_ne_india_myanmar_r1_b03_01,2013-01,myd14a1_061_aqua,42.7284,0.898007,calibration_not_released,unavailable
art_science_demo_contract_0001,region_ne_india_myanmar_r1,region_ne_india_myanmar_r1_b03_02,2013-01,myd14a1_061_aqua,44.1284,0.886007,calibration_not_released,unavailable
art_science_demo_contract_0001,region_ne_india_myanmar_r1,region_ne_india_myanmar_r1_b03_03,2013-01,myd14a1_061_aqua,39.2284,0.892007,calibration_not_released,unavailable
art_science_demo_contract_0001,region_ne_india_myanmar_r1,region_ne_india_myanmar_r1_b03_04,2013-01,myd14a1_061_aqua,40.6284,0.904007,calibration_not_released,unavailable
art_science_demo_contract_0001,region_ne_india_myanmar_r1,region_ne_india_myanmar_r1_b01_01,2013-02,myd14a1_061_aqua,55.1111,0.858278,calibration_not_released,unavailable
art_science_demo_contract_0001,region_ne_india_myanmar_r1,region_ne_india_myanmar_r1_b01_02,2013-02,myd14a1_061_aqua,56.5111,0.870278,calibration_not_released,unavailable
art_science_demo_contract_0001,region_ne_india_myanmar_r1,region_ne_india_myanmar_r1_b01_03,2013-02,myd14a1_061_aqua,57.9111,0.858278,calibration_not_released,unavailable
art_science_demo_contract_0001,region_ne_india_myanmar_r1,region_ne_india_myanmar_r1_b01_04,2013-02,myd14a1_061_aqua,59.3111,0.846278,calibration_not_released,unavailable
art_science_demo_contract_0001,region_ne_india_myanmar_r1,region_ne_india_myanmar_r1_b02_01,2013-02,myd14a1_061_aqua,53.7111,0.846278,calibration_not_released,unavailable
art_science_demo_contract_0001,region_ne_india_myanmar_r1,region_ne_india_myanmar_r1_b02_02,2013-02,myd14a1_061_aqua,55.1111,0.858278,calibration_not_released,unavailable
art_science_demo_contract_0001,region_ne_india_myanmar_r1,region_ne_india_myanmar_r1_b02_03,2013-02,myd14a1_061_aqua,56.5111,0.870278,calibration_not_released,unavailable
art_science_demo_contract_0001,region_ne_india_myanmar_r1,region_ne_india_myanmar_r1_b02_04,2013-02,myd14a1_061_aqua,57.9111,0.858278,calibration_not_released,unavailable
art_science_demo_contract_0001,region_ne_india_myanmar_r1,region_ne_india_myanmar_r1_b03_01,2013-02,myd14a1_061_aqua,58.6111,0.852278,calibration_not_released,unavailable
art_science_demo_contract_0001,region_ne_india_myanmar_r1,region_ne_india_myanmar_r1_b03_02,2013-02,myd14a1_061_aqua,53.7111,0.846278,calibration_not_released,unavailable
art_science_demo_contract_0001,region_ne_india_myanmar_r1,region_ne_india_myanmar_r1_b03_03,2013-02,myd14a1_061_aqua,55.1111,0.858278,calibration_not_released,unavailable
art_science_demo_contract_0001,region_ne_india_myanmar_r1,region_ne_india_myanmar_r1_b03_04,2013-02,myd14a1_061_aqua,56.5111,0.870278,calibration_not_released,unavailable
art_science_demo_contract_0001,region_ne_india_myanmar_r1,region_ne_india_myanmar_r1_b01_01,2013-03,myd14a1_061_aqua,49.6049,0.893863,calibration_not_released,unavailable
art_science_demo_contract_0001,region_ne_india_myanmar_r1,region_ne_india_myanmar_r1_b01_02,2013-03,myd14a1_061_aqua,51.0049,0.893863,calibration_not_released,unavailable
art_science_demo_contract_0001,region_ne_india_myanmar_r1,region_ne_india_myanmar_r1_b01_03,2013-03,myd14a1_061_aqua,52.4049,0.881863,calibration_not_released,unavailable
art_science_demo_contract_0001,region_ne_india_myanmar_r1,region_ne_india_myanmar_r1_b01_04,2013-03,myd14a1_061_aqua,47.5049,0.875863,calibration_not_released,unavailable
art_science_demo_contract_0001,region_ne_india_myanmar_r1,region_ne_india_myanmar_r1_b02_01,2013-03,myd14a1_061_aqua,48.2049,0.881863,calibration_not_released,unavailable
art_science_demo_contract_0001,region_ne_india_myanmar_r1,region_ne_india_myanmar_r1_b02_02,2013-03,myd14a1_061_aqua,49.6049,0.893863,calibration_not_released,unavailable
art_science_demo_contract_0001,region_ne_india_myanmar_r1,region_ne_india_myanmar_r1_b02_03,2013-03,myd14a1_061_aqua,51.0049,0.893863,calibration_not_released,unavailable
art_science_demo_contract_0001,region_ne_india_myanmar_r1,region_ne_india_myanmar_r1_b02_04,2013-03,myd14a1_061_aqua,52.4049,0.881863,calibration_not_released,unavailable
art_science_demo_contract_0001,region_ne_india_myanmar_r1,region_ne_india_myanmar_r1_b03_01,2013-03,myd14a1_061_aqua,53.1049,0.875863,calibration_not_released,unavailable
art_science_demo_contract_0001,region_ne_india_myanmar_r1,region_ne_india_myanmar_r1_b03_02,2013-03,myd14a1_061_aqua,48.2049,0.881863,calibration_not_released,unavailable
art_science_demo_contract_0001,region_ne_india_myanmar_r1,region_ne_india_myanmar_r1_b03_03,2013-03,myd14a1_061_aqua,49.6049,0.893863,calibration_not_released,unavailable
art_science_demo_contract_0001,region_ne_india_myanmar_r1,region_ne_india_myanmar_r1_b03_04,2013-03,myd14a1_061_aqua,51.0049,0.893863,calibration_not_released,unavailable
art_science_demo_contract_0001,region_ne_india_myanmar_r1,region_ne_india_myanmar_r1_b01_01,2013-04,myd14a1_061_aqua,52.2727,0.890088,calibration_not_released,unavailable
art_science_demo_contract_0001,region_ne_india_myanmar_r1,region_ne_india_myanmar_r1_b01_02,2013-04,myd14a1_061_aqua,53.6727,0.878088,calibration_not_released,unavailable
art_science_demo_contract_0001,region_ne_india_myanmar_r1,region_ne_india_myanmar_r1_b01_03,2013-04,myd14a1_061_aqua,55.0727,0.866088,calibration_not_released,unavailable
art_science_demo_contract_0001,region_ne_india_myanmar_r1,region_ne_india_myanmar_r1_b01_04,2013-04,myd14a1_061_aqua,50.1727,0.872088,calibration_not_released,unavailable
art_science_demo_contract_0001,region_ne_india_myanmar_r1,region_ne_india_myanmar_r1_b02_01,2013-04,myd14a1_061_aqua,50.8727,0.878088,calibration_not_released,unavailable
art_science_demo_contract_0001,region_ne_india_myanmar_r1,region_ne_india_myanmar_r1_b02_02,2013-04,myd14a1_061_aqua,52.2727,0.890088,calibration_not_released,unavailable
art_science_demo_contract_0001,region_ne_india_myanmar_r1,region_ne_india_myanmar_r1_b02_03,2013-04,myd14a1_061_aqua,53.6727,0.878088,calibration_not_released,unavailable
art_science_demo_contract_0001,region_ne_india_myanmar_r1,region_ne_india_myanmar_r1_b02_04,2013-04,myd14a1_061_aqua,55.0727,0.866088,calibration_not_released,unavailable
art_science_demo_contract_0001,region_ne_india_myanmar_r1,region_ne_india_myanmar_r1_b03_01,2013-04,myd14a1_061_aqua,49.4727,0.866088,calibration_not_released,unavailable
art_science_demo_contract_0001,region_ne_india_myanmar_r1,region_ne_india_myanmar_r1_b03_02,2013-04,myd14a1_061_aqua,50.8727,0.878088,calibration_not_released,unavailable
art_science_demo_contract_0001,region_ne_india_myanmar_r1,region_ne_india_myanmar_r1_b03_03,2013-04,myd14a1_061_aqua,52.2727,0.890088,calibration_not_released,unavailable
art_science_demo_contract_0001,region_ne_india_myanmar_r1,region_ne_india_myanmar_r1_b03_04,2013-04,myd14a1_061_aqua,53.6727,0.878088,calibration_not_released,unavailable
art_science_demo_contract_0001,region_ne_india_myanmar_r1,region_ne_india_myanmar_r1_b01_01,2013-05,myd14a1_061_aqua,39.558,0.883908,calibration_not_released,unavailable
art_science_demo_contract_0001,region_ne_india_myanmar_r1,region_ne_india_myanmar_r1_b01_02,2013-05,myd14a1_061_aqua,40.958,0.871908,calibration_not_released,unavailable
art_science_demo_contract_0001,region_ne_india_myanmar_r1,region_ne_india_myanmar_r1_b01_03,2013-05,myd14a1_061_aqua,36.058,0.865908,calibration_not_released,unavailable
art_science_demo_contract_0001,region_ne_india_myanmar_r1,region_ne_india_myanmar_r1_b01_04,2013-05,myd14a1_061_aqua,37.458,0.877908,calibration_not_released,unavailable
art_science_demo_contract_0001,region_ne_india_myanmar_r1,region_ne_india_myanmar_r1_b02_01,2013-05,myd14a1_061_aqua,38.158,0.883908,calibration_not_released,unavailable
art_science_demo_contract_0001,region_ne_india_myanmar_r1,region_ne_india_myanmar_r1_b02_02,2013-05,myd14a1_061_aqua,39.558,0.883908,calibration_not_released,unavailable
art_science_demo_contract_0001,region_ne_india_myanmar_r1,region_ne_india_myanmar_r1_b02_03,2013-05,myd14a1_061_aqua,40.958,0.871908,calibration_not_released,unavailable
art_science_demo_contract_0001,region_ne_india_myanmar_r1,region_ne_india_myanmar_r1_b02_04,2013-05,myd14a1_061_aqua,36.058,0.865908,calibration_not_released,unavailable
art_science_demo_contract_0001,region_ne_india_myanmar_r1,region_ne_india_myanmar_r1_b03_01,2013-05,myd14a1_061_aqua,36.758,0.871908,calibration_not_released,unavailable
art_science_demo_contract_0001,region_ne_india_myanmar_r1,region_ne_india_myanmar_r1_b03_02,2013-05,myd14a1_061_aqua,38.158,0.883908,calibration_not_released,unavailable
art_science_demo_contract_0001,region_ne_india_myanmar_r1,region_ne_india_myanmar_r1_b03_03,2013-05,myd14a1_061_aqua,39.558,0.883908,calibration_not_released,unavailable
art_science_demo_contract_0001,region_ne_india_myanmar_r1,region_ne_india_myanmar_r1_b03_04,2013-05,myd14a1_061_aqua,40.958,0.871908,calibration_not_released,unavailable
art_science_demo_contract_0001,region_ne_india_myanmar_r1,region_ne_india_myanmar_r1_b01_01,2013-06,myd14a1_061_aqua,42.8386,0.89832,calibration_not_released,unavailable
art_science_demo_contract_0001,region_ne_india_myanmar_r1,region_ne_india_myanmar_r1_b01_02,2013-06,myd14a1_061_aqua,44.2386,0.88632,calibration_not_released,unavailable
art_science_demo_contract_0001,region_ne_india_myanmar_r1,region_ne_india_myanmar_r1_b01_03,2013-06,myd14a1_061_aqua,39.3386,0.89232,calibration_not_released,unavailable
art_science_demo_contract_0001,region_ne_india_myanmar_r1,region_ne_india_myanmar_r1_b01_04,2013-06,myd14a1_061_aqua,40.7386,0.90432,calibration_not_released,unavailable
art_science_demo_contract_0001,region_ne_india_myanmar_r1,region_ne_india_myanmar_r1_b02_01,2013-06,myd14a1_061_aqua,41.4386,0.91032,calibration_not_released,unavailable
art_science_demo_contract_0001,region_ne_india_myanmar_r1,region_ne_india_myanmar_r1_b02_02,2013-06,myd14a1_061_aqua,42.8386,0.89832,calibration_not_released,unavailable
art_science_demo_contract_0001,region_ne_india_myanmar_r1,region_ne_india_myanmar_r1_b02_03,2013-06,myd14a1_061_aqua,44.2386,0.88632,calibration_not_released,unavailable
art_science_demo_contract_0001,region_ne_india_myanmar_r1,region_ne_india_myanmar_r1_b02_04,2013-06,myd14a1_061_aqua,39.3386,0.89232,calibration_not_released,unavailable
art_science_demo_contract_0001,region_ne_india_myanmar_r1,region_ne_india_myanmar_r1_b03_01,2013-06,myd14a1_061_aqua,40.0386,0.89832,calibration_not_released,unavailable
art_science_demo_contract_0001,region_ne_india_myanmar_r1,region_ne_india_myanmar_r1_b03_02,2013-06,myd14a1_061_aqua,41.4386,0.91032,calibration_not_released,unavailable
art_science_demo_contract_0001,region_ne_india_myanmar_r1,region_ne_india_myanmar_r1_b03_03,2013-06,myd14a1_061_aqua,42.8386,0.89832,calibration_not_released,unavailable
art_science_demo_contract_0001,region_ne_india_myanmar_r1,region_ne_india_myanmar_r1_b03_04,2013-06,myd14a1_061_aqua,44.2386,0.88632,calibration_not_released,unavailable
art_science_demo_contract_0001,region_ne_india_myanmar_r1,region_ne_india_myanmar_r1_b01_01,2013-07,myd14a1_061_aqua,30.007,0.922233,calibration_not_released,unavailable
art_science_demo_contract_0001,region_ne_india_myanmar_r1,region_ne_india_myanmar_r1_b01_02,2013-07,myd14a1_061_aqua,25.107,0.916233,calibration_not_released,unavailable
art_science_demo_contract_0001,region_ne_india_myanmar_r1,region_ne_india_myanmar_r1_b01_03,2013-07,myd14a1_061_aqua,26.507,0.928233,calibration_not_released,unavailable
art_science_demo_contract_0001,region_ne_india_myanmar_r1,region_ne_india_myanmar_r1_b01_04,2013-07,myd14a1_061_aqua,27.907,0.940233,calibration_not_released,unavailable
art_science_demo_contract_0001,region_ne_india_myanmar_r1,region_ne_india_myanmar_r1_b02_01,2013-07,myd14a1_061_aqua,28.607,0.934233,calibration_not_released,unavailable
art_science_demo_contract_0001,region_ne_india_myanmar_r1,region_ne_india_myanmar_r1_b02_02,2013-07,myd14a1_061_aqua,30.007,0.922233,calibration_not_released,unavailable
art_science_demo_contract_0001,region_ne_india_myanmar_r1,region_ne_india_myanmar_r1_b02_03,2013-07,myd14a1_061_aqua,25.107,0.916233,calibration_not_released,unavailable
art_science_demo_contract_0001,region_ne_india_myanmar_r1,region_ne_india_myanmar_r1_b02_04,2013-07,myd14a1_061_aqua,26.507,0.928233,calibration_not_released,unavailable
art_science_demo_contract_0001,region_ne_india_myanmar_r1,region_ne_india_myanmar_r1_b03_01,2013-07,myd14a1_061_aqua,27.207,0.934233,calibration_not_released,unavailable
art_science_demo_contract_0001,region_ne_india_myanmar_r1,region_ne_india_myanmar_r1_b03_02,2013-07,myd14a1_061_aqua,28.607,0.934233,calibration_not_released,unavailable
art_science_demo_contract_0001,region_ne_india_myanmar_r1,region_ne_india_myanmar_r1_b03_03,2013-07,myd14a1_061_aqua,30.007,0.922233,calibration_not_released,unavailable
art_science_demo_contract_0001,region_ne_india_myanmar_r1,region_ne_india_myanmar_r1_b03_04,2013-07,myd14a1_061_aqua,25.107,0.916233,calibration_not_released,unavailable
art_science_demo_contract_0001,region_ne_india_myanmar_r1,region_ne_india_myanmar_r1_b01_01,2013-08,myd14a1_061_aqua,25.4033,0.845831,calibration_not_released,unavailable
art_science_demo_contract_0001,region_ne_india_myanmar_r1,region_ne_india_myanmar_r1_b01_02,2013-08,myd14a1_061_aqua,20.5033,0.851831,calibration_not_released,unavailable
art_science_demo_contract_0001,region_ne_india_myanmar_r1,region_ne_india_myanmar_r1_b01_03,2013-08,myd14a1_061_aqua,21.9033,0.863831,calibration_not_released,unavailable
art_science_demo_contract_0001,region_ne_india_myanmar_r1,region_ne_india_myanmar_r1_b01_04,2013-08,myd14a1_061_aqua,23.3033,0.863831,calibration_not_released,unavailable
art_science_demo_contract_0001,region_ne_india_myanmar_r1,region_ne_india_myanmar_r1_b02_01,2013-08,myd14a1_061_aqua,24.0033,0.857831,calibration_not_released,unavailable
art_science_demo_contract_0001,region_ne_india_myanmar_r1,region_ne_india_myanmar_r1_b02_02,2013-08,myd14a1_061_aqua,25.4033,0.845831,calibration_not_released,unavailable
art_science_demo_contract_0001,region_ne_india_myanmar_r1,region_ne_india_myanmar_r1_b02_03,2013-08,myd14a1_061_aqua,20.5033,0.851831,calibration_not_released,unavailable
art_science_demo_contract_0001,region_ne_india_myanmar_r1,region_ne_india_myanmar_r1_b02_04,2013-08,myd14a1_061_aqua,21.9033,0.863831,calibration_not_released,unavailable
art_science_demo_contract_0001,region_ne_india_myanmar_r1,region_ne_india_myanmar_r1_b03_01,2013-08,myd14a1_061_aqua,22.6033,0.869831,calibration_not_released,unavailable
art_science_demo_contract_0001,region_ne_india_myanmar_r1,region_ne_india_myanmar_r1_b03_02,2013-08,myd14a1_061_aqua,24.0033,0.857831,calibration_not_released,unavailable
art_science_demo_contract_0001,region_ne_india_myanmar_r1,region_ne_india_myanmar_r1_b03_03,2013-08,myd14a1_061_aqua,25.4033,0.845831,calibration_not_released,unavailable
art_science_demo_contract_0001,region_ne_india_myanmar_r1,region_ne_india_myanmar_r1_b03_04,2013-08,myd14a1_061_aqua,20.5033,0.851831,calibration_not_released,unavailable
art_science_demo_contract_0001,region_ne_india_myanmar_r1,region_ne_india_myanmar_r1_b01_01,2013-09,myd14a1_061_aqua,10.8789,0.915783,calibration_not_released,unavailable
art_science_demo_contract_0001,region_ne_india_myanmar_r1,region_ne_india_myanmar_r1_b01_02,2013-09,myd14a1_061_aqua,12.2789,0.927783,calibration_not_released,unavailable
art_science_demo_contract_0001,region_ne_india_myanmar_r1,region_ne_india_myanmar_r1_b01_03,2013-09,myd14a1_061_aqua,13.6789,0.939783,calibration_not_released,unavailable
art_science_demo_contract_0001,region_ne_india_myanmar_r1,region_ne_india_myanmar_r1_b01_04,2013-09,myd14a1_061_aqua,15.0789,0.927783,calibration_not_released,unavailable
art_science_demo_contract_0001,region_ne_india_myanmar_r1,region_ne_india_myanmar_r1_b02_01,2013-09,myd14a1_061_aqua,15.7789,0.921783,calibration_not_released,unavailable
art_science_demo_contract_0001,region_ne_india_myanmar_r1,region_ne_india_myanmar_r1_b02_02,2013-09,myd14a1_061_aqua,10.8789,0.915783,calibration_not_released,unavailable
art_science_demo_contract_0001,region_ne_india_myanmar_r1,region_ne_india_myanmar_r1_b02_03,2013-09,myd14a1_061_aqua,12.2789,0.927783,calibration_not_released,unavailable
art_science_demo_contract_0001,region_ne_india_myanmar_r1,region_ne_india_myanmar_r1_b02_04,2013-09,myd14a1_061_aqua,13.6789,0.939783,calibration_not_released,unavailable
art_science_demo_contract_0001,region_ne_india_myanmar_r1,region_ne_india_myanmar_r1_b03_01,2013-09,myd14a1_061_aqua,14.3789,0.933783,calibration_not_released,unavailable
art_science_demo_contract_0001,region_ne_india_myanmar_r1,region_ne_india_myanmar_r1_b03_02,2013-09,myd14a1_061_aqua,15.7789,0.921783,calibration_not_released,unavailable
art_science_demo_contract_0001,region_ne_india_myanmar_r1,region_ne_india_myanmar_r1_b03_03,2013-09,myd14a1_061_aqua,10.8789,0.915783,calibration_not_released,unavailable
art_science_demo_contract_0001,region_ne_india_myanmar_r1,region_ne_india_myanmar_r1_b03_04,2013-09,myd14a1_061_aqua,12.2789,0.927783,calibration_not_released,unavailable
art_science_demo_contract_0001,region_ne_india_myanmar_r1,region_ne_india_myanmar_r1_b01_01,2013-10,myd14a1_061_aqua,2.8929,0.921678,calibration_not_released,unavailable
art_science_demo_contract_0001,region_ne_india_myanmar_r1,region_ne_india_myanmar_r1_b01_02,2013-10,myd14a1_061_aqua,4.2929,0.933678,calibration_not_released,unavailable
art_science_demo_contract_0001,region_ne_india_myanmar_r1,region_ne_india_myanmar_r1_b01_03,2013-10,myd14a1_061_aqua,5.6929,0.933678,calibration_not_released,unavailable
art_science_demo_contract_0001,region_ne_india_myanmar_r1,region_ne_india_myanmar_r1_b01_04,2013-10,myd14a1_061_aqua,7.0929,0.921678,calibration_not_released,unavailable
art_science_demo_contract_0001,region_ne_india_myanmar_r1,region_ne_india_myanmar_r1_b02_01,2013-10,myd14a1_061_aqua,7.7929,0.915678,calibration_not_released,unavailable
art_science_demo_contract_0001,region_ne_india_myanmar_r1,region_ne_india_myanmar_r1_b02_02,2013-10,myd14a1_061_aqua,2.8929,0.921678,calibration_not_released,unavailable
art_science_demo_contract_0001,region_ne_india_myanmar_r1,region_ne_india_myanmar_r1_b02_03,2013-10,myd14a1_061_aqua,4.2929,0.933678,calibration_not_released,unavailable
art_science_demo_contract_0001,region_ne_india_myanmar_r1,region_ne_india_myanmar_r1_b02_04,2013-10,myd14a1_061_aqua,5.6929,0.933678,calibration_not_released,unavailable
art_science_demo_contract_0001,region_ne_india_myanmar_r1,region_ne_india_myanmar_r1_b03_01,2013-10,myd14a1_061_aqua,6.3929,0.927678,calibration_not_released,unavailable
art_science_demo_contract_0001,region_ne_india_myanmar_r1,region_ne_india_myanmar_r1_b03_02,2013-10,myd14a1_061_aqua,7.7929,0.915678,calibration_not_released,unavailable
art_science_demo_contract_0001,region_ne_india_myanmar_r1,region_ne_india_myanmar_r1_b03_03,2013-10,myd14a1_061_aqua,2.8929,0.921678,calibration_not_released,unavailable
art_science_demo_contract_0001,region_ne_india_myanmar_r1,region_ne_india_myanmar_r1_b03_04,2013-10,myd14a1_061_aqua,4.2929,0.933678,calibration_not_released,unavailable
art_science_demo_contract_0001,region_ne_india_myanmar_r1,region_ne_india_myanmar_r1_b01_01,2013-11,myd14a1_061_aqua,13.8505,0.938311,calibration_not_released,unavailable
art_science_demo_contract_0001,region_ne_india_myanmar_r1,region_ne_india_myanmar_r1_b01_02,2013-11,myd14a1_061_aqua,15.2505,0.950311,calibration_not_released,unavailable
art_science_demo_contract_0001,region_ne_india_myanmar_r1,region_ne_india_myanmar_r1_b01_03,2013-11,myd14a1_061_aqua,16.6505,0.938311,calibration_not_released,unavailable
art_science_demo_contract_0001,region_ne_india_myanmar_r1,region_ne_india_myanmar_r1_b01_04,2013-11,myd14a1_061_aqua,18.0505,0.926311,calibration_not_released,unavailable
art_science_demo_contract_0001,region_ne_india_myanmar_r1,region_ne_india_myanmar_r1_b02_01,2013-11,myd14a1_061_aqua,12.4505,0.926311,calibration_not_released,unavailable
art_science_demo_contract_0001,region_ne_india_myanmar_r1,region_ne_india_myanmar_r1_b02_02,2013-11,myd14a1_061_aqua,13.8505,0.938311,calibration_not_released,unavailable
art_science_demo_contract_0001,region_ne_india_myanmar_r1,region_ne_india_myanmar_r1_b02_03,2013-11,myd14a1_061_aqua,15.2505,0.950311,calibration_not_released,unavailable
art_science_demo_contract_0001,region_ne_india_myanmar_r1,region_ne_india_myanmar_r1_b02_04,2013-11,myd14a1_061_aqua,16.6505,0.938311,calibration_not_released,unavailable
art_science_demo_contract_0001,region_ne_india_myanmar_r1,region_ne_india_myanmar_r1_b03_01,2013-11,myd14a1_061_aqua,17.3505,0.932311,calibration_not_released,unavailable
art_science_demo_contract_0001,region_ne_india_myanmar_r1,region_ne_india_myanmar_r1_b03_02,2013-11,myd14a1_061_aqua,12.4505,0.926311,calibration_not_released,unavailable
art_science_demo_contract_0001,region_ne_india_myanmar_r1,region_ne_india_myanmar_r1_b03_03,2013-11,myd14a1_061_aqua,13.8505,0.938311,calibration_not_released,unavailable
art_science_demo_contract_0001,region_ne_india_myanmar_r1,region_ne_india_myanmar_r1_b03_04,2013-11,myd14a1_061_aqua,15.2505,0.950311,calibration_not_released,unavailable
art_science_demo_contract_0001,region_ne_india_myanmar_r1,region_ne_india_myanmar_r1_b01_01,2013-12,myd14a1_061_aqua,16.1712,0.943745,calibration_not_released,unavailable
art_science_demo_contract_0001,region_ne_india_myanmar_r1,region_ne_india_myanmar_r1_b01_02,2013-12,myd14a1_061_aqua,17.5712,0.943745,calibration_not_released,unavailable
art_science_demo_contract_0001,region_ne_india_myanmar_r1,region_ne_india_myanmar_r1_b01_03,2013-12,myd14a1_061_aqua,18.9712,0.931745,calibration_not_released,unavailable
art_science_demo_contract_0001,region_ne_india_myanmar_r1,region_ne_india_myanmar_r1_b01_04,2013-12,myd14a1_061_aqua,14.0712,0.925745,calibration_not_released,unavailable
art_science_demo_contract_0001,region_ne_india_myanmar_r1,region_ne_india_myanmar_r1_b02_01,2013-12,myd14a1_061_aqua,14.7712,0.931745,calibration_not_released,unavailable
art_science_demo_contract_0001,region_ne_india_myanmar_r1,region_ne_india_myanmar_r1_b02_02,2013-12,myd14a1_061_aqua,16.1712,0.943745,calibration_not_released,unavailable
art_science_demo_contract_0001,region_ne_india_myanmar_r1,region_ne_india_myanmar_r1_b02_03,2013-12,myd14a1_061_aqua,17.5712,0.943745,calibration_not_released,unavailable
art_science_demo_contract_0001,region_ne_india_myanmar_r1,region_ne_india_myanmar_r1_b02_04,2013-12,myd14a1_061_aqua,18.9712,0.931745,calibration_not_released,unavailable
art_science_demo_contract_0001,region_ne_india_myanmar_r1,region_ne_india_myanmar_r1_b03_01,2013-12,myd14a1_061_aqua,19.6712,0.925745,calibration_not_released,unavailable
art_science_demo_contract_0001,region_ne_india_myanmar_r1,region_ne_india_myanmar_r1_b03_02,2013-12,myd14a1_061_aqua,14.7712,0.931745,calibration_not_released,unavailable
art_science_demo_contract_0001,region_ne_india_myanmar_r1,region_ne_india_myanmar_r1_b03_03,2013-12,myd14a1_061_aqua,16.1712,0.943745,calibration_not_released,unavailable
art_science_demo_contract_0001,region_ne_india_myanmar_r1,region_ne_india_myanmar_r1_b03_04,2013-12,myd14a1_061_aqua,17.5712,0.943745,calibration_not_released,unavailable
art_science_demo_contract_0001,region_ne_india_myanmar_r1,region_ne_india_myanmar_r1_b01_01,2014-01,myd14a1_061_aqua,46.7189,0.90229,calibration_not_released,unavailable
art_science_demo_contract_0001,region_ne_india_myanmar_r1,region_ne_india_myanmar_r1_b01_02,2014-01,myd14a1_061_aqua,48.1189,0.91429,calibration_not_released,unavailable
art_science_demo_contract_0001,region_ne_india_myanmar_r1,region_ne_india_myanmar_r1_b01_03,2014-01,myd14a1_061_aqua,49.5189,0.91429,calibration_not_released,unavailable
art_science_demo_contract_0001,region_ne_india_myanmar_r1,region_ne_india_myanmar_r1_b01_04,2014-01,myd14a1_061_aqua,50.9189,0.90229,calibration_not_released,unavailable
art_science_demo_contract_0001,region_ne_india_myanmar_r1,region_ne_india_myanmar_r1_b02_01,2014-01,myd14a1_061_aqua,51.6189,0.89629,calibration_not_released,unavailable
art_science_demo_contract_0001,region_ne_india_myanmar_r1,region_ne_india_myanmar_r1_b02_02,2014-01,myd14a1_061_aqua,46.7189,0.90229,calibration_not_released,unavailable
art_science_demo_contract_0001,region_ne_india_myanmar_r1,region_ne_india_myanmar_r1_b02_03,2014-01,myd14a1_061_aqua,48.1189,0.91429,calibration_not_released,unavailable
art_science_demo_contract_0001,region_ne_india_myanmar_r1,region_ne_india_myanmar_r1_b02_04,2014-01,myd14a1_061_aqua,49.5189,0.91429,calibration_not_released,unavailable
art_science_demo_contract_0001,region_ne_india_myanmar_r1,region_ne_india_myanmar_r1_b03_01,2014-01,myd14a1_061_aqua,50.2189,0.90829,calibration_not_released,unavailable
art_science_demo_contract_0001,region_ne_india_myanmar_r1,region_ne_india_myanmar_r1_b03_02,2014-01,myd14a1_061_aqua,51.6189,0.89629,calibration_not_released,unavailable
art_science_demo_contract_0001,region_ne_india_myanmar_r1,region_ne_india_myanmar_r1_b03_03,2014-01,myd14a1_061_aqua,46.7189,0.90229,calibration_not_released,unavailable
art_science_demo_contract_0001,region_ne_india_myanmar_r1,region_ne_india_myanmar_r1_b03_04,2014-01,myd14a1_061_aqua,48.1189,0.91429,calibration_not_released,unavailable
art_science_demo_contract_0001,region_ne_india_myanmar_r1,region_ne_india_myanmar_r1_b01_01,2014-02,myd14a1_061_aqua,45.0371,0.848193,calibration_not_released,unavailable
art_science_demo_contract_0001,region_ne_india_myanmar_r1,region_ne_india_myanmar_r1_b01_02,2014-02,myd14a1_061_aqua,46.4371,0.860193,calibration_not_released,unavailable
art_science_demo_contract_0001,region_ne_india_myanmar_r1,region_ne_india_myanmar_r1_b01_03,2014-02,myd14a1_061_aqua,47.8371,0.848193,calibration_not_released,unavailable
art_science_demo_contract_0001,region_ne_india_myanmar_r1,region_ne_india_myanmar_r1_b01_04,2014-02,myd14a1_061_aqua,49.2371,0.836193,calibration_not_released,unavailable
art_science_demo_contract_0001,region_ne_india_myanmar_r1,region_ne_india_myanmar_r1_b02_01,2014-02,myd14a1_061_aqua,43.6371,0.836193,calibration_not_released,unavailable
art_science_demo_contract_0001,region_ne_india_myanmar_r1,region_ne_india_myanmar_r1_b02_02,2014-02,myd14a1_061_aqua,45.0371,0.848193,calibration_not_released,unavailable
art_science_demo_contract_0001,region_ne_india_myanmar_r1,region_ne_india_myanmar_r1_b02_03,2014-02,myd14a1_061_aqua,46.4371,0.860193,calibration_not_released,unavailable
art_science_demo_contract_0001,region_ne_india_myanmar_r1,region_ne_india_myanmar_r1_b02_04,2014-02,myd14a1_061_aqua,47.8371,0.848193,calibration_not_released,unavailable
art_science_demo_contract_0001,region_ne_india_myanmar_r1,region_ne_india_myanmar_r1_b03_01,2014-02,myd14a1_061_aqua,48.5371,0.842193,calibration_not_released,unavailable
art_science_demo_contract_0001,region_ne_india_myanmar_r1,region_ne_india_myanmar_r1_b03_02,2014-02,myd14a1_061_aqua,43.6371,0.836193,calibration_not_released,unavailable
art_science_demo_contract_0001,region_ne_india_myanmar_r1,region_ne_india_myanmar_r1_b03_03,2014-02,myd14a1_061_aqua,45.0371,0.848193,calibration_not_released,unavailable
art_science_demo_contract_0001,region_ne_india_myanmar_r1,region_ne_india_myanmar_r1_b03_04,2014-02,myd14a1_061_aqua,46.4371,0.860193,calibration_not_released,unavailable
art_science_demo_contract_0001,region_ne_india_myanmar_r1,region_ne_india_myanmar_r1_b01_01,2014-03,myd14a1_061_aqua,50.9717,0.91428,calibration_not_released,unavailable
art_science_demo_contract_0001,region_ne_india_myanmar_r1,region_ne_india_myanmar_r1_b01_02,2014-03,myd14a1_061_aqua,52.3717,0.91428,calibration_not_released,unavailable
art_science_demo_contract_0001,region_ne_india_myanmar_r1,region_ne_india_myanmar_r1_b01_03,2014-03,myd14a1_061_aqua,53.7717,0.90228,calibration_not_released,unavailable
art_science_demo_contract_0001,region_ne_india_myanmar_r1,region_ne_india_myanmar_r1_b01_04,2014-03,myd14a1_061_aqua,48.8717,0.89628,calibration_not_released,unavailable
art_science_demo_contract_0001,region_ne_india_myanmar_r1,region_ne_india_myanmar_r1_b02_01,2014-03,myd14a1_061_aqua,49.5717,0.90228,calibration_not_released,unavailable
art_science_demo_contract_0001,region_ne_india_myanmar_r1,region_ne_india_myanmar_r1_b02_02,2014-03,myd14a1_061_aqua,50.9717,0.91428,calibration_not_released,unavailable
art_science_demo_contract_0001,region_ne_india_myanmar_r1,region_ne_india_myanmar_r1_b02_03,2014-03,myd14a1_061_aqua,52.3717,0.91428,calibration_not_released,unavailable
art_science_demo_contract_0001,region_ne_india_myanmar_r1,region_ne_india_myanmar_r1_b02_04,2014-03,myd14a1_061_aqua,53.7717,0.90228,calibration_not_released,unavailable
art_science_demo_contract_0001,region_ne_india_myanmar_r1,region_ne_india_myanmar_r1_b03_01,2014-03,myd14a1_061_aqua,54.4717,0.89628,calibration_not_released,unavailable
art_science_demo_contract_0001,region_ne_india_myanmar_r1,region_ne_india_myanmar_r1_b03_02,2014-03,myd14a1_061_aqua,49.5717,0.90228,calibration_not_released,unavailable
art_science_demo_contract_0001,region_ne_india_myanmar_r1,region_ne_india_myanmar_r1_b03_03,2014-03,myd14a1_061_aqua,50.9717,0.91428,calibration_not_released,unavailable
art_science_demo_contract_0001,region_ne_india_myanmar_r1,region_ne_india_myanmar_r1_b03_04,2014-03,myd14a1_061_aqua,52.3717,0.91428,calibration_not_released,unavailable
art_science_demo_contract_0001,region_ne_india_myanmar_r1,region_ne_india_myanmar_r1_b01_01,2014-04,myd14a1_061_aqua,46.4744,0.920354,calibration_not_released,unavailable
art_science_demo_contract_0001,region_ne_india_myanmar_r1,region_ne_india_myanmar_r1_b01_02,2014-04,myd14a1_061_aqua,47.8744,0.908354,calibration_not_released,unavailable
art_science_demo_contract_0001,region_ne_india_myanmar_r1,region_ne_india_myanmar_r1_b01_03,2014-04,myd14a1_061_aqua,49.2744,0.896354,calibration_not_released,unavailable
art_science_demo_contract_0001,region_ne_india_myanmar_r1,region_ne_india_myanmar_r1_b01_04,2014-04,myd14a1_061_aqua,44.3744,0.902354,calibration_not_released,unavailable
art_science_demo_contract_0001,region_ne_india_myanmar_r1,region_ne_india_myanmar_r1_b02_01,2014-04,myd14a1_061_aqua,45.0744,0.908354,calibration_not_released,unavailable
art_science_demo_contract_0001,region_ne_india_myanmar_r1,region_ne_india_myanmar_r1_b02_02,2014-04,myd14a1_061_aqua,46.4744,0.920354,calibration_not_released,unavailable
art_science_demo_contract_0001,region_ne_india_myanmar_r1,region_ne_india_myanmar_r1_b02_03,2014-04,myd14a1_061_aqua,47.8744,0.908354,calibration_not_released,unavailable
art_science_demo_contract_0001,region_ne_india_myanmar_r1,region_ne_india_myanmar_r1_b02_04,2014-04,myd14a1_061_aqua,49.2744,0.896354,calibration_not_released,unavailable
art_science_demo_contract_0001,region_ne_india_myanmar_r1,region_ne_india_myanmar_r1_b03_01,2014-04,myd14a1_061_aqua,43.6744,0.896354,calibration_not_released,unavailable
art_science_demo_contract_0001,region_ne_india_myanmar_r1,region_ne_india_myanmar_r1_b03_02,2014-04,myd14a1_061_aqua,45.0744,0.908354,calibration_not_released,unavailable
art_science_demo_contract_0001,region_ne_india_myanmar_r1,region_ne_india_myanmar_r1_b03_03,2014-04,myd14a1_061_aqua,46.4744,0.920354,calibration_not_released,unavailable
art_science_demo_contract_0001,region_ne_india_myanmar_r1,region_ne_india_myanmar_r1_b03_04,2014-04,myd14a1_061_aqua,47.8744,0.908354,calibration_not_released,unavailable
art_science_demo_contract_0001,region_ne_india_myanmar_r1,region_ne_india_myanmar_r1_b01_01,2014-05,myd14a1_061_aqua,36.5476,0.893866,calibration_not_released,unavailable
art_science_demo_contract_0001,region_ne_india_myanmar_r1,region_ne_india_myanmar_r1_b01_02,2014-05,myd14a1_061_aqua,37.9476,0.881866,calibration_not_released,unavailable
art_science_demo_contract_0001,region_ne_india_myanmar_r1,region_ne_india_myanmar_r1_b01_03,2014-05,myd14a1_061_aqua,33.0476,0.875866,calibration_not_released,unavailable
art_science_demo_contract_0001,region_ne_india_myanmar_r1,region_ne_india_myanmar_r1_b01_04,2014-05,myd14a1_061_aqua,34.4476,0.887866,calibration_not_released,unavailable
art_science_demo_contract_0001,region_ne_india_myanmar_r1,region_ne_india_myanmar_r1_b02_01,2014-05,myd14a1_061_aqua,35.1476,0.893866,calibration_not_released,unavailable
art_science_demo_contract_0001,region_ne_india_myanmar_r1,region_ne_india_myanmar_r1_b02_02,2014-05,myd14a1_061_aqua,36.5476,0.893866,calibration_not_released,unavailable
art_science_demo_contract_0001,region_ne_india_myanmar_r1,region_ne_india_myanmar_r1_b02_03,2014-05,myd14a1_061_aqua,37.9476,0.881866,calibration_not_released,unavailable
art_science_demo_contract_0001,region_ne_india_myanmar_r1,region_ne_india_myanmar_r1_b02_04,2014-05,myd14a1_061_aqua,33.0476,0.875866,calibration_not_released,unavailable
art_science_demo_contract_0001,region_ne_india_myanmar_r1,region_ne_india_myanmar_r1_b03_01,2014-05,myd14a1_061_aqua,33.7476,0.881866,calibration_not_released,unavailable
art_science_demo_contract_0001,region_ne_india_myanmar_r1,region_ne_india_myanmar_r1_b03_02,2014-05,myd14a1_061_aqua,35.1476,0.893866,calibration_not_released,unavailable
art_science_demo_contract_0001,region_ne_india_myanmar_r1,region_ne_india_myanmar_r1_b03_03,2014-05,myd14a1_061_aqua,36.5476,0.893866,calibration_not_released,unavailable
art_science_demo_contract_0001,region_ne_india_myanmar_r1,region_ne_india_myanmar_r1_b03_04,2014-05,myd14a1_061_aqua,37.9476,0.881866,calibration_not_released,unavailable
art_science_demo_contract_0001,region_ne_india_myanmar_r1,region_ne_india_myanmar_r1_b01_01,2014-06,myd14a1_061_aqua,40.8537,0.888273,calibration_not_released,unavailable
art_science_demo_contract_0001,region_ne_india_myanmar_r1,region_ne_india_myanmar_r1_b01_02,2014-06,myd14a1_061_aqua,42.2537,0.876273,calibration_not_released,unavailable
art_science_demo_contract_0001,region_ne_india_myanmar_r1,region_ne_india_myanmar_r1_b01_03,2014-06,myd14a1_061_aqua,37.3537,0.882273,calibration_not_released,unavailable
art_science_demo_contract_0001,region_ne_india_myanmar_r1,region_ne_india_myanmar_r1_b01_04,2014-06,myd14a1_061_aqua,38.7537,0.894273,calibration_not_released,unavailable
art_science_demo_contract_0001,region_ne_india_myanmar_r1,region_ne_india_myanmar_r1_b02_01,2014-06,myd14a1_061_aqua,39.4537,0.900273,calibration_not_released,unavailable
art_science_demo_contract_0001,region_ne_india_myanmar_r1,region_ne_india_myanmar_r1_b02_02,2014-06,myd14a1_061_aqua,40.8537,0.888273,calibration_not_released,unavailable
art_science_demo_contract_0001,region_ne_india_myanmar_r1,region_ne_india_myanmar_r1_b02_03,2014-06,myd14a1_061_aqua,42.2537,0.876273,calibration_not_released,unavailable
art_science_demo_contract_0001,region_ne_india_myanmar_r1,region_ne_india_myanmar_r1_b02_04,2014-06,myd14a1_061_aqua,37.3537,0.882273,calibration_not_released,unavailable
art_science_demo_contract_0001,region_ne_india_myanmar_r1,region_ne_india_myanmar_r1_b03_01,2014-06,myd14a1_061_aqua,38.0537,0.888273,calibration_not_released,unavailable
art_science_demo_contract_0001,region_ne_india_myanmar_r1,region_ne_india_myanmar_r1_b03_02,2014-06,myd14a1_061_aqua,39.4537,0.900273,calibration_not_released,unavailable
art_science_demo_contract_0001,region_ne_india_myanmar_r1,region_ne_india_myanmar_r1_b03_03,2014-06,myd14a1_061_aqua,40.8537,0.888273,calibration_not_released,unavailable
art_science_demo_contract_0001,region_ne_india_myanmar_r1,region_ne_india_myanmar_r1_b03_04,2014-06,myd14a1_061_aqua,42.2537,0.876273,calibration_not_released,unavailable
art_science_demo_contract_0001,region_ne_india_myanmar_r1,region_ne_india_myanmar_r1_b01_01,2014-07,myd14a1_061_aqua,37.7846,0.852036,calibration_not_released,unavailable
art_science_demo_contract_0001,region_ne_india_myanmar_r1,region_ne_india_myanmar_r1_b01_02,2014-07,myd14a1_061_aqua,32.8846,0.846036,calibration_not_released,unavailable
art_science_demo_contract_0001,region_ne_india_myanmar_r1,region_ne_india_myanmar_r1_b01_03,2014-07,myd14a1_061_aqua,34.2846,0.858036,calibration_not_released,unavailable
art_science_demo_contract_0001,region_ne_india_myanmar_r1,region_ne_india_myanmar_r1_b01_04,2014-07,myd14a1_061_aqua,35.6846,0.870036,calibration_not_released,unavailable
art_science_demo_contract_0001,region_ne_india_myanmar_r1,region_ne_india_myanmar_r1_b02_01,2014-07,myd14a1_061_aqua,36.3846,0.864036,calibration_not_released,unavailable
art_science_demo_contract_0001,region_ne_india_myanmar_r1,region_ne_india_myanmar_r1_b02_02,2014-07,myd14a1_061_aqua,37.7846,0.852036,calibration_not_released,unavailable
art_science_demo_contract_0001,region_ne_india_myanmar_r1,region_ne_india_myanmar_r1_b02_03,2014-07,myd14a1_061_aqua,32.8846,0.846036,calibration_not_released,unavailable
art_science_demo_contract_0001,region_ne_india_myanmar_r1,region_ne_india_myanmar_r1_b02_04,2014-07,myd14a1_061_aqua,34.2846,0.858036,calibration_not_released,unavailable
art_science_demo_contract_0001,region_ne_india_myanmar_r1,region_ne_india_myanmar_r1_b03_01,2014-07,myd14a1_061_aqua,34.9846,0.864036,calibration_not_released,unavailable
art_science_demo_contract_0001,region_ne_india_myanmar_r1,region_ne_india_myanmar_r1_b03_02,2014-07,myd14a1_061_aqua,36.3846,0.864036,calibration_not_released,unavailable
art_science_demo_contract_0001,region_ne_india_myanmar_r1,region_ne_india_myanmar_r1_b03_03,2014-07,myd14a1_061_aqua,37.7846,0.852036,calibration_not_released,unavailable
art_science_demo_contract_0001,region_ne_india_myanmar_r1,region_ne_india_myanmar_r1_b03_04,2014-07,myd14a1_061_aqua,32.8846,0.846036,calibration_not_released,unavailable
art_science_demo_contract_0001,region_ne_india_myanmar_r1,region_ne_india_myanmar_r1_b01_01,2014-08,myd14a1_061_aqua,33.1757,0.895853,calibration_not_released,unavailable
art_science_demo_contract_0001,region_ne_india_myanmar_r1,region_ne_india_myanmar_r1_b01_02,2014-08,myd14a1_061_aqua,28.2757,0.901853,calibration_not_released,unavailable
art_science_demo_contract_0001,region_ne_india_myanmar_r1,region_ne_india_myanmar_r1_b01_03,2014-08,myd14a1_061_aqua,29.6757,0.913853,calibration_not_released,unavailable
art_science_demo_contract_0001,region_ne_india_myanmar_r1,region_ne_india_myanmar_r1_b01_04,2014-08,myd14a1_061_aqua,31.0757,0.913853,calibration_not_released,unavailable
art_science_demo_contract_0001,region_ne_india_myanmar_r1,region_ne_india_myanmar_r1_b02_01,2014-08,myd14a1_061_aqua,31.7757,0.907853,calibration_not_released,unavailable
art_science_demo_contract_0001,region_ne_india_myanmar_r1,region_ne_india_myanmar_r1_b02_02,2014-08,myd14a1_061_aqua,33.1757,0.895853,calibration_not_released,unavailable
art_science_demo_contract_0001,region_ne_india_myanmar_r1,region_ne_india_myanmar_r1_b02_03,2014-08,myd14a1_061_aqua,28.2757,0.901853,calibration_not_released,unavailable
art_science_demo_contract_0001,region_ne_india_myanmar_r1,region_ne_india_myanmar_r1_b02_04,2014-08,myd14a1_061_aqua,29.6757,0.913853,calibration_not_released,unavailable
art_science_demo_contract_0001,region_ne_india_myanmar_r1,region_ne_india_myanmar_r1_b03_01,2014-08,myd14a1_061_aqua,30.3757,0.919853,calibration_not_released,unavailable
art_science_demo_contract_0001,region_ne_india_myanmar_r1,region_ne_india_myanmar_r1_b03_02,2014-08,myd14a1_061_aqua,31.7757,0.907853,calibration_not_released,unavailable
art_science_demo_contract_0001,region_ne_india_myanmar_r1,region_ne_india_myanmar_r1_b03_03,2014-08,myd14a1_061_aqua,33.1757,0.895853,calibration_not_released,unavailable
art_science_demo_contract_0001,region_ne_india_myanmar_r1,region_ne_india_myanmar_r1_b03_04,2014-08,myd14a1_061_aqua,28.2757,0.901853,calibration_not_released,unavailable
art_science_demo_contract_0001,region_ne_india_myanmar_r1,region_ne_india_myanmar_r1_b01_01,2014-09,myd14a1_061_aqua,18.8383,0.896341,calibration_not_released,unavailable
art_science_demo_contract_0001,region_ne_india_myanmar_r1,region_ne_india_myanmar_r1_b01_02,2014-09,myd14a1_061_aqua,20.2383,0.908341,calibration_not_released,unavailable
art_science_demo_contract_0001,region_ne_india_myanmar_r1,region_ne_india_myanmar_r1_b01_03,2014-09,myd14a1_061_aqua,21.6383,0.920341,calibration_not_released,unavailable
art_science_demo_contract_0001,region_ne_india_myanmar_r1,region_ne_india_myanmar_r1_b01_04,2014-09,myd14a1_061_aqua,23.0383,0.908341,calibration_not_released,unavailable
art_science_demo_contract_0001,region_ne_india_myanmar_r1,region_ne_india_myanmar_r1_b02_01,2014-09,myd14a1_061_aqua,23.7383,0.902341,calibration_not_released,unavailable
art_science_demo_contract_0001,region_ne_india_myanmar_r1,region_ne_india_myanmar_r1_b02_02,2014-09,myd14a1_061_aqua,18.8383,0.896341,calibration_not_released,unavailable
art_science_demo_contract_0001,region_ne_india_myanmar_r1,region_ne_india_myanmar_r1_b02_03,2014-09,myd14a1_061_aqua,20.2383,0.908341,calibration_not_released,unavailable
art_science_demo_contract_0001,region_ne_india_myanmar_r1,region_ne_india_myanmar_r1_b02_04,2014-09,myd14a1_061_aqua,21.6383,0.920341,calibration_not_released,unavailable
art_science_demo_contract_0001,region_ne_india_myanmar_r1,region_ne_india_myanmar_r1_b03_01,2014-09,myd14a1_061_aqua,22.3383,0.914341,calibration_not_released,unavailable
art_science_demo_contract_0001,region_ne_india_myanmar_r1,region_ne_india_myanmar_r1_b03_02,2014-09,myd14a1_061_aqua,23.7383,0.902341,calibration_not_released,unavailable
art_science_demo_contract_0001,region_ne_india_myanmar_r1,region_ne_india_myanmar_r1_b03_03,2014-09,myd14a1_061_aqua,18.8383,0.896341,calibration_not_released,unavailable
art_science_demo_contract_0001,region_ne_india_myanmar_r1,region_ne_india_myanmar_r1_b03_04,2014-09,myd14a1_061_aqua,20.2383,0.908341,calibration_not_released,unavailable
art_science_demo_contract_0001,region_ne_india_myanmar_r1,region_ne_india_myanmar_r1_b01_01,2014-10,myd14a1_061_aqua,11.8319,0.852034,calibration_not_released,unavailable
art_science_demo_contract_0001,region_ne_india_myanmar_r1,region_ne_india_myanmar_r1_b01_02,2014-10,myd14a1_061_aqua,13.2319,0.864034,calibration_not_released,unavailable
art_science_demo_contract_0001,region_ne_india_myanmar_r1,region_ne_india_myanmar_r1_b01_03,2014-10,myd14a1_061_aqua,14.6319,0.864034,calibration_not_released,unavailable
art_science_demo_contract_0001,region_ne_india_myanmar_r1,region_ne_india_myanmar_r1_b01_04,2014-10,myd14a1_061_aqua,16.0319,0.852034,calibration_not_released,unavailable
art_science_demo_contract_0001,region_ne_india_myanmar_r1,region_ne_india_myanmar_r1_b02_01,2014-10,myd14a1_061_aqua,16.7319,0.846034,calibration_not_released,unavailable
art_science_demo_contract_0001,region_ne_india_myanmar_r1,region_ne_india_myanmar_r1_b02_02,2014-10,myd14a1_061_aqua,11.8319,0.852034,calibration_not_released,unavailable
art_science_demo_contract_0001,region_ne_india_myanmar_r1,region_ne_india_myanmar_r1_b02_03,2014-10,myd14a1_061_aqua,13.2319,0.864034,calibration_not_released,unavailable
art_science_demo_contract_0001,region_ne_india_myanmar_r1,region_ne_india_myanmar_r1_b02_04,2014-10,myd14a1_061_aqua,14.6319,0.864034,calibration_not_released,unavailable
art_science_demo_contract_0001,region_ne_india_myanmar_r1,region_ne_india_myanmar_r1_b03_01,2014-10,myd14a1_061_aqua,15.3319,0.858034,calibration_not_released,unavailable
art_science_demo_contract_0001,region_ne_india_myanmar_r1,region_ne_india_myanmar_r1_b03_02,2014-10,myd14a1_061_aqua,16.7319,0.846034,calibration_not_released,unavailable
art_science_demo_contract_0001,region_ne_india_myanmar_r1,region_ne_india_myanmar_r1_b03_03,2014-10,myd14a1_061_aqua,11.8319,0.852034,calibration_not_released,unavailable
art_science_demo_contract_0001,region_ne_india_myanmar_r1,region_ne_india_myanmar_r1_b03_04,2014-10,myd14a1_061_aqua,13.2319,0.864034,calibration_not_released,unavailable
art_science_demo_contract_0001,region_ne_india_myanmar_r1,region_ne_india_myanmar_r1_b01_01,2014-11,myd14a1_061_aqua,7.344,0.878304,calibration_not_released,unavailable
art_science_demo_contract_0001,region_ne_india_myanmar_r1,region_ne_india_myanmar_r1_b01_02,2014-11,myd14a1_061_aqua,8.744,0.890304,calibration_not_released,unavailable
art_science_demo_contract_0001,region_ne_india_myanmar_r1,region_ne_india_myanmar_r1_b01_03,2014-11,myd14a1_061_aqua,10.144,0.878304,calibration_not_released,unavailable
art_science_demo_contract_0001,region_ne_india_myanmar_r1,region_ne_india_myanmar_r1_b01_04,2014-11,myd14a1_061_aqua,11.544,0.866304,calibration_not_released,unavailable
art_science_demo_contract_0001,region_ne_india_myanmar_r1,region_ne_india_myanmar_r1_b02_01,2014-11,myd14a1_061_aqua,5.944,0.866304,calibration_not_released,unavailable
art_science_demo_contract_0001,region_ne_india_myanmar_r1,region_ne_india_myanmar_r1_b02_02,2014-11,myd14a1_061_aqua,7.344,0.878304,calibration_not_released,unavailable
art_science_demo_contract_0001,region_ne_india_myanmar_r1,region_ne_india_myanmar_r1_b02_03,2014-11,myd14a1_061_aqua,8.744,0.890304,calibration_not_released,unavailable
art_science_demo_contract_0001,region_ne_india_myanmar_r1,region_ne_india_myanmar_r1_b02_04,2014-11,myd14a1_061_aqua,10.144,0.878304,calibration_not_released,unavailable
art_science_demo_contract_0001,region_ne_india_myanmar_r1,region_ne_india_myanmar_r1_b03_01,2014-11,myd14a1_061_aqua,10.844,0.872304,calibration_not_released,unavailable
art_science_demo_contract_0001,region_ne_india_myanmar_r1,region_ne_india_myanmar_r1_b03_02,2014-11,myd14a1_061_aqua,5.944,0.866304,calibration_not_released,unavailable
art_science_demo_contract_0001,region_ne_india_myanmar_r1,region_ne_india_myanmar_r1_b03_03,2014-11,myd14a1_061_aqua,7.344,0.878304,calibration_not_released,unavailable
art_science_demo_contract_0001,region_ne_india_myanmar_r1,region_ne_india_myanmar_r1_b03_04,2014-11,myd14a1_061_aqua,8.744,0.890304,calibration_not_released,unavailable
art_science_demo_contract_0001,region_ne_india_myanmar_r1,region_ne_india_myanmar_r1_b01_01,2014-12,myd14a1_061_aqua,16.9565,0.873944,calibration_not_released,unavailable
art_science_demo_contract_0001,region_ne_india_myanmar_r1,region_ne_india_myanmar_r1_b01_02,2014-12,myd14a1_061_aqua,18.3565,0.873944,calibration_not_released,unavailable
art_science_demo_contract_0001,region_ne_india_myanmar_r1,region_ne_india_myanmar_r1_b01_03,2014-12,myd14a1_061_aqua,19.7565,0.861944,calibration_not_released,unavailable
art_science_demo_contract_0001,region_ne_india_myanmar_r1,region_ne_india_myanmar_r1_b01_04,2014-12,myd14a1_061_aqua,14.8565,0.855944,calibration_not_released,unavailable
art_science_demo_contract_0001,region_ne_india_myanmar_r1,region_ne_india_myanmar_r1_b02_01,2014-12,myd14a1_061_aqua,15.5565,0.861944,calibration_not_released,unavailable
art_science_demo_contract_0001,region_ne_india_myanmar_r1,region_ne_india_myanmar_r1_b02_02,2014-12,myd14a1_061_aqua,16.9565,0.873944,calibration_not_released,unavailable
art_science_demo_contract_0001,region_ne_india_myanmar_r1,region_ne_india_myanmar_r1_b02_03,2014-12,myd14a1_061_aqua,18.3565,0.873944,calibration_not_released,unavailable
art_science_demo_contract_0001,region_ne_india_myanmar_r1,region_ne_india_myanmar_r1_b02_04,2014-12,myd14a1_061_aqua,19.7565,0.861944,calibration_not_released,unavailable
art_science_demo_contract_0001,region_ne_india_myanmar_r1,region_ne_india_myanmar_r1_b03_01,2014-12,myd14a1_061_aqua,20.4565,0.855944,calibration_not_released,unavailable
art_science_demo_contract_0001,region_ne_india_myanmar_r1,region_ne_india_myanmar_r1_b03_02,2014-12,myd14a1_061_aqua,15.5565,0.861944,calibration_not_released,unavailable
art_science_demo_contract_0001,region_ne_india_myanmar_r1,region_ne_india_myanmar_r1_b03_03,2014-12,myd14a1_061_aqua,16.9565,0.873944,calibration_not_released,unavailable
art_science_demo_contract_0001,region_ne_india_myanmar_r1,region_ne_india_myanmar_r1_b03_04,2014-12,myd14a1_061_aqua,18.3565,0.873944,calibration_not_released,unavailable
art_science_demo_contract_0001,region_ne_india_myanmar_r1,region_ne_india_myanmar_r1_b01_01,2015-01,myd14a1_061_aqua,47.0673,0.921642,calibration_not_released,unavailable
art_science_demo_contract_0001,region_ne_india_myanmar_r1,region_ne_india_myanmar_r1_b01_02,2015-01,myd14a1_061_aqua,48.4673,0.933642,calibration_not_released,unavailable
art_science_demo_contract_0001,region_ne_india_myanmar_r1,region_ne_india_myanmar_r1_b01_03,2015-01,myd14a1_061_aqua,49.8673,0.933642,calibration_not_released,unavailable
art_science_demo_contract_0001,region_ne_india_myanmar_r1,region_ne_india_myanmar_r1_b01_04,2015-01,myd14a1_061_aqua,51.2673,0.921642,calibration_not_released,unavailable
art_science_demo_contract_0001,region_ne_india_myanmar_r1,region_ne_india_myanmar_r1_b02_01,2015-01,myd14a1_061_aqua,51.9673,0.915642,calibration_not_released,unavailable
art_science_demo_contract_0001,region_ne_india_myanmar_r1,region_ne_india_myanmar_r1_b02_02,2015-01,myd14a1_061_aqua,47.0673,0.921642,calibration_not_released,unavailable
art_science_demo_contract_0001,region_ne_india_myanmar_r1,region_ne_india_myanmar_r1_b02_03,2015-01,myd14a1_061_aqua,48.4673,0.933642,calibration_not_released,unavailable
art_science_demo_contract_0001,region_ne_india_myanmar_r1,region_ne_india_myanmar_r1_b02_04,2015-01,myd14a1_061_aqua,49.8673,0.933642,calibration_not_released,unavailable
art_science_demo_contract_0001,region_ne_india_myanmar_r1,region_ne_india_myanmar_r1_b03_01,2015-01,myd14a1_061_aqua,50.5673,0.927642,calibration_not_released,unavailable
art_science_demo_contract_0001,region_ne_india_myanmar_r1,region_ne_india_myanmar_r1_b03_02,2015-01,myd14a1_061_aqua,51.9673,0.915642,calibration_not_released,unavailable
art_science_demo_contract_0001,region_ne_india_myanmar_r1,region_ne_india_myanmar_r1_b03_03,2015-01,myd14a1_061_aqua,47.0673,0.921642,calibration_not_released,unavailable
art_science_demo_contract_0001,region_ne_india_myanmar_r1,region_ne_india_myanmar_r1_b03_04,2015-01,myd14a1_061_aqua,48.4673,0.933642,calibration_not_released,unavailable
art_science_demo_contract_0001,region_ne_india_myanmar_r1,region_ne_india_myanmar_r1_b01_01,2015-02,myd14a1_061_aqua,42.6598,0.897807,calibration_not_released,unavailable
art_science_demo_contract_0001,region_ne_india_myanmar_r1,region_ne_india_myanmar_r1_b01_02,2015-02,myd14a1_061_aqua,44.0598,0.909807,calibration_not_released,unavailable
art_science_demo_contract_0001,region_ne_india_myanmar_r1,region_ne_india_myanmar_r1_b01_03,2015-02,myd14a1_061_aqua,45.4598,0.897807,calibration_not_released,unavailable
art_science_demo_contract_0001,region_ne_india_myanmar_r1,region_ne_india_myanmar_r1_b01_04,2015-02,myd14a1_061_aqua,46.8598,0.885807,calibration_not_released,unavailable
art_science_demo_contract_0001,region_ne_india_myanmar_r1,region_ne_india_myanmar_r1_b02_01,2015-02,myd14a1_061_aqua,41.2598,0.885807,calibration_not_released,unavailable
art_science_demo_contract_0001,region_ne_india_myanmar_r1,region_ne_india_myanmar_r1_b02_02,2015-02,myd14a1_061_aqua,42.6598,0.897807,calibration_not_released,unavailable
art_science_demo_contract_0001,region_ne_india_myanmar_r1,region_ne_india_myanmar_r1_b02_03,2015-02,myd14a1_061_aqua,44.0598,0.909807,calibration_not_released,unavailable
art_science_demo_contract_0001,region_ne_india_myanmar_r1,region_ne_india_myanmar_r1_b02_04,2015-02,myd14a1_061_aqua,45.4598,0.897807,calibration_not_released,unavailable
art_science_demo_contract_0001,region_ne_india_myanmar_r1,region_ne_india_myanmar_r1_b03_01,2015-02,myd14a1_061_aqua,46.1598,0.891807,calibration_not_released,unavailable
art_science_demo_contract_0001,region_ne_india_myanmar_r1,region_ne_india_myanmar_r1_b03_02,2015-02,myd14a1_061_aqua,41.2598,0.885807,calibration_not_released,unavailable
art_science_demo_contract_0001,region_ne_india_myanmar_r1,region_ne_india_myanmar_r1_b03_03,2015-02,myd14a1_061_aqua,42.6598,0.897807,calibration_not_released,unavailable
art_science_demo_contract_0001,region_ne_india_myanmar_r1,region_ne_india_myanmar_r1_b03_04,2015-02,myd14a1_061_aqua,44.0598,0.909807,calibration_not_released,unavailable
art_science_demo_contract_0001,region_ne_india_myanmar_r1,region_ne_india_myanmar_r1_b01_01,2015-03,myd14a1_061_aqua,63.6813,0.863818,calibration_not_released,unavailable
art_science_demo_contract_0001,region_ne_india_myanmar_r1,region_ne_india_myanmar_r1_b01_02,2015-03,myd14a1_061_aqua,65.0813,0.863818,calibration_not_released,unavailable
art_science_demo_contract_0001,region_ne_india_myanmar_r1,region_ne_india_myanmar_r1_b01_03,2015-03,myd14a1_061_aqua,66.4813,0.851818,calibration_not_released,unavailable
art_science_demo_contract_0001,region_ne_india_myanmar_r1,region_ne_india_myanmar_r1_b01_04,2015-03,myd14a1_061_aqua,61.5813,0.845818,calibration_not_released,unavailable
art_science_demo_contract_0001,region_ne_india_myanmar_r1,region_ne_india_myanmar_r1_b02_01,2015-03,myd14a1_061_aqua,62.2813,0.851818,calibration_not_released,unavailable
art_science_demo_contract_0001,region_ne_india_myanmar_r1,region_ne_india_myanmar_r1_b02_02,2015-03,myd14a1_061_aqua,63.6813,0.863818,calibration_not_released,unavailable
art_science_demo_contract_0001,region_ne_india_myanmar_r1,region_ne_india_myanmar_r1_b02_03,2015-03,myd14a1_061_aqua,65.0813,0.863818,calibration_not_released,unavailable
art_science_demo_contract_0001,region_ne_india_myanmar_r1,region_ne_india_myanmar_r1_b02_04,2015-03,myd14a1_061_aqua,66.4813,0.851818,calibration_not_released,unavailable
art_science_demo_contract_0001,region_ne_india_myanmar_r1,region_ne_india_myanmar_r1_b03_01,2015-03,myd14a1_061_aqua,67.1813,0.845818,calibration_not_released,unavailable
art_science_demo_contract_0001,region_ne_india_myanmar_r1,region_ne_india_myanmar_r1_b03_02,2015-03,myd14a1_061_aqua,62.2813,0.851818,calibration_not_released,unavailable
art_science_demo_contract_0001,region_ne_india_myanmar_r1,region_ne_india_myanmar_r1_b03_03,2015-03,myd14a1_061_aqua,63.6813,0.863818,calibration_not_released,unavailable
art_science_demo_contract_0001,region_ne_india_myanmar_r1,region_ne_india_myanmar_r1_b03_04,2015-03,myd14a1_061_aqua,65.0813,0.863818,calibration_not_released,unavailable
art_science_demo_contract_0001,region_ne_india_myanmar_r1,region_ne_india_myanmar_r1_b01_01,2015-04,myd14a1_061_aqua,43.9216,0.919913,calibration_not_released,unavailable
art_science_demo_contract_0001,region_ne_india_myanmar_r1,region_ne_india_myanmar_r1_b01_02,2015-04,myd14a1_061_aqua,45.3216,0.907913,calibration_not_released,unavailable
art_science_demo_contract_0001,region_ne_india_myanmar_r1,region_ne_india_myanmar_r1_b01_03,2015-04,myd14a1_061_aqua,46.7216,0.895913,calibration_not_released,unavailable
art_science_demo_contract_0001,region_ne_india_myanmar_r1,region_ne_india_myanmar_r1_b01_04,2015-04,myd14a1_061_aqua,41.8216,0.901913,calibration_not_released,unavailable
art_science_demo_contract_0001,region_ne_india_myanmar_r1,region_ne_india_myanmar_r1_b02_01,2015-04,myd14a1_061_aqua,42.5216,0.907913,calibration_not_released,unavailable
art_science_demo_contract_0001,region_ne_india_myanmar_r1,region_ne_india_myanmar_r1_b02_02,2015-04,myd14a1_061_aqua,43.9216,0.919913,calibration_not_released,unavailable
art_science_demo_contract_0001,region_ne_india_myanmar_r1,region_ne_india_myanmar_r1_b02_03,2015-04,myd14a1_061_aqua,45.3216,0.907913,calibration_not_released,unavailable
art_science_demo_contract_0001,region_ne_india_myanmar_r1,region_ne_india_myanmar_r1_b02_04,2015-04,myd14a1_061_aqua,46.7216,0.895913,calibration_not_released,unavailable
art_science_demo_contract_0001,region_ne_india_myanmar_r1,region_ne_india_myanmar_r1_b03_01,2015-04,myd14a1_061_aqua,41.1216,0.895913,calibration_not_released,unavailable
art_science_demo_contract_0001,region_ne_india_myanmar_r1,region_ne_india_myanmar_r1_b03_02,2015-04,myd14a1_061_aqua,42.5216,0.907913,calibration_not_released,unavailable
art_science_demo_contract_0001,region_ne_india_myanmar_r1,region_ne_india_myanmar_r1_b03_03,2015-04,myd14a1_061_aqua,43.9216,0.919913,calibration_not_released,unavailable
art_science_demo_contract_0001,region_ne_india_myanmar_r1,region_ne_india_myanmar_r1_b03_04,2015-04,myd14a1_061_aqua,45.3216,0.907913,calibration_not_released,unavailable
art_science_demo_contract_0001,region_ne_india_myanmar_r1,region_ne_india_myanmar_r1_b01_01,2015-05,myd14a1_061_aqua,48.1426,0.923704,calibration_not_released,unavailable
art_science_demo_contract_0001,region_ne_india_myanmar_r1,region_ne_india_myanmar_r1_b01_02,2015-05,myd14a1_061_aqua,49.5426,0.911704,calibration_not_released,unavailable
art_science_demo_contract_0001,region_ne_india_myanmar_r1,region_ne_india_myanmar_r1_b01_03,2015-05,myd14a1_061_aqua,44.6426,0.905704,calibration_not_released,unavailable
art_science_demo_contract_0001,region_ne_india_myanmar_r1,region_ne_india_myanmar_r1_b01_04,2015-05,myd14a1_061_aqua,46.0426,0.917704,calibration_not_released,unavailable
art_science_demo_contract_0001,region_ne_india_myanmar_r1,region_ne_india_myanmar_r1_b02_01,2015-05,myd14a1_061_aqua,46.7426,0.923704,calibration_not_released,unavailable
art_science_demo_contract_0001,region_ne_india_myanmar_r1,region_ne_india_myanmar_r1_b02_02,2015-05,myd14a1_061_aqua,48.1426,0.923704,calibration_not_released,unavailable
art_science_demo_contract_0001,region_ne_india_myanmar_r1,region_ne_india_myanmar_r1_b02_03,2015-05,myd14a1_061_aqua,49.5426,0.911704,calibration_not_released,unavailable
art_science_demo_contract_0001,region_ne_india_myanmar_r1,region_ne_india_myanmar_r1_b02_04,2015-05,myd14a1_061_aqua,44.6426,0.905704,calibration_not_released,unavailable
art_science_demo_contract_0001,region_ne_india_myanmar_r1,region_ne_india_myanmar_r1_b03_01,2015-05,myd14a1_061_aqua,45.3426,0.911704,calibration_not_released,unavailable
art_science_demo_contract_0001,region_ne_india_myanmar_r1,region_ne_india_myanmar_r1_b03_02,2015-05,myd14a1_061_aqua,46.7426,0.923704,calibration_not_released,unavailable
art_science_demo_contract_0001,region_ne_india_myanmar_r1,region_ne_india_myanmar_r1_b03_03,2015-05,myd14a1_061_aqua,48.1426,0.923704,calibration_not_released,unavailable
art_science_demo_contract_0001,region_ne_india_myanmar_r1,region_ne_india_myanmar_r1_b03_04,2015-05,myd14a1_061_aqua,49.5426,0.911704,calibration_not_released,unavailable
art_science_demo_contract_0001,region_ne_india_myanmar_r1,region_ne_india_myanmar_r1_b01_01,2015-06,myd14a1_061_aqua,47.3574,0.857726,calibration_not_released,unavailable
art_science_demo_contract_0001,region_ne_india_myanmar_r1,region_ne_india_myanmar_r1_b01_02,2015-06,myd14a1_061_aqua,48.7574,0.845726,calibration_not_released,unavailable
art_science_demo_contract_0001,region_ne_india_myanmar_r1,region_ne_india_myanmar_r1_b01_03,2015-06,myd14a1_061_aqua,43.8574,0.851726,calibration_not_released,unavailable
art_science_demo_contract_0001,region_ne_india_myanmar_r1,region_ne_india_myanmar_r1_b01_04,2015-06,myd14a1_061_aqua,45.2574,0.863726,calibration_not_released,unavailable
art_science_demo_contract_0001,region_ne_india_myanmar_r1,region_ne_india_myanmar_r1_b02_01,2015-06,myd14a1_061_aqua,45.9574,0.869726,calibration_not_released,unavailable
art_science_demo_contract_0001,region_ne_india_myanmar_r1,region_ne_india_myanmar_r1_b02_02,2015-06,myd14a1_061_aqua,47.3574,0.857726,calibration_not_released,unavailable
art_science_demo_contract_0001,region_ne_india_myanmar_r1,region_ne_india_myanmar_r1_b02_03,2015-06,myd14a1_061_aqua,48.7574,0.845726,calibration_not_released,unavailable
art_science_demo_contract_0001,region_ne_india_myanmar_r1,region_ne_india_myanmar_r1_b02_04,2015-06,myd14a1_061_aqua,43.8574,0.851726,calibration_not_released,unavailable
art_science_demo_contract_0001,region_ne_india_myanmar_r1,region_ne_india_myanmar_r1_b03_01,2015-06,myd14a1_061_aqua,44.5574,0.857726,calibration_not_released,unavailable
art_science_demo_contract_0001,region_ne_india_myanmar_r1,region_ne_india_myanmar_r1_b03_02,2015-06,myd14a1_061_aqua,45.9574,0.869726,calibration_not_released,unavailable
art_science_demo_contract_0001,region_ne_india_myanmar_r1,region_ne_india_myanmar_r1_b03_03,2015-06,myd14a1_061_aqua,47.3574,0.857726,calibration_not_released,unavailable
art_science_demo_contract_0001,region_ne_india_myanmar_r1,region_ne_india_myanmar_r1_b03_04,2015-06,myd14a1_061_aqua,48.7574,0.845726,calibration_not_released,unavailable
art_science_demo_contract_0001,region_ne_india_myanmar_r1,region_ne_india_myanmar_r1_b01_01,2015-07,myd14a1_061_aqua,37.7013,0.892007,calibration_not_released,unavailable
art_science_demo_contract_0001,region_ne_india_myanmar_r1,region_ne_india_myanmar_r1_b01_02,2015-07,myd14a1_061_aqua,32.8013,0.886007,calibration_not_released,unavailable
art_science_demo_contract_0001,region_ne_india_myanmar_r1,region_ne_india_myanmar_r1_b01_03,2015-07,myd14a1_061_aqua,34.2013,0.898007,calibration_not_released,unavailable
art_science_demo_contract_0001,region_ne_india_myanmar_r1,region_ne_india_myanmar_r1_b01_04,2015-07,myd14a1_061_aqua,35.6013,0.910007,calibration_not_released,unavailable
art_science_demo_contract_0001,region_ne_india_myanmar_r1,region_ne_india_myanmar_r1_b02_01,2015-07,myd14a1_061_aqua,36.3013,0.904007,calibration_not_released,unavailable
art_science_demo_contract_0001,region_ne_india_myanmar_r1,region_ne_india_myanmar_r1_b02_02,2015-07,myd14a1_061_aqua,37.7013,0.892007,calibration_not_released,unavailable
art_science_demo_contract_0001,region_ne_india_myanmar_r1,region_ne_india_myanmar_r1_b02_03,2015-07,myd14a1_061_aqua,32.8013,0.886007,calibration_not_released,unavailable
art_science_demo_contract_0001,region_ne_india_myanmar_r1,region_ne_india_myanmar_r1_b02_04,2015-07,myd14a1_061_aqua,34.2013,0.898007,calibration_not_released,unavailable
art_science_demo_contract_0001,region_ne_india_myanmar_r1,region_ne_india_myanmar_r1_b03_01,2015-07,myd14a1_061_aqua,34.9013,0.904007,calibration_not_released,unavailable
art_science_demo_contract_0001,region_ne_india_myanmar_r1,region_ne_india_myanmar_r1_b03_02,2015-07,myd14a1_061_aqua,36.3013,0.904007,calibration_not_released,unavailable
art_science_demo_contract_0001,region_ne_india_myanmar_r1,region_ne_india_myanmar_r1_b03_03,2015-07,myd14a1_061_aqua,37.7013,0.892007,calibration_not_released,unavailable
art_science_demo_contract_0001,region_ne_india_myanmar_r1,region_ne_india_myanmar_r1_b03_04,2015-07,myd14a1_061_aqua,32.8013,0.886007,calibration_not_released,unavailable
art_science_demo_contract_0001,region_ne_india_myanmar_r1,region_ne_india_myanmar_r1_b01_01,2015-08,myd14a1_061_aqua,24.2777,0.835675,calibration_not_released,unavailable
art_science_demo_contract_0001,region_ne_india_myanmar_r1,region_ne_india_myanmar_r1_b01_02,2015-08,myd14a1_061_aqua,19.3777,0.841675,calibration_not_released,unavailable
art_science_demo_contract_0001,region_ne_india_myanmar_r1,region_ne_india_myanmar_r1_b01_03,2015-08,myd14a1_061_aqua,20.7777,0.853675,calibration_not_released,unavailable
art_science_demo_contract_0001,region_ne_india_myanmar_r1,region_ne_india_myanmar_r1_b01_04,2015-08,myd14a1_061_aqua,22.1777,0.853675,calibration_not_released,unavailable
art_science_demo_contract_0001,region_ne_india_myanmar_r1,region_ne_india_myanmar_r1_b02_01,2015-08,myd14a1_061_aqua,22.8777,0.847675,calibration_not_released,unavailable
art_science_demo_contract_0001,region_ne_india_myanmar_r1,region_ne_india_myanmar_r1_b02_02,2015-08,myd14a1_061_aqua,24.2777,0.835675,calibration_not_released,unavailable
art_science_demo_contract_0001,region_ne_india_myanmar_r1,region_ne_india_myanmar_r1_b02_03,2015-08,myd14a1_061_aqua,19.3777,0.841675,calibration_not_released,unavailable
art_science_demo_contract_0001,region_ne_india_myanmar_r1,region_ne_india_myanmar_r1_b02_04,2015-08,myd14a1_061_aqua,20.7777,0.853675,calibration_not_released,unavailable
art_science_demo_contract_0001,region_ne_india_myanmar_r1,region_ne_india_myanmar_r1_b03_01,2015-08,myd14a1_061_aqua,21.4777,0.859675,calibration_not_released,unavailable
art_science_demo_contract_0001,region_ne_india_myanmar_r1,region_ne_india_myanmar_r1_b03_02,2015-08,myd14a1_061_aqua,22.8777,0.847675,calibration_not_released,unavailable
art_science_demo_contract_0001,region_ne_india_myanmar_r1,region_ne_india_myanmar_r1_b03_03,2015-08,myd14a1_061_aqua,24.2777,0.835675,calibration_not_released,unavailable
art_science_demo_contract_0001,region_ne_india_myanmar_r1,region_ne_india_myanmar_r1_b03_04,2015-08,myd14a1_061_aqua,19.3777,0.841675,calibration_not_released,unavailable
art_science_demo_contract_0001,region_ne_india_myanmar_r1,region_ne_india_myanmar_r1_b01_01,2015-09,myd14a1_061_aqua,9.1382,0.925967,calibration_not_released,unavailable
art_science_demo_contract_0001,region_ne_india_myanmar_r1,region_ne_india_myanmar_r1_b01_02,2015-09,myd14a1_061_aqua,10.5382,0.937967,calibration_not_released,unavailable
art_science_demo_contract_0001,region_ne_india_myanmar_r1,region_ne_india_myanmar_r1_b01_03,2015-09,myd14a1_061_aqua,11.9382,0.949967,calibration_not_released,unavailable
art_science_demo_contract_0001,region_ne_india_myanmar_r1,region_ne_india_myanmar_r1_b01_04,2015-09,myd14a1_061_aqua,13.3382,0.937967,calibration_not_released,unavailable
art_science_demo_contract_0001,region_ne_india_myanmar_r1,region_ne_india_myanmar_r1_b02_01,2015-09,myd14a1_061_aqua,14.0382,0.931967,calibration_not_released,unavailable
art_science_demo_contract_0001,region_ne_india_myanmar_r1,region_ne_india_myanmar_r1_b02_02,2015-09,myd14a1_061_aqua,9.1382,0.925967,calibration_not_released,unavailable
art_science_demo_contract_0001,region_ne_india_myanmar_r1,region_ne_india_myanmar_r1_b02_03,2015-09,myd14a1_061_aqua,10.5382,0.937967,calibration_not_released,unavailable
art_science_demo_contract_0001,region_ne_india_myanmar_r1,region_ne_india_myanmar_r1_b02_04,2015-09,myd14a1_061_aqua,11.9382,0.949967,calibration_not_released,unavailable
art_science_demo_contract_0001,region_ne_india_myanmar_r1,region_ne_india_myanmar_r1_b03_01,2015-09,myd14a1_061_aqua,12.6382,0.943967,calibration_not_released,unavailable
art_science_demo_contract_0001,region_ne_india_myanmar_r1,region_ne_india_myanmar_r1_b03_02,2015-09,myd14a1_061_aqua,14.0382,0.931967,calibration_not_released,unavailable
art_science_demo_contract_0001,region_ne_india_myanmar_r1,region_ne_india_myanmar_r1_b03_03,2015-09,myd14a1_061_aqua,9.1382,0.925967,calibration_not_released,unavailable
art_science_demo_contract_0001,region_ne_india_myanmar_r1,region_ne_india_myanmar_r1_b03_04,2015-09,myd14a1_061_aqua,10.5382,0.937967,calibration_not_released,unavailable
art_science_demo_contract_0001,region_ne_india_myanmar_r1,region_ne_india_myanmar_r1_b01_01,2015-10,myd14a1_061_aqua,13.9796,0.901718,calibration_not_released,unavailable
art_science_demo_contract_0001,region_ne_india_myanmar_r1,region_ne_india_myanmar_r1_b01_02,2015-10,myd14a1_061_aqua,15.3796,0.913718,calibration_not_released,unavailable
art_science_demo_contract_0001,region_ne_india_myanmar_r1,region_ne_india_myanmar_r1_b01_03,2015-10,myd14a1_061_aqua,16.7796,0.913718,calibration_not_released,unavailable
art_science_demo_contract_0001,region_ne_india_myanmar_r1,region_ne_india_myanmar_r1_b01_04,2015-10,myd14a1_061_aqua,18.1796,0.901718,calibration_not_released,unavailable
art_science_demo_contract_0001,region_ne_india_myanmar_r1,region_ne_india_myanmar_r1_b02_01,2015-10,myd14a1_061_aqua,18.8796,0.895718,calibration_not_released,unavailable
art_science_demo_contract_0001,region_ne_india_myanmar_r1,region_ne_india_myanmar_r1_b02_02,2015-10,myd14a1_061_aqua,13.9796,0.901718,calibration_not_released,unavailable
art_science_demo_contract_0001,region_ne_india_myanmar_r1,region_ne_india_myanmar_r1_b02_03,2015-10,myd14a1_061_aqua,15.3796,0.913718,calibration_not_released,unavailable
art_science_demo_contract_0001,region_ne_india_myanmar_r1,region_ne_india_myanmar_r1_b02_04,2015-10,myd14a1_061_aqua,16.7796,0.913718,calibration_not_released,unavailable
art_science_demo_contract_0001,region_ne_india_myanmar_r1,region_ne_india_myanmar_r1_b03_01,2015-10,myd14a1_061_aqua,17.4796,0.907718,calibration_not_released,unavailable
art_science_demo_contract_0001,region_ne_india_myanmar_r1,region_ne_india_myanmar_r1_b03_02,2015-10,myd14a1_061_aqua,18.8796,0.895718,calibration_not_released,unavailable
art_science_demo_contract_0001,region_ne_india_myanmar_r1,region_ne_india_myanmar_r1_b03_03,2015-10,myd14a1_061_aqua,13.9796,0.901718,calibration_not_released,unavailable
art_science_demo_contract_0001,region_ne_india_myanmar_r1,region_ne_india_myanmar_r1_b03_04,2015-10,myd14a1_061_aqua,15.3796,0.913718,calibration_not_released,unavailable
art_science_demo_contract_0001,region_ne_india_myanmar_r1,region_ne_india_myanmar_r1_b01_01,2015-11,myd14a1_061_aqua,18.0175,0.85781,calibration_not_released,unavailable
art_science_demo_contract_0001,region_ne_india_myanmar_r1,region_ne_india_myanmar_r1_b01_02,2015-11,myd14a1_061_aqua,19.4175,0.86981,calibration_not_released,unavailable
art_science_demo_contract_0001,region_ne_india_myanmar_r1,region_ne_india_myanmar_r1_b01_03,2015-11,myd14a1_061_aqua,20.8175,0.85781,calibration_not_released,unavailable
art_science_demo_contract_0001,region_ne_india_myanmar_r1,region_ne_india_myanmar_r1_b01_04,2015-11,myd14a1_061_aqua,22.2175,0.84581,calibration_not_released,unavailable
art_science_demo_contract_0001,region_ne_india_myanmar_r1,region_ne_india_myanmar_r1_b02_01,2015-11,myd14a1_061_aqua,16.6175,0.84581,calibration_not_released,unavailable
art_science_demo_contract_0001,region_ne_india_myanmar_r1,region_ne_india_myanmar_r1_b02_02,2015-11,myd14a1_061_aqua,18.0175,0.85781,calibration_not_released,unavailable
art_science_demo_contract_0001,region_ne_india_myanmar_r1,region_ne_india_myanmar_r1_b02_03,2015-11,myd14a1_061_aqua,19.4175,0.86981,calibration_not_released,unavailable
art_science_demo_contract_0001,region_ne_india_myanmar_r1,region_ne_india_myanmar_r1_b02_04,2015-11,myd14a1_061_aqua,20.8175,0.85781,calibration_not_released,unavailable
art_science_demo_contract_0001,region_ne_india_myanmar_r1,region_ne_india_myanmar_r1_b03_01,2015-11,myd14a1_061_aqua,21.5175,0.85181,calibration_not_released,unavailable
art_science_demo_contract_0001,region_ne_india_myanmar_r1,region_ne_india_myanmar_r1_b03_02,2015-11,myd14a1_061_aqua,16.6175,0.84581,calibration_not_released,unavailable
art_science_demo_contract_0001,region_ne_india_myanmar_r1,region_ne_india_myanmar_r1_b03_03,2015-11,myd14a1_061_aqua,18.0175,0.85781,calibration_not_released,unavailable
art_science_demo_contract_0001,region_ne_india_myanmar_r1,region_ne_india_myanmar_r1_b03_04,2015-11,myd14a1_061_aqua,19.4175,0.86981,calibration_not_released,unavailable
art_science_demo_contract_0001,region_ne_india_myanmar_r1,region_ne_india_myanmar_r1_b01_01,2015-12,myd14a1_061_aqua,16.1404,0.923903,calibration_not_released,unavailable
art_science_demo_contract_0001,region_ne_india_myanmar_r1,region_ne_india_myanmar_r1_b01_02,2015-12,myd14a1_061_aqua,17.5404,0.923903,calibration_not_released,unavailable
art_science_demo_contract_0001,region_ne_india_myanmar_r1,region_ne_india_myanmar_r1_b01_03,2015-12,myd14a1_061_aqua,18.9404,0.911903,calibration_not_released,unavailable
art_science_demo_contract_0001,region_ne_india_myanmar_r1,region_ne_india_myanmar_r1_b01_04,2015-12,myd14a1_061_aqua,14.0404,0.905903,calibration_not_released,unavailable
art_science_demo_contract_0001,region_ne_india_myanmar_r1,region_ne_india_myanmar_r1_b02_01,2015-12,myd14a1_061_aqua,14.7404,0.911903,calibration_not_released,unavailable
art_science_demo_contract_0001,region_ne_india_myanmar_r1,region_ne_india_myanmar_r1_b02_02,2015-12,myd14a1_061_aqua,16.1404,0.923903,calibration_not_released,unavailable
art_science_demo_contract_0001,region_ne_india_myanmar_r1,region_ne_india_myanmar_r1_b02_03,2015-12,myd14a1_061_aqua,17.5404,0.923903,calibration_not_released,unavailable
art_science_demo_contract_0001,region_ne_india_myanmar_r1,region_ne_india_myanmar_r1_b02_04,2015-12,myd14a1_061_aqua,18.9404,0.911903,calibration_not_released,unavailable
art_science_demo_contract_0001,region_ne_india_myanmar_r1,region_ne_india_myanmar_r1_b03_01,2015-12,myd14a1_061_aqua,19.6404,0.905903,calibration_not_released,unavailable
art_science_demo_contract_0001,region_ne_india_myanmar_r1,region_ne_india_myanmar_r1_b03_02,2015-12,myd14a1_061_aqua,14.7404,0.911903,calibration_not_released,unavailable
art_science_demo_contract_0001,region_ne_india_myanmar_r1,region_ne_india_myanmar_r1_b03_03,2015-12,myd14a1_061_aqua,16.1404,0.923903,calibration_not_released,unavailable
art_science_demo_contract_0001,region_ne_india_myanmar_r1,region_ne_india_myanmar_r1_b03_04,2015-12,myd14a1_061_aqua,17.5404,0.923903,calibration_not_released,unavailable
art_science_demo_contract_0001,region_ne_india_myanmar_r1,region_ne_india_myanmar_r1_b01_01,2016-01,myd14a1_061_aqua,39.9489,0.862215,calibration_not_released,unavailable
art_science_demo_contract_0001,region_ne_india_myanmar_r1,region_ne_india_myanmar_r1_b01_02,2016-01,myd14a1_061_aqua,41.3489,0.874215,calibration_not_released,unavailable
art_science_demo_contract_0001,region_ne_india_myanmar_r1,region_ne_india_myanmar_r1_b01_03,2016-01,myd14a1_061_aqua,42.7489,0.874215,calibration_not_released,unavailable
art_science_demo_contract_0001,region_ne_india_myanmar_r1,region_ne_india_myanmar_r1_b01_04,2016-01,myd14a1_061_aqua,44.1489,0.862215,calibration_not_released,unavailable
art_science_demo_contract_0001,region_ne_india_myanmar_r1,region_ne_india_myanmar_r1_b02_01,2016-01,myd14a1_061_aqua,44.8489,0.856215,calibration_not_released,unavailable
art_science_demo_contract_0001,region_ne_india_myanmar_r1,region_ne_india_myanmar_r1_b02_02,2016-01,myd14a1_061_aqua,39.9489,0.862215,calibration_not_released,unavailable
art_science_demo_contract_0001,region_ne_india_myanmar_r1,region_ne_india_myanmar_r1_b02_03,2016-01,myd14a1_061_aqua,41.3489,0.874215,calibration_not_released,unavailable
art_science_demo_contract_0001,region_ne_india_myanmar_r1,region_ne_india_myanmar_r1_b02_04,2016-01,myd14a1_061_aqua,42.7489,0.874215,calibration_not_released,unavailable
art_science_demo_contract_0001,region_ne_india_myanmar_r1,region_ne_india_myanmar_r1_b03_01,2016-01,myd14a1_061_aqua,43.4489,0.868215,calibration_not_released,unavailable
art_science_demo_contract_0001,region_ne_india_myanmar_r1,region_ne_india_myanmar_r1_b03_02,2016-01,myd14a1_061_aqua,44.8489,0.856215,calibration_not_released,unavailable
art_science_demo_contract_0001,region_ne_india_myanmar_r1,region_ne_india_myanmar_r1_b03_03,2016-01,myd14a1_061_aqua,39.9489,0.862215,calibration_not_released,unavailable
art_science_demo_contract_0001,region_ne_india_myanmar_r1,region_ne_india_myanmar_r1_b03_04,2016-01,myd14a1_061_aqua,41.3489,0.874215,calibration_not_released,unavailable
art_science_demo_contract_0001,region_ne_india_myanmar_r1,region_ne_india_myanmar_r1_b01_01,2016-02,myd14a1_061_aqua,47.2367,0.927751,calibration_not_released,unavailable
art_science_demo_contract_0001,region_ne_india_myanmar_r1,region_ne_india_myanmar_r1_b01_02,2016-02,myd14a1_061_aqua,48.6367,0.939751,calibration_not_released,unavailable
art_science_demo_contract_0001,region_ne_india_myanmar_r1,region_ne_india_myanmar_r1_b01_03,2016-02,myd14a1_061_aqua,50.0367,0.927751,calibration_not_released,unavailable
art_science_demo_contract_0001,region_ne_india_myanmar_r1,region_ne_india_myanmar_r1_b01_04,2016-02,myd14a1_061_aqua,51.4367,0.915751,calibration_not_released,unavailable
art_science_demo_contract_0001,region_ne_india_myanmar_r1,region_ne_india_myanmar_r1_b02_01,2016-02,myd14a1_061_aqua,45.8367,0.915751,calibration_not_released,unavailable
art_science_demo_contract_0001,region_ne_india_myanmar_r1,region_ne_india_myanmar_r1_b02_02,2016-02,myd14a1_061_aqua,47.2367,0.927751,calibration_not_released,unavailable
art_science_demo_contract_0001,region_ne_india_myanmar_r1,region_ne_india_myanmar_r1_b02_03,2016-02,myd14a1_061_aqua,48.6367,0.939751,calibration_not_released,unavailable
art_science_demo_contract_0001,region_ne_india_myanmar_r1,region_ne_india_myanmar_r1_b02_04,2016-02,myd14a1_061_aqua,50.0367,0.927751,calibration_not_released,unavailable
art_science_demo_contract_0001,region_ne_india_myanmar_r1,region_ne_india_myanmar_r1_b03_01,2016-02,myd14a1_061_aqua,50.7367,0.921751,calibration_not_released,unavailable
art_science_demo_contract_0001,region_ne_india_myanmar_r1,region_ne_india_myanmar_r1_b03_02,2016-02,myd14a1_061_aqua,45.8367,0.915751,calibration_not_released,unavailable
art_science_demo_contract_0001,region_ne_india_myanmar_r1,region_ne_india_myanmar_r1_b03_03,2016-02,myd14a1_061_aqua,47.2367,0.927751,calibration_not_released,unavailable
art_science_demo_contract_0001,region_ne_india_myanmar_r1,region_ne_india_myanmar_r1_b03_04,2016-02,myd14a1_061_aqua,48.6367,0.939751,calibration_not_released,unavailable
art_science_demo_contract_0001,region_ne_india_myanmar_r1,region_ne_india_myanmar_r1_b01_01,2016-03,myd14a1_061_aqua,56.9222,0.944104,calibration_not_released,unavailable
art_science_demo_contract_0001,region_ne_india_myanmar_r1,region_ne_india_myanmar_r1_b01_02,2016-03,myd14a1_061_aqua,58.3222,0.944104,calibration_not_released,unavailable
art_science_demo_contract_0001,region_ne_india_myanmar_r1,region_ne_india_myanmar_r1_b01_03,2016-03,myd14a1_061_aqua,59.7222,0.932104,calibration_not_released,unavailable
art_science_demo_contract_0001,region_ne_india_myanmar_r1,region_ne_india_myanmar_r1_b01_04,2016-03,myd14a1_061_aqua,54.8222,0.926104,calibration_not_released,unavailable
art_science_demo_contract_0001,region_ne_india_myanmar_r1,region_ne_india_myanmar_r1_b02_01,2016-03,myd14a1_061_aqua,55.5222,0.932104,calibration_not_released,unavailable
art_science_demo_contract_0001,region_ne_india_myanmar_r1,region_ne_india_myanmar_r1_b02_02,2016-03,myd14a1_061_aqua,56.9222,0.944104,calibration_not_released,unavailable
art_science_demo_contract_0001,region_ne_india_myanmar_r1,region_ne_india_myanmar_r1_b02_03,2016-03,myd14a1_061_aqua,58.3222,0.944104,calibration_not_released,unavailable
art_science_demo_contract_0001,region_ne_india_myanmar_r1,region_ne_india_myanmar_r1_b02_04,2016-03,myd14a1_061_aqua,59.7222,0.932104,calibration_not_released,unavailable
art_science_demo_contract_0001,region_ne_india_myanmar_r1,region_ne_india_myanmar_r1_b03_01,2016-03,myd14a1_061_aqua,60.4222,0.926104,calibration_not_released,unavailable
art_science_demo_contract_0001,region_ne_india_myanmar_r1,region_ne_india_myanmar_r1_b03_02,2016-03,myd14a1_061_aqua,55.5222,0.932104,calibration_not_released,unavailable
art_science_demo_contract_0001,region_ne_india_myanmar_r1,region_ne_india_myanmar_r1_b03_03,2016-03,myd14a1_061_aqua,56.9222,0.944104,calibration_not_released,unavailable
art_science_demo_contract_0001,region_ne_india_myanmar_r1,region_ne_india_myanmar_r1_b03_04,2016-03,myd14a1_061_aqua,58.3222,0.944104,calibration_not_released,unavailable
art_science_demo_contract_0001,region_ne_india_myanmar_r1,region_ne_india_myanmar_r1_b01_01,2016-04,myd14a1_061_aqua,45.3532,0.900268,calibration_not_released,unavailable
art_science_demo_contract_0001,region_ne_india_myanmar_r1,region_ne_india_myanmar_r1_b01_02,2016-04,myd14a1_061_aqua,46.7532,0.888268,calibration_not_released,unavailable
art_science_demo_contract_0001,region_ne_india_myanmar_r1,region_ne_india_myanmar_r1_b01_03,2016-04,myd14a1_061_aqua,48.1532,0.876268,calibration_not_released,unavailable
art_science_demo_contract_0001,region_ne_india_myanmar_r1,region_ne_india_myanmar_r1_b01_04,2016-04,myd14a1_061_aqua,43.2532,0.882268,calibration_not_released,unavailable
art_science_demo_contract_0001,region_ne_india_myanmar_r1,region_ne_india_myanmar_r1_b02_01,2016-04,myd14a1_061_aqua,43.9532,0.888268,calibration_not_released,unavailable
art_science_demo_contract_0001,region_ne_india_myanmar_r1,region_ne_india_myanmar_r1_b02_02,2016-04,myd14a1_061_aqua,45.3532,0.900268,calibration_not_released,unavailable
art_science_demo_contract_0001,region_ne_india_myanmar_r1,region_ne_india_myanmar_r1_b02_03,2016-04,myd14a1_061_aqua,46.7532,0.888268,calibration_not_released,unavailable
art_science_demo_contract_0001,region_ne_india_myanmar_r1,region_ne_india_myanmar_r1_b02_04,2016-04,myd14a1_061_aqua,48.1532,0.876268,calibration_not_released,unavailable
art_science_demo_contract_0001,region_ne_india_myanmar_r1,region_ne_india_myanmar_r1_b03_01,2016-04,myd14a1_061_aqua,42.5532,0.876268,calibration_not_released,unavailable
art_science_demo_contract_0001,region_ne_india_myanmar_r1,region_ne_india_myanmar_r1_b03_02,2016-04,myd14a1_061_aqua,43.9532,0.888268,calibration_not_released,unavailable
art_science_demo_contract_0001,region_ne_india_myanmar_r1,region_ne_india_myanmar_r1_b03_03,2016-04,myd14a1_061_aqua,45.3532,0.900268,calibration_not_released,unavailable
art_science_demo_contract_0001,region_ne_india_myanmar_r1,region_ne_india_myanmar_r1_b03_04,2016-04,myd14a1_061_aqua,46.7532,0.888268,calibration_not_released,unavailable
art_science_demo_contract_0001,region_ne_india_myanmar_r1,region_ne_india_myanmar_r1_b01_01,2016-05,myd14a1_061_aqua,38.862,0.923761,calibration_not_released,unavailable
art_science_demo_contract_0001,region_ne_india_myanmar_r1,region_ne_india_myanmar_r1_b01_02,2016-05,myd14a1_061_aqua,40.262,0.911761,calibration_not_released,unavailable
art_science_demo_contract_0001,region_ne_india_myanmar_r1,region_ne_india_myanmar_r1_b01_03,2016-05,myd14a1_061_aqua,35.362,0.905761,calibration_not_released,unavailable
art_science_demo_contract_0001,region_ne_india_myanmar_r1,region_ne_india_myanmar_r1_b01_04,2016-05,myd14a1_061_aqua,36.762,0.917761,calibration_not_released,unavailable
art_science_demo_contract_0001,region_ne_india_myanmar_r1,region_ne_india_myanmar_r1_b02_01,2016-05,myd14a1_061_aqua,37.462,0.923761,calibration_not_released,unavailable
art_science_demo_contract_0001,region_ne_india_myanmar_r1,region_ne_india_myanmar_r1_b02_02,2016-05,myd14a1_061_aqua,38.862,0.923761,calibration_not_released,unavailable
art_science_demo_contract_0001,region_ne_india_myanmar_r1,region_ne_india_myanmar_r1_b02_03,2016-05,myd14a1_061_aqua,40.262,0.911761,calibration_not_released,unavailable
art_science_demo_contract_0001,region_ne_india_myanmar_r1,region_ne_india_myanmar_r1_b02_04,2016-05,myd14a1_061_aqua,35.362,0.905761,calibration_not_released,unavailable
art_science_demo_contract_0001,region_ne_india_myanmar_r1,region_ne_india_myanmar_r1_b03_01,2016-05,myd14a1_061_aqua,36.062,0.911761,calibration_not_released,unavailable
art_science_demo_contract_0001,region_ne_india_myanmar_r1,region_ne_india_myanmar_r1_b03_02,2016-05,myd14a1_061_aqua,37.462,0.923761,calibration_not_released,unavailable
art_science_demo_contract_0001,region_ne_india_myanmar_r1,region_ne_india_myanmar_r1_b03_03,2016-05,myd14a1_061_aqua,38.862,0.923761,calibration_not_released,unavailable
art_science_demo_contract_0001,region_ne_india_myanmar_r1,region_ne_india_myanmar_r1_b03_04,2016-05,myd14a1_061_aqua,40.262,0.911761,calibration_not_released,unavailable
art_science_demo_contract_0001,region_ne_india_myanmar_r1,region_ne_india_myanmar_r1_b01_01,2016-06,myd14a1_061_aqua,43.2376,0.888295,calibration_not_released,unavailable
art_science_demo_contract_0001,region_ne_india_myanmar_r1,region_ne_india_myanmar_r1_b01_02,2016-06,myd14a1_061_aqua,44.6376,0.876295,calibration_not_released,unavailable
art_science_demo_contract_0001,region_ne_india_myanmar_r1,region_ne_india_myanmar_r1_b01_03,2016-06,myd14a1_061_aqua,39.7376,0.882295,calibration_not_released,unavailable
art_science_demo_contract_0001,region_ne_india_myanmar_r1,region_ne_india_myanmar_r1_b01_04,2016-06,myd14a1_061_aqua,41.1376,0.894295,calibration_not_released,unavailable
art_science_demo_contract_0001,region_ne_india_myanmar_r1,region_ne_india_myanmar_r1_b02_01,2016-06,myd14a1_061_aqua,41.8376,0.900295,calibration_not_released,unavailable
art_science_demo_contract_0001,region_ne_india_myanmar_r1,region_ne_india_myanmar_r1_b02_02,2016-06,myd14a1_061_aqua,43.2376,0.888295,calibration_not_released,unavailable
art_science_demo_contract_0001,region_ne_india_myanmar_r1,region_ne_india_myanmar_r1_b02_03,2016-06,myd14a1_061_aqua,44.6376,0.876295,calibration_not_released,unavailable
art_science_demo_contract_0001,region_ne_india_myanmar_r1,region_ne_india_myanmar_r1_b02_04,2016-06,myd14a1_061_aqua,39.7376,0.882295,calibration_not_released,unavailable
art_science_demo_contract_0001,region_ne_india_myanmar_r1,region_ne_india_myanmar_r1_b03_01,2016-06,myd14a1_061_aqua,40.4376,0.888295,calibration_not_released,unavailable
art_science_demo_contract_0001,region_ne_india_myanmar_r1,region_ne_india_myanmar_r1_b03_02,2016-06,myd14a1_061_aqua,41.8376,0.900295,calibration_not_released,unavailable
art_science_demo_contract_0001,region_ne_india_myanmar_r1,region_ne_india_myanmar_r1_b03_03,2016-06,myd14a1_061_aqua,43.2376,0.888295,calibration_not_released,unavailable
art_science_demo_contract_0001,region_ne_india_myanmar_r1,region_ne_india_myanmar_r1_b03_04,2016-06,myd14a1_061_aqua,44.6376,0.876295,calibration_not_released,unavailable
art_science_demo_contract_0001,region_ne_india_myanmar_r1,region_ne_india_myanmar_r1_b01_01,2016-07,myd14a1_061_aqua,35.0154,0.932112,calibration_not_released,unavailable
art_science_demo_contract_0001,region_ne_india_myanmar_r1,region_ne_india_myanmar_r1_b01_02,2016-07,myd14a1_061_aqua,30.1154,0.926112,calibration_not_released,unavailable
art_science_demo_contract_0001,region_ne_india_myanmar_r1,region_ne_india_myanmar_r1_b01_03,2016-07,myd14a1_061_aqua,31.5154,0.938112,calibration_not_released,unavailable
art_science_demo_contract_0001,region_ne_india_myanmar_r1,region_ne_india_myanmar_r1_b01_04,2016-07,myd14a1_061_aqua,32.9154,0.950112,calibration_not_released,unavailable
art_science_demo_contract_0001,region_ne_india_myanmar_r1,region_ne_india_myanmar_r1_b02_01,2016-07,myd14a1_061_aqua,33.6154,0.944112,calibration_not_released,unavailable
art_science_demo_contract_0001,region_ne_india_myanmar_r1,region_ne_india_myanmar_r1_b02_02,2016-07,myd14a1_061_aqua,35.0154,0.932112,calibration_not_released,unavailable
art_science_demo_contract_0001,region_ne_india_myanmar_r1,region_ne_india_myanmar_r1_b02_03,2016-07,myd14a1_061_aqua,30.1154,0.926112,calibration_not_released,unavailable
art_science_demo_contract_0001,region_ne_india_myanmar_r1,region_ne_india_myanmar_r1_b02_04,2016-07,myd14a1_061_aqua,31.5154,0.938112,calibration_not_released,unavailable
art_science_demo_contract_0001,region_ne_india_myanmar_r1,region_ne_india_myanmar_r1_b03_01,2016-07,myd14a1_061_aqua,32.2154,0.944112,calibration_not_released,unavailable
art_science_demo_contract_0001,region_ne_india_myanmar_r1,region_ne_india_myanmar_r1_b03_02,2016-07,myd14a1_061_aqua,33.6154,0.944112,calibration_not_released,unavailable
art_science_demo_contract_0001,region_ne_india_myanmar_r1,region_ne_india_myanmar_r1_b03_03,2016-07,myd14a1_061_aqua,35.0154,0.932112,calibration_not_released,unavailable
art_science_demo_contract_0001,region_ne_india_myanmar_r1,region_ne_india_myanmar_r1_b03_04,2016-07,myd14a1_061_aqua,30.1154,0.926112,calibration_not_released,unavailable
art_science_demo_contract_0001,region_ne_india_myanmar_r1,region_ne_india_myanmar_r1_b01_01,2016-08,myd14a1_061_aqua,24.3983,0.895868,calibration_not_released,unavailable
art_science_demo_contract_0001,region_ne_india_myanmar_r1,region_ne_india_myanmar_r1_b01_02,2016-08,myd14a1_061_aqua,19.4983,0.901868,calibration_not_released,unavailable
art_science_demo_contract_0001,region_ne_india_myanmar_r1,region_ne_india_myanmar_r1_b01_03,2016-08,myd14a1_061_aqua,20.8983,0.913868,calibration_not_released,unavailable
art_science_demo_contract_0001,region_ne_india_myanmar_r1,region_ne_india_myanmar_r1_b01_04,2016-08,myd14a1_061_aqua,22.2983,0.913868,calibration_not_released,unavailable
art_science_demo_contract_0001,region_ne_india_myanmar_r1,region_ne_india_myanmar_r1_b02_01,2016-08,myd14a1_061_aqua,22.9983,0.907868,calibration_not_released,unavailable
art_science_demo_contract_0001,region_ne_india_myanmar_r1,region_ne_india_myanmar_r1_b02_02,2016-08,myd14a1_061_aqua,24.3983,0.895868,calibration_not_released,unavailable
art_science_demo_contract_0001,region_ne_india_myanmar_r1,region_ne_india_myanmar_r1_b02_03,2016-08,myd14a1_061_aqua,19.4983,0.901868,calibration_not_released,unavailable
art_science_demo_contract_0001,region_ne_india_myanmar_r1,region_ne_india_myanmar_r1_b02_04,2016-08,myd14a1_061_aqua,20.8983,0.913868,calibration_not_released,unavailable
art_science_demo_contract_0001,region_ne_india_myanmar_r1,region_ne_india_myanmar_r1_b03_01,2016-08,myd14a1_061_aqua,21.5983,0.919868,calibration_not_released,unavailable
art_science_demo_contract_0001,region_ne_india_myanmar_r1,region_ne_india_myanmar_r1_b03_02,2016-08,myd14a1_061_aqua,22.9983,0.907868,calibration_not_released,unavailable
art_science_demo_contract_0001,region_ne_india_myanmar_r1,region_ne_india_myanmar_r1_b03_03,2016-08,myd14a1_061_aqua,24.3983,0.895868,calibration_not_released,unavailable
art_science_demo_contract_0001,region_ne_india_myanmar_r1,region_ne_india_myanmar_r1_b03_04,2016-08,myd14a1_061_aqua,19.4983,0.901868,calibration_not_released,unavailable
art_science_demo_contract_0001,region_ne_india_myanmar_r1,region_ne_india_myanmar_r1_b01_01,2016-09,myd14a1_061_aqua,16.6257,0.845949,calibration_not_released,unavailable
art_science_demo_contract_0001,region_ne_india_myanmar_r1,region_ne_india_myanmar_r1_b01_02,2016-09,myd14a1_061_aqua,18.0257,0.857949,calibration_not_released,unavailable
art_science_demo_contract_0001,region_ne_india_myanmar_r1,region_ne_india_myanmar_r1_b01_03,2016-09,myd14a1_061_aqua,19.4257,0.869949,calibration_not_released,unavailable
art_science_demo_contract_0001,region_ne_india_myanmar_r1,region_ne_india_myanmar_r1_b01_04,2016-09,myd14a1_061_aqua,20.8257,0.857949,calibration_not_released,unavailable
art_science_demo_contract_0001,region_ne_india_myanmar_r1,region_ne_india_myanmar_r1_b02_01,2016-09,myd14a1_061_aqua,21.5257,0.851949,calibration_not_released,unavailable
art_science_demo_contract_0001,region_ne_india_myanmar_r1,region_ne_india_myanmar_r1_b02_02,2016-09,myd14a1_061_aqua,16.6257,0.845949,calibration_not_released,unavailable
art_science_demo_contract_0001,region_ne_india_myanmar_r1,region_ne_india_myanmar_r1_b02_03,2016-09,myd14a1_061_aqua,18.0257,0.857949,calibration_not_released,unavailable
art_science_demo_contract_0001,region_ne_india_myanmar_r1,region_ne_india_myanmar_r1_b02_04,2016-09,myd14a1_061_aqua,19.4257,0.869949,calibration_not_released,unavailable
art_science_demo_contract_0001,region_ne_india_myanmar_r1,region_ne_india_myanmar_r1_b03_01,2016-09,myd14a1_061_aqua,20.1257,0.863949,calibration_not_released,unavailable
art_science_demo_contract_0001,region_ne_india_myanmar_r1,region_ne_india_myanmar_r1_b03_02,2016-09,myd14a1_061_aqua,21.5257,0.851949,calibration_not_released,unavailable
art_science_demo_contract_0001,region_ne_india_myanmar_r1,region_ne_india_myanmar_r1_b03_03,2016-09,myd14a1_061_aqua,16.6257,0.845949,calibration_not_released,unavailable
art_science_demo_contract_0001,region_ne_india_myanmar_r1,region_ne_india_myanmar_r1_b03_04,2016-09,myd14a1_061_aqua,18.0257,0.857949,calibration_not_released,unavailable
art_science_demo_contract_0001,region_ne_india_myanmar_r1,region_ne_india_myanmar_r1_b01_01,2016-10,myd14a1_061_aqua,12.0066,0.841838,calibration_not_released,unavailable
art_science_demo_contract_0001,region_ne_india_myanmar_r1,region_ne_india_myanmar_r1_b01_02,2016-10,myd14a1_061_aqua,13.4066,0.853838,calibration_not_released,unavailable
art_science_demo_contract_0001,region_ne_india_myanmar_r1,region_ne_india_myanmar_r1_b01_03,2016-10,myd14a1_061_aqua,14.8066,0.853838,calibration_not_released,unavailable
art_science_demo_contract_0001,region_ne_india_myanmar_r1,region_ne_india_myanmar_r1_b01_04,2016-10,myd14a1_061_aqua,16.2066,0.841838,calibration_not_released,unavailable
art_science_demo_contract_0001,region_ne_india_myanmar_r1,region_ne_india_myanmar_r1_b02_01,2016-10,myd14a1_061_aqua,16.9066,0.835838,calibration_not_released,unavailable
art_science_demo_contract_0001,region_ne_india_myanmar_r1,region_ne_india_myanmar_r1_b02_02,2016-10,myd14a1_061_aqua,12.0066,0.841838,calibration_not_released,unavailable
art_science_demo_contract_0001,region_ne_india_myanmar_r1,region_ne_india_myanmar_r1_b02_03,2016-10,myd14a1_061_aqua,13.4066,0.853838,calibration_not_released,unavailable
art_science_demo_contract_0001,region_ne_india_myanmar_r1,region_ne_india_myanmar_r1_b02_04,2016-10,myd14a1_061_aqua,14.8066,0.853838,calibration_not_released,unavailable
art_science_demo_contract_0001,region_ne_india_myanmar_r1,region_ne_india_myanmar_r1_b03_01,2016-10,myd14a1_061_aqua,15.5066,0.847838,calibration_not_released,unavailable
art_science_demo_contract_0001,region_ne_india_myanmar_r1,region_ne_india_myanmar_r1_b03_02,2016-10,myd14a1_061_aqua,16.9066,0.835838,calibration_not_released,unavailable
art_science_demo_contract_0001,region_ne_india_myanmar_r1,region_ne_india_myanmar_r1_b03_03,2016-10,myd14a1_061_aqua,12.0066,0.841838,calibration_not_released,unavailable
art_science_demo_contract_0001,region_ne_india_myanmar_r1,region_ne_india_myanmar_r1_b03_04,2016-10,myd14a1_061_aqua,13.4066,0.853838,calibration_not_released,unavailable
art_science_demo_contract_0001,region_ne_india_myanmar_r1,region_ne_india_myanmar_r1_b01_01,2016-11,myd14a1_061_aqua,12.9678,0.91786,calibration_not_released,unavailable
art_science_demo_contract_0001,region_ne_india_myanmar_r1,region_ne_india_myanmar_r1_b01_02,2016-11,myd14a1_061_aqua,14.3678,0.92986,calibration_not_released,unavailable
art_science_demo_contract_0001,region_ne_india_myanmar_r1,region_ne_india_myanmar_r1_b01_03,2016-11,myd14a1_061_aqua,15.7678,0.91786,calibration_not_released,unavailable
art_science_demo_contract_0001,region_ne_india_myanmar_r1,region_ne_india_myanmar_r1_b01_04,2016-11,myd14a1_061_aqua,17.1678,0.90586,calibration_not_released,unavailable
art_science_demo_contract_0001,region_ne_india_myanmar_r1,region_ne_india_myanmar_r1_b02_01,2016-11,myd14a1_061_aqua,11.5678,0.90586,calibration_not_released,unavailable
art_science_demo_contract_0001,region_ne_india_myanmar_r1,region_ne_india_myanmar_r1_b02_02,2016-11,myd14a1_061_aqua,12.9678,0.91786,calibration_not_released,unavailable
art_science_demo_contract_0001,region_ne_india_myanmar_r1,region_ne_india_myanmar_r1_b02_03,2016-11,myd14a1_061_aqua,14.3678,0.92986,calibration_not_released,unavailable
art_science_demo_contract_0001,region_ne_india_myanmar_r1,region_ne_india_myanmar_r1_b02_04,2016-11,myd14a1_061_aqua,15.7678,0.91786,calibration_not_released,unavailable
art_science_demo_contract_0001,region_ne_india_myanmar_r1,region_ne_india_myanmar_r1_b03_01,2016-11,myd14a1_061_aqua,16.4678,0.91186,calibration_not_released,unavailable
art_science_demo_contract_0001,region_ne_india_myanmar_r1,region_ne_india_myanmar_r1_b03_02,2016-11,myd14a1_061_aqua,11.5678,0.90586,calibration_not_released,unavailable
art_science_demo_contract_0001,region_ne_india_myanmar_r1,region_ne_india_myanmar_r1_b03_03,2016-11,myd14a1_061_aqua,12.9678,0.91786,calibration_not_released,unavailable
art_science_demo_contract_0001,region_ne_india_myanmar_r1,region_ne_india_myanmar_r1_b03_04,2016-11,myd14a1_061_aqua,14.3678,0.92986,calibration_not_released,unavailable
art_science_demo_contract_0001,region_ne_india_myanmar_r1,region_ne_india_myanmar_r1_b01_01,2016-12,myd14a1_061_aqua,5.6336,0.933815,calibration_not_released,unavailable
art_science_demo_contract_0001,region_ne_india_myanmar_r1,region_ne_india_myanmar_r1_b01_02,2016-12,myd14a1_061_aqua,7.0336,0.933815,calibration_not_released,unavailable
art_science_demo_contract_0001,region_ne_india_myanmar_r1,region_ne_india_myanmar_r1_b01_03,2016-12,myd14a1_061_aqua,8.4336,0.921815,calibration_not_released,unavailable
art_science_demo_contract_0001,region_ne_india_myanmar_r1,region_ne_india_myanmar_r1_b01_04,2016-12,myd14a1_061_aqua,3.5336,0.915815,calibration_not_released,unavailable
art_science_demo_contract_0001,region_ne_india_myanmar_r1,region_ne_india_myanmar_r1_b02_01,2016-12,myd14a1_061_aqua,4.2336,0.921815,calibration_not_released,unavailable
art_science_demo_contract_0001,region_ne_india_myanmar_r1,region_ne_india_myanmar_r1_b02_02,2016-12,myd14a1_061_aqua,5.6336,0.933815,calibration_not_released,unavailable
art_science_demo_contract_0001,region_ne_india_myanmar_r1,region_ne_india_myanmar_r1_b02_03,2016-12,myd14a1_061_aqua,7.0336,0.933815,calibration_not_released,unavailable
art_science_demo_contract_0001,region_ne_india_myanmar_r1,region_ne_india_myanmar_r1_b02_04,2016-12,myd14a1_061_aqua,8.4336,0.921815,calibration_not_released,unavailable
art_science_demo_contract_0001,region_ne_india_myanmar_r1,region_ne_india_myanmar_r1_b03_01,2016-12,myd14a1_061_aqua,9.1336,0.915815,calibration_not_released,unavailable
art_science_demo_contract_0001,region_ne_india_myanmar_r1,region_ne_india_myanmar_r1_b03_02,2016-12,myd14a1_061_aqua,4.2336,0.921815,calibration_not_released,unavailable
art_science_demo_contract_0001,region_ne_india_myanmar_r1,region_ne_india_myanmar_r1_b03_03,2016-12,myd14a1_061_aqua,5.6336,0.933815,calibration_not_released,unavailable
art_science_demo_contract_0001,region_ne_india_myanmar_r1,region_ne_india_myanmar_r1_b03_04,2016-12,myd14a1_061_aqua,7.0336,0.933815,calibration_not_released,unavailable
art_science_demo_contract_0001,region_ne_india_myanmar_r1,region_ne_india_myanmar_r1_b01_01,2017-01,myd14a1_061_aqua,40.554,0.912198,calibration_not_released,unavailable
art_science_demo_contract_0001,region_ne_india_myanmar_r1,region_ne_india_myanmar_r1_b01_02,2017-01,myd14a1_061_aqua,41.954,0.924198,calibration_not_released,unavailable
art_science_demo_contract_0001,region_ne_india_myanmar_r1,region_ne_india_myanmar_r1_b01_03,2017-01,myd14a1_061_aqua,43.354,0.924198,calibration_not_released,unavailable
art_science_demo_contract_0001,region_ne_india_myanmar_r1,region_ne_india_myanmar_r1_b01_04,2017-01,myd14a1_061_aqua,44.754,0.912198,calibration_not_released,unavailable
art_science_demo_contract_0001,region_ne_india_myanmar_r1,region_ne_india_myanmar_r1_b02_01,2017-01,myd14a1_061_aqua,45.454,0.906198,calibration_not_released,unavailable
art_science_demo_contract_0001,region_ne_india_myanmar_r1,region_ne_india_myanmar_r1_b02_02,2017-01,myd14a1_061_aqua,40.554,0.912198,calibration_not_released,unavailable
art_science_demo_contract_0001,region_ne_india_myanmar_r1,region_ne_india_myanmar_r1_b02_03,2017-01,myd14a1_061_aqua,41.954,0.924198,calibration_not_released,unavailable
art_science_demo_contract_0001,region_ne_india_myanmar_r1,region_ne_india_myanmar_r1_b02_04,2017-01,myd14a1_061_aqua,43.354,0.924198,calibration_not_released,unavailable
art_science_demo_contract_0001,region_ne_india_myanmar_r1,region_ne_india_myanmar_r1_b03_01,2017-01,myd14a1_061_aqua,44.054,0.918198,calibration_not_released,unavailable
art_science_demo_contract_0001,region_ne_india_myanmar_r1,region_ne_india_myanmar_r1_b03_02,2017-01,myd14a1_061_aqua,45.454,0.906198,calibration_not_released,unavailable
art_science_demo_contract_0001,region_ne_india_myanmar_r1,region_ne_india_myanmar_r1_b03_03,2017-01,myd14a1_061_aqua,40.554,0.912198,calibration_not_released,unavailable
art_science_demo_contract_0001,region_ne_india_myanmar_r1,region_ne_india_myanmar_r1_b03_04,2017-01,myd14a1_061_aqua,41.954,0.924198,calibration_not_released,unavailable
art_science_demo_contract_0001,region_ne_india_myanmar_r1,region_ne_india_myanmar_r1_b01_01,2017-02,myd14a1_061_aqua,50.6095,0.928,calibration_not_released,unavailable
art_science_demo_contract_0001,region_ne_india_myanmar_r1,region_ne_india_myanmar_r1_b01_02,2017-02,myd14a1_061_aqua,52.0095,0.94,calibration_not_released,unavailable
art_science_demo_contract_0001,region_ne_india_myanmar_r1,region_ne_india_myanmar_r1_b01_03,2017-02,myd14a1_061_aqua,53.4095,0.928,calibration_not_released,unavailable
art_science_demo_contract_0001,region_ne_india_myanmar_r1,region_ne_india_myanmar_r1_b01_04,2017-02,myd14a1_061_aqua,54.8095,0.916,calibration_not_released,unavailable
art_science_demo_contract_0001,region_ne_india_myanmar_r1,region_ne_india_myanmar_r1_b02_01,2017-02,myd14a1_061_aqua,49.2095,0.916,calibration_not_released,unavailable
art_science_demo_contract_0001,region_ne_india_myanmar_r1,region_ne_india_myanmar_r1_b02_02,2017-02,myd14a1_061_aqua,50.6095,0.928,calibration_not_released,unavailable
art_science_demo_contract_0001,region_ne_india_myanmar_r1,region_ne_india_myanmar_r1_b02_03,2017-02,myd14a1_061_aqua,52.0095,0.94,calibration_not_released,unavailable
art_science_demo_contract_0001,region_ne_india_myanmar_r1,region_ne_india_myanmar_r1_b02_04,2017-02,myd14a1_061_aqua,53.4095,0.928,calibration_not_released,unavailable
art_science_demo_contract_0001,region_ne_india_myanmar_r1,region_ne_india_myanmar_r1_b03_01,2017-02,myd14a1_061_aqua,54.1095,0.922,calibration_not_released,unavailable
art_science_demo_contract_0001,region_ne_india_myanmar_r1,region_ne_india_myanmar_r1_b03_02,2017-02,myd14a1_061_aqua,49.2095,0.916,calibration_not_released,unavailable
art_science_demo_contract_0001,region_ne_india_myanmar_r1,region_ne_india_myanmar_r1_b03_03,2017-02,myd14a1_061_aqua,50.6095,0.928,calibration_not_released,unavailable
art_science_demo_contract_0001,region_ne_india_myanmar_r1,region_ne_india_myanmar_r1_b03_04,2017-02,myd14a1_061_aqua,52.0095,0.94,calibration_not_released,unavailable
art_science_demo_contract_0001,region_ne_india_myanmar_r1,region_ne_india_myanmar_r1_b01_01,2017-03,myd14a1_061_aqua,57.3229,0.924047,calibration_not_released,unavailable
art_science_demo_contract_0001,region_ne_india_myanmar_r1,region_ne_india_myanmar_r1_b01_02,2017-03,myd14a1_061_aqua,58.7229,0.924047,calibration_not_released,unavailable
art_science_demo_contract_0001,region_ne_india_myanmar_r1,region_ne_india_myanmar_r1_b01_03,2017-03,myd14a1_061_aqua,60.1229,0.912047,calibration_not_released,unavailable
art_science_demo_contract_0001,region_ne_india_myanmar_r1,region_ne_india_myanmar_r1_b01_04,2017-03,myd14a1_061_aqua,55.2229,0.906047,calibration_not_released,unavailable
art_science_demo_contract_0001,region_ne_india_myanmar_r1,region_ne_india_myanmar_r1_b02_01,2017-03,myd14a1_061_aqua,55.9229,0.912047,calibration_not_released,unavailable
art_science_demo_contract_0001,region_ne_india_myanmar_r1,region_ne_india_myanmar_r1_b02_02,2017-03,myd14a1_061_aqua,57.3229,0.924047,calibration_not_released,unavailable
art_science_demo_contract_0001,region_ne_india_myanmar_r1,region_ne_india_myanmar_r1_b02_03,2017-03,myd14a1_061_aqua,58.7229,0.924047,calibration_not_released,unavailable
art_science_demo_contract_0001,region_ne_india_myanmar_r1,region_ne_india_myanmar_r1_b02_04,2017-03,myd14a1_061_aqua,60.1229,0.912047,calibration_not_released,unavailable
art_science_demo_contract_0001,region_ne_india_myanmar_r1,region_ne_india_myanmar_r1_b03_01,2017-03,myd14a1_061_aqua,60.8229,0.906047,calibration_not_released,unavailable
art_science_demo_contract_0001,region_ne_india_myanmar_r1,region_ne_india_myanmar_r1_b03_02,2017-03,myd14a1_061_aqua,55.9229,0.912047,calibration_not_released,unavailable
art_science_demo_contract_0001,region_ne_india_myanmar_r1,region_ne_india_myanmar_r1_b03_03,2017-03,myd14a1_061_aqua,57.3229,0.924047,calibration_not_released,unavailable
art_science_demo_contract_0001,region_ne_india_myanmar_r1,region_ne_india_myanmar_r1_b03_04,2017-03,myd14a1_061_aqua,58.7229,0.924047,calibration_not_released,unavailable
art_science_demo_contract_0001,region_ne_india_myanmar_r1,region_ne_india_myanmar_r1_b01_01,2017-04,myd14a1_061_aqua,60.4575,0.910037,calibration_not_released,unavailable
art_science_demo_contract_0001,region_ne_india_myanmar_r1,region_ne_india_myanmar_r1_b01_02,2017-04,myd14a1_061_aqua,61.8575,0.898037,calibration_not_released,unavailable
art_science_demo_contract_0001,region_ne_india_myanmar_r1,region_ne_india_myanmar_r1_b01_03,2017-04,myd14a1_061_aqua,63.2575,0.886037,calibration_not_released,unavailable
art_science_demo_contract_0001,region_ne_india_myanmar_r1,region_ne_india_myanmar_r1_b01_04,2017-04,myd14a1_061_aqua,58.3575,0.892037,calibration_not_released,unavailable
art_science_demo_contract_0001,region_ne_india_myanmar_r1,region_ne_india_myanmar_r1_b02_01,2017-04,myd14a1_061_aqua,59.0575,0.898037,calibration_not_released,unavailable
art_science_demo_contract_0001,region_ne_india_myanmar_r1,region_ne_india_myanmar_r1_b02_02,2017-04,myd14a1_061_aqua,60.4575,0.910037,calibration_not_released,unavailable
art_science_demo_contract_0001,region_ne_india_myanmar_r1,region_ne_india_myanmar_r1_b02_03,2017-04,myd14a1_061_aqua,61.8575,0.898037,calibration_not_released,unavailable
art_science_demo_contract_0001,region_ne_india_myanmar_r1,region_ne_india_myanmar_r1_b02_04,2017-04,myd14a1_061_aqua,63.2575,0.886037,calibration_not_released,unavailable
art_science_demo_contract_0001,region_ne_india_myanmar_r1,region_ne_india_myanmar_r1_b03_01,2017-04,myd14a1_061_aqua,57.6575,0.886037,calibration_not_released,unavailable
art_science_demo_contract_0001,region_ne_india_myanmar_r1,region_ne_india_myanmar_r1_b03_02,2017-04,myd14a1_061_aqua,59.0575,0.898037,calibration_not_released,unavailable
art_science_demo_contract_0001,region_ne_india_myanmar_r1,region_ne_india_myanmar_r1_b03_03,2017-04,myd14a1_061_aqua,60.4575,0.910037,calibration_not_released,unavailable
art_science_demo_contract_0001,region_ne_india_myanmar_r1,region_ne_india_myanmar_r1_b03_04,2017-04,myd14a1_061_aqua,61.8575,0.898037,calibration_not_released,unavailable
art_science_demo_contract_0001,region_ne_india_myanmar_r1,region_ne_india_myanmar_r1_b01_01,2017-05,myd14a1_061_aqua,44.1174,0.9441,calibration_not_released,unavailable
art_science_demo_contract_0001,region_ne_india_myanmar_r1,region_ne_india_myanmar_r1_b01_02,2017-05,myd14a1_061_aqua,45.5174,0.9321,calibration_not_released,unavailable
art_science_demo_contract_0001,region_ne_india_myanmar_r1,region_ne_india_myanmar_r1_b01_03,2017-05,myd14a1_061_aqua,40.6174,0.9261,calibration_not_released,unavailable
art_science_demo_contract_0001,region_ne_india_myanmar_r1,region_ne_india_myanmar_r1_b01_04,2017-05,myd14a1_061_aqua,42.0174,0.9381,calibration_not_released,unavailable
art_science_demo_contract_0001,region_ne_india_myanmar_r1,region_ne_india_myanmar_r1_b02_01,2017-05,myd14a1_061_aqua,42.7174,0.9441,calibration_not_released,unavailable
art_science_demo_contract_0001,region_ne_india_myanmar_r1,region_ne_india_myanmar_r1_b02_02,2017-05,myd14a1_061_aqua,44.1174,0.9441,calibration_not_released,unavailable
art_science_demo_contract_0001,region_ne_india_myanmar_r1,region_ne_india_myanmar_r1_b02_03,2017-05,myd14a1_061_aqua,45.5174,0.9321,calibration_not_released,unavailable
art_science_demo_contract_0001,region_ne_india_myanmar_r1,region_ne_india_myanmar_r1_b02_04,2017-05,myd14a1_061_aqua,40.6174,0.9261,calibration_not_released,unavailable
art_science_demo_contract_0001,region_ne_india_myanmar_r1,region_ne_india_myanmar_r1_b03_01,2017-05,myd14a1_061_aqua,41.3174,0.9321,calibration_not_released,unavailable
art_science_demo_contract_0001,region_ne_india_myanmar_r1,region_ne_india_myanmar_r1_b03_02,2017-05,myd14a1_061_aqua,42.7174,0.9441,calibration_not_released,unavailable
art_science_demo_contract_0001,region_ne_india_myanmar_r1,region_ne_india_myanmar_r1_b03_03,2017-05,myd14a1_061_aqua,44.1174,0.9441,calibration_not_released,unavailable
art_science_demo_contract_0001,region_ne_india_myanmar_r1,region_ne_india_myanmar_r1_b03_04,2017-05,myd14a1_061_aqua,45.5174,0.9321,calibration_not_released,unavailable
art_science_demo_contract_0001,region_ne_india_myanmar_r1,region_ne_india_myanmar_r1_b01_01,2017-06,myd14a1_061_aqua,39.0471,0.907913,calibration_not_released,unavailable
art_science_demo_contract_0001,region_ne_india_myanmar_r1,region_ne_india_myanmar_r1_b01_02,2017-06,myd14a1_061_aqua,40.4471,0.895913,calibration_not_released,unavailable
art_science_demo_contract_0001,region_ne_india_myanmar_r1,region_ne_india_myanmar_r1_b01_03,2017-06,myd14a1_061_aqua,35.5471,0.901913,calibration_not_released,unavailable
art_science_demo_contract_0001,region_ne_india_myanmar_r1,region_ne_india_myanmar_r1_b01_04,2017-06,myd14a1_061_aqua,36.9471,0.913913,calibration_not_released,unavailable
art_science_demo_contract_0001,region_ne_india_myanmar_r1,region_ne_india_myanmar_r1_b02_01,2017-06,myd14a1_061_aqua,37.6471,0.919913,calibration_not_released,unavailable
art_science_demo_contract_0001,region_ne_india_myanmar_r1,region_ne_india_myanmar_r1_b02_02,2017-06,myd14a1_061_aqua,39.0471,0.907913,calibration_not_released,unavailable
art_science_demo_contract_0001,region_ne_india_myanmar_r1,region_ne_india_myanmar_r1_b02_03,2017-06,myd14a1_061_aqua,40.4471,0.895913,calibration_not_released,unavailable
art_science_demo_contract_0001,region_ne_india_myanmar_r1,region_ne_india_myanmar_r1_b02_04,2017-06,myd14a1_061_aqua,35.5471,0.901913,calibration_not_released,unavailable
art_science_demo_contract_0001,region_ne_india_myanmar_r1,region_ne_india_myanmar_r1_b03_01,2017-06,myd14a1_061_aqua,36.2471,0.907913,calibration_not_released,unavailable
art_science_demo_contract_0001,region_ne_india_myanmar_r1,region_ne_india_myanmar_r1_b03_02,2017-06,myd14a1_061_aqua,37.6471,0.919913,calibration_not_released,unavailable
art_science_demo_contract_0001,region_ne_india_myanmar_r1,region_ne_india_myanmar_r1_b03_03,2017-06,myd14a1_061_aqua,39.0471,0.907913,calibration_not_released,unavailable
art_science_demo_contract_0001,region_ne_india_myanmar_r1,region_ne_india_myanmar_r1_b03_04,2017-06,myd14a1_061_aqua,40.4471,0.895913,calibration_not_released,unavailable
art_science_demo_contract_0001,region_ne_india_myanmar_r1,region_ne_india_myanmar_r1_b01_01,2017-07,myd14a1_061_aqua,29.8778,0.87178,calibration_not_released,unavailable
art_science_demo_contract_0001,region_ne_india_myanmar_r1,region_ne_india_myanmar_r1_b01_02,2017-07,myd14a1_061_aqua,24.9778,0.86578,calibration_not_released,unavailable
art_science_demo_contract_0001,region_ne_india_myanmar_r1,region_ne_india_myanmar_r1_b01_03,2017-07,myd14a1_061_aqua,26.3778,0.87778,calibration_not_released,unavailable
art_science_demo_contract_0001,region_ne_india_myanmar_r1,region_ne_india_myanmar_r1_b01_04,2017-07,myd14a1_061_aqua,27.7778,0.88978,calibration_not_released,unavailable
art_science_demo_contract_0001,region_ne_india_myanmar_r1,region_ne_india_myanmar_r1_b02_01,2017-07,myd14a1_061_aqua,28.4778,0.88378,calibration_not_released,unavailable
art_science_demo_contract_0001,region_ne_india_myanmar_r1,region_ne_india_myanmar_r1_b02_02,2017-07,myd14a1_061_aqua,29.8778,0.87178,calibration_not_released,unavailable
art_science_demo_contract_0001,region_ne_india_myanmar_r1,region_ne_india_myanmar_r1_b02_03,2017-07,myd14a1_061_aqua,24.9778,0.86578,calibration_not_released,unavailable
art_science_demo_contract_0001,region_ne_india_myanmar_r1,region_ne_india_myanmar_r1_b02_04,2017-07,myd14a1_061_aqua,26.3778,0.87778,calibration_not_released,unavailable
art_science_demo_contract_0001,region_ne_india_myanmar_r1,region_ne_india_myanmar_r1_b03_01,2017-07,myd14a1_061_aqua,27.0778,0.88378,calibration_not_released,unavailable
art_science_demo_contract_0001,region_ne_india_myanmar_r1,region_ne_india_myanmar_r1_b03_02,2017-07,myd14a1_061_aqua,28.4778,0.88378,calibration_not_released,unavailable
art_science_demo_contract_0001,region_ne_india_myanmar_r1,region_ne_india_myanmar_r1_b03_03,2017-07,myd14a1_061_aqua,29.8778,0.87178,calibration_not_released,unavailable
art_science_demo_contract_0001,region_ne_india_myanmar_r1,region_ne_india_myanmar_r1_b03_04,2017-07,myd14a1_061_aqua,24.9778,0.86578,calibration_not_released,unavailable
art_science_demo_contract_0001,region_ne_india_myanmar_r1,region_ne_india_myanmar_r1_b01_01,2017-08,myd14a1_061_aqua,22.4523,0.865711,calibration_not_released,unavailable
art_science_demo_contract_0001,region_ne_india_myanmar_r1,region_ne_india_myanmar_r1_b01_02,2017-08,myd14a1_061_aqua,17.5523,0.871711,calibration_not_released,unavailable
art_science_demo_contract_0001,region_ne_india_myanmar_r1,region_ne_india_myanmar_r1_b01_03,2017-08,myd14a1_061_aqua,18.9523,0.883711,calibration_not_released,unavailable
art_science_demo_contract_0001,region_ne_india_myanmar_r1,region_ne_india_myanmar_r1_b01_04,2017-08,myd14a1_061_aqua,20.3523,0.883711,calibration_not_released,unavailable
art_science_demo_contract_0001,region_ne_india_myanmar_r1,region_ne_india_myanmar_r1_b02_01,2017-08,myd14a1_061_aqua,21.0523,0.877711,calibration_not_released,unavailable
art_science_demo_contract_0001,region_ne_india_myanmar_r1,region_ne_india_myanmar_r1_b02_02,2017-08,myd14a1_061_aqua,22.4523,0.865711,calibration_not_released,unavailable
art_science_demo_contract_0001,region_ne_india_myanmar_r1,region_ne_india_myanmar_r1_b02_03,2017-08,myd14a1_061_aqua,17.5523,0.871711,calibration_not_released,unavailable
art_science_demo_contract_0001,region_ne_india_myanmar_r1,region_ne_india_myanmar_r1_b02_04,2017-08,myd14a1_061_aqua,18.9523,0.883711,calibration_not_released,unavailable
art_science_demo_contract_0001,region_ne_india_myanmar_r1,region_ne_india_myanmar_r1_b03_01,2017-08,myd14a1_061_aqua,19.6523,0.889711,calibration_not_released,unavailable
art_science_demo_contract_0001,region_ne_india_myanmar_r1,region_ne_india_myanmar_r1_b03_02,2017-08,myd14a1_061_aqua,21.0523,0.877711,calibration_not_released,unavailable
art_science_demo_contract_0001,region_ne_india_myanmar_r1,region_ne_india_myanmar_r1_b03_03,2017-08,myd14a1_061_aqua,22.4523,0.865711,calibration_not_released,unavailable
art_science_demo_contract_0001,region_ne_india_myanmar_r1,region_ne_india_myanmar_r1_b03_04,2017-08,myd14a1_061_aqua,17.5523,0.871711,calibration_not_released,unavailable
art_science_demo_contract_0001,region_ne_india_myanmar_r1,region_ne_india_myanmar_r1_b01_01,2017-09,myd14a1_061_aqua,15.3269,0.885966,calibration_not_released,unavailable
art_science_demo_contract_0001,region_ne_india_myanmar_r1,region_ne_india_myanmar_r1_b01_02,2017-09,myd14a1_061_aqua,16.7269,0.897966,calibration_not_released,unavailable
art_science_demo_contract_0001,region_ne_india_myanmar_r1,region_ne_india_myanmar_r1_b01_03,2017-09,myd14a1_061_aqua,18.1269,0.909966,calibration_not_released,unavailable
art_science_demo_contract_0001,region_ne_india_myanmar_r1,region_ne_india_myanmar_r1_b01_04,2017-09,myd14a1_061_aqua,19.5269,0.897966,calibration_not_released,unavailable
art_science_demo_contract_0001,region_ne_india_myanmar_r1,region_ne_india_myanmar_r1_b02_01,2017-09,myd14a1_061_aqua,20.2269,0.891966,calibration_not_released,unavailable
art_science_demo_contract_0001,region_ne_india_myanmar_r1,region_ne_india_myanmar_r1_b02_02,2017-09,myd14a1_061_aqua,15.3269,0.885966,calibration_not_released,unavailable
art_science_demo_contract_0001,region_ne_india_myanmar_r1,region_ne_india_myanmar_r1_b02_03,2017-09,myd14a1_061_aqua,16.7269,0.897966,calibration_not_released,unavailable
art_science_demo_contract_0001,region_ne_india_myanmar_r1,region_ne_india_myanmar_r1_b02_04,2017-09,myd14a1_061_aqua,18.1269,0.909966,calibration_not_released,unavailable
art_science_demo_contract_0001,region_ne_india_myanmar_r1,region_ne_india_myanmar_r1_b03_01,2017-09,myd14a1_061_aqua,18.8269,0.903966,calibration_not_released,unavailable
art_science_demo_contract_0001,region_ne_india_myanmar_r1,region_ne_india_myanmar_r1_b03_02,2017-09,myd14a1_061_aqua,20.2269,0.891966,calibration_not_released,unavailable
art_science_demo_contract_0001,region_ne_india_myanmar_r1,region_ne_india_myanmar_r1_b03_03,2017-09,myd14a1_061_aqua,15.3269,0.885966,calibration_not_released,unavailable
art_science_demo_contract_0001,region_ne_india_myanmar_r1,region_ne_india_myanmar_r1_b03_04,2017-09,myd14a1_061_aqua,16.7269,0.897966,calibration_not_released,unavailable
art_science_demo_contract_0001,region_ne_india_myanmar_r1,region_ne_india_myanmar_r1_b01_01,2017-10,myd14a1_061_aqua,7.1664,0.93211,calibration_not_released,unavailable
art_science_demo_contract_0001,region_ne_india_myanmar_r1,region_ne_india_myanmar_r1_b01_02,2017-10,myd14a1_061_aqua,8.5664,0.94411,calibration_not_released,unavailable
art_science_demo_contract_0001,region_ne_india_myanmar_r1,region_ne_india_myanmar_r1_b01_03,2017-10,myd14a1_061_aqua,9.9664,0.94411,calibration_not_released,unavailable
art_science_demo_contract_0001,region_ne_india_myanmar_r1,region_ne_india_myanmar_r1_b01_04,2017-10,myd14a1_061_aqua,11.3664,0.93211,calibration_not_released,unavailable
art_science_demo_contract_0001,region_ne_india_myanmar_r1,region_ne_india_myanmar_r1_b02_01,2017-10,myd14a1_061_aqua,12.0664,0.92611,calibration_not_released,unavailable
art_science_demo_contract_0001,region_ne_india_myanmar_r1,region_ne_india_myanmar_r1_b02_02,2017-10,myd14a1_061_aqua,7.1664,0.93211,calibration_not_released,unavailable
art_science_demo_contract_0001,region_ne_india_myanmar_r1,region_ne_india_myanmar_r1_b02_03,2017-10,myd14a1_061_aqua,8.5664,0.94411,calibration_not_released,unavailable
art_science_demo_contract_0001,region_ne_india_myanmar_r1,region_ne_india_myanmar_r1_b02_04,2017-10,myd14a1_061_aqua,9.9664,0.94411,calibration_not_released,unavailable
art_science_demo_contract_0001,region_ne_india_myanmar_r1,region_ne_india_myanmar_r1_b03_01,2017-10,myd14a1_061_aqua,10.6664,0.93811,calibration_not_released,unavailable
art_science_demo_contract_0001,region_ne_india_myanmar_r1,region_ne_india_myanmar_r1_b03_02,2017-10,myd14a1_061_aqua,12.0664,0.92611,calibration_not_released,unavailable
art_science_demo_contract_0001,region_ne_india_myanmar_r1,region_ne_india_myanmar_r1_b03_03,2017-10,myd14a1_061_aqua,7.1664,0.93211,calibration_not_released,unavailable
art_science_demo_contract_0001,region_ne_india_myanmar_r1,region_ne_india_myanmar_r1_b03_04,2017-10,myd14a1_061_aqua,8.5664,0.94411,calibration_not_released,unavailable
art_science_demo_contract_0001,region_ne_india_myanmar_r1,region_ne_india_myanmar_r1_b01_01,2017-11,myd14a1_061_aqua,11.2783,0.857745,calibration_not_released,unavailable
art_science_demo_contract_0001,region_ne_india_myanmar_r1,region_ne_india_myanmar_r1_b01_02,2017-11,myd14a1_061_aqua,12.6783,0.869745,calibration_not_released,unavailable
art_science_demo_contract_0001,region_ne_india_myanmar_r1,region_ne_india_myanmar_r1_b01_03,2017-11,myd14a1_061_aqua,14.0783,0.857745,calibration_not_released,unavailable
art_science_demo_contract_0001,region_ne_india_myanmar_r1,region_ne_india_myanmar_r1_b01_04,2017-11,myd14a1_061_aqua,15.4783,0.845745,calibration_not_released,unavailable
art_science_demo_contract_0001,region_ne_india_myanmar_r1,region_ne_india_myanmar_r1_b02_01,2017-11,myd14a1_061_aqua,9.8783,0.845745,calibration_not_released,unavailable
art_science_demo_contract_0001,region_ne_india_myanmar_r1,region_ne_india_myanmar_r1_b02_02,2017-11,myd14a1_061_aqua,11.2783,0.857745,calibration_not_released,unavailable
art_science_demo_contract_0001,region_ne_india_myanmar_r1,region_ne_india_myanmar_r1_b02_03,2017-11,myd14a1_061_aqua,12.6783,0.869745,calibration_not_released,unavailable
art_science_demo_contract_0001,region_ne_india_myanmar_r1,region_ne_india_myanmar_r1_b02_04,2017-11,myd14a1_061_aqua,14.0783,0.857745,calibration_not_released,unavailable
art_science_demo_contract_0001,region_ne_india_myanmar_r1,region_ne_india_myanmar_r1_b03_01,2017-11,myd14a1_061_aqua,14.7783,0.851745,calibration_not_released,unavailable
art_science_demo_contract_0001,region_ne_india_myanmar_r1,region_ne_india_myanmar_r1_b03_02,2017-11,myd14a1_061_aqua,9.8783,0.845745,calibration_not_released,unavailable
art_science_demo_contract_0001,region_ne_india_myanmar_r1,region_ne_india_myanmar_r1_b03_03,2017-11,myd14a1_061_aqua,11.2783,0.857745,calibration_not_released,unavailable
art_science_demo_contract_0001,region_ne_india_myanmar_r1,region_ne_india_myanmar_r1_b03_04,2017-11,myd14a1_061_aqua,12.6783,0.869745,calibration_not_released,unavailable
art_science_demo_contract_0001,region_ne_india_myanmar_r1,region_ne_india_myanmar_r1_b01_01,2017-12,myd14a1_061_aqua,13.3845,0.853687,calibration_not_released,unavailable
art_science_demo_contract_0001,region_ne_india_myanmar_r1,region_ne_india_myanmar_r1_b01_02,2017-12,myd14a1_061_aqua,14.7845,0.853687,calibration_not_released,unavailable
art_science_demo_contract_0001,region_ne_india_myanmar_r1,region_ne_india_myanmar_r1_b01_03,2017-12,myd14a1_061_aqua,16.1845,0.841687,calibration_not_released,unavailable
art_science_demo_contract_0001,region_ne_india_myanmar_r1,region_ne_india_myanmar_r1_b01_04,2017-12,myd14a1_061_aqua,11.2845,0.835687,calibration_not_released,unavailable
art_science_demo_contract_0001,region_ne_india_myanmar_r1,region_ne_india_myanmar_r1_b02_01,2017-12,myd14a1_061_aqua,11.9845,0.841687,calibration_not_released,unavailable
art_science_demo_contract_0001,region_ne_india_myanmar_r1,region_ne_india_myanmar_r1_b02_02,2017-12,myd14a1_061_aqua,13.3845,0.853687,calibration_not_released,unavailable
art_science_demo_contract_0001,region_ne_india_myanmar_r1,region_ne_india_myanmar_r1_b02_03,2017-12,myd14a1_061_aqua,14.7845,0.853687,calibration_not_released,unavailable
art_science_demo_contract_0001,region_ne_india_myanmar_r1,region_ne_india_myanmar_r1_b02_04,2017-12,myd14a1_061_aqua,16.1845,0.841687,calibration_not_released,unavailable
art_science_demo_contract_0001,region_ne_india_myanmar_r1,region_ne_india_myanmar_r1_b03_01,2017-12,myd14a1_061_aqua,16.8845,0.835687,calibration_not_released,unavailable
art_science_demo_contract_0001,region_ne_india_myanmar_r1,region_ne_india_myanmar_r1_b03_02,2017-12,myd14a1_061_aqua,11.9845,0.841687,calibration_not_released,unavailable
art_science_demo_contract_0001,region_ne_india_myanmar_r1,region_ne_india_myanmar_r1_b03_03,2017-12,myd14a1_061_aqua,13.3845,0.853687,calibration_not_released,unavailable
art_science_demo_contract_0001,region_ne_india_myanmar_r1,region_ne_india_myanmar_r1_b03_04,2017-12,myd14a1_061_aqua,14.7845,0.853687,calibration_not_released,unavailable
art_science_demo_contract_0001,region_ne_india_myanmar_r1,region_ne_india_myanmar_r1_b01_01,2018-01,myd14a1_061_aqua,45.4825,0.91205,calibration_not_released,unavailable
art_science_demo_contract_0001,region_ne_india_myanmar_r1,region_ne_india_myanmar_r1_b01_02,2018-01,myd14a1_061_aqua,46.8825,0.92405,calibration_not_released,unavailable
art_science_demo_contract_0001,region_ne_india_myanmar_r1,region_ne_india_myanmar_r1_b01_03,2018-01,myd14a1_061_aqua,48.2825,0.92405,calibration_not_released,unavailable
art_science_demo_contract_0001,region_ne_india_myanmar_r1,region_ne_india_myanmar_r1_b01_04,2018-01,myd14a1_061_aqua,49.6825,0.91205,calibration_not_released,unavailable
art_science_demo_contract_0001,region_ne_india_myanmar_r1,region_ne_india_myanmar_r1_b02_01,2018-01,myd14a1_061_aqua,50.3825,0.90605,calibration_not_released,unavailable
art_science_demo_contract_0001,region_ne_india_myanmar_r1,region_ne_india_myanmar_r1_b02_02,2018-01,myd14a1_061_aqua,45.4825,0.91205,calibration_not_released,unavailable
art_science_demo_contract_0001,region_ne_india_myanmar_r1,region_ne_india_myanmar_r1_b02_03,2018-01,myd14a1_061_aqua,46.8825,0.92405,calibration_not_released,unavailable
art_science_demo_contract_0001,region_ne_india_myanmar_r1,region_ne_india_myanmar_r1_b02_04,2018-01,myd14a1_061_aqua,48.2825,0.92405,calibration_not_released,unavailable
art_science_demo_contract_0001,region_ne_india_myanmar_r1,region_ne_india_myanmar_r1_b03_01,2018-01,myd14a1_061_aqua,48.9825,0.91805,calibration_not_released,unavailable
art_science_demo_contract_0001,region_ne_india_myanmar_r1,region_ne_india_myanmar_r1_b03_02,2018-01,myd14a1_061_aqua,50.3825,0.90605,calibration_not_released,unavailable
art_science_demo_contract_0001,region_ne_india_myanmar_r1,region_ne_india_myanmar_r1_b03_03,2018-01,myd14a1_061_aqua,45.4825,0.91205,calibration_not_released,unavailable
art_science_demo_contract_0001,region_ne_india_myanmar_r1,region_ne_india_myanmar_r1_b03_04,2018-01,myd14a1_061_aqua,46.8825,0.92405,calibration_not_released,unavailable
art_science_demo_contract_0001,region_ne_india_myanmar_r1,region_ne_india_myanmar_r1_b01_01,2018-02,myd14a1_061_aqua,56.6495,0.887721,calibration_not_released,unavailable
art_science_demo_contract_0001,region_ne_india_myanmar_r1,region_ne_india_myanmar_r1_b01_02,2018-02,myd14a1_061_aqua,58.0495,0.899721,calibration_not_released,unavailable
art_science_demo_contract_0001,region_ne_india_myanmar_r1,region_ne_india_myanmar_r1_b01_03,2018-02,myd14a1_061_aqua,59.4495,0.887721,calibration_not_released,unavailable
art_science_demo_contract_0001,region_ne_india_myanmar_r1,region_ne_india_myanmar_r1_b01_04,2018-02,myd14a1_061_aqua,60.8495,0.875721,calibration_not_released,unavailable
art_science_demo_contract_0001,region_ne_india_myanmar_r1,region_ne_india_myanmar_r1_b02_01,2018-02,myd14a1_061_aqua,55.2495,0.875721,calibration_not_released,unavailable
art_science_demo_contract_0001,region_ne_india_myanmar_r1,region_ne_india_myanmar_r1_b02_02,2018-02,myd14a1_061_aqua,56.6495,0.887721,calibration_not_released,unavailable
art_science_demo_contract_0001,region_ne_india_myanmar_r1,region_ne_india_myanmar_r1_b02_03,2018-02,myd14a1_061_aqua,58.0495,0.899721,calibration_not_released,unavailable
art_science_demo_contract_0001,region_ne_india_myanmar_r1,region_ne_india_myanmar_r1_b02_04,2018-02,myd14a1_061_aqua,59.4495,0.887721,calibration_not_released,unavailable
art_science_demo_contract_0001,region_ne_india_myanmar_r1,region_ne_india_myanmar_r1_b03_01,2018-02,myd14a1_061_aqua,60.1495,0.881721,calibration_not_released,unavailable
art_science_demo_contract_0001,region_ne_india_myanmar_r1,region_ne_india_myanmar_r1_b03_02,2018-02,myd14a1_061_aqua,55.2495,0.875721,calibration_not_released,unavailable
art_science_demo_contract_0001,region_ne_india_myanmar_r1,region_ne_india_myanmar_r1_b03_03,2018-02,myd14a1_061_aqua,56.6495,0.887721,calibration_not_released,unavailable
art_science_demo_contract_0001,region_ne_india_myanmar_r1,region_ne_india_myanmar_r1_b03_04,2018-02,myd14a1_061_aqua,58.0495,0.899721,calibration_not_released,unavailable
art_science_demo_contract_0001,region_ne_india_myanmar_r1,region_ne_india_myanmar_r1_b01_01,2018-03,myd14a1_061_aqua,61.75,0.893856,calibration_not_released,unavailable
art_science_demo_contract_0001,region_ne_india_myanmar_r1,region_ne_india_myanmar_r1_b01_02,2018-03,myd14a1_061_aqua,63.15,0.893856,calibration_not_released,unavailable
art_science_demo_contract_0001,region_ne_india_myanmar_r1,region_ne_india_myanmar_r1_b01_03,2018-03,myd14a1_061_aqua,64.55,0.881856,calibration_not_released,unavailable
art_science_demo_contract_0001,region_ne_india_myanmar_r1,region_ne_india_myanmar_r1_b01_04,2018-03,myd14a1_061_aqua,59.65,0.875856,calibration_not_released,unavailable
art_science_demo_contract_0001,region_ne_india_myanmar_r1,region_ne_india_myanmar_r1_b02_01,2018-03,myd14a1_061_aqua,60.35,0.881856,calibration_not_released,unavailable
art_science_demo_contract_0001,region_ne_india_myanmar_r1,region_ne_india_myanmar_r1_b02_02,2018-03,myd14a1_061_aqua,61.75,0.893856,calibration_not_released,unavailable
art_science_demo_contract_0001,region_ne_india_myanmar_r1,region_ne_india_myanmar_r1_b02_03,2018-03,myd14a1_061_aqua,63.15,0.893856,calibration_not_released,unavailable
art_science_demo_contract_0001,region_ne_india_myanmar_r1,region_ne_india_myanmar_r1_b02_04,2018-03,myd14a1_061_aqua,64.55,0.881856,calibration_not_released,unavailable
art_science_demo_contract_0001,region_ne_india_myanmar_r1,region_ne_india_myanmar_r1_b03_01,2018-03,myd14a1_061_aqua,65.25,0.875856,calibration_not_released,unavailable
art_science_demo_contract_0001,region_ne_india_myanmar_r1,region_ne_india_myanmar_r1_b03_02,2018-03,myd14a1_061_aqua,60.35,0.881856,calibration_not_released,unavailable
art_science_demo_contract_0001,region_ne_india_myanmar_r1,region_ne_india_myanmar_r1_b03_03,2018-03,myd14a1_061_aqua,61.75,0.893856,calibration_not_released,unavailable
art_science_demo_contract_0001,region_ne_india_myanmar_r1,region_ne_india_myanmar_r1_b03_04,2018-03,myd14a1_061_aqua,63.15,0.893856,calibration_not_released,unavailable
art_science_demo_contract_0001,region_ne_india_myanmar_r1,region_ne_india_myanmar_r1_b01_01,2018-04,myd14a1_061_aqua,51.3644,0.900289,calibration_not_released,unavailable
art_science_demo_contract_0001,region_ne_india_myanmar_r1,region_ne_india_myanmar_r1_b01_02,2018-04,myd14a1_061_aqua,52.7644,0.888289,calibration_not_released,unavailable
art_science_demo_contract_0001,region_ne_india_myanmar_r1,region_ne_india_myanmar_r1_b01_03,2018-04,myd14a1_061_aqua,54.1644,0.876289,calibration_not_released,unavailable
art_science_demo_contract_0001,region_ne_india_myanmar_r1,region_ne_india_myanmar_r1_b01_04,2018-04,myd14a1_061_aqua,49.2644,0.882289,calibration_not_released,unavailable
art_science_demo_contract_0001,region_ne_india_myanmar_r1,region_ne_india_myanmar_r1_b02_01,2018-04,myd14a1_061_aqua,49.9644,0.888289,calibration_not_released,unavailable
art_science_demo_contract_0001,region_ne_india_myanmar_r1,region_ne_india_myanmar_r1_b02_02,2018-04,myd14a1_061_aqua,51.3644,0.900289,calibration_not_released,unavailable
art_science_demo_contract_0001,region_ne_india_myanmar_r1,region_ne_india_myanmar_r1_b02_03,2018-04,myd14a1_061_aqua,52.7644,0.888289,calibration_not_released,unavailable
art_science_demo_contract_0001,region_ne_india_myanmar_r1,region_ne_india_myanmar_r1_b02_04,2018-04,myd14a1_061_aqua,54.1644,0.876289,calibration_not_released,unavailable
art_science_demo_contract_0001,region_ne_india_myanmar_r1,region_ne_india_myanmar_r1_b03_01,2018-04,myd14a1_061_aqua,48.5644,0.876289,calibration_not_released,unavailable
art_science_demo_contract_0001,region_ne_india_myanmar_r1,region_ne_india_myanmar_r1_b03_02,2018-04,myd14a1_061_aqua,49.9644,0.888289,calibration_not_released,unavailable
art_science_demo_contract_0001,region_ne_india_myanmar_r1,region_ne_india_myanmar_r1_b03_03,2018-04,myd14a1_061_aqua,51.3644,0.900289,calibration_not_released,unavailable
art_science_demo_contract_0001,region_ne_india_myanmar_r1,region_ne_india_myanmar_r1_b03_04,2018-04,myd14a1_061_aqua,52.7644,0.888289,calibration_not_released,unavailable
art_science_demo_contract_0001,region_ne_india_myanmar_r1,region_ne_india_myanmar_r1_b01_01,2018-05,myd14a1_061_aqua,47.1259,0.893867,calibration_not_released,unavailable
art_science_demo_contract_0001,region_ne_india_myanmar_r1,region_ne_india_myanmar_r1_b01_02,2018-05,myd14a1_061_aqua,48.5259,0.881867,calibration_not_released,unavailable
art_science_demo_contract_0001,region_ne_india_myanmar_r1,region_ne_india_myanmar_r1_b01_03,2018-05,myd14a1_061_aqua,43.6259,0.875867,calibration_not_released,unavailable
art_science_demo_contract_0001,region_ne_india_myanmar_r1,region_ne_india_myanmar_r1_b01_04,2018-05,myd14a1_061_aqua,45.0259,0.887867,calibration_not_released,unavailable
art_science_demo_contract_0001,region_ne_india_myanmar_r1,region_ne_india_myanmar_r1_b02_01,2018-05,myd14a1_061_aqua,45.7259,0.893867,calibration_not_released,unavailable
art_science_demo_contract_0001,region_ne_india_myanmar_r1,region_ne_india_myanmar_r1_b02_02,2018-05,myd14a1_061_aqua,47.1259,0.893867,calibration_not_released,unavailable
art_science_demo_contract_0001,region_ne_india_myanmar_r1,region_ne_india_myanmar_r1_b02_03,2018-05,myd14a1_061_aqua,48.5259,0.881867,calibration_not_released,unavailable
art_science_demo_contract_0001,region_ne_india_myanmar_r1,region_ne_india_myanmar_r1_b02_04,2018-05,myd14a1_061_aqua,43.6259,0.875867,calibration_not_released,unavailable
art_science_demo_contract_0001,region_ne_india_myanmar_r1,region_ne_india_myanmar_r1_b03_01,2018-05,myd14a1_061_aqua,44.3259,0.881867,calibration_not_released,unavailable
art_science_demo_contract_0001,region_ne_india_myanmar_r1,region_ne_india_myanmar_r1_b03_02,2018-05,myd14a1_061_aqua,45.7259,0.893867,calibration_not_released,unavailable
art_science_demo_contract_0001,region_ne_india_myanmar_r1,region_ne_india_myanmar_r1_b03_03,2018-05,myd14a1_061_aqua,47.1259,0.893867,calibration_not_released,unavailable
art_science_demo_contract_0001,region_ne_india_myanmar_r1,region_ne_india_myanmar_r1_b03_04,2018-05,myd14a1_061_aqua,48.5259,0.881867,calibration_not_released,unavailable
art_science_demo_contract_0001,region_ne_india_myanmar_r1,region_ne_india_myanmar_r1_b01_01,2018-06,myd14a1_061_aqua,43.3968,0.917993,calibration_not_released,unavailable
art_science_demo_contract_0001,region_ne_india_myanmar_r1,region_ne_india_myanmar_r1_b01_02,2018-06,myd14a1_061_aqua,44.7968,0.905993,calibration_not_released,unavailable
art_science_demo_contract_0001,region_ne_india_myanmar_r1,region_ne_india_myanmar_r1_b01_03,2018-06,myd14a1_061_aqua,39.8968,0.911993,calibration_not_released,unavailable
art_science_demo_contract_0001,region_ne_india_myanmar_r1,region_ne_india_myanmar_r1_b01_04,2018-06,myd14a1_061_aqua,41.2968,0.923993,calibration_not_released,unavailable
art_science_demo_contract_0001,region_ne_india_myanmar_r1,region_ne_india_myanmar_r1_b02_01,2018-06,myd14a1_061_aqua,41.9968,0.929993,calibration_not_released,unavailable
art_science_demo_contract_0001,region_ne_india_myanmar_r1,region_ne_india_myanmar_r1_b02_02,2018-06,myd14a1_061_aqua,43.3968,0.917993,calibration_not_released,unavailable
art_science_demo_contract_0001,region_ne_india_myanmar_r1,region_ne_india_myanmar_r1_b02_03,2018-06,myd14a1_061_aqua,44.7968,0.905993,calibration_not_released,unavailable
art_science_demo_contract_0001,region_ne_india_myanmar_r1,region_ne_india_myanmar_r1_b02_04,2018-06,myd14a1_061_aqua,39.8968,0.911993,calibration_not_released,unavailable
art_science_demo_contract_0001,region_ne_india_myanmar_r1,region_ne_india_myanmar_r1_b03_01,2018-06,myd14a1_061_aqua,40.5968,0.917993,calibration_not_released,unavailable
art_science_demo_contract_0001,region_ne_india_myanmar_r1,region_ne_india_myanmar_r1_b03_02,2018-06,myd14a1_061_aqua,41.9968,0.929993,calibration_not_released,unavailable
art_science_demo_contract_0001,region_ne_india_myanmar_r1,region_ne_india_myanmar_r1_b03_03,2018-06,myd14a1_061_aqua,43.3968,0.917993,calibration_not_released,unavailable
art_science_demo_contract_0001,region_ne_india_myanmar_r1,region_ne_india_myanmar_r1_b03_04,2018-06,myd14a1_061_aqua,44.7968,0.905993,calibration_not_released,unavailable
art_science_demo_contract_0001,region_ne_india_myanmar_r1,region_ne_india_myanmar_r1_b01_01,2018-07,myd14a1_061_aqua,34.7264,0.872341,calibration_not_released,unavailable
art_science_demo_contract_0001,region_ne_india_myanmar_r1,region_ne_india_myanmar_r1_b01_02,2018-07,myd14a1_061_aqua,29.8264,0.866341,calibration_not_released,unavailable
art_science_demo_contract_0001,region_ne_india_myanmar_r1,region_ne_india_myanmar_r1_b01_03,2018-07,myd14a1_061_aqua,31.2264,0.878341,calibration_not_released,unavailable
art_science_demo_contract_0001,region_ne_india_myanmar_r1,region_ne_india_myanmar_r1_b01_04,2018-07,myd14a1_061_aqua,32.6264,0.890341,calibration_not_released,unavailable
art_science_demo_contract_0001,region_ne_india_myanmar_r1,region_ne_india_myanmar_r1_b02_01,2018-07,myd14a1_061_aqua,33.3264,0.884341,calibration_not_released,unavailable
art_science_demo_contract_0001,region_ne_india_myanmar_r1,region_ne_india_myanmar_r1_b02_02,2018-07,myd14a1_061_aqua,34.7264,0.872341,calibration_not_released,unavailable
art_science_demo_contract_0001,region_ne_india_myanmar_r1,region_ne_india_myanmar_r1_b02_03,2018-07,myd14a1_061_aqua,29.8264,0.866341,calibration_not_released,unavailable
art_science_demo_contract_0001,region_ne_india_myanmar_r1,region_ne_india_myanmar_r1_b02_04,2018-07,myd14a1_061_aqua,31.2264,0.878341,calibration_not_released,unavailable
art_science_demo_contract_0001,region_ne_india_myanmar_r1,region_ne_india_myanmar_r1_b03_01,2018-07,myd14a1_061_aqua,31.9264,0.884341,calibration_not_released,unavailable
art_science_demo_contract_0001,region_ne_india_myanmar_r1,region_ne_india_myanmar_r1_b03_02,2018-07,myd14a1_061_aqua,33.3264,0.884341,calibration_not_released,unavailable
art_science_demo_contract_0001,region_ne_india_myanmar_r1,region_ne_india_myanmar_r1_b03_03,2018-07,myd14a1_061_aqua,34.7264,0.872341,calibration_not_released,unavailable
art_science_demo_contract_0001,region_ne_india_myanmar_r1,region_ne_india_myanmar_r1_b03_04,2018-07,myd14a1_061_aqua,29.8264,0.866341,calibration_not_released,unavailable
art_science_demo_contract_0001,region_ne_india_myanmar_r1,region_ne_india_myanmar_r1_b01_01,2018-08,myd14a1_061_aqua,28.2777,0.905682,calibration_not_released,unavailable
art_science_demo_contract_0001,region_ne_india_myanmar_r1,region_ne_india_myanmar_r1_b01_02,2018-08,myd14a1_061_aqua,23.3777,0.911682,calibration_not_released,unavailable
art_science_demo_contract_0001,region_ne_india_myanmar_r1,region_ne_india_myanmar_r1_b01_03,2018-08,myd14a1_061_aqua,24.7777,0.923682,calibration_not_released,unavailable
art_science_demo_contract_0001,region_ne_india_myanmar_r1,region_ne_india_myanmar_r1_b01_04,2018-08,myd14a1_061_aqua,26.1777,0.923682,calibration_not_released,unavailable
art_science_demo_contract_0001,region_ne_india_myanmar_r1,region_ne_india_myanmar_r1_b02_01,2018-08,myd14a1_061_aqua,26.8777,0.917682,calibration_not_released,unavailable
art_science_demo_contract_0001,region_ne_india_myanmar_r1,region_ne_india_myanmar_r1_b02_02,2018-08,myd14a1_061_aqua,28.2777,0.905682,calibration_not_released,unavailable
art_science_demo_contract_0001,region_ne_india_myanmar_r1,region_ne_india_myanmar_r1_b02_03,2018-08,myd14a1_061_aqua,23.3777,0.911682,calibration_not_released,unavailable
art_science_demo_contract_0001,region_ne_india_myanmar_r1,region_ne_india_myanmar_r1_b02_04,2018-08,myd14a1_061_aqua,24.7777,0.923682,calibration_not_released,unavailable
art_science_demo_contract_0001,region_ne_india_myanmar_r1,region_ne_india_myanmar_r1_b03_01,2018-08,myd14a1_061_aqua,25.4777,0.929682,calibration_not_released,unavailable
art_science_demo_contract_0001,region_ne_india_myanmar_r1,region_ne_india_myanmar_r1_b03_02,2018-08,myd14a1_061_aqua,26.8777,0.917682,calibration_not_released,unavailable
art_science_demo_contract_0001,region_ne_india_myanmar_r1,region_ne_india_myanmar_r1_b03_03,2018-08,myd14a1_061_aqua,28.2777,0.905682,calibration_not_released,unavailable
art_science_demo_contract_0001,region_ne_india_myanmar_r1,region_ne_india_myanmar_r1_b03_04,2018-08,myd14a1_061_aqua,23.3777,0.911682,calibration_not_released,unavailable
art_science_demo_contract_0001,region_ne_india_myanmar_r1,region_ne_india_myanmar_r1_b01_01,2018-09,myd14a1_061_aqua,17.0347,0.845878,calibration_not_released,unavailable
art_science_demo_contract_0001,region_ne_india_myanmar_r1,region_ne_india_myanmar_r1_b01_02,2018-09,myd14a1_061_aqua,18.4347,0.857878,calibration_not_released,unavailable
art_science_demo_contract_0001,region_ne_india_myanmar_r1,region_ne_india_myanmar_r1_b01_03,2018-09,myd14a1_061_aqua,19.8347,0.869878,calibration_not_released,unavailable
art_science_demo_contract_0001,region_ne_india_myanmar_r1,region_ne_india_myanmar_r1_b01_04,2018-09,myd14a1_061_aqua,21.2347,0.857878,calibration_not_released,unavailable
art_science_demo_contract_0001,region_ne_india_myanmar_r1,region_ne_india_myanmar_r1_b02_01,2018-09,myd14a1_061_aqua,21.9347,0.851878,calibration_not_released,unavailable
art_science_demo_contract_0001,region_ne_india_myanmar_r1,region_ne_india_myanmar_r1_b02_02,2018-09,myd14a1_061_aqua,17.0347,0.845878,calibration_not_released,unavailable
art_science_demo_contract_0001,region_ne_india_myanmar_r1,region_ne_india_myanmar_r1_b02_03,2018-09,myd14a1_061_aqua,18.4347,0.857878,calibration_not_released,unavailable
art_science_demo_contract_0001,region_ne_india_myanmar_r1,region_ne_india_myanmar_r1_b02_04,2018-09,myd14a1_061_aqua,19.8347,0.869878,calibration_not_released,unavailable
art_science_demo_contract_0001,region_ne_india_myanmar_r1,region_ne_india_myanmar_r1_b03_01,2018-09,myd14a1_061_aqua,20.5347,0.863878,calibration_not_released,unavailable
art_science_demo_contract_0001,region_ne_india_myanmar_r1,region_ne_india_myanmar_r1_b03_02,2018-09,myd14a1_061_aqua,21.9347,0.851878,calibration_not_released,unavailable
art_science_demo_contract_0001,region_ne_india_myanmar_r1,region_ne_india_myanmar_r1_b03_03,2018-09,myd14a1_061_aqua,17.0347,0.845878,calibration_not_released,unavailable
art_science_demo_contract_0001,region_ne_india_myanmar_r1,region_ne_india_myanmar_r1_b03_04,2018-09,myd14a1_061_aqua,18.4347,0.857878,calibration_not_released,unavailable
art_science_demo_contract_0001,region_ne_india_myanmar_r1,region_ne_india_myanmar_r1_b01_01,2018-10,myd14a1_061_aqua,10.615,0.892143,calibration_not_released,unavailable
art_science_demo_contract_0001,region_ne_india_myanmar_r1,region_ne_india_myanmar_r1_b01_02,2018-10,myd14a1_061_aqua,12.015,0.904143,calibration_not_released,unavailable
art_science_demo_contract_0001,region_ne_india_myanmar_r1,region_ne_india_myanmar_r1_b01_03,2018-10,myd14a1_061_aqua,13.415,0.904143,calibration_not_released,unavailable
art_science_demo_contract_0001,region_ne_india_myanmar_r1,region_ne_india_myanmar_r1_b01_04,2018-10,myd14a1_061_aqua,14.815,0.892143,calibration_not_released,unavailable
art_science_demo_contract_0001,region_ne_india_myanmar_r1,region_ne_india_myanmar_r1_b02_01,2018-10,myd14a1_061_aqua,15.515,0.886143,calibration_not_released,unavailable
art_science_demo_contract_0001,region_ne_india_myanmar_r1,region_ne_india_myanmar_r1_b02_02,2018-10,myd14a1_061_aqua,10.615,0.892143,calibration_not_released,unavailable
art_science_demo_contract_0001,region_ne_india_myanmar_r1,region_ne_india_myanmar_r1_b02_03,2018-10,myd14a1_061_aqua,12.015,0.904143,calibration_not_released,unavailable
art_science_demo_contract_0001,region_ne_india_myanmar_r1,region_ne_india_myanmar_r1_b02_04,2018-10,myd14a1_061_aqua,13.415,0.904143,calibration_not_released,unavailable
art_science_demo_contract_0001,region_ne_india_myanmar_r1,region_ne_india_myanmar_r1_b03_01,2018-10,myd14a1_061_aqua,14.115,0.898143,calibration_not_released,unavailable
art_science_demo_contract_0001,region_ne_india_myanmar_r1,region_ne_india_myanmar_r1_b03_02,2018-10,myd14a1_061_aqua,15.515,0.886143,calibration_not_released,unavailable
art_science_demo_contract_0001,region_ne_india_myanmar_r1,region_ne_india_myanmar_r1_b03_03,2018-10,myd14a1_061_aqua,10.615,0.892143,calibration_not_released,unavailable
art_science_demo_contract_0001,region_ne_india_myanmar_r1,region_ne_india_myanmar_r1_b03_04,2018-10,myd14a1_061_aqua,12.015,0.904143,calibration_not_released,unavailable
art_science_demo_contract_0001,region_ne_india_myanmar_r1,region_ne_india_myanmar_r1_b01_01,2018-11,myd14a1_061_aqua,12.6515,0.918283,calibration_not_released,unavailable
art_science_demo_contract_0001,region_ne_india_myanmar_r1,region_ne_india_myanmar_r1_b01_02,2018-11,myd14a1_061_aqua,14.0515,0.930283,calibration_not_released,unavailable
art_science_demo_contract_0001,region_ne_india_myanmar_r1,region_ne_india_myanmar_r1_b01_03,2018-11,myd14a1_061_aqua,15.4515,0.918283,calibration_not_released,unavailable
art_science_demo_contract_0001,region_ne_india_myanmar_r1,region_ne_india_myanmar_r1_b01_04,2018-11,myd14a1_061_aqua,16.8515,0.906283,calibration_not_released,unavailable
art_science_demo_contract_0001,region_ne_india_myanmar_r1,region_ne_india_myanmar_r1_b02_01,2018-11,myd14a1_061_aqua,11.2515,0.906283,calibration_not_released,unavailable
art_science_demo_contract_0001,region_ne_india_myanmar_r1,region_ne_india_myanmar_r1_b02_02,2018-11,myd14a1_061_aqua,12.6515,0.918283,calibration_not_released,unavailable
art_science_demo_contract_0001,region_ne_india_myanmar_r1,region_ne_india_myanmar_r1_b02_03,2018-11,myd14a1_061_aqua,14.0515,0.930283,calibration_not_released,unavailable
art_science_demo_contract_0001,region_ne_india_myanmar_r1,region_ne_india_myanmar_r1_b02_04,2018-11,myd14a1_061_aqua,15.4515,0.918283,calibration_not_released,unavailable
art_science_demo_contract_0001,region_ne_india_myanmar_r1,region_ne_india_myanmar_r1_b03_01,2018-11,myd14a1_061_aqua,16.1515,0.912283,calibration_not_released,unavailable
art_science_demo_contract_0001,region_ne_india_myanmar_r1,region_ne_india_myanmar_r1_b03_02,2018-11,myd14a1_061_aqua,11.2515,0.906283,calibration_not_released,unavailable
art_science_demo_contract_0001,region_ne_india_myanmar_r1,region_ne_india_myanmar_r1_b03_03,2018-11,myd14a1_061_aqua,12.6515,0.918283,calibration_not_released,unavailable
art_science_demo_contract_0001,region_ne_india_myanmar_r1,region_ne_india_myanmar_r1_b03_04,2018-11,myd14a1_061_aqua,14.0515,0.930283,calibration_not_released,unavailable
art_science_demo_contract_0001,region_ne_india_myanmar_r1,region_ne_india_myanmar_r1_b01_01,2018-12,myd14a1_061_aqua,16.3068,0.87424,calibration_not_released,unavailable
art_science_demo_contract_0001,region_ne_india_myanmar_r1,region_ne_india_myanmar_r1_b01_02,2018-12,myd14a1_061_aqua,17.7068,0.87424,calibration_not_released,unavailable
art_science_demo_contract_0001,region_ne_india_myanmar_r1,region_ne_india_myanmar_r1_b01_03,2018-12,myd14a1_061_aqua,19.1068,0.86224,calibration_not_released,unavailable
art_science_demo_contract_0001,region_ne_india_myanmar_r1,region_ne_india_myanmar_r1_b01_04,2018-12,myd14a1_061_aqua,14.2068,0.85624,calibration_not_released,unavailable
art_science_demo_contract_0001,region_ne_india_myanmar_r1,region_ne_india_myanmar_r1_b02_01,2018-12,myd14a1_061_aqua,14.9068,0.86224,calibration_not_released,unavailable
art_science_demo_contract_0001,region_ne_india_myanmar_r1,region_ne_india_myanmar_r1_b02_02,2018-12,myd14a1_061_aqua,16.3068,0.87424,calibration_not_released,unavailable
art_science_demo_contract_0001,region_ne_india_myanmar_r1,region_ne_india_myanmar_r1_b02_03,2018-12,myd14a1_061_aqua,17.7068,0.87424,calibration_not_released,unavailable
art_science_demo_contract_0001,region_ne_india_myanmar_r1,region_ne_india_myanmar_r1_b02_04,2018-12,myd14a1_061_aqua,19.1068,0.86224,calibration_not_released,unavailable
art_science_demo_contract_0001,region_ne_india_myanmar_r1,region_ne_india_myanmar_r1_b03_01,2018-12,myd14a1_061_aqua,19.8068,0.85624,calibration_not_released,unavailable
art_science_demo_contract_0001,region_ne_india_myanmar_r1,region_ne_india_myanmar_r1_b03_02,2018-12,myd14a1_061_aqua,14.9068,0.86224,calibration_not_released,unavailable
art_science_demo_contract_0001,region_ne_india_myanmar_r1,region_ne_india_myanmar_r1_b03_03,2018-12,myd14a1_061_aqua,16.3068,0.87424,calibration_not_released,unavailable
art_science_demo_contract_0001,region_ne_india_myanmar_r1,region_ne_india_myanmar_r1_b03_04,2018-12,myd14a1_061_aqua,17.7068,0.87424,calibration_not_released,unavailable
art_science_demo_contract_0001,region_ne_india_myanmar_r1,region_ne_india_myanmar_r1_b01_01,2019-01,myd14a1_061_aqua,36.615,0.852251,calibration_not_released,unavailable
art_science_demo_contract_0001,region_ne_india_myanmar_r1,region_ne_india_myanmar_r1_b01_02,2019-01,myd14a1_061_aqua,38.015,0.864251,calibration_not_released,unavailable
art_science_demo_contract_0001,region_ne_india_myanmar_r1,region_ne_india_myanmar_r1_b01_03,2019-01,myd14a1_061_aqua,39.415,0.864251,calibration_not_released,unavailable
art_science_demo_contract_0001,region_ne_india_myanmar_r1,region_ne_india_myanmar_r1_b01_04,2019-01,myd14a1_061_aqua,40.815,0.852251,calibration_not_released,unavailable
art_science_demo_contract_0001,region_ne_india_myanmar_r1,region_ne_india_myanmar_r1_b02_01,2019-01,myd14a1_061_aqua,41.515,0.846251,calibration_not_released,unavailable
art_science_demo_contract_0001,region_ne_india_myanmar_r1,region_ne_india_myanmar_r1_b02_02,2019-01,myd14a1_061_aqua,36.615,0.852251,calibration_not_released,unavailable
art_science_demo_contract_0001,region_ne_india_myanmar_r1,region_ne_india_myanmar_r1_b02_03,2019-01,myd14a1_061_aqua,38.015,0.864251,calibration_not_released,unavailable
art_science_demo_contract_0001,region_ne_india_myanmar_r1,region_ne_india_myanmar_r1_b02_04,2019-01,myd14a1_061_aqua,39.415,0.864251,calibration_not_released,unavailable
art_science_demo_contract_0001,region_ne_india_myanmar_r1,region_ne_india_myanmar_r1_b03_01,2019-01,myd14a1_061_aqua,40.115,0.858251,calibration_not_released,unavailable
art_science_demo_contract_0001,region_ne_india_myanmar_r1,region_ne_india_myanmar_r1_b03_02,2019-01,myd14a1_061_aqua,41.515,0.846251,calibration_not_released,unavailable
art_science_demo_contract_0001,region_ne_india_myanmar_r1,region_ne_india_myanmar_r1_b03_03,2019-01,myd14a1_061_aqua,36.615,0.852251,calibration_not_released,unavailable
art_science_demo_contract_0001,region_ne_india_myanmar_r1,region_ne_india_myanmar_r1_b03_04,2019-01,myd14a1_061_aqua,38.015,0.864251,calibration_not_released,unavailable
art_science_demo_contract_0001,region_ne_india_myanmar_r1,region_ne_india_myanmar_r1_b01_01,2019-02,myd14a1_061_aqua,54.6669,0.858357,calibration_not_released,unavailable
art_science_demo_contract_0001,region_ne_india_myanmar_r1,region_ne_india_myanmar_r1_b01_02,2019-02,myd14a1_061_aqua,56.0669,0.870357,calibration_not_released,unavailable
art_science_demo_contract_0001,region_ne_india_myanmar_r1,region_ne_india_myanmar_r1_b01_03,2019-02,myd14a1_061_aqua,57.4669,0.858357,calibration_not_released,unavailable
art_science_demo_contract_0001,region_ne_india_myanmar_r1,region_ne_india_myanmar_r1_b01_04,2019-02,myd14a1_061_aqua,58.8669,0.846357,calibration_not_released,unavailable
art_science_demo_contract_0001,region_ne_india_myanmar_r1,region_ne_india_myanmar_r1_b02_01,2019-02,myd14a1_061_aqua,53.2669,0.846357,calibration_not_released,unavailable
art_science_demo_contract_0001,region_ne_india_myanmar_r1,region_ne_india_myanmar_r1_b02_02,2019-02,myd14a1_061_aqua,54.6669,0.858357,calibration_not_released,unavailable
art_science_demo_contract_0001,region_ne_india_myanmar_r1,region_ne_india_myanmar_r1_b02_03,2019-02,myd14a1_061_aqua,56.0669,0.870357,calibration_not_released,unavailable
art_science_demo_contract_0001,region_ne_india_myanmar_r1,region_ne_india_myanmar_r1_b02_04,2019-02,myd14a1_061_aqua,57.4669,0.858357,calibration_not_released,unavailable
art_science_demo_contract_0001,region_ne_india_myanmar_r1,region_ne_india_myanmar_r1_b03_01,2019-02,myd14a1_061_aqua,58.1669,0.852357,calibration_not_released,unavailable
art_science_demo_contract_0001,region_ne_india_myanmar_r1,region_ne_india_myanmar_r1_b03_02,2019-02,myd14a1_061_aqua,53.2669,0.846357,calibration_not_released,unavailable
art_science_demo_contract_0001,region_ne_india_myanmar_r1,region_ne_india_myanmar_r1_b03_03,2019-02,myd14a1_061_aqua,54.6669,0.858357,calibration_not_released,unavailable
art_science_demo_contract_0001,region_ne_india_myanmar_r1,region_ne_india_myanmar_r1_b03_04,2019-02,myd14a1_061_aqua,56.0669,0.870357,calibration_not_released,unavailable
art_science_demo_contract_0001,region_ne_india_myanmar_r1,region_ne_india_myanmar_r1_b01_01,2019-03,myd14a1_061_aqua,56.092,0.92405,calibration_not_released,unavailable
art_science_demo_contract_0001,region_ne_india_myanmar_r1,region_ne_india_myanmar_r1_b01_02,2019-03,myd14a1_061_aqua,57.492,0.92405,calibration_not_released,unavailable
art_science_demo_contract_0001,region_ne_india_myanmar_r1,region_ne_india_myanmar_r1_b01_03,2019-03,myd14a1_061_aqua,58.892,0.91205,calibration_not_released,unavailable
art_science_demo_contract_0001,region_ne_india_myanmar_r1,region_ne_india_myanmar_r1_b01_04,2019-03,myd14a1_061_aqua,53.992,0.90605,calibration_not_released,unavailable
art_science_demo_contract_0001,region_ne_india_myanmar_r1,region_ne_india_myanmar_r1_b02_01,2019-03,myd14a1_061_aqua,54.692,0.91205,calibration_not_released,unavailable
art_science_demo_contract_0001,region_ne_india_myanmar_r1,region_ne_india_myanmar_r1_b02_02,2019-03,myd14a1_061_aqua,56.092,0.92405,calibration_not_released,unavailable
art_science_demo_contract_0001,region_ne_india_myanmar_r1,region_ne_india_myanmar_r1_b02_03,2019-03,myd14a1_061_aqua,57.492,0.92405,calibration_not_released,unavailable
art_science_demo_contract_0001,region_ne_india_myanmar_r1,region_ne_india_myanmar_r1_b02_04,2019-03,myd14a1_061_aqua,58.892,0.91205,calibration_not_released,unavailable
art_science_demo_contract_0001,region_ne_india_myanmar_r1,region_ne_india_myanmar_r1_b03_01,2019-03,myd14a1_061_aqua,59.592,0.90605,calibration_not_released,unavailable
art_science_demo_contract_0001,region_ne_india_myanmar_r1,region_ne_india_myanmar_r1_b03_02,2019-03,myd14a1_061_aqua,54.692,0.91205,calibration_not_released,unavailable
art_science_demo_contract_0001,region_ne_india_myanmar_r1,region_ne_india_myanmar_r1_b03_03,2019-03,myd14a1_061_aqua,56.092,0.92405,calibration_not_released,unavailable
art_science_demo_contract_0001,region_ne_india_myanmar_r1,region_ne_india_myanmar_r1_b03_04,2019-03,myd14a1_061_aqua,57.492,0.92405,calibration_not_released,unavailable
art_science_demo_contract_0001,region_ne_india_myanmar_r1,region_ne_india_myanmar_r1_b01_01,2019-04,myd14a1_061_aqua,48.2389,0.910105,calibration_not_released,unavailable
art_science_demo_contract_0001,region_ne_india_myanmar_r1,region_ne_india_myanmar_r1_b01_02,2019-04,myd14a1_061_aqua,49.6389,0.898105,calibration_not_released,unavailable
art_science_demo_contract_0001,region_ne_india_myanmar_r1,region_ne_india_myanmar_r1_b01_03,2019-04,myd14a1_061_aqua,51.0389,0.886105,calibration_not_released,unavailable
art_science_demo_contract_0001,region_ne_india_myanmar_r1,region_ne_india_myanmar_r1_b01_04,2019-04,myd14a1_061_aqua,46.1389,0.892105,calibration_not_released,unavailable
art_science_demo_contract_0001,region_ne_india_myanmar_r1,region_ne_india_myanmar_r1_b02_01,2019-04,myd14a1_061_aqua,46.8389,0.898105,calibration_not_released,unavailable
art_science_demo_contract_0001,region_ne_india_myanmar_r1,region_ne_india_myanmar_r1_b02_02,2019-04,myd14a1_061_aqua,48.2389,0.910105,calibration_not_released,unavailable
art_science_demo_contract_0001,region_ne_india_myanmar_r1,region_ne_india_myanmar_r1_b02_03,2019-04,myd14a1_061_aqua,49.6389,0.898105,calibration_not_released,unavailable
art_science_demo_contract_0001,region_ne_india_myanmar_r1,region_ne_india_myanmar_r1_b02_04,2019-04,myd14a1_061_aqua,51.0389,0.886105,calibration_not_released,unavailable
art_science_demo_contract_0001,region_ne_india_myanmar_r1,region_ne_india_myanmar_r1_b03_01,2019-04,myd14a1_061_aqua,45.4389,0.886105,calibration_not_released,unavailable
art_science_demo_contract_0001,region_ne_india_myanmar_r1,region_ne_india_myanmar_r1_b03_02,2019-04,myd14a1_061_aqua,46.8389,0.898105,calibration_not_released,unavailable
art_science_demo_contract_0001,region_ne_india_myanmar_r1,region_ne_india_myanmar_r1_b03_03,2019-04,myd14a1_061_aqua,48.2389,0.910105,calibration_not_released,unavailable
art_science_demo_contract_0001,region_ne_india_myanmar_r1,region_ne_india_myanmar_r1_b03_04,2019-04,myd14a1_061_aqua,49.6389,0.898105,calibration_not_released,unavailable
art_science_demo_contract_0001,region_ne_india_myanmar_r1,region_ne_india_myanmar_r1_b01_01,2019-05,myd14a1_061_aqua,39.535,0.893866,calibration_not_released,unavailable
art_science_demo_contract_0001,region_ne_india_myanmar_r1,region_ne_india_myanmar_r1_b01_02,2019-05,myd14a1_061_aqua,40.935,0.881866,calibration_not_released,unavailable
art_science_demo_contract_0001,region_ne_india_myanmar_r1,region_ne_india_myanmar_r1_b01_03,2019-05,myd14a1_061_aqua,36.035,0.875866,calibration_not_released,unavailable
art_science_demo_contract_0001,region_ne_india_myanmar_r1,region_ne_india_myanmar_r1_b01_04,2019-05,myd14a1_061_aqua,37.435,0.887866,calibration_not_released,unavailable
art_science_demo_contract_0001,region_ne_india_myanmar_r1,region_ne_india_myanmar_r1_b02_01,2019-05,myd14a1_061_aqua,38.135,0.893866,calibration_not_released,unavailable
art_science_demo_contract_0001,region_ne_india_myanmar_r1,region_ne_india_myanmar_r1_b02_02,2019-05,myd14a1_061_aqua,39.535,0.893866,calibration_not_released,unavailable
art_science_demo_contract_0001,region_ne_india_myanmar_r1,region_ne_india_myanmar_r1_b02_03,2019-05,myd14a1_061_aqua,40.935,0.881866,calibration_not_released,unavailable
art_science_demo_contract_0001,region_ne_india_myanmar_r1,region_ne_india_myanmar_r1_b02_04,2019-05,myd14a1_061_aqua,36.035,0.875866,calibration_not_released,unavailable
art_science_demo_contract_0001,region_ne_india_myanmar_r1,region_ne_india_myanmar_r1_b03_01,2019-05,myd14a1_061_aqua,36.735,0.881866,calibration_not_released,unavailable
art_science_demo_contract_0001,region_ne_india_myanmar_r1,region_ne_india_myanmar_r1_b03_02,2019-05,myd14a1_061_aqua,38.135,0.893866,calibration_not_released,unavailable
art_science_demo_contract_0001,region_ne_india_myanmar_r1,region_ne_india_myanmar_r1_b03_03,2019-05,myd14a1_061_aqua,39.535,0.893866,calibration_not_released,unavailable
art_science_demo_contract_0001,region_ne_india_myanmar_r1,region_ne_india_myanmar_r1_b03_04,2019-05,myd14a1_061_aqua,40.935,0.881866,calibration_not_released,unavailable
art_science_demo_contract_0001,region_ne_india_myanmar_r1,region_ne_india_myanmar_r1_b01_01,2019-06,myd14a1_061_aqua,33.9621,0.858246,calibration_not_released,unavailable
art_science_demo_contract_0001,region_ne_india_myanmar_r1,region_ne_india_myanmar_r1_b01_02,2019-06,myd14a1_061_aqua,35.3621,0.846246,calibration_not_released,unavailable
art_science_demo_contract_0001,region_ne_india_myanmar_r1,region_ne_india_myanmar_r1_b01_03,2019-06,myd14a1_061_aqua,30.4621,0.852246,calibration_not_released,unavailable
art_science_demo_contract_0001,region_ne_india_myanmar_r1,region_ne_india_myanmar_r1_b01_04,2019-06,myd14a1_061_aqua,31.8621,0.864246,calibration_not_released,unavailable
art_science_demo_contract_0001,region_ne_india_myanmar_r1,region_ne_india_myanmar_r1_b02_01,2019-06,myd14a1_061_aqua,32.5621,0.870246,calibration_not_released,unavailable
art_science_demo_contract_0001,region_ne_india_myanmar_r1,region_ne_india_myanmar_r1_b02_02,2019-06,myd14a1_061_aqua,33.9621,0.858246,calibration_not_released,unavailable
art_science_demo_contract_0001,region_ne_india_myanmar_r1,region_ne_india_myanmar_r1_b02_03,2019-06,myd14a1_061_aqua,35.3621,0.846246,calibration_not_released,unavailable
art_science_demo_contract_0001,region_ne_india_myanmar_r1,region_ne_india_myanmar_r1_b02_04,2019-06,myd14a1_061_aqua,30.4621,0.852246,calibration_not_released,unavailable
art_science_demo_contract_0001,region_ne_india_myanmar_r1,region_ne_india_myanmar_r1_b03_01,2019-06,myd14a1_061_aqua,31.1621,0.858246,calibration_not_released,unavailable
art_science_demo_contract_0001,region_ne_india_myanmar_r1,region_ne_india_myanmar_r1_b03_02,2019-06,myd14a1_061_aqua,32.5621,0.870246,calibration_not_released,unavailable
art_science_demo_contract_0001,region_ne_india_myanmar_r1,region_ne_india_myanmar_r1_b03_03,2019-06,myd14a1_061_aqua,33.9621,0.858246,calibration_not_released,unavailable
art_science_demo_contract_0001,region_ne_india_myanmar_r1,region_ne_india_myanmar_r1_b03_04,2019-06,myd14a1_061_aqua,35.3621,0.846246,calibration_not_released,unavailable
art_science_demo_contract_0001,region_ne_india_myanmar_r1,region_ne_india_myanmar_r1_b01_01,2019-07,myd14a1_061_aqua,28.1504,0.872052,calibration_not_released,unavailable
art_science_demo_contract_0001,region_ne_india_myanmar_r1,region_ne_india_myanmar_r1_b01_02,2019-07,myd14a1_061_aqua,23.2504,0.866052,calibration_not_released,unavailable
art_science_demo_contract_0001,region_ne_india_myanmar_r1,region_ne_india_myanmar_r1_b01_03,2019-07,myd14a1_061_aqua,24.6504,0.878052,calibration_not_released,unavailable
art_science_demo_contract_0001,region_ne_india_myanmar_r1,region_ne_india_myanmar_r1_b01_04,2019-07,myd14a1_061_aqua,26.0504,0.890052,calibration_not_released,unavailable
art_science_demo_contract_0001,region_ne_india_myanmar_r1,region_ne_india_myanmar_r1_b02_01,2019-07,myd14a1_061_aqua,26.7504,0.884052,calibration_not_released,unavailable
art_science_demo_contract_0001,region_ne_india_myanmar_r1,region_ne_india_myanmar_r1_b02_02,2019-07,myd14a1_061_aqua,28.1504,0.872052,calibration_not_released,unavailable
art_science_demo_contract_0001,region_ne_india_myanmar_r1,region_ne_india_myanmar_r1_b02_03,2019-07,myd14a1_061_aqua,23.2504,0.866052,calibration_not_released,unavailable
art_science_demo_contract_0001,region_ne_india_myanmar_r1,region_ne_india_myanmar_r1_b02_04,2019-07,myd14a1_061_aqua,24.6504,0.878052,calibration_not_released,unavailable
art_science_demo_contract_0001,region_ne_india_myanmar_r1,region_ne_india_myanmar_r1_b03_01,2019-07,myd14a1_061_aqua,25.3504,0.884052,calibration_not_released,unavailable
art_science_demo_contract_0001,region_ne_india_myanmar_r1,region_ne_india_myanmar_r1_b03_02,2019-07,myd14a1_061_aqua,26.7504,0.884052,calibration_not_released,unavailable
art_science_demo_contract_0001,region_ne_india_myanmar_r1,region_ne_india_myanmar_r1_b03_03,2019-07,myd14a1_061_aqua,28.1504,0.872052,calibration_not_released,unavailable
art_science_demo_contract_0001,region_ne_india_myanmar_r1,region_ne_india_myanmar_r1_b03_04,2019-07,myd14a1_061_aqua,23.2504,0.866052,calibration_not_released,unavailable
art_science_demo_contract_0001,region_ne_india_myanmar_r1,region_ne_india_myanmar_r1_b01_01,2019-08,myd14a1_061_aqua,27.6447,0.896,calibration_not_released,unavailable
art_science_demo_contract_0001,region_ne_india_myanmar_r1,region_ne_india_myanmar_r1_b01_02,2019-08,myd14a1_061_aqua,22.7447,0.902,calibration_not_released,unavailable
art_science_demo_contract_0001,region_ne_india_myanmar_r1,region_ne_india_myanmar_r1_b01_03,2019-08,myd14a1_061_aqua,24.1447,0.914,calibration_not_released,unavailable
art_science_demo_contract_0001,region_ne_india_myanmar_r1,region_ne_india_myanmar_r1_b01_04,2019-08,myd14a1_061_aqua,25.5447,0.914,calibration_not_released,unavailable
art_science_demo_contract_0001,region_ne_india_myanmar_r1,region_ne_india_myanmar_r1_b02_01,2019-08,myd14a1_061_aqua,26.2447,0.908,calibration_not_released,unavailable
art_science_demo_contract_0001,region_ne_india_myanmar_r1,region_ne_india_myanmar_r1_b02_02,2019-08,myd14a1_061_aqua,27.6447,0.896,calibration_not_released,unavailable
art_science_demo_contract_0001,region_ne_india_myanmar_r1,region_ne_india_myanmar_r1_b02_03,2019-08,myd14a1_061_aqua,22.7447,0.902,calibration_not_released,unavailable
art_science_demo_contract_0001,region_ne_india_myanmar_r1,region_ne_india_myanmar_r1_b02_04,2019-08,myd14a1_061_aqua,24.1447,0.914,calibration_not_released,unavailable
art_science_demo_contract_0001,region_ne_india_myanmar_r1,region_ne_india_myanmar_r1_b03_01,2019-08,myd14a1_061_aqua,24.8447,0.92,calibration_not_released,unavailable
art_science_demo_contract_0001,region_ne_india_myanmar_r1,region_ne_india_myanmar_r1_b03_02,2019-08,myd14a1_061_aqua,26.2447,0.908,calibration_not_released,unavailable
art_science_demo_contract_0001,region_ne_india_myanmar_r1,region_ne_india_myanmar_r1_b03_03,2019-08,myd14a1_061_aqua,27.6447,0.896,calibration_not_released,unavailable
art_science_demo_contract_0001,region_ne_india_myanmar_r1,region_ne_india_myanmar_r1_b03_04,2019-08,myd14a1_061_aqua,22.7447,0.902,calibration_not_released,unavailable
art_science_demo_contract_0001,region_ne_india_myanmar_r1,region_ne_india_myanmar_r1_b01_01,2019-09,myd14a1_061_aqua,17.0864,0.91592,calibration_not_released,unavailable
art_science_demo_contract_0001,region_ne_india_myanmar_r1,region_ne_india_myanmar_r1_b01_02,2019-09,myd14a1_061_aqua,18.4864,0.92792,calibration_not_released,unavailable
art_science_demo_contract_0001,region_ne_india_myanmar_r1,region_ne_india_myanmar_r1_b01_03,2019-09,myd14a1_061_aqua,19.8864,0.93992,calibration_not_released,unavailable
art_science_demo_contract_0001,region_ne_india_myanmar_r1,region_ne_india_myanmar_r1_b01_04,2019-09,myd14a1_061_aqua,21.2864,0.92792,calibration_not_released,unavailable
art_science_demo_contract_0001,region_ne_india_myanmar_r1,region_ne_india_myanmar_r1_b02_01,2019-09,myd14a1_061_aqua,21.9864,0.92192,calibration_not_released,unavailable
art_science_demo_contract_0001,region_ne_india_myanmar_r1,region_ne_india_myanmar_r1_b02_02,2019-09,myd14a1_061_aqua,17.0864,0.91592,calibration_not_released,unavailable
art_science_demo_contract_0001,region_ne_india_myanmar_r1,region_ne_india_myanmar_r1_b02_03,2019-09,myd14a1_061_aqua,18.4864,0.92792,calibration_not_released,unavailable
art_science_demo_contract_0001,region_ne_india_myanmar_r1,region_ne_india_myanmar_r1_b02_04,2019-09,myd14a1_061_aqua,19.8864,0.93992,calibration_not_released,unavailable
art_science_demo_contract_0001,region_ne_india_myanmar_r1,region_ne_india_myanmar_r1_b03_01,2019-09,myd14a1_061_aqua,20.5864,0.93392,calibration_not_released,unavailable
art_science_demo_contract_0001,region_ne_india_myanmar_r1,region_ne_india_myanmar_r1_b03_02,2019-09,myd14a1_061_aqua,21.9864,0.92192,calibration_not_released,unavailable
art_science_demo_contract_0001,region_ne_india_myanmar_r1,region_ne_india_myanmar_r1_b03_03,2019-09,myd14a1_061_aqua,17.0864,0.91592,calibration_not_released,unavailable
art_science_demo_contract_0001,region_ne_india_myanmar_r1,region_ne_india_myanmar_r1_b03_04,2019-09,myd14a1_061_aqua,18.4864,0.92792,calibration_not_released,unavailable
art_science_demo_contract_0001,region_ne_india_myanmar_r1,region_ne_india_myanmar_r1_b01_01,2019-10,myd14a1_061_aqua,7.9231,0.901858,calibration_not_released,unavailable
art_science_demo_contract_0001,region_ne_india_myanmar_r1,region_ne_india_myanmar_r1_b01_02,2019-10,myd14a1_061_aqua,9.3231,0.913858,calibration_not_released,unavailable
art_science_demo_contract_0001,region_ne_india_myanmar_r1,region_ne_india_myanmar_r1_b01_03,2019-10,myd14a1_061_aqua,10.7231,0.913858,calibration_not_released,unavailable
art_science_demo_contract_0001,region_ne_india_myanmar_r1,region_ne_india_myanmar_r1_b01_04,2019-10,myd14a1_061_aqua,12.1231,0.901858,calibration_not_released,unavailable
art_science_demo_contract_0001,region_ne_india_myanmar_r1,region_ne_india_myanmar_r1_b02_01,2019-10,myd14a1_061_aqua,12.8231,0.895858,calibration_not_released,unavailable
art_science_demo_contract_0001,region_ne_india_myanmar_r1,region_ne_india_myanmar_r1_b02_02,2019-10,myd14a1_061_aqua,7.9231,0.901858,calibration_not_released,unavailable
art_science_demo_contract_0001,region_ne_india_myanmar_r1,region_ne_india_myanmar_r1_b02_03,2019-10,myd14a1_061_aqua,9.3231,0.913858,calibration_not_released,unavailable
art_science_demo_contract_0001,region_ne_india_myanmar_r1,region_ne_india_myanmar_r1_b02_04,2019-10,myd14a1_061_aqua,10.7231,0.913858,calibration_not_released,unavailable
art_science_demo_contract_0001,region_ne_india_myanmar_r1,region_ne_india_myanmar_r1_b03_01,2019-10,myd14a1_061_aqua,11.4231,0.907858,calibration_not_released,unavailable
art_science_demo_contract_0001,region_ne_india_myanmar_r1,region_ne_india_myanmar_r1_b03_02,2019-10,myd14a1_061_aqua,12.8231,0.895858,calibration_not_released,unavailable
art_science_demo_contract_0001,region_ne_india_myanmar_r1,region_ne_india_myanmar_r1_b03_03,2019-10,myd14a1_061_aqua,7.9231,0.901858,calibration_not_released,unavailable
art_science_demo_contract_0001,region_ne_india_myanmar_r1,region_ne_india_myanmar_r1_b03_04,2019-10,myd14a1_061_aqua,9.3231,0.913858,calibration_not_released,unavailable
art_science_demo_contract_0001,region_ne_india_myanmar_r1,region_ne_india_myanmar_r1_b01_01,2019-11,myd14a1_061_aqua,4.9492,0.867888,calibration_not_released,unavailable
art_science_demo_contract_0001,region_ne_india_myanmar_r1,region_ne_india_myanmar_r1_b01_02,2019-11,myd14a1_061_aqua,6.3492,0.879888,calibration_not_released,unavailable
art_science_demo_contract_0001,region_ne_india_myanmar_r1,region_ne_india_myanmar_r1_b01_03,2019-11,myd14a1_061_aqua,7.7492,0.867888,calibration_not_released,unavailable
art_science_demo_contract_0001,region_ne_india_myanmar_r1,region_ne_india_myanmar_r1_b01_04,2019-11,myd14a1_061_aqua,9.1492,0.855888,calibration_not_released,unavailable
art_science_demo_contract_0001,region_ne_india_myanmar_r1,region_ne_india_myanmar_r1_b02_01,2019-11,myd14a1_061_aqua,3.5492,0.855888,calibration_not_released,unavailable
art_science_demo_contract_0001,region_ne_india_myanmar_r1,region_ne_india_myanmar_r1_b02_02,2019-11,myd14a1_061_aqua,4.9492,0.867888,calibration_not_released,unavailable
art_science_demo_contract_0001,region_ne_india_myanmar_r1,region_ne_india_myanmar_r1_b02_03,2019-11,myd14a1_061_aqua,6.3492,0.879888,calibration_not_released,unavailable
art_science_demo_contract_0001,region_ne_india_myanmar_r1,region_ne_india_myanmar_r1_b02_04,2019-11,myd14a1_061_aqua,7.7492,0.867888,calibration_not_released,unavailable
art_science_demo_contract_0001,region_ne_india_myanmar_r1,region_ne_india_myanmar_r1_b03_01,2019-11,myd14a1_061_aqua,8.4492,0.861888,calibration_not_released,unavailable
art_science_demo_contract_0001,region_ne_india_myanmar_r1,region_ne_india_myanmar_r1_b03_02,2019-11,myd14a1_061_aqua,3.5492,0.855888,calibration_not_released,unavailable
art_science_demo_contract_0001,region_ne_india_myanmar_r1,region_ne_india_myanmar_r1_b03_03,2019-11,myd14a1_061_aqua,4.9492,0.867888,calibration_not_released,unavailable
art_science_demo_contract_0001,region_ne_india_myanmar_r1,region_ne_india_myanmar_r1_b03_04,2019-11,myd14a1_061_aqua,6.3492,0.879888,calibration_not_released,unavailable
art_science_demo_contract_0001,region_ne_india_myanmar_r1,region_ne_india_myanmar_r1_b01_01,2019-12,myd14a1_061_aqua,13.0429,0.873801,calibration_not_released,unavailable
art_science_demo_contract_0001,region_ne_india_myanmar_r1,region_ne_india_myanmar_r1_b01_02,2019-12,myd14a1_061_aqua,14.4429,0.873801,calibration_not_released,unavailable
art_science_demo_contract_0001,region_ne_india_myanmar_r1,region_ne_india_myanmar_r1_b01_03,2019-12,myd14a1_061_aqua,15.8429,0.861801,calibration_not_released,unavailable
art_science_demo_contract_0001,region_ne_india_myanmar_r1,region_ne_india_myanmar_r1_b01_04,2019-12,myd14a1_061_aqua,10.9429,0.855801,calibration_not_released,unavailable
art_science_demo_contract_0001,region_ne_india_myanmar_r1,region_ne_india_myanmar_r1_b02_01,2019-12,myd14a1_061_aqua,11.6429,0.861801,calibration_not_released,unavailable
art_science_demo_contract_0001,region_ne_india_myanmar_r1,region_ne_india_myanmar_r1_b02_02,2019-12,myd14a1_061_aqua,13.0429,0.873801,calibration_not_released,unavailable
art_science_demo_contract_0001,region_ne_india_myanmar_r1,region_ne_india_myanmar_r1_b02_03,2019-12,myd14a1_061_aqua,14.4429,0.873801,calibration_not_released,unavailable
art_science_demo_contract_0001,region_ne_india_myanmar_r1,region_ne_india_myanmar_r1_b02_04,2019-12,myd14a1_061_aqua,15.8429,0.861801,calibration_not_released,unavailable
art_science_demo_contract_0001,region_ne_india_myanmar_r1,region_ne_india_myanmar_r1_b03_01,2019-12,myd14a1_061_aqua,16.5429,0.855801,calibration_not_released,unavailable
art_science_demo_contract_0001,region_ne_india_myanmar_r1,region_ne_india_myanmar_r1_b03_02,2019-12,myd14a1_061_aqua,11.6429,0.861801,calibration_not_released,unavailable
art_science_demo_contract_0001,region_ne_india_myanmar_r1,region_ne_india_myanmar_r1_b03_03,2019-12,myd14a1_061_aqua,13.0429,0.873801,calibration_not_released,unavailable
art_science_demo_contract_0001,region_ne_india_myanmar_r1,region_ne_india_myanmar_r1_b03_04,2019-12,myd14a1_061_aqua,14.4429,0.873801,calibration_not_released,unavailable
art_science_demo_contract_0001,region_ne_india_myanmar_r1,region_ne_india_myanmar_r1_b01_01,2020-01,myd14a1_061_aqua,45.3632,0.881853,calibration_not_released,unavailable
art_science_demo_contract_0001,region_ne_india_myanmar_r1,region_ne_india_myanmar_r1_b01_02,2020-01,myd14a1_061_aqua,46.7632,0.893853,calibration_not_released,unavailable
art_science_demo_contract_0001,region_ne_india_myanmar_r1,region_ne_india_myanmar_r1_b01_03,2020-01,myd14a1_061_aqua,48.1632,0.893853,calibration_not_released,unavailable
art_science_demo_contract_0001,region_ne_india_myanmar_r1,region_ne_india_myanmar_r1_b01_04,2020-01,myd14a1_061_aqua,49.5632,0.881853,calibration_not_released,unavailable
art_science_demo_contract_0001,region_ne_india_myanmar_r1,region_ne_india_myanmar_r1_b02_01,2020-01,myd14a1_061_aqua,50.2632,0.875853,calibration_not_released,unavailable
art_science_demo_contract_0001,region_ne_india_myanmar_r1,region_ne_india_myanmar_r1_b02_02,2020-01,myd14a1_061_aqua,45.3632,0.881853,calibration_not_released,unavailable
art_science_demo_contract_0001,region_ne_india_myanmar_r1,region_ne_india_myanmar_r1_b02_03,2020-01,myd14a1_061_aqua,46.7632,0.893853,calibration_not_released,unavailable
art_science_demo_contract_0001,region_ne_india_myanmar_r1,region_ne_india_myanmar_r1_b02_04,2020-01,myd14a1_061_aqua,48.1632,0.893853,calibration_not_released,unavailable
art_science_demo_contract_0001,region_ne_india_myanmar_r1,region_ne_india_myanmar_r1_b03_01,2020-01,myd14a1_061_aqua,48.8632,0.887853,calibration_not_released,unavailable
art_science_demo_contract_0001,region_ne_india_myanmar_r1,region_ne_india_myanmar_r1_b03_02,2020-01,myd14a1_061_aqua,50.2632,0.875853,calibration_not_released,unavailable
art_science_demo_contract_0001,region_ne_india_myanmar_r1,region_ne_india_myanmar_r1_b03_03,2020-01,myd14a1_061_aqua,45.3632,0.881853,calibration_not_released,unavailable
art_science_demo_contract_0001,region_ne_india_myanmar_r1,region_ne_india_myanmar_r1_b03_04,2020-01,myd14a1_061_aqua,46.7632,0.893853,calibration_not_released,unavailable
art_science_demo_contract_0001,region_ne_india_myanmar_r1,region_ne_india_myanmar_r1_b01_01,2020-02,myd14a1_061_aqua,43.4328,0.87779,calibration_not_released,unavailable
art_science_demo_contract_0001,region_ne_india_myanmar_r1,region_ne_india_myanmar_r1_b01_02,2020-02,myd14a1_061_aqua,44.8328,0.88979,calibration_not_released,unavailable
art_science_demo_contract_0001,region_ne_india_myanmar_r1,region_ne_india_myanmar_r1_b01_03,2020-02,myd14a1_061_aqua,46.2328,0.87779,calibration_not_released,unavailable
art_science_demo_contract_0001,region_ne_india_myanmar_r1,region_ne_india_myanmar_r1_b01_04,2020-02,myd14a1_061_aqua,47.6328,0.86579,calibration_not_released,unavailable
art_science_demo_contract_0001,region_ne_india_myanmar_r1,region_ne_india_myanmar_r1_b02_01,2020-02,myd14a1_061_aqua,42.0328,0.86579,calibration_not_released,unavailable
art_science_demo_contract_0001,region_ne_india_myanmar_r1,region_ne_india_myanmar_r1_b02_02,2020-02,myd14a1_061_aqua,43.4328,0.87779,calibration_not_released,unavailable
art_science_demo_contract_0001,region_ne_india_myanmar_r1,region_ne_india_myanmar_r1_b02_03,2020-02,myd14a1_061_aqua,44.8328,0.88979,calibration_not_released,unavailable
art_science_demo_contract_0001,region_ne_india_myanmar_r1,region_ne_india_myanmar_r1_b02_04,2020-02,myd14a1_061_aqua,46.2328,0.87779,calibration_not_released,unavailable
art_science_demo_contract_0001,region_ne_india_myanmar_r1,region_ne_india_myanmar_r1_b03_01,2020-02,myd14a1_061_aqua,46.9328,0.87179,calibration_not_released,unavailable
art_science_demo_contract_0001,region_ne_india_myanmar_r1,region_ne_india_myanmar_r1_b03_02,2020-02,myd14a1_061_aqua,42.0328,0.86579,calibration_not_released,unavailable
art_science_demo_contract_0001,region_ne_india_myanmar_r1,region_ne_india_myanmar_r1_b03_03,2020-02,myd14a1_061_aqua,43.4328,0.87779,calibration_not_released,unavailable
art_science_demo_contract_0001,region_ne_india_myanmar_r1,region_ne_india_myanmar_r1_b03_04,2020-02,myd14a1_061_aqua,44.8328,0.88979,calibration_not_released,unavailable
art_science_demo_contract_0001,region_ne_india_myanmar_r1,region_ne_india_myanmar_r1_b01_01,2020-03,myd14a1_061_aqua,49.4845,0.933667,calibration_not_released,unavailable
art_science_demo_contract_0001,region_ne_india_myanmar_r1,region_ne_india_myanmar_r1_b01_02,2020-03,myd14a1_061_aqua,50.8845,0.933667,calibration_not_released,unavailable
art_science_demo_contract_0001,region_ne_india_myanmar_r1,region_ne_india_myanmar_r1_b01_03,2020-03,myd14a1_061_aqua,52.2845,0.921667,calibration_not_released,unavailable
art_science_demo_contract_0001,region_ne_india_myanmar_r1,region_ne_india_myanmar_r1_b01_04,2020-03,myd14a1_061_aqua,47.3845,0.915667,calibration_not_released,unavailable
art_science_demo_contract_0001,region_ne_india_myanmar_r1,region_ne_india_myanmar_r1_b02_01,2020-03,myd14a1_061_aqua,48.0845,0.921667,calibration_not_released,unavailable
art_science_demo_contract_0001,region_ne_india_myanmar_r1,region_ne_india_myanmar_r1_b02_02,2020-03,myd14a1_061_aqua,49.4845,0.933667,calibration_not_released,unavailable
art_science_demo_contract_0001,region_ne_india_myanmar_r1,region_ne_india_myanmar_r1_b02_03,2020-03,myd14a1_061_aqua,50.8845,0.933667,calibration_not_released,unavailable
art_science_demo_contract_0001,region_ne_india_myanmar_r1,region_ne_india_myanmar_r1_b02_04,2020-03,myd14a1_061_aqua,52.2845,0.921667,calibration_not_released,unavailable
art_science_demo_contract_0001,region_ne_india_myanmar_r1,region_ne_india_myanmar_r1_b03_01,2020-03,myd14a1_061_aqua,52.9845,0.915667,calibration_not_released,unavailable
art_science_demo_contract_0001,region_ne_india_myanmar_r1,region_ne_india_myanmar_r1_b03_02,2020-03,myd14a1_061_aqua,48.0845,0.921667,calibration_not_released,unavailable
art_science_demo_contract_0001,region_ne_india_myanmar_r1,region_ne_india_myanmar_r1_b03_03,2020-03,myd14a1_061_aqua,49.4845,0.933667,calibration_not_released,unavailable
art_science_demo_contract_0001,region_ne_india_myanmar_r1,region_ne_india_myanmar_r1_b03_04,2020-03,myd14a1_061_aqua,50.8845,0.933667,calibration_not_released,unavailable
art_science_demo_contract_0001,region_ne_india_myanmar_r1,region_ne_india_myanmar_r1_b01_01,2020-04,myd14a1_061_aqua,53.9867,0.86,calibration_not_released,unavailable
art_science_demo_contract_0001,region_ne_india_myanmar_r1,region_ne_india_myanmar_r1_b01_02,2020-04,myd14a1_061_aqua,55.3867,0.848,calibration_not_released,unavailable
art_science_demo_contract_0001,region_ne_india_myanmar_r1,region_ne_india_myanmar_r1_b01_03,2020-04,myd14a1_061_aqua,56.7867,0.836,calibration_not_released,unavailable
art_science_demo_contract_0001,region_ne_india_myanmar_r1,region_ne_india_myanmar_r1_b01_04,2020-04,myd14a1_061_aqua,51.8867,0.842,calibration_not_released,unavailable
art_science_demo_contract_0001,region_ne_india_myanmar_r1,region_ne_india_myanmar_r1_b02_01,2020-04,myd14a1_061_aqua,52.5867,0.848,calibration_not_released,unavailable
art_science_demo_contract_0001,region_ne_india_myanmar_r1,region_ne_india_myanmar_r1_b02_02,2020-04,myd14a1_061_aqua,53.9867,0.86,calibration_not_released,unavailable
art_science_demo_contract_0001,region_ne_india_myanmar_r1,region_ne_india_myanmar_r1_b02_03,2020-04,myd14a1_061_aqua,55.3867,0.848,calibration_not_released,unavailable
art_science_demo_contract_0001,region_ne_india_myanmar_r1,region_ne_india_myanmar_r1_b02_04,2020-04,myd14a1_061_aqua,56.7867,0.836,calibration_not_released,unavailable
art_science_demo_contract_0001,region_ne_india_myanmar_r1,region_ne_india_myanmar_r1_b03_01,2020-04,myd14a1_061_aqua,51.1867,0.836,calibration_not_released,unavailable
art_science_demo_contract_0001,region_ne_india_myanmar_r1,region_ne_india_myanmar_r1_b03_02,2020-04,myd14a1_061_aqua,52.5867,0.848,calibration_not_released,unavailable
art_science_demo_contract_0001,region_ne_india_myanmar_r1,region_ne_india_myanmar_r1_b03_03,2020-04,myd14a1_061_aqua,53.9867,0.86,calibration_not_released,unavailable
art_science_demo_contract_0001,region_ne_india_myanmar_r1,region_ne_india_myanmar_r1_b03_04,2020-04,myd14a1_061_aqua,55.3867,0.848,calibration_not_released,unavailable
art_science_demo_contract_0001,region_ne_india_myanmar_r1,region_ne_india_myanmar_r1_b01_01,2020-05,myd14a1_061_aqua,33.9861,0.93408,calibration_not_released,unavailable
art_science_demo_contract_0001,region_ne_india_myanmar_r1,region_ne_india_myanmar_r1_b01_02,2020-05,myd14a1_061_aqua,35.3861,0.92208,calibration_not_released,unavailable
art_science_demo_contract_0001,region_ne_india_myanmar_r1,region_ne_india_myanmar_r1_b01_03,2020-05,myd14a1_061_aqua,30.4861,0.91608,calibration_not_released,unavailable
art_science_demo_contract_0001,region_ne_india_myanmar_r1,region_ne_india_myanmar_r1_b01_04,2020-05,myd14a1_061_aqua,31.8861,0.92808,calibration_not_released,unavailable
art_science_demo_contract_0001,region_ne_india_myanmar_r1,region_ne_india_myanmar_r1_b02_01,2020-05,myd14a1_061_aqua,32.5861,0.93408,calibration_not_released,unavailable
art_science_demo_contract_0001,region_ne_india_myanmar_r1,region_ne_india_myanmar_r1_b02_02,2020-05,myd14a1_061_aqua,33.9861,0.93408,calibration_not_released,unavailable
art_science_demo_contract_0001,region_ne_india_myanmar_r1,region_ne_india_myanmar_r1_b02_03,2020-05,myd14a1_061_aqua,35.3861,0.92208,calibration_not_released,unavailable
art_science_demo_contract_0001,region_ne_india_myanmar_r1,region_ne_india_myanmar_r1_b02_04,2020-05,myd14a1_061_aqua,30.4861,0.91608,calibration_not_released,unavailable
art_science_demo_contract_0001,region_ne_india_myanmar_r1,region_ne_india_myanmar_r1_b03_01,2020-05,myd14a1_061_aqua,31.1861,0.92208,calibration_not_released,unavailable
art_science_demo_contract_0001,region_ne_india_myanmar_r1,region_ne_india_myanmar_r1_b03_02,2020-05,myd14a1_061_aqua,32.5861,0.93408,calibration_not_released,unavailable
art_science_demo_contract_0001,region_ne_india_myanmar_r1,region_ne_india_myanmar_r1_b03_03,2020-05,myd14a1_061_aqua,33.9861,0.93408,calibration_not_released,unavailable
art_science_demo_contract_0001,region_ne_india_myanmar_r1,region_ne_india_myanmar_r1_b03_04,2020-05,myd14a1_061_aqua,35.3861,0.92208,calibration_not_released,unavailable
art_science_demo_contract_0001,region_ne_india_myanmar_r1,region_ne_india_myanmar_r1_b01_01,2020-06,myd14a1_061_aqua,44.3017,0.938334,calibration_not_released,unavailable
art_science_demo_contract_0001,region_ne_india_myanmar_r1,region_ne_india_myanmar_r1_b01_02,2020-06,myd14a1_061_aqua,45.7017,0.926334,calibration_not_released,unavailable
art_science_demo_contract_0001,region_ne_india_myanmar_r1,region_ne_india_myanmar_r1_b01_03,2020-06,myd14a1_061_aqua,40.8017,0.932334,calibration_not_released,unavailable
art_science_demo_contract_0001,region_ne_india_myanmar_r1,region_ne_india_myanmar_r1_b01_04,2020-06,myd14a1_061_aqua,42.2017,0.944334,calibration_not_released,unavailable
art_science_demo_contract_0001,region_ne_india_myanmar_r1,region_ne_india_myanmar_r1_b02_01,2020-06,myd14a1_061_aqua,42.9017,0.950334,calibration_not_released,unavailable
art_science_demo_contract_0001,region_ne_india_myanmar_r1,region_ne_india_myanmar_r1_b02_02,2020-06,myd14a1_061_aqua,44.3017,0.938334,calibration_not_released,unavailable
art_science_demo_contract_0001,region_ne_india_myanmar_r1,region_ne_india_myanmar_r1_b02_03,2020-06,myd14a1_061_aqua,45.7017,0.926334,calibration_not_released,unavailable
art_science_demo_contract_0001,region_ne_india_myanmar_r1,region_ne_india_myanmar_r1_b02_04,2020-06,myd14a1_061_aqua,40.8017,0.932334,calibration_not_released,unavailable
art_science_demo_contract_0001,region_ne_india_myanmar_r1,region_ne_india_myanmar_r1_b03_01,2020-06,myd14a1_061_aqua,41.5017,0.938334,calibration_not_released,unavailable
art_science_demo_contract_0001,region_ne_india_myanmar_r1,region_ne_india_myanmar_r1_b03_02,2020-06,myd14a1_061_aqua,42.9017,0.950334,calibration_not_released,unavailable
art_science_demo_contract_0001,region_ne_india_myanmar_r1,region_ne_india_myanmar_r1_b03_03,2020-06,myd14a1_061_aqua,44.3017,0.938334,calibration_not_released,unavailable
art_science_demo_contract_0001,region_ne_india_myanmar_r1,region_ne_india_myanmar_r1_b03_04,2020-06,myd14a1_061_aqua,45.7017,0.926334,calibration_not_released,unavailable
art_science_demo_contract_0001,region_ne_india_myanmar_r1,region_ne_india_myanmar_r1_b01_01,2020-07,myd14a1_061_aqua,40.0951,0.892228,calibration_not_released,unavailable
art_science_demo_contract_0001,region_ne_india_myanmar_r1,region_ne_india_myanmar_r1_b01_02,2020-07,myd14a1_061_aqua,35.1951,0.886228,calibration_not_released,unavailable
art_science_demo_contract_0001,region_ne_india_myanmar_r1,region_ne_india_myanmar_r1_b01_03,2020-07,myd14a1_061_aqua,36.5951,0.898228,calibration_not_released,unavailable
art_science_demo_contract_0001,region_ne_india_myanmar_r1,region_ne_india_myanmar_r1_b01_04,2020-07,myd14a1_061_aqua,37.9951,0.910228,calibration_not_released,unavailable
art_science_demo_contract_0001,region_ne_india_myanmar_r1,region_ne_india_myanmar_r1_b02_01,2020-07,myd14a1_061_aqua,38.6951,0.904228,calibration_not_released,unavailable
art_science_demo_contract_0001,region_ne_india_myanmar_r1,region_ne_india_myanmar_r1_b02_02,2020-07,myd14a1_061_aqua,40.0951,0.892228,calibration_not_released,unavailable
art_science_demo_contract_0001,region_ne_india_myanmar_r1,region_ne_india_myanmar_r1_b02_03,2020-07,myd14a1_061_aqua,35.1951,0.886228,calibration_not_released,unavailable
art_science_demo_contract_0001,region_ne_india_myanmar_r1,region_ne_india_myanmar_r1_b02_04,2020-07,myd14a1_061_aqua,36.5951,0.898228,calibration_not_released,unavailable
art_science_demo_contract_0001,region_ne_india_myanmar_r1,region_ne_india_myanmar_r1_b03_01,2020-07,myd14a1_061_aqua,37.2951,0.904228,calibration_not_released,unavailable
art_science_demo_contract_0001,region_ne_india_myanmar_r1,region_ne_india_myanmar_r1_b03_02,2020-07,myd14a1_061_aqua,38.6951,0.904228,calibration_not_released,unavailable
art_science_demo_contract_0001,region_ne_india_myanmar_r1,region_ne_india_myanmar_r1_b03_03,2020-07,myd14a1_061_aqua,40.0951,0.892228,calibration_not_released,unavailable
art_science_demo_contract_0001,region_ne_india_myanmar_r1,region_ne_india_myanmar_r1_b03_04,2020-07,myd14a1_061_aqua,35.1951,0.886228,calibration_not_released,unavailable
art_science_demo_contract_0001,region_ne_india_myanmar_r1,region_ne_india_myanmar_r1_b01_01,2020-08,myd14a1_061_aqua,21.55,0.915794,calibration_not_released,unavailable
art_science_demo_contract_0001,region_ne_india_myanmar_r1,region_ne_india_myanmar_r1_b01_02,2020-08,myd14a1_061_aqua,16.65,0.921794,calibration_not_released,unavailable
art_science_demo_contract_0001,region_ne_india_myanmar_r1,region_ne_india_myanmar_r1_b01_03,2020-08,myd14a1_061_aqua,18.05,0.933794,calibration_not_released,unavailable
art_science_demo_contract_0001,region_ne_india_myanmar_r1,region_ne_india_myanmar_r1_b01_04,2020-08,myd14a1_061_aqua,19.45,0.933794,calibration_not_released,unavailable
art_science_demo_contract_0001,region_ne_india_myanmar_r1,region_ne_india_myanmar_r1_b02_01,2020-08,myd14a1_061_aqua,20.15,0.927794,calibration_not_released,unavailable
art_science_demo_contract_0001,region_ne_india_myanmar_r1,region_ne_india_myanmar_r1_b02_02,2020-08,myd14a1_061_aqua,21.55,0.915794,calibration_not_released,unavailable
art_science_demo_contract_0001,region_ne_india_myanmar_r1,region_ne_india_myanmar_r1_b02_03,2020-08,myd14a1_061_aqua,16.65,0.921794,calibration_not_released,unavailable
art_science_demo_contract_0001,region_ne_india_myanmar_r1,region_ne_india_myanmar_r1_b02_04,2020-08,myd14a1_061_aqua,18.05,0.933794,calibration_not_released,unavailable
art_science_demo_contract_0001,region_ne_india_myanmar_r1,region_ne_india_myanmar_r1_b03_01,2020-08,myd14a1_061_aqua,18.75,0.939794,calibration_not_released,unavailable
art_science_demo_contract_0001,region_ne_india_myanmar_r1,region_ne_india_myanmar_r1_b03_02,2020-08,myd14a1_061_aqua,20.15,0.927794,calibration_not_released,unavailable
art_science_demo_contract_0001,region_ne_india_myanmar_r1,region_ne_india_myanmar_r1_b03_03,2020-08,myd14a1_061_aqua,21.55,0.915794,calibration_not_released,unavailable
art_science_demo_contract_0001,region_ne_india_myanmar_r1,region_ne_india_myanmar_r1_b03_04,2020-08,myd14a1_061_aqua,16.65,0.921794,calibration_not_released,unavailable
art_science_demo_contract_0001,region_ne_india_myanmar_r1,region_ne_india_myanmar_r1_b01_01,2020-09,myd14a1_061_aqua,12.9807,0.865874,calibration_not_released,unavailable
art_science_demo_contract_0001,region_ne_india_myanmar_r1,region_ne_india_myanmar_r1_b01_02,2020-09,myd14a1_061_aqua,14.3807,0.877874,calibration_not_released,unavailable
art_science_demo_contract_0001,region_ne_india_myanmar_r1,region_ne_india_myanmar_r1_b01_03,2020-09,myd14a1_061_aqua,15.7807,0.889874,calibration_not_released,unavailable
art_science_demo_contract_0001,region_ne_india_myanmar_r1,region_ne_india_myanmar_r1_b01_04,2020-09,myd14a1_061_aqua,17.1807,0.877874,calibration_not_released,unavailable
art_science_demo_contract_0001,region_ne_india_myanmar_r1,region_ne_india_myanmar_r1_b02_01,2020-09,myd14a1_061_aqua,17.8807,0.871874,calibration_not_released,unavailable
art_science_demo_contract_0001,region_ne_india_myanmar_r1,region_ne_india_myanmar_r1_b02_02,2020-09,myd14a1_061_aqua,12.9807,0.865874,calibration_not_released,unavailable
art_science_demo_contract_0001,region_ne_india_myanmar_r1,region_ne_india_myanmar_r1_b02_03,2020-09,myd14a1_061_aqua,14.3807,0.877874,calibration_not_released,unavailable
art_science_demo_contract_0001,region_ne_india_myanmar_r1,region_ne_india_myanmar_r1_b02_04,2020-09,myd14a1_061_aqua,15.7807,0.889874,calibration_not_released,unavailable
art_science_demo_contract_0001,region_ne_india_myanmar_r1,region_ne_india_myanmar_r1_b03_01,2020-09,myd14a1_061_aqua,16.4807,0.883874,calibration_not_released,unavailable
art_science_demo_contract_0001,region_ne_india_myanmar_r1,region_ne_india_myanmar_r1_b03_02,2020-09,myd14a1_061_aqua,17.8807,0.871874,calibration_not_released,unavailable
art_science_demo_contract_0001,region_ne_india_myanmar_r1,region_ne_india_myanmar_r1_b03_03,2020-09,myd14a1_061_aqua,12.9807,0.865874,calibration_not_released,unavailable
art_science_demo_contract_0001,region_ne_india_myanmar_r1,region_ne_india_myanmar_r1_b03_04,2020-09,myd14a1_061_aqua,14.3807,0.877874,calibration_not_released,unavailable
art_science_demo_contract_0001,region_ne_india_myanmar_r1,region_ne_india_myanmar_r1_b01_01,2020-10,myd14a1_061_aqua,14.1866,0.861656,calibration_not_released,unavailable
art_science_demo_contract_0001,region_ne_india_myanmar_r1,region_ne_india_myanmar_r1_b01_02,2020-10,myd14a1_061_aqua,15.5866,0.873656,calibration_not_released,unavailable
art_science_demo_contract_0001,region_ne_india_myanmar_r1,region_ne_india_myanmar_r1_b01_03,2020-10,myd14a1_061_aqua,16.9866,0.873656,calibration_not_released,unavailable
art_science_demo_contract_0001,region_ne_india_myanmar_r1,region_ne_india_myanmar_r1_b01_04,2020-10,myd14a1_061_aqua,18.3866,0.861656,calibration_not_released,unavailable
art_science_demo_contract_0001,region_ne_india_myanmar_r1,region_ne_india_myanmar_r1_b02_01,2020-10,myd14a1_061_aqua,19.0866,0.855656,calibration_not_released,unavailable
art_science_demo_contract_0001,region_ne_india_myanmar_r1,region_ne_india_myanmar_r1_b02_02,2020-10,myd14a1_061_aqua,14.1866,0.861656,calibration_not_released,unavailable
art_science_demo_contract_0001,region_ne_india_myanmar_r1,region_ne_india_myanmar_r1_b02_03,2020-10,myd14a1_061_aqua,15.5866,0.873656,calibration_not_released,unavailable
art_science_demo_contract_0001,region_ne_india_myanmar_r1,region_ne_india_myanmar_r1_b02_04,2020-10,myd14a1_061_aqua,16.9866,0.873656,calibration_not_released,unavailable
art_science_demo_contract_0001,region_ne_india_myanmar_r1,region_ne_india_myanmar_r1_b03_01,2020-10,myd14a1_061_aqua,17.6866,0.867656,calibration_not_released,unavailable
art_science_demo_contract_0001,region_ne_india_myanmar_r1,region_ne_india_myanmar_r1_b03_02,2020-10,myd14a1_061_aqua,19.0866,0.855656,calibration_not_released,unavailable
art_science_demo_contract_0001,region_ne_india_myanmar_r1,region_ne_india_myanmar_r1_b03_03,2020-10,myd14a1_061_aqua,14.1866,0.861656,calibration_not_released,unavailable
art_science_demo_contract_0001,region_ne_india_myanmar_r1,region_ne_india_myanmar_r1_b03_04,2020-10,myd14a1_061_aqua,15.5866,0.873656,calibration_not_released,unavailable
art_science_demo_contract_0001,region_ne_india_myanmar_r1,region_ne_india_myanmar_r1_b01_01,2020-11,myd14a1_061_aqua,13.7261,0.868178,calibration_not_released,unavailable
art_science_demo_contract_0001,region_ne_india_myanmar_r1,region_ne_india_myanmar_r1_b01_02,2020-11,myd14a1_061_aqua,15.1261,0.880178,calibration_not_released,unavailable
art_science_demo_contract_0001,region_ne_india_myanmar_r1,region_ne_india_myanmar_r1_b01_03,2020-11,myd14a1_061_aqua,16.5261,0.868178,calibration_not_released,unavailable
art_science_demo_contract_0001,region_ne_india_myanmar_r1,region_ne_india_myanmar_r1_b01_04,2020-11,myd14a1_061_aqua,17.9261,0.856178,calibration_not_released,unavailable
art_science_demo_contract_0001,region_ne_india_myanmar_r1,region_ne_india_myanmar_r1_b02_01,2020-11,myd14a1_061_aqua,12.3261,0.856178,calibration_not_released,unavailable
art_science_demo_contract_0001,region_ne_india_myanmar_r1,region_ne_india_myanmar_r1_b02_02,2020-11,myd14a1_061_aqua,13.7261,0.868178,calibration_not_released,unavailable
art_science_demo_contract_0001,region_ne_india_myanmar_r1,region_ne_india_myanmar_r1_b02_03,2020-11,myd14a1_061_aqua,15.1261,0.880178,calibration_not_released,unavailable
art_science_demo_contract_0001,region_ne_india_myanmar_r1,region_ne_india_myanmar_r1_b02_04,2020-11,myd14a1_061_aqua,16.5261,0.868178,calibration_not_released,unavailable
art_science_demo_contract_0001,region_ne_india_myanmar_r1,region_ne_india_myanmar_r1_b03_01,2020-11,myd14a1_061_aqua,17.2261,0.862178,calibration_not_released,unavailable
art_science_demo_contract_0001,region_ne_india_myanmar_r1,region_ne_india_myanmar_r1_b03_02,2020-11,myd14a1_061_aqua,12.3261,0.856178,calibration_not_released,unavailable
art_science_demo_contract_0001,region_ne_india_myanmar_r1,region_ne_india_myanmar_r1_b03_03,2020-11,myd14a1_061_aqua,13.7261,0.868178,calibration_not_released,unavailable
art_science_demo_contract_0001,region_ne_india_myanmar_r1,region_ne_india_myanmar_r1_b03_04,2020-11,myd14a1_061_aqua,15.1261,0.880178,calibration_not_released,unavailable
art_science_demo_contract_0001,region_ne_india_myanmar_r1,region_ne_india_myanmar_r1_b01_01,2020-12,myd14a1_061_aqua,11.0188,0.933794,calibration_not_released,unavailable
art_science_demo_contract_0001,region_ne_india_myanmar_r1,region_ne_india_myanmar_r1_b01_02,2020-12,myd14a1_061_aqua,12.4188,0.933794,calibration_not_released,unavailable
art_science_demo_contract_0001,region_ne_india_myanmar_r1,region_ne_india_myanmar_r1_b01_03,2020-12,myd14a1_061_aqua,13.8188,0.921794,calibration_not_released,unavailable
art_science_demo_contract_0001,region_ne_india_myanmar_r1,region_ne_india_myanmar_r1_b01_04,2020-12,myd14a1_061_aqua,8.9188,0.915794,calibration_not_released,unavailable
art_science_demo_contract_0001,region_ne_india_myanmar_r1,region_ne_india_myanmar_r1_b02_01,2020-12,myd14a1_061_aqua,9.6188,0.921794,calibration_not_released,unavailable
art_science_demo_contract_0001,region_ne_india_myanmar_r1,region_ne_india_myanmar_r1_b02_02,2020-12,myd14a1_061_aqua,11.0188,0.933794,calibration_not_released,unavailable
art_science_demo_contract_0001,region_ne_india_myanmar_r1,region_ne_india_myanmar_r1_b02_03,2020-12,myd14a1_061_aqua,12.4188,0.933794,calibration_not_released,unavailable
art_science_demo_contract_0001,region_ne_india_myanmar_r1,region_ne_india_myanmar_r1_b02_04,2020-12,myd14a1_061_aqua,13.8188,0.921794,calibration_not_released,unavailable
art_science_demo_contract_0001,region_ne_india_myanmar_r1,region_ne_india_myanmar_r1_b03_01,2020-12,myd14a1_061_aqua,14.5188,0.915794,calibration_not_released,unavailable
art_science_demo_contract_0001,region_ne_india_myanmar_r1,region_ne_india_myanmar_r1_b03_02,2020-12,myd14a1_061_aqua,9.6188,0.921794,calibration_not_released,unavailable
art_science_demo_contract_0001,region_ne_india_myanmar_r1,region_ne_india_myanmar_r1_b03_03,2020-12,myd14a1_061_aqua,11.0188,0.933794,calibration_not_released,unavailable
art_science_demo_contract_0001,region_ne_india_myanmar_r1,region_ne_india_myanmar_r1_b03_04,2020-12,myd14a1_061_aqua,12.4188,0.933794,calibration_not_released,unavailable
art_science_demo_contract_0001,region_ne_india_myanmar_r1,region_ne_india_myanmar_r1_b01_01,2021-01,myd14a1_061_aqua,50.2104,0.84182,calibration_not_released,unavailable
art_science_demo_contract_0001,region_ne_india_myanmar_r1,region_ne_india_myanmar_r1_b01_02,2021-01,myd14a1_061_aqua,51.6104,0.85382,calibration_not_released,unavailable
art_science_demo_contract_0001,region_ne_india_myanmar_r1,region_ne_india_myanmar_r1_b01_03,2021-01,myd14a1_061_aqua,53.0104,0.85382,calibration_not_released,unavailable
art_science_demo_contract_0001,region_ne_india_myanmar_r1,region_ne_india_myanmar_r1_b01_04,2021-01,myd14a1_061_aqua,54.4104,0.84182,calibration_not_released,unavailable
art_science_demo_contract_0001,region_ne_india_myanmar_r1,region_ne_india_myanmar_r1_b02_01,2021-01,myd14a1_061_aqua,55.1104,0.83582,calibration_not_released,unavailable
art_science_demo_contract_0001,region_ne_india_myanmar_r1,region_ne_india_myanmar_r1_b02_02,2021-01,myd14a1_061_aqua,50.2104,0.84182,calibration_not_released,unavailable
art_science_demo_contract_0001,region_ne_india_myanmar_r1,region_ne_india_myanmar_r1_b02_03,2021-01,myd14a1_061_aqua,51.6104,0.85382,calibration_not_released,unavailable
art_science_demo_contract_0001,region_ne_india_myanmar_r1,region_ne_india_myanmar_r1_b02_04,2021-01,myd14a1_061_aqua,53.0104,0.85382,calibration_not_released,unavailable
art_science_demo_contract_0001,region_ne_india_myanmar_r1,region_ne_india_myanmar_r1_b03_01,2021-01,myd14a1_061_aqua,53.7104,0.84782,calibration_not_released,unavailable
art_science_demo_contract_0001,region_ne_india_myanmar_r1,region_ne_india_myanmar_r1_b03_02,2021-01,myd14a1_061_aqua,55.1104,0.83582,calibration_not_released,unavailable
art_science_demo_contract_0001,region_ne_india_myanmar_r1,region_ne_india_myanmar_r1_b03_03,2021-01,myd14a1_061_aqua,50.2104,0.84182,calibration_not_released,unavailable
art_science_demo_contract_0001,region_ne_india_myanmar_r1,region_ne_india_myanmar_r1_b03_04,2021-01,myd14a1_061_aqua,51.6104,0.85382,calibration_not_released,unavailable
art_science_demo_contract_0001,region_ne_india_myanmar_r1,region_ne_india_myanmar_r1_b01_01,2021-02,myd14a1_061_aqua,53.6162,0.938038,calibration_not_released,unavailable
art_science_demo_contract_0001,region_ne_india_myanmar_r1,region_ne_india_myanmar_r1_b01_02,2021-02,myd14a1_061_aqua,55.0162,0.950038,calibration_not_released,unavailable
art_science_demo_contract_0001,region_ne_india_myanmar_r1,region_ne_india_myanmar_r1_b01_03,2021-02,myd14a1_061_aqua,56.4162,0.938038,calibration_not_released,unavailable
art_science_demo_contract_0001,region_ne_india_myanmar_r1,region_ne_india_myanmar_r1_b01_04,2021-02,myd14a1_061_aqua,57.8162,0.926038,calibration_not_released,unavailable
art_science_demo_contract_0001,region_ne_india_myanmar_r1,region_ne_india_myanmar_r1_b02_01,2021-02,myd14a1_061_aqua,52.2162,0.926038,calibration_not_released,unavailable
art_science_demo_contract_0001,region_ne_india_myanmar_r1,region_ne_india_myanmar_r1_b02_02,2021-02,myd14a1_061_aqua,53.6162,0.938038,calibration_not_released,unavailable
art_science_demo_contract_0001,region_ne_india_myanmar_r1,region_ne_india_myanmar_r1_b02_03,2021-02,myd14a1_061_aqua,55.0162,0.950038,calibration_not_released,unavailable
art_science_demo_contract_0001,region_ne_india_myanmar_r1,region_ne_india_myanmar_r1_b02_04,2021-02,myd14a1_061_aqua,56.4162,0.938038,calibration_not_released,unavailable
art_science_demo_contract_0001,region_ne_india_myanmar_r1,region_ne_india_myanmar_r1_b03_01,2021-02,myd14a1_061_aqua,57.1162,0.932038,calibration_not_released,unavailable
art_science_demo_contract_0001,region_ne_india_myanmar_r1,region_ne_india_myanmar_r1_b03_02,2021-02,myd14a1_061_aqua,52.2162,0.926038,calibration_not_released,unavailable
art_science_demo_contract_0001,region_ne_india_myanmar_r1,region_ne_india_myanmar_r1_b03_03,2021-02,myd14a1_061_aqua,53.6162,0.938038,calibration_not_released,unavailable
art_science_demo_contract_0001,region_ne_india_myanmar_r1,region_ne_india_myanmar_r1_b03_04,2021-02,myd14a1_061_aqua,55.0162,0.950038,calibration_not_released,unavailable
art_science_demo_contract_0001,region_ne_india_myanmar_r1,region_ne_india_myanmar_r1_b01_01,2021-03,myd14a1_061_aqua,59.0643,0.86433,calibration_not_released,unavailable
art_science_demo_contract_0001,region_ne_india_myanmar_r1,region_ne_india_myanmar_r1_b01_02,2021-03,myd14a1_061_aqua,60.4643,0.86433,calibration_not_released,unavailable
art_science_demo_contract_0001,region_ne_india_myanmar_r1,region_ne_india_myanmar_r1_b01_03,2021-03,myd14a1_061_aqua,61.8643,0.85233,calibration_not_released,unavailable
art_science_demo_contract_0001,region_ne_india_myanmar_r1,region_ne_india_myanmar_r1_b01_04,2021-03,myd14a1_061_aqua,56.9643,0.84633,calibration_not_released,unavailable
art_science_demo_contract_0001,region_ne_india_myanmar_r1,region_ne_india_myanmar_r1_b02_01,2021-03,myd14a1_061_aqua,57.6643,0.85233,calibration_not_released,unavailable
art_science_demo_contract_0001,region_ne_india_myanmar_r1,region_ne_india_myanmar_r1_b02_02,2021-03,myd14a1_061_aqua,59.0643,0.86433,calibration_not_released,unavailable
art_science_demo_contract_0001,region_ne_india_myanmar_r1,region_ne_india_myanmar_r1_b02_03,2021-03,myd14a1_061_aqua,60.4643,0.86433,calibration_not_released,unavailable
art_science_demo_contract_0001,region_ne_india_myanmar_r1,region_ne_india_myanmar_r1_b02_04,2021-03,myd14a1_061_aqua,61.8643,0.85233,calibration_not_released,unavailable
art_science_demo_contract_0001,region_ne_india_myanmar_r1,region_ne_india_myanmar_r1_b03_01,2021-03,myd14a1_061_aqua,62.5643,0.84633,calibration_not_released,unavailable
art_science_demo_contract_0001,region_ne_india_myanmar_r1,region_ne_india_myanmar_r1_b03_02,2021-03,myd14a1_061_aqua,57.6643,0.85233,calibration_not_released,unavailable
art_science_demo_contract_0001,region_ne_india_myanmar_r1,region_ne_india_myanmar_r1_b03_03,2021-03,myd14a1_061_aqua,59.0643,0.86433,calibration_not_released,unavailable
art_science_demo_contract_0001,region_ne_india_myanmar_r1,region_ne_india_myanmar_r1_b03_04,2021-03,myd14a1_061_aqua,60.4643,0.86433,calibration_not_released,unavailable
art_science_demo_contract_0001,region_ne_india_myanmar_r1,region_ne_india_myanmar_r1_b01_01,2021-04,myd14a1_061_aqua,50.5902,0.889722,calibration_not_released,unavailable
art_science_demo_contract_0001,region_ne_india_myanmar_r1,region_ne_india_myanmar_r1_b01_02,2021-04,myd14a1_061_aqua,51.9902,0.877722,calibration_not_released,unavailable
art_science_demo_contract_0001,region_ne_india_myanmar_r1,region_ne_india_myanmar_r1_b01_03,2021-04,myd14a1_061_aqua,53.3902,0.865722,calibration_not_released,unavailable
art_science_demo_contract_0001,region_ne_india_myanmar_r1,region_ne_india_myanmar_r1_b01_04,2021-04,myd14a1_061_aqua,48.4902,0.871722,calibration_not_released,unavailable
art_science_demo_contract_0001,region_ne_india_myanmar_r1,region_ne_india_myanmar_r1_b02_01,2021-04,myd14a1_061_aqua,49.1902,0.877722,calibration_not_released,unavailable
art_science_demo_contract_0001,region_ne_india_myanmar_r1,region_ne_india_myanmar_r1_b02_02,2021-04,myd14a1_061_aqua,50.5902,0.889722,calibration_not_released,unavailable
art_science_demo_contract_0001,region_ne_india_myanmar_r1,region_ne_india_myanmar_r1_b02_03,2021-04,myd14a1_061_aqua,51.9902,0.877722,calibration_not_released,unavailable
art_science_demo_contract_0001,region_ne_india_myanmar_r1,region_ne_india_myanmar_r1_b02_04,2021-04,myd14a1_061_aqua,53.3902,0.865722,calibration_not_released,unavailable
art_science_demo_contract_0001,region_ne_india_myanmar_r1,region_ne_india_myanmar_r1_b03_01,2021-04,myd14a1_061_aqua,47.7902,0.865722,calibration_not_released,unavailable
art_science_demo_contract_0001,region_ne_india_myanmar_r1,region_ne_india_myanmar_r1_b03_02,2021-04,myd14a1_061_aqua,49.1902,0.877722,calibration_not_released,unavailable
art_science_demo_contract_0001,region_ne_india_myanmar_r1,region_ne_india_myanmar_r1_b03_03,2021-04,myd14a1_061_aqua,50.5902,0.889722,calibration_not_released,unavailable
art_science_demo_contract_0001,region_ne_india_myanmar_r1,region_ne_india_myanmar_r1_b03_04,2021-04,myd14a1_061_aqua,51.9902,0.877722,calibration_not_released,unavailable
art_science_demo_contract_0001,region_ne_india_myanmar_r1,region_ne_india_myanmar_r1_b01_01,2021-05,myd14a1_061_aqua,42.4266,0.944103,calibration_not_released,unavailable
art_science_demo_contract_0001,region_ne_india_myanmar_r1,region_ne_india_myanmar_r1_b01_02,2021-05,myd14a1_061_aqua,43.8266,0.932103,calibration_not_released,unavailable
art_science_demo_contract_0001,region_ne_india_myanmar_r1,region_ne_india_myanmar_r1_b01_03,2021-05,myd14a1_061_aqua,38.9266,0.926103,calibration_not_released,unavailable
art_science_demo_contract_0001,region_ne_india_myanmar_r1,region_ne_india_myanmar_r1_b01_04,2021-05,myd14a1_061_aqua,40.3266,0.938103,calibration_not_released,unavailable
art_science_demo_contract_0001,region_ne_india_myanmar_r1,region_ne_india_myanmar_r1_b02_01,2021-05,myd14a1_061_aqua,41.0266,0.944103,calibration_not_released,unavailable
art_science_demo_contract_0001,region_ne_india_myanmar_r1,region_ne_india_myanmar_r1_b02_02,2021-05,myd14a1_061_aqua,42.4266,0.944103,calibration_not_released,unavailable
art_science_demo_contract_0001,region_ne_india_myanmar_r1,region_ne_india_myanmar_r1_b02_03,2021-05,myd14a1_061_aqua,43.8266,0.932103,calibration_not_released,unavailable
art_science_demo_contract_0001,region_ne_india_myanmar_r1,region_ne_india_myanmar_r1_b02_04,2021-05,myd14a1_061_aqua,38.9266,0.926103,calibration_not_released,unavailable
art_science_demo_contract_0001,region_ne_india_myanmar_r1,region_ne_india_myanmar_r1_b03_01,2021-05,myd14a1_061_aqua,39.6266,0.932103,calibration_not_released,unavailable
art_science_demo_contract_0001,region_ne_india_myanmar_r1,region_ne_india_myanmar_r1_b03_02,2021-05,myd14a1_061_aqua,41.0266,0.944103,calibration_not_released,unavailable
art_science_demo_contract_0001,region_ne_india_myanmar_r1,region_ne_india_myanmar_r1_b03_03,2021-05,myd14a1_061_aqua,42.4266,0.944103,calibration_not_released,unavailable
art_science_demo_contract_0001,region_ne_india_myanmar_r1,region_ne_india_myanmar_r1_b03_04,2021-05,myd14a1_061_aqua,43.8266,0.932103,calibration_not_released,unavailable
art_science_demo_contract_0001,region_ne_india_myanmar_r1,region_ne_india_myanmar_r1_b01_01,2021-06,myd14a1_061_aqua,34.589,0.937966,calibration_not_released,unavailable
art_science_demo_contract_0001,region_ne_india_myanmar_r1,region_ne_india_myanmar_r1_b01_02,2021-06,myd14a1_061_aqua,35.989,0.925966,calibration_not_released,unavailable
art_science_demo_contract_0001,region_ne_india_myanmar_r1,region_ne_india_myanmar_r1_b01_03,2021-06,myd14a1_061_aqua,31.089,0.931966,calibration_not_released,unavailable
art_science_demo_contract_0001,region_ne_india_myanmar_r1,region_ne_india_myanmar_r1_b01_04,2021-06,myd14a1_061_aqua,32.489,0.943966,calibration_not_released,unavailable
art_science_demo_contract_0001,region_ne_india_myanmar_r1,region_ne_india_myanmar_r1_b02_01,2021-06,myd14a1_061_aqua,33.189,0.949966,calibration_not_released,unavailable
art_science_demo_contract_0001,region_ne_india_myanmar_r1,region_ne_india_myanmar_r1_b02_02,2021-06,myd14a1_061_aqua,34.589,0.937966,calibration_not_released,unavailable
art_science_demo_contract_0001,region_ne_india_myanmar_r1,region_ne_india_myanmar_r1_b02_03,2021-06,myd14a1_061_aqua,35.989,0.925966,calibration_not_released,unavailable
art_science_demo_contract_0001,region_ne_india_myanmar_r1,region_ne_india_myanmar_r1_b02_04,2021-06,myd14a1_061_aqua,31.089,0.931966,calibration_not_released,unavailable
art_science_demo_contract_0001,region_ne_india_myanmar_r1,region_ne_india_myanmar_r1_b03_01,2021-06,myd14a1_061_aqua,31.789,0.937966,calibration_not_released,unavailable
art_science_demo_contract_0001,region_ne_india_myanmar_r1,region_ne_india_myanmar_r1_b03_02,2021-06,myd14a1_061_aqua,33.189,0.949966,calibration_not_released,unavailable
art_science_demo_contract_0001,region_ne_india_myanmar_r1,region_ne_india_myanmar_r1_b03_03,2021-06,myd14a1_061_aqua,34.589,0.937966,calibration_not_released,unavailable
art_science_demo_contract_0001,region_ne_india_myanmar_r1,region_ne_india_myanmar_r1_b03_04,2021-06,myd14a1_061_aqua,35.989,0.925966,calibration_not_released,unavailable
art_science_demo_contract_0001,region_ne_india_myanmar_r1,region_ne_india_myanmar_r1_b01_01,2021-07,myd14a1_061_aqua,29.0231,0.891727,calibration_not_released,unavailable
art_science_demo_contract_0001,region_ne_india_myanmar_r1,region_ne_india_myanmar_r1_b01_02,2021-07,myd14a1_061_aqua,24.1231,0.885727,calibration_not_released,unavailable
art_science_demo_contract_0001,region_ne_india_myanmar_r1,region_ne_india_myanmar_r1_b01_03,2021-07,myd14a1_061_aqua,25.5231,0.897727,calibration_not_released,unavailable
art_science_demo_contract_0001,region_ne_india_myanmar_r1,region_ne_india_myanmar_r1_b01_04,2021-07,myd14a1_061_aqua,26.9231,0.909727,calibration_not_released,unavailable
art_science_demo_contract_0001,region_ne_india_myanmar_r1,region_ne_india_myanmar_r1_b02_01,2021-07,myd14a1_061_aqua,27.6231,0.903727,calibration_not_released,unavailable
art_science_demo_contract_0001,region_ne_india_myanmar_r1,region_ne_india_myanmar_r1_b02_02,2021-07,myd14a1_061_aqua,29.0231,0.891727,calibration_not_released,unavailable
art_science_demo_contract_0001,region_ne_india_myanmar_r1,region_ne_india_myanmar_r1_b02_03,2021-07,myd14a1_061_aqua,24.1231,0.885727,calibration_not_released,unavailable
art_science_demo_contract_0001,region_ne_india_myanmar_r1,region_ne_india_myanmar_r1_b02_04,2021-07,myd14a1_061_aqua,25.5231,0.897727,calibration_not_released,unavailable
art_science_demo_contract_0001,region_ne_india_myanmar_r1,region_ne_india_myanmar_r1_b03_01,2021-07,myd14a1_061_aqua,26.2231,0.903727,calibration_not_released,unavailable
art_science_demo_contract_0001,region_ne_india_myanmar_r1,region_ne_india_myanmar_r1_b03_02,2021-07,myd14a1_061_aqua,27.6231,0.903727,calibration_not_released,unavailable
art_science_demo_contract_0001,region_ne_india_myanmar_r1,region_ne_india_myanmar_r1_b03_03,2021-07,myd14a1_061_aqua,29.0231,0.891727,calibration_not_released,unavailable
art_science_demo_contract_0001,region_ne_india_myanmar_r1,region_ne_india_myanmar_r1_b03_04,2021-07,myd14a1_061_aqua,24.1231,0.885727,calibration_not_released,unavailable
art_science_demo_contract_0001,region_ne_india_myanmar_r1,region_ne_india_myanmar_r1_b01_01,2021-08,myd14a1_061_aqua,29.9318,0.916233,calibration_not_released,unavailable
art_science_demo_contract_0001,region_ne_india_myanmar_r1,region_ne_india_myanmar_r1_b01_02,2021-08,myd14a1_061_aqua,25.0318,0.922233,calibration_not_released,unavailable
art_science_demo_contract_0001,region_ne_india_myanmar_r1,region_ne_india_myanmar_r1_b01_03,2021-08,myd14a1_061_aqua,26.4318,0.934233,calibration_not_released,unavailable
art_science_demo_contract_0001,region_ne_india_myanmar_r1,region_ne_india_myanmar_r1_b01_04,2021-08,myd14a1_061_aqua,27.8318,0.934233,calibration_not_released,unavailable
art_science_demo_contract_0001,region_ne_india_myanmar_r1,region_ne_india_myanmar_r1_b02_01,2021-08,myd14a1_061_aqua,28.5318,0.928233,calibration_not_released,unavailable
art_science_demo_contract_0001,region_ne_india_myanmar_r1,region_ne_india_myanmar_r1_b02_02,2021-08,myd14a1_061_aqua,29.9318,0.916233,calibration_not_released,unavailable
art_science_demo_contract_0001,region_ne_india_myanmar_r1,region_ne_india_myanmar_r1_b02_03,2021-08,myd14a1_061_aqua,25.0318,0.922233,calibration_not_released,unavailable
art_science_demo_contract_0001,region_ne_india_myanmar_r1,region_ne_india_myanmar_r1_b02_04,2021-08,myd14a1_061_aqua,26.4318,0.934233,calibration_not_released,unavailable
art_science_demo_contract_0001,region_ne_india_myanmar_r1,region_ne_india_myanmar_r1_b03_01,2021-08,myd14a1_061_aqua,27.1318,0.940233,calibration_not_released,unavailable
art_science_demo_contract_0001,region_ne_india_myanmar_r1,region_ne_india_myanmar_r1_b03_02,2021-08,myd14a1_061_aqua,28.5318,0.928233,calibration_not_released,unavailable
art_science_demo_contract_0001,region_ne_india_myanmar_r1,region_ne_india_myanmar_r1_b03_03,2021-08,myd14a1_061_aqua,29.9318,0.916233,calibration_not_released,unavailable
art_science_demo_contract_0001,region_ne_india_myanmar_r1,region_ne_india_myanmar_r1_b03_04,2021-08,myd14a1_061_aqua,25.0318,0.922233,calibration_not_released,unavailable
art_science_demo_contract_0001,region_ne_india_myanmar_r1,region_ne_india_myanmar_r1_b01_01,2021-09,myd14a1_061_aqua,22.2404,0.835722,calibration_not_released,unavailable
art_science_demo_contract_0001,region_ne_india_myanmar_r1,region_ne_india_myanmar_r1_b01_02,2021-09,myd14a1_061_aqua,23.6404,0.847722,calibration_not_released,unavailable
art_science_demo_contract_0001,region_ne_india_myanmar_r1,region_ne_india_myanmar_r1_b01_03,2021-09,myd14a1_061_aqua,25.0404,0.859722,calibration_not_released,unavailable
art_science_demo_contract_0001,region_ne_india_myanmar_r1,region_ne_india_myanmar_r1_b01_04,2021-09,myd14a1_061_aqua,26.4404,0.847722,calibration_not_released,unavailable
art_science_demo_contract_0001,region_ne_india_myanmar_r1,region_ne_india_myanmar_r1_b02_01,2021-09,myd14a1_061_aqua,27.1404,0.841722,calibration_not_released,unavailable
art_science_demo_contract_0001,region_ne_india_myanmar_r1,region_ne_india_myanmar_r1_b02_02,2021-09,myd14a1_061_aqua,22.2404,0.835722,calibration_not_released,unavailable
art_science_demo_contract_0001,region_ne_india_myanmar_r1,region_ne_india_myanmar_r1_b02_03,2021-09,myd14a1_061_aqua,23.6404,0.847722,calibration_not_released,unavailable
art_science_demo_contract_0001,region_ne_india_myanmar_r1,region_ne_india_myanmar_r1_b02_04,2021-09,myd14a1_061_aqua,25.0404,0.859722,calibration_not_released,unavailable
art_science_demo_contract_0001,region_ne_india_myanmar_r1,region_ne_india_myanmar_r1_b03_01,2021-09,myd14a1_061_aqua,25.7404,0.853722,calibration_not_released,unavailable
art_science_demo_contract_0001,region_ne_india_myanmar_r1,region_ne_india_myanmar_r1_b03_02,2021-09,myd14a1_061_aqua,27.1404,0.841722,calibration_not_released,unavailable
art_science_demo_contract_0001,region_ne_india_myanmar_r1,region_ne_india_myanmar_r1_b03_03,2021-09,myd14a1_061_aqua,22.2404,0.835722,calibration_not_released,unavailable
art_science_demo_contract_0001,region_ne_india_myanmar_r1,region_ne_india_myanmar_r1_b03_04,2021-09,myd14a1_061_aqua,23.6404,0.847722,calibration_not_released,unavailable
art_science_demo_contract_0001,region_ne_india_myanmar_r1,region_ne_india_myanmar_r1_b01_01,2021-10,myd14a1_061_aqua,9.0821,0.871837,calibration_not_released,unavailable
art_science_demo_contract_0001,region_ne_india_myanmar_r1,region_ne_india_myanmar_r1_b01_02,2021-10,myd14a1_061_aqua,10.4821,0.883837,calibration_not_released,unavailable
art_science_demo_contract_0001,region_ne_india_myanmar_r1,region_ne_india_myanmar_r1_b01_03,2021-10,myd14a1_061_aqua,11.8821,0.883837,calibration_not_released,unavailable
art_science_demo_contract_0001,region_ne_india_myanmar_r1,region_ne_india_myanmar_r1_b01_04,2021-10,myd14a1_061_aqua,13.2821,0.871837,calibration_not_released,unavailable
art_science_demo_contract_0001,region_ne_india_myanmar_r1,region_ne_india_myanmar_r1_b02_01,2021-10,myd14a1_061_aqua,13.9821,0.865837,calibration_not_released,unavailable
art_science_demo_contract_0001,region_ne_india_myanmar_r1,region_ne_india_myanmar_r1_b02_02,2021-10,myd14a1_061_aqua,9.0821,0.871837,calibration_not_released,unavailable
art_science_demo_contract_0001,region_ne_india_myanmar_r1,region_ne_india_myanmar_r1_b02_03,2021-10,myd14a1_061_aqua,10.4821,0.883837,calibration_not_released,unavailable
art_science_demo_contract_0001,region_ne_india_myanmar_r1,region_ne_india_myanmar_r1_b02_04,2021-10,myd14a1_061_aqua,11.8821,0.883837,calibration_not_released,unavailable
art_science_demo_contract_0001,region_ne_india_myanmar_r1,region_ne_india_myanmar_r1_b03_01,2021-10,myd14a1_061_aqua,12.5821,0.877837,calibration_not_released,unavailable
art_science_demo_contract_0001,region_ne_india_myanmar_r1,region_ne_india_myanmar_r1_b03_02,2021-10,myd14a1_061_aqua,13.9821,0.865837,calibration_not_released,unavailable
art_science_demo_contract_0001,region_ne_india_myanmar_r1,region_ne_india_myanmar_r1_b03_03,2021-10,myd14a1_061_aqua,9.0821,0.871837,calibration_not_released,unavailable
art_science_demo_contract_0001,region_ne_india_myanmar_r1,region_ne_india_myanmar_r1_b03_04,2021-10,myd14a1_061_aqua,10.4821,0.883837,calibration_not_released,unavailable
art_science_demo_contract_0001,region_ne_india_myanmar_r1,region_ne_india_myanmar_r1_b01_01,2021-11,myd14a1_061_aqua,15.9716,0.897966,calibration_not_released,unavailable
art_science_demo_contract_0001,region_ne_india_myanmar_r1,region_ne_india_myanmar_r1_b01_02,2021-11,myd14a1_061_aqua,17.3716,0.909966,calibration_not_released,unavailable
art_science_demo_contract_0001,region_ne_india_myanmar_r1,region_ne_india_myanmar_r1_b01_03,2021-11,myd14a1_061_aqua,18.7716,0.897966,calibration_not_released,unavailable
art_science_demo_contract_0001,region_ne_india_myanmar_r1,region_ne_india_myanmar_r1_b01_04,2021-11,myd14a1_061_aqua,20.1716,0.885966,calibration_not_released,unavailable
art_science_demo_contract_0001,region_ne_india_myanmar_r1,region_ne_india_myanmar_r1_b02_01,2021-11,myd14a1_061_aqua,14.5716,0.885966,calibration_not_released,unavailable
art_science_demo_contract_0001,region_ne_india_myanmar_r1,region_ne_india_myanmar_r1_b02_02,2021-11,myd14a1_061_aqua,15.9716,0.897966,calibration_not_released,unavailable
art_science_demo_contract_0001,region_ne_india_myanmar_r1,region_ne_india_myanmar_r1_b02_03,2021-11,myd14a1_061_aqua,17.3716,0.909966,calibration_not_released,unavailable
art_science_demo_contract_0001,region_ne_india_myanmar_r1,region_ne_india_myanmar_r1_b02_04,2021-11,myd14a1_061_aqua,18.7716,0.897966,calibration_not_released,unavailable
art_science_demo_contract_0001,region_ne_india_myanmar_r1,region_ne_india_myanmar_r1_b03_01,2021-11,myd14a1_061_aqua,19.4716,0.891966,calibration_not_released,unavailable
art_science_demo_contract_0001,region_ne_india_myanmar_r1,region_ne_india_myanmar_r1_b03_02,2021-11,myd14a1_061_aqua,14.5716,0.885966,calibration_not_released,unavailable
art_science_demo_contract_0001,region_ne_india_myanmar_r1,region_ne_india_myanmar_r1_b03_03,2021-11,myd14a1_061_aqua,15.9716,0.897966,calibration_not_released,unavailable
art_science_demo_contract_0001,region_ne_india_myanmar_r1,region_ne_india_myanmar_r1_b03_04,2021-11,myd14a1_061_aqua,17.3716,0.909966,calibration_not_released,unavailable
art_science_demo_contract_0001,region_ne_india_myanmar_r1,region_ne_india_myanmar_r1_b01_01,2021-12,myd14a1_061_aqua,11.6743,0.853707,calibration_not_released,unavailable
art_science_demo_contract_0001,region_ne_india_myanmar_r1,region_ne_india_myanmar_r1_b01_02,2021-12,myd14a1_061_aqua,13.0743,0.853707,calibration_not_released,unavailable
art_science_demo_contract_0001,region_ne_india_myanmar_r1,region_ne_india_myanmar_r1_b01_03,2021-12,myd14a1_061_aqua,14.4743,0.841707,calibration_not_released,unavailable
art_science_demo_contract_0001,region_ne_india_myanmar_r1,region_ne_india_myanmar_r1_b01_04,2021-12,myd14a1_061_aqua,9.5743,0.835707,calibration_not_released,unavailable
art_science_demo_contract_0001,region_ne_india_myanmar_r1,region_ne_india_myanmar_r1_b02_01,2021-12,myd14a1_061_aqua,10.2743,0.841707,calibration_not_released,unavailable
art_science_demo_contract_0001,region_ne_india_myanmar_r1,region_ne_india_myanmar_r1_b02_02,2021-12,myd14a1_061_aqua,11.6743,0.853707,calibration_not_released,unavailable
art_science_demo_contract_0001,region_ne_india_myanmar_r1,region_ne_india_myanmar_r1_b02_03,2021-12,myd14a1_061_aqua,13.0743,0.853707,calibration_not_released,unavailable
art_science_demo_contract_0001,region_ne_india_myanmar_r1,region_ne_india_myanmar_r1_b02_04,2021-12,myd14a1_061_aqua,14.4743,0.841707,calibration_not_released,unavailable
art_science_demo_contract_0001,region_ne_india_myanmar_r1,region_ne_india_myanmar_r1_b03_01,2021-12,myd14a1_061_aqua,15.1743,0.835707,calibration_not_released,unavailable
art_science_demo_contract_0001,region_ne_india_myanmar_r1,region_ne_india_myanmar_r1_b03_02,2021-12,myd14a1_061_aqua,10.2743,0.841707,calibration_not_released,unavailable
art_science_demo_contract_0001,region_ne_india_myanmar_r1,region_ne_india_myanmar_r1_b03_03,2021-12,myd14a1_061_aqua,11.6743,0.853707,calibration_not_released,unavailable
art_science_demo_contract_0001,region_ne_india_myanmar_r1,region_ne_india_myanmar_r1_b03_04,2021-12,myd14a1_061_aqua,13.0743,0.853707,calibration_not_released,unavailable
art_science_demo_contract_0001,region_ne_india_myanmar_r1,region_ne_india_myanmar_r1_b01_01,2022-01,myd14a1_061_aqua,36.51,0.93211,calibration_not_released,unavailable
art_science_demo_contract_0001,region_ne_india_myanmar_r1,region_ne_india_myanmar_r1_b01_02,2022-01,myd14a1_061_aqua,37.91,0.94411,calibration_not_released,unavailable
art_science_demo_contract_0001,region_ne_india_myanmar_r1,region_ne_india_myanmar_r1_b01_03,2022-01,myd14a1_061_aqua,39.31,0.94411,calibration_not_released,unavailable
art_science_demo_contract_0001,region_ne_india_myanmar_r1,region_ne_india_myanmar_r1_b01_04,2022-01,myd14a1_061_aqua,40.71,0.93211,calibration_not_released,unavailable
art_science_demo_contract_0001,region_ne_india_myanmar_r1,region_ne_india_myanmar_r1_b02_01,2022-01,myd14a1_061_aqua,41.41,0.92611,calibration_not_released,unavailable
art_science_demo_contract_0001,region_ne_india_myanmar_r1,region_ne_india_myanmar_r1_b02_02,2022-01,myd14a1_061_aqua,36.51,0.93211,calibration_not_released,unavailable
art_science_demo_contract_0001,region_ne_india_myanmar_r1,region_ne_india_myanmar_r1_b02_03,2022-01,myd14a1_061_aqua,37.91,0.94411,calibration_not_released,unavailable
art_science_demo_contract_0001,region_ne_india_myanmar_r1,region_ne_india_myanmar_r1_b02_04,2022-01,myd14a1_061_aqua,39.31,0.94411,calibration_not_released,unavailable
art_science_demo_contract_0001,region_ne_india_myanmar_r1,region_ne_india_myanmar_r1_b03_01,2022-01,myd14a1_061_aqua,40.01,0.93811,calibration_not_released,unavailable
art_science_demo_contract_0001,region_ne_india_myanmar_r1,region_ne_india_myanmar_r1_b03_02,2022-01,myd14a1_061_aqua,41.41,0.92611,calibration_not_released,unavailable
art_science_demo_contract_0001,region_ne_india_myanmar_r1,region_ne_india_myanmar_r1_b03_03,2022-01,myd14a1_061_aqua,36.51,0.93211,calibration_not_released,unavailable
art_science_demo_contract_0001,region_ne_india_myanmar_r1,region_ne_india_myanmar_r1_b03_04,2022-01,myd14a1_061_aqua,37.91,0.94411,calibration_not_released,unavailable
art_science_demo_contract_0001,region_ne_india_myanmar_r1,region_ne_india_myanmar_r1_b01_01,2022-02,myd14a1_061_aqua,46.3682,0.877895,calibration_not_released,unavailable
art_science_demo_contract_0001,region_ne_india_myanmar_r1,region_ne_india_myanmar_r1_b01_02,2022-02,myd14a1_061_aqua,47.7682,0.889895,calibration_not_released,unavailable
art_science_demo_contract_0001,region_ne_india_myanmar_r1,region_ne_india_myanmar_r1_b01_03,2022-02,myd14a1_061_aqua,49.1682,0.877895,calibration_not_released,unavailable
art_science_demo_contract_0001,region_ne_india_myanmar_r1,region_ne_india_myanmar_r1_b01_04,2022-02,myd14a1_061_aqua,50.5682,0.865895,calibration_not_released,unavailable
art_science_demo_contract_0001,region_ne_india_myanmar_r1,region_ne_india_myanmar_r1_b02_01,2022-02,myd14a1_061_aqua,44.9682,0.865895,calibration_not_released,unavailable
art_science_demo_contract_0001,region_ne_india_myanmar_r1,region_ne_india_myanmar_r1_b02_02,2022-02,myd14a1_061_aqua,46.3682,0.877895,calibration_not_released,unavailable
art_science_demo_contract_0001,region_ne_india_myanmar_r1,region_ne_india_myanmar_r1_b02_03,2022-02,myd14a1_061_aqua,47.7682,0.889895,calibration_not_released,unavailable
art_science_demo_contract_0001,region_ne_india_myanmar_r1,region_ne_india_myanmar_r1_b02_04,2022-02,myd14a1_061_aqua,49.1682,0.877895,calibration_not_released,unavailable
art_science_demo_contract_0001,region_ne_india_myanmar_r1,region_ne_india_myanmar_r1_b03_01,2022-02,myd14a1_061_aqua,49.8682,0.871895,calibration_not_released,unavailable
art_science_demo_contract_0001,region_ne_india_myanmar_r1,region_ne_india_myanmar_r1_b03_02,2022-02,myd14a1_061_aqua,44.9682,0.865895,calibration_not_released,unavailable
art_science_demo_contract_0001,region_ne_india_myanmar_r1,region_ne_india_myanmar_r1_b03_03,2022-02,myd14a1_061_aqua,46.3682,0.877895,calibration_not_released,unavailable
art_science_demo_contract_0001,region_ne_india_myanmar_r1,region_ne_india_myanmar_r1_b03_04,2022-02,myd14a1_061_aqua,47.7682,0.889895,calibration_not_released,unavailable
art_science_demo_contract_0001,region_ne_india_myanmar_r1,region_ne_india_myanmar_r1_b01_01,2022-03,myd14a1_061_aqua,52.0489,0.933944,calibration_not_released,unavailable
art_science_demo_contract_0001,region_ne_india_myanmar_r1,region_ne_india_myanmar_r1_b01_02,2022-03,myd14a1_061_aqua,53.4489,0.933944,calibration_not_released,unavailable
art_science_demo_contract_0001,region_ne_india_myanmar_r1,region_ne_india_myanmar_r1_b01_03,2022-03,myd14a1_061_aqua,54.8489,0.921944,calibration_not_released,unavailable
art_science_demo_contract_0001,region_ne_india_myanmar_r1,region_ne_india_myanmar_r1_b01_04,2022-03,myd14a1_061_aqua,49.9489,0.915944,calibration_not_released,unavailable
art_science_demo_contract_0001,region_ne_india_myanmar_r1,region_ne_india_myanmar_r1_b02_01,2022-03,myd14a1_061_aqua,50.6489,0.921944,calibration_not_released,unavailable
art_science_demo_contract_0001,region_ne_india_myanmar_r1,region_ne_india_myanmar_r1_b02_02,2022-03,myd14a1_061_aqua,52.0489,0.933944,calibration_not_released,unavailable
art_science_demo_contract_0001,region_ne_india_myanmar_r1,region_ne_india_myanmar_r1_b02_03,2022-03,myd14a1_061_aqua,53.4489,0.933944,calibration_not_released,unavailable
art_science_demo_contract_0001,region_ne_india_myanmar_r1,region_ne_india_myanmar_r1_b02_04,2022-03,myd14a1_061_aqua,54.8489,0.921944,calibration_not_released,unavailable
art_science_demo_contract_0001,region_ne_india_myanmar_r1,region_ne_india_myanmar_r1_b03_01,2022-03,myd14a1_061_aqua,55.5489,0.915944,calibration_not_released,unavailable
art_science_demo_contract_0001,region_ne_india_myanmar_r1,region_ne_india_myanmar_r1_b03_02,2022-03,myd14a1_061_aqua,50.6489,0.921944,calibration_not_released,unavailable
art_science_demo_contract_0001,region_ne_india_myanmar_r1,region_ne_india_myanmar_r1_b03_03,2022-03,myd14a1_061_aqua,52.0489,0.933944,calibration_not_released,unavailable
art_science_demo_contract_0001,region_ne_india_myanmar_r1,region_ne_india_myanmar_r1_b03_04,2022-03,myd14a1_061_aqua,53.4489,0.933944,calibration_not_released,unavailable
art_science_demo_contract_0001,region_ne_india_myanmar_r1,region_ne_india_myanmar_r1_b01_01,2022-04,myd14a1_061_aqua,51.5152,0.890088,calibration_not_released,unavailable
art_science_demo_contract_0001,region_ne_india_myanmar_r1,region_ne_india_myanmar_r1_b01_02,2022-04,myd14a1_061_aqua,52.9152,0.878088,calibration_not_released,unavailable
art_science_demo_contract_0001,region_ne_india_myanmar_r1,region_ne_india_myanmar_r1_b01_03,2022-04,myd14a1_061_aqua,54.3152,0.866088,calibration_not_released,unavailable
art_science_demo_contract_0001,region_ne_india_myanmar_r1,region_ne_india_myanmar_r1_b01_04,2022-04,myd14a1_061_aqua,49.4152,0.872088,calibration_not_released,unavailable
art_science_demo_contract_0001,region_ne_india_myanmar_r1,region_ne_india_myanmar_r1_b02_01,2022-04,myd14a1_061_aqua,50.1152,0.878088,calibration_not_released,unavailable
art_science_demo_contract_0001,region_ne_india_myanmar_r1,region_ne_india_myanmar_r1_b02_02,2022-04,myd14a1_061_aqua,51.5152,0.890088,calibration_not_released,unavailable
art_science_demo_contract_0001,region_ne_india_myanmar_r1,region_ne_india_myanmar_r1_b02_03,2022-04,myd14a1_061_aqua,52.9152,0.878088,calibration_not_released,unavailable
art_science_demo_contract_0001,region_ne_india_myanmar_r1,region_ne_india_myanmar_r1_b02_04,2022-04,myd14a1_061_aqua,54.3152,0.866088,calibration_not_released,unavailable
art_science_demo_contract_0001,region_ne_india_myanmar_r1,region_ne_india_myanmar_r1_b03_01,2022-04,myd14a1_061_aqua,48.7152,0.866088,calibration_not_released,unavailable
art_science_demo_contract_0001,region_ne_india_myanmar_r1,region_ne_india_myanmar_r1_b03_02,2022-04,myd14a1_061_aqua,50.1152,0.878088,calibration_not_released,unavailable
art_science_demo_contract_0001,region_ne_india_myanmar_r1,region_ne_india_myanmar_r1_b03_03,2022-04,myd14a1_061_aqua,51.5152,0.890088,calibration_not_released,unavailable
art_science_demo_contract_0001,region_ne_india_myanmar_r1,region_ne_india_myanmar_r1_b03_04,2022-04,myd14a1_061_aqua,52.9152,0.878088,calibration_not_released,unavailable
art_science_demo_contract_0001,region_ne_india_myanmar_r1,region_ne_india_myanmar_r1_b01_01,2022-05,myd14a1_061_aqua,40.3601,0.93408,calibration_not_released,unavailable
art_science_demo_contract_0001,region_ne_india_myanmar_r1,region_ne_india_myanmar_r1_b01_02,2022-05,myd14a1_061_aqua,41.7601,0.92208,calibration_not_released,unavailable
art_science_demo_contract_0001,region_ne_india_myanmar_r1,region_ne_india_myanmar_r1_b01_03,2022-05,myd14a1_061_aqua,36.8601,0.91608,calibration_not_released,unavailable
art_science_demo_contract_0001,region_ne_india_myanmar_r1,region_ne_india_myanmar_r1_b01_04,2022-05,myd14a1_061_aqua,38.2601,0.92808,calibration_not_released,unavailable
art_science_demo_contract_0001,region_ne_india_myanmar_r1,region_ne_india_myanmar_r1_b02_01,2022-05,myd14a1_061_aqua,38.9601,0.93408,calibration_not_released,unavailable
art_science_demo_contract_0001,region_ne_india_myanmar_r1,region_ne_india_myanmar_r1_b02_02,2022-05,myd14a1_061_aqua,40.3601,0.93408,calibration_not_released,unavailable
art_science_demo_contract_0001,region_ne_india_myanmar_r1,region_ne_india_myanmar_r1_b02_03,2022-05,myd14a1_061_aqua,41.7601,0.92208,calibration_not_released,unavailable
art_science_demo_contract_0001,region_ne_india_myanmar_r1,region_ne_india_myanmar_r1_b02_04,2022-05,myd14a1_061_aqua,36.8601,0.91608,calibration_not_released,unavailable
art_science_demo_contract_0001,region_ne_india_myanmar_r1,region_ne_india_myanmar_r1_b03_01,2022-05,myd14a1_061_aqua,37.5601,0.92208,calibration_not_released,unavailable
art_science_demo_contract_0001,region_ne_india_myanmar_r1,region_ne_india_myanmar_r1_b03_02,2022-05,myd14a1_061_aqua,38.9601,0.93408,calibration_not_released,unavailable
art_science_demo_contract_0001,region_ne_india_myanmar_r1,region_ne_india_myanmar_r1_b03_03,2022-05,myd14a1_061_aqua,40.3601,0.93408,calibration_not_released,unavailable
art_science_demo_contract_0001,region_ne_india_myanmar_r1,region_ne_india_myanmar_r1_b03_04,2022-05,myd14a1_061_aqua,41.7601,0.92208,calibration_not_released,unavailable
art_science_demo_contract_0001,region_ne_india_myanmar_r1,region_ne_india_myanmar_r1_b01_01,2022-06,myd14a1_061_aqua,37.4784,0.907913,calibration_not_released,unavailable
art_science_demo_contract_0001,region_ne_india_myanmar_r1,region_ne_india_myanmar_r1_b01_02,2022-06,myd14a1_061_aqua,38.8784,0.895913,calibration_not_released,unavailable
art_science_demo_contract_0001,region_ne_india_myanmar_r1,region_ne_india_myanmar_r1_b01_03,2022-06,myd14a1_061_aqua,33.9784,0.901913,calibration_not_released,unavailable
art_science_demo_contract_0001,region_ne_india_myanmar_r1,region_ne_india_myanmar_r1_b01_04,2022-06,myd14a1_061_aqua,35.3784,0.913913,calibration_not_released,unavailable
art_science_demo_contract_0001,region_ne_india_myanmar_r1,region_ne_india_myanmar_r1_b02_01,2022-06,myd14a1_061_aqua,36.0784,0.919913,calibration_not_released,unavailable
art_science_demo_contract_0001,region_ne_india_myanmar_r1,region_ne_india_myanmar_r1_b02_02,2022-06,myd14a1_061_aqua,37.4784,0.907913,calibration_not_released,unavailable
art_science_demo_contract_0001,region_ne_india_myanmar_r1,region_ne_india_myanmar_r1_b02_03,2022-06,myd14a1_061_aqua,38.8784,0.895913,calibration_not_released,unavailable
art_science_demo_contract_0001,region_ne_india_myanmar_r1,region_ne_india_myanmar_r1_b02_04,2022-06,myd14a1_061_aqua,33.9784,0.901913,calibration_not_released,unavailable
art_science_demo_contract_0001,region_ne_india_myanmar_r1,region_ne_india_myanmar_r1_b03_01,2022-06,myd14a1_061_aqua,34.6784,0.907913,calibration_not_released,unavailable
art_science_demo_contract_0001,region_ne_india_myanmar_r1,region_ne_india_myanmar_r1_b03_02,2022-06,myd14a1_061_aqua,36.0784,0.919913,calibration_not_released,unavailable
art_science_demo_contract_0001,region_ne_india_myanmar_r1,region_ne_india_myanmar_r1_b03_03,2022-06,myd14a1_061_aqua,37.4784,0.907913,calibration_not_released,unavailable
art_science_demo_contract_0001,region_ne_india_myanmar_r1,region_ne_india_myanmar_r1_b03_04,2022-06,myd14a1_061_aqua,38.8784,0.895913,calibration_not_released,unavailable
art_science_demo_contract_0001,region_ne_india_myanmar_r1,region_ne_india_myanmar_r1_b01_01,2022-07,myd14a1_061_aqua,35.2447,0.892228,calibration_not_released,unavailable
art_science_demo_contract_0001,region_ne_india_myanmar_r1,region_ne_india_myanmar_r1_b01_02,2022-07,myd14a1_061_aqua,30.3447,0.886228,calibration_not_released,unavailable
art_science_demo_contract_0001,region_ne_india_myanmar_r1,region_ne_india_myanmar_r1_b01_03,2022-07,myd14a1_061_aqua,31.7447,0.898228,calibration_not_released,unavailable
art_science_demo_contract_0001,region_ne_india_myanmar_r1,region_ne_india_myanmar_r1_b01_04,2022-07,myd14a1_061_aqua,33.1447,0.910228,calibration_not_released,unavailable
art_science_demo_contract_0001,region_ne_india_myanmar_r1,region_ne_india_myanmar_r1_b02_01,2022-07,myd14a1_061_aqua,33.8447,0.904228,calibration_not_released,unavailable
art_science_demo_contract_0001,region_ne_india_myanmar_r1,region_ne_india_myanmar_r1_b02_02,2022-07,myd14a1_061_aqua,35.2447,0.892228,calibration_not_released,unavailable
art_science_demo_contract_0001,region_ne_india_myanmar_r1,region_ne_india_myanmar_r1_b02_03,2022-07,myd14a1_061_aqua,30.3447,0.886228,calibration_not_released,unavailable
art_science_demo_contract_0001,region_ne_india_myanmar_r1,region_ne_india_myanmar_r1_b02_04,2022-07,myd14a1_061_aqua,31.7447,0.898228,calibration_not_released,unavailable
art_science_demo_contract_0001,region_ne_india_myanmar_r1,region_ne_india_myanmar_r1_b03_01,2022-07,myd14a1_061_aqua,32.4447,0.904228,calibration_not_released,unavailable
art_science_demo_contract_0001,region_ne_india_myanmar_r1,region_ne_india_myanmar_r1_b03_02,2022-07,myd14a1_061_aqua,33.8447,0.904228,calibration_not_released,unavailable
art_science_demo_contract_0001,region_ne_india_myanmar_r1,region_ne_india_myanmar_r1_b03_03,2022-07,myd14a1_061_aqua,35.2447,0.892228,calibration_not_released,unavailable
art_science_demo_contract_0001,region_ne_india_myanmar_r1,region_ne_india_myanmar_r1_b03_04,2022-07,myd14a1_061_aqua,30.3447,0.886228,calibration_not_released,unavailable
art_science_demo_contract_0001,region_ne_india_myanmar_r1,region_ne_india_myanmar_r1_b01_01,2022-08,myd14a1_061_aqua,25.3806,0.875855,calibration_not_released,unavailable
art_science_demo_contract_0001,region_ne_india_myanmar_r1,region_ne_india_myanmar_r1_b01_02,2022-08,myd14a1_061_aqua,20.4806,0.881855,calibration_not_released,unavailable
art_science_demo_contract_0001,region_ne_india_myanmar_r1,region_ne_india_myanmar_r1_b01_03,2022-08,myd14a1_061_aqua,21.8806,0.893855,calibration_not_released,unavailable
art_science_demo_contract_0001,region_ne_india_myanmar_r1,region_ne_india_myanmar_r1_b01_04,2022-08,myd14a1_061_aqua,23.2806,0.893855,calibration_not_released,unavailable
art_science_demo_contract_0001,region_ne_india_myanmar_r1,region_ne_india_myanmar_r1_b02_01,2022-08,myd14a1_061_aqua,23.9806,0.887855,calibration_not_released,unavailable
art_science_demo_contract_0001,region_ne_india_myanmar_r1,region_ne_india_myanmar_r1_b02_02,2022-08,myd14a1_061_aqua,25.3806,0.875855,calibration_not_released,unavailable
art_science_demo_contract_0001,region_ne_india_myanmar_r1,region_ne_india_myanmar_r1_b02_03,2022-08,myd14a1_061_aqua,20.4806,0.881855,calibration_not_released,unavailable
art_science_demo_contract_0001,region_ne_india_myanmar_r1,region_ne_india_myanmar_r1_b02_04,2022-08,myd14a1_061_aqua,21.8806,0.893855,calibration_not_released,unavailable
art_science_demo_contract_0001,region_ne_india_myanmar_r1,region_ne_india_myanmar_r1_b03_01,2022-08,myd14a1_061_aqua,22.5806,0.899855,calibration_not_released,unavailable
art_science_demo_contract_0001,region_ne_india_myanmar_r1,region_ne_india_myanmar_r1_b03_02,2022-08,myd14a1_061_aqua,23.9806,0.887855,calibration_not_released,unavailable
art_science_demo_contract_0001,region_ne_india_myanmar_r1,region_ne_india_myanmar_r1_b03_03,2022-08,myd14a1_061_aqua,25.3806,0.875855,calibration_not_released,unavailable
art_science_demo_contract_0001,region_ne_india_myanmar_r1,region_ne_india_myanmar_r1_b03_04,2022-08,myd14a1_061_aqua,20.4806,0.881855,calibration_not_released,unavailable
art_science_demo_contract_0001,region_ne_india_myanmar_r1,region_ne_india_myanmar_r1_b01_01,2022-09,myd14a1_061_aqua,18.5608,0.876285,calibration_not_released,unavailable
art_science_demo_contract_0001,region_ne_india_myanmar_r1,region_ne_india_myanmar_r1_b01_02,2022-09,myd14a1_061_aqua,19.9608,0.888285,calibration_not_released,unavailable
art_science_demo_contract_0001,region_ne_india_myanmar_r1,region_ne_india_myanmar_r1_b01_03,2022-09,myd14a1_061_aqua,21.3608,0.900285,calibration_not_released,unavailable
art_science_demo_contract_0001,region_ne_india_myanmar_r1,region_ne_india_myanmar_r1_b01_04,2022-09,myd14a1_061_aqua,22.7608,0.888285,calibration_not_released,unavailable
art_science_demo_contract_0001,region_ne_india_myanmar_r1,region_ne_india_myanmar_r1_b02_01,2022-09,myd14a1_061_aqua,23.4608,0.882285,calibration_not_released,unavailable
art_science_demo_contract_0001,region_ne_india_myanmar_r1,region_ne_india_myanmar_r1_b02_02,2022-09,myd14a1_061_aqua,18.5608,0.876285,calibration_not_released,unavailable
art_science_demo_contract_0001,region_ne_india_myanmar_r1,region_ne_india_myanmar_r1_b02_03,2022-09,myd14a1_061_aqua,19.9608,0.888285,calibration_not_released,unavailable
art_science_demo_contract_0001,region_ne_india_myanmar_r1,region_ne_india_myanmar_r1_b02_04,2022-09,myd14a1_061_aqua,21.3608,0.900285,calibration_not_released,unavailable
art_science_demo_contract_0001,region_ne_india_myanmar_r1,region_ne_india_myanmar_r1_b03_01,2022-09,myd14a1_061_aqua,22.0608,0.894285,calibration_not_released,unavailable
art_science_demo_contract_0001,region_ne_india_myanmar_r1,region_ne_india_myanmar_r1_b03_02,2022-09,myd14a1_061_aqua,23.4608,0.882285,calibration_not_released,unavailable
art_science_demo_contract_0001,region_ne_india_myanmar_r1,region_ne_india_myanmar_r1_b03_03,2022-09,myd14a1_061_aqua,18.5608,0.876285,calibration_not_released,unavailable
art_science_demo_contract_0001,region_ne_india_myanmar_r1,region_ne_india_myanmar_r1_b03_04,2022-09,myd14a1_061_aqua,19.9608,0.888285,calibration_not_released,unavailable
art_science_demo_contract_0001,region_ne_india_myanmar_r1,region_ne_india_myanmar_r1_b01_01,2022-10,myd14a1_061_aqua,13.9061,0.881863,calibration_not_released,unavailable
art_science_demo_contract_0001,region_ne_india_myanmar_r1,region_ne_india_myanmar_r1_b01_02,2022-10,myd14a1_061_aqua,15.3061,0.893863,calibration_not_released,unavailable
art_science_demo_contract_0001,region_ne_india_myanmar_r1,region_ne_india_myanmar_r1_b01_03,2022-10,myd14a1_061_aqua,16.7061,0.893863,calibration_not_released,unavailable
art_science_demo_contract_0001,region_ne_india_myanmar_r1,region_ne_india_myanmar_r1_b01_04,2022-10,myd14a1_061_aqua,18.1061,0.881863,calibration_not_released,unavailable
art_science_demo_contract_0001,region_ne_india_myanmar_r1,region_ne_india_myanmar_r1_b02_01,2022-10,myd14a1_061_aqua,18.8061,0.875863,calibration_not_released,unavailable
art_science_demo_contract_0001,region_ne_india_myanmar_r1,region_ne_india_myanmar_r1_b02_02,2022-10,myd14a1_061_aqua,13.9061,0.881863,calibration_not_released,unavailable
art_science_demo_contract_0001,region_ne_india_myanmar_r1,region_ne_india_myanmar_r1_b02_03,2022-10,myd14a1_061_aqua,15.3061,0.893863,calibration_not_released,unavailable
art_science_demo_contract_0001,region_ne_india_myanmar_r1,region_ne_india_myanmar_r1_b02_04,2022-10,myd14a1_061_aqua,16.7061,0.893863,calibration_not_released,unavailable
art_science_demo_contract_0001,region_ne_india_myanmar_r1,region_ne_india_myanmar_r1_b03_01,2022-10,myd14a1_061_aqua,17.4061,0.887863,calibration_not_released,unavailable
art_science_demo_contract_0001,region_ne_india_myanmar_r1,region_ne_india_myanmar_r1_b03_02,2022-10,myd14a1_061_aqua,18.8061,0.875863,calibration_not_released,unavailable
art_science_demo_contract_0001,region_ne_india_myanmar_r1,region_ne_india_myanmar_r1_b03_03,2022-10,myd14a1_061_aqua,13.9061,0.881863,calibration_not_released,unavailable
art_science_demo_contract_0001,region_ne_india_myanmar_r1,region_ne_india_myanmar_r1_b03_04,2022-10,myd14a1_061_aqua,15.3061,0.893863,calibration_not_released,unavailable
art_science_demo_contract_0001,region_ne_india_myanmar_r1,region_ne_india_myanmar_r1_b01_01,2022-11,myd14a1_061_aqua,5.9475,0.927917,calibration_not_released,unavailable
art_science_demo_contract_0001,region_ne_india_myanmar_r1,region_ne_india_myanmar_r1_b01_02,2022-11,myd14a1_061_aqua,7.3475,0.939917,calibration_not_released,unavailable
art_science_demo_contract_0001,region_ne_india_myanmar_r1,region_ne_india_myanmar_r1_b01_03,2022-11,myd14a1_061_aqua,8.7475,0.927917,calibration_not_released,unavailable
art_science_demo_contract_0001,region_ne_india_myanmar_r1,region_ne_india_myanmar_r1_b01_04,2022-11,myd14a1_061_aqua,10.1475,0.915917,calibration_not_released,unavailable
art_science_demo_contract_0001,region_ne_india_myanmar_r1,region_ne_india_myanmar_r1_b02_01,2022-11,myd14a1_061_aqua,4.5475,0.915917,calibration_not_released,unavailable
art_science_demo_contract_0001,region_ne_india_myanmar_r1,region_ne_india_myanmar_r1_b02_02,2022-11,myd14a1_061_aqua,5.9475,0.927917,calibration_not_released,unavailable
art_science_demo_contract_0001,region_ne_india_myanmar_r1,region_ne_india_myanmar_r1_b02_03,2022-11,myd14a1_061_aqua,7.3475,0.939917,calibration_not_released,unavailable
art_science_demo_contract_0001,region_ne_india_myanmar_r1,region_ne_india_myanmar_r1_b02_04,2022-11,myd14a1_061_aqua,8.7475,0.927917,calibration_not_released,unavailable
art_science_demo_contract_0001,region_ne_india_myanmar_r1,region_ne_india_myanmar_r1_b03_01,2022-11,myd14a1_061_aqua,9.4475,0.921917,calibration_not_released,unavailable
art_science_demo_contract_0001,region_ne_india_myanmar_r1,region_ne_india_myanmar_r1_b03_02,2022-11,myd14a1_061_aqua,4.5475,0.915917,calibration_not_released,unavailable
art_science_demo_contract_0001,region_ne_india_myanmar_r1,region_ne_india_myanmar_r1_b03_03,2022-11,myd14a1_061_aqua,5.9475,0.927917,calibration_not_released,unavailable
art_science_demo_contract_0001,region_ne_india_myanmar_r1,region_ne_india_myanmar_r1_b03_04,2022-11,myd14a1_061_aqua,7.3475,0.939917,calibration_not_released,unavailable
art_science_demo_contract_0001,region_ne_india_myanmar_r1,region_ne_india_myanmar_r1_b01_01,2022-12,myd14a1_061_aqua,19.4288,0.914,calibration_not_released,unavailable
art_science_demo_contract_0001,region_ne_india_myanmar_r1,region_ne_india_myanmar_r1_b01_02,2022-12,myd14a1_061_aqua,20.8288,0.914,calibration_not_released,unavailable
art_science_demo_contract_0001,region_ne_india_myanmar_r1,region_ne_india_myanmar_r1_b01_03,2022-12,myd14a1_061_aqua,22.2288,0.902,calibration_not_released,unavailable
art_science_demo_contract_0001,region_ne_india_myanmar_r1,region_ne_india_myanmar_r1_b01_04,2022-12,myd14a1_061_aqua,17.3288,0.896,calibration_not_released,unavailable
art_science_demo_contract_0001,region_ne_india_myanmar_r1,region_ne_india_myanmar_r1_b02_01,2022-12,myd14a1_061_aqua,18.0288,0.902,calibration_not_released,unavailable
art_science_demo_contract_0001,region_ne_india_myanmar_r1,region_ne_india_myanmar_r1_b02_02,2022-12,myd14a1_061_aqua,19.4288,0.914,calibration_not_released,unavailable
art_science_demo_contract_0001,region_ne_india_myanmar_r1,region_ne_india_myanmar_r1_b02_03,2022-12,myd14a1_061_aqua,20.8288,0.914,calibration_not_released,unavailable
art_science_demo_contract_0001,region_ne_india_myanmar_r1,region_ne_india_myanmar_r1_b02_04,2022-12,myd14a1_061_aqua,22.2288,0.902,calibration_not_released,unavailable
art_science_demo_contract_0001,region_ne_india_myanmar_r1,region_ne_india_myanmar_r1_b03_01,2022-12,myd14a1_061_aqua,22.9288,0.896,calibration_not_released,unavailable
art_science_demo_contract_0001,region_ne_india_myanmar_r1,region_ne_india_myanmar_r1_b03_02,2022-12,myd14a1_061_aqua,18.0288,0.902,calibration_not_released,unavailable
art_science_demo_contract_0001,region_ne_india_myanmar_r1,region_ne_india_myanmar_r1_b03_03,2022-12,myd14a1_061_aqua,19.4288,0.914,calibration_not_released,unavailable
art_science_demo_contract_0001,region_ne_india_myanmar_r1,region_ne_india_myanmar_r1_b03_04,2022-12,myd14a1_061_aqua,20.8288,0.914,calibration_not_released,unavailable
art_science_demo_contract_0001,region_ne_india_myanmar_r1,region_ne_india_myanmar_r1_b01_01,2023-01,myd14a1_061_aqua,39.4987,0.872341,calibration_not_released,unavailable
art_science_demo_contract_0001,region_ne_india_myanmar_r1,region_ne_india_myanmar_r1_b01_02,2023-01,myd14a1_061_aqua,40.8987,0.884341,calibration_not_released,unavailable
art_science_demo_contract_0001,region_ne_india_myanmar_r1,region_ne_india_myanmar_r1_b01_03,2023-01,myd14a1_061_aqua,42.2987,0.884341,calibration_not_released,unavailable
art_science_demo_contract_0001,region_ne_india_myanmar_r1,region_ne_india_myanmar_r1_b01_04,2023-01,myd14a1_061_aqua,43.6987,0.872341,calibration_not_released,unavailable
art_science_demo_contract_0001,region_ne_india_myanmar_r1,region_ne_india_myanmar_r1_b02_01,2023-01,myd14a1_061_aqua,44.3987,0.866341,calibration_not_released,unavailable
art_science_demo_contract_0001,region_ne_india_myanmar_r1,region_ne_india_myanmar_r1_b02_02,2023-01,myd14a1_061_aqua,39.4987,0.872341,calibration_not_released,unavailable
art_science_demo_contract_0001,region_ne_india_myanmar_r1,region_ne_india_myanmar_r1_b02_03,2023-01,myd14a1_061_aqua,40.8987,0.884341,calibration_not_released,unavailable
art_science_demo_contract_0001,region_ne_india_myanmar_r1,region_ne_india_myanmar_r1_b02_04,2023-01,myd14a1_061_aqua,42.2987,0.884341,calibration_not_released,unavailable
art_science_demo_contract_0001,region_ne_india_myanmar_r1,region_ne_india_myanmar_r1_b03_01,2023-01,myd14a1_061_aqua,42.9987,0.878341,calibration_not_released,unavailable
art_science_demo_contract_0001,region_ne_india_myanmar_r1,region_ne_india_myanmar_r1_b03_02,2023-01,myd14a1_061_aqua,44.3987,0.866341,calibration_not_released,unavailable
art_science_demo_contract_0001,region_ne_india_myanmar_r1,region_ne_india_myanmar_r1_b03_03,2023-01,myd14a1_061_aqua,39.4987,0.872341,calibration_not_released,unavailable
art_science_demo_contract_0001,region_ne_india_myanmar_r1,region_ne_india_myanmar_r1_b03_04,2023-01,myd14a1_061_aqua,40.8987,0.884341,calibration_not_released,unavailable
art_science_demo_contract_0001,region_ne_india_myanmar_r1,region_ne_india_myanmar_r1_b01_01,2023-02,myd14a1_061_aqua,48.5208,0.897877,calibration_not_released,unavailable
art_science_demo_contract_0001,region_ne_india_myanmar_r1,region_ne_india_myanmar_r1_b01_02,2023-02,myd14a1_061_aqua,49.9208,0.909877,calibration_not_released,unavailable
art_science_demo_contract_0001,region_ne_india_myanmar_r1,region_ne_india_myanmar_r1_b01_03,2023-02,myd14a1_061_aqua,51.3208,0.897877,calibration_not_released,unavailable
art_science_demo_contract_0001,region_ne_india_myanmar_r1,region_ne_india_myanmar_r1_b01_04,2023-02,myd14a1_061_aqua,52.7208,0.885877,calibration_not_released,unavailable
art_science_demo_contract_0001,region_ne_india_myanmar_r1,region_ne_india_myanmar_r1_b02_01,2023-02,myd14a1_061_aqua,47.1208,0.885877,calibration_not_released,unavailable
art_science_demo_contract_0001,region_ne_india_myanmar_r1,region_ne_india_myanmar_r1_b02_02,2023-02,myd14a1_061_aqua,48.5208,0.897877,calibration_not_released,unavailable
art_science_demo_contract_0001,region_ne_india_myanmar_r1,region_ne_india_myanmar_r1_b02_03,2023-02,myd14a1_061_aqua,49.9208,0.909877,calibration_not_released,unavailable
art_science_demo_contract_0001,region_ne_india_myanmar_r1,region_ne_india_myanmar_r1_b02_04,2023-02,myd14a1_061_aqua,51.3208,0.897877,calibration_not_released,unavailable
art_science_demo_contract_0001,region_ne_india_myanmar_r1,region_ne_india_myanmar_r1_b03_01,2023-02,myd14a1_061_aqua,52.0208,0.891877,calibration_not_released,unavailable
art_science_demo_contract_0001,region_ne_india_myanmar_r1,region_ne_india_myanmar_r1_b03_02,2023-02,myd14a1_061_aqua,47.1208,0.885877,calibration_not_released,unavailable
art_science_demo_contract_0001,region_ne_india_myanmar_r1,region_ne_india_myanmar_r1_b03_03,2023-02,myd14a1_061_aqua,48.5208,0.897877,calibration_not_released,unavailable
art_science_demo_contract_0001,region_ne_india_myanmar_r1,region_ne_india_myanmar_r1_b03_04,2023-02,myd14a1_061_aqua,49.9208,0.909877,calibration_not_released,unavailable
art_science_demo_contract_0001,region_ne_india_myanmar_r1,region_ne_india_myanmar_r1_b01_01,2023-03,myd14a1_061_aqua,53.8024,0.924198,calibration_not_released,unavailable
art_science_demo_contract_0001,region_ne_india_myanmar_r1,region_ne_india_myanmar_r1_b01_02,2023-03,myd14a1_061_aqua,55.2024,0.924198,calibration_not_released,unavailable
art_science_demo_contract_0001,region_ne_india_myanmar_r1,region_ne_india_myanmar_r1_b01_03,2023-03,myd14a1_061_aqua,56.6024,0.912198,calibration_not_released,unavailable
art_science_demo_contract_0001,region_ne_india_myanmar_r1,region_ne_india_myanmar_r1_b01_04,2023-03,myd14a1_061_aqua,51.7024,0.906198,calibration_not_released,unavailable
art_science_demo_contract_0001,region_ne_india_myanmar_r1,region_ne_india_myanmar_r1_b02_01,2023-03,myd14a1_061_aqua,52.4024,0.912198,calibration_not_released,unavailable
art_science_demo_contract_0001,region_ne_india_myanmar_r1,region_ne_india_myanmar_r1_b02_02,2023-03,myd14a1_061_aqua,53.8024,0.924198,calibration_not_released,unavailable
art_science_demo_contract_0001,region_ne_india_myanmar_r1,region_ne_india_myanmar_r1_b02_03,2023-03,myd14a1_061_aqua,55.2024,0.924198,calibration_not_released,unavailable
art_science_demo_contract_0001,region_ne_india_myanmar_r1,region_ne_india_myanmar_r1_b02_04,2023-03,myd14a1_061_aqua,56.6024,0.912198,calibration_not_released,unavailable
art_science_demo_contract_0001,region_ne_india_myanmar_r1,region_ne_india_myanmar_r1_b03_01,2023-03,myd14a1_061_aqua,57.3024,0.906198,calibration_not_released,unavailable
art_science_demo_contract_0001,region_ne_india_myanmar_r1,region_ne_india_myanmar_r1_b03_02,2023-03,myd14a1_061_aqua,52.4024,0.912198,calibration_not_released,unavailable
art_science_demo_contract_0001,region_ne_india_myanmar_r1,region_ne_india_myanmar_r1_b03_03,2023-03,myd14a1_061_aqua,53.8024,0.924198,calibration_not_released,unavailable
art_science_demo_contract_0001,region_ne_india_myanmar_r1,region_ne_india_myanmar_r1_b03_04,2023-03,myd14a1_061_aqua,55.2024,0.924198,calibration_not_released,unavailable
art_science_demo_contract_0001,region_ne_india_myanmar_r1,region_ne_india_myanmar_r1_b01_01,2023-04,myd14a1_061_aqua,51.4925,0.92033,calibration_not_released,unavailable
art_science_demo_contract_0001,region_ne_india_myanmar_r1,region_ne_india_myanmar_r1_b01_02,2023-04,myd14a1_061_aqua,52.8925,0.90833,calibration_not_released,unavailable
art_science_demo_contract_0001,region_ne_india_myanmar_r1,region_ne_india_myanmar_r1_b01_03,2023-04,myd14a1_061_aqua,54.2925,0.89633,calibration_not_released,unavailable
art_science_demo_contract_0001,region_ne_india_myanmar_r1,region_ne_india_myanmar_r1_b01_04,2023-04,myd14a1_061_aqua,49.3925,0.90233,calibration_not_released,unavailable
art_science_demo_contract_0001,region_ne_india_myanmar_r1,region_ne_india_myanmar_r1_b02_01,2023-04,myd14a1_061_aqua,50.0925,0.90833,calibration_not_released,unavailable
art_science_demo_contract_0001,region_ne_india_myanmar_r1,region_ne_india_myanmar_r1_b02_02,2023-04,myd14a1_061_aqua,51.4925,0.92033,calibration_not_released,unavailable
art_science_demo_contract_0001,region_ne_india_myanmar_r1,region_ne_india_myanmar_r1_b02_03,2023-04,myd14a1_061_aqua,52.8925,0.90833,calibration_not_released,unavailable
art_science_demo_contract_0001,region_ne_india_myanmar_r1,region_ne_india_myanmar_r1_b02_04,2023-04,myd14a1_061_aqua,54.2925,0.89633,calibration_not_released,unavailable
art_science_demo_contract_0001,region_ne_india_myanmar_r1,region_ne_india_myanmar_r1_b03_01,2023-04,myd14a1_061_aqua,48.6925,0.89633,calibration_not_released,unavailable
art_science_demo_contract_0001,region_ne_india_myanmar_r1,region_ne_india_myanmar_r1_b03_02,2023-04,myd14a1_061_aqua,50.0925,0.90833,calibration_not_released,unavailable
art_science_demo_contract_0001,region_ne_india_myanmar_r1,region_ne_india_myanmar_r1_b03_03,2023-04,myd14a1_061_aqua,51.4925,0.92033,calibration_not_released,unavailable
art_science_demo_contract_0001,region_ne_india_myanmar_r1,region_ne_india_myanmar_r1_b03_04,2023-04,myd14a1_061_aqua,52.8925,0.90833,calibration_not_released,unavailable
art_science_demo_contract_0001,region_ne_india_myanmar_r1,region_ne_india_myanmar_r1_b01_01,2023-05,myd14a1_061_aqua,52.0644,0.873944,calibration_not_released,unavailable
art_science_demo_contract_0001,region_ne_india_myanmar_r1,region_ne_india_myanmar_r1_b01_02,2023-05,myd14a1_061_aqua,53.4644,0.861944,calibration_not_released,unavailable
art_science_demo_contract_0001,region_ne_india_myanmar_r1,region_ne_india_myanmar_r1_b01_03,2023-05,myd14a1_061_aqua,48.5644,0.855944,calibration_not_released,unavailable
art_science_demo_contract_0001,region_ne_india_myanmar_r1,region_ne_india_myanmar_r1_b01_04,2023-05,myd14a1_061_aqua,49.9644,0.867944,calibration_not_released,unavailable
art_science_demo_contract_0001,region_ne_india_myanmar_r1,region_ne_india_myanmar_r1_b02_01,2023-05,myd14a1_061_aqua,50.6644,0.873944,calibration_not_released,unavailable
art_science_demo_contract_0001,region_ne_india_myanmar_r1,region_ne_india_myanmar_r1_b02_02,2023-05,myd14a1_061_aqua,52.0644,0.873944,calibration_not_released,unavailable
art_science_demo_contract_0001,region_ne_india_myanmar_r1,region_ne_india_myanmar_r1_b02_03,2023-05,myd14a1_061_aqua,53.4644,0.861944,calibration_not_released,unavailable
art_science_demo_contract_0001,region_ne_india_myanmar_r1,region_ne_india_myanmar_r1_b02_04,2023-05,myd14a1_061_aqua,48.5644,0.855944,calibration_not_released,unavailable
art_science_demo_contract_0001,region_ne_india_myanmar_r1,region_ne_india_myanmar_r1_b03_01,2023-05,myd14a1_061_aqua,49.2644,0.861944,calibration_not_released,unavailable
art_science_demo_contract_0001,region_ne_india_myanmar_r1,region_ne_india_myanmar_r1_b03_02,2023-05,myd14a1_061_aqua,50.6644,0.873944,calibration_not_released,unavailable
art_science_demo_contract_0001,region_ne_india_myanmar_r1,region_ne_india_myanmar_r1_b03_03,2023-05,myd14a1_061_aqua,52.0644,0.873944,calibration_not_released,unavailable
art_science_demo_contract_0001,region_ne_india_myanmar_r1,region_ne_india_myanmar_r1_b03_04,2023-05,myd14a1_061_aqua,53.4644,0.861944,calibration_not_released,unavailable
art_science_demo_contract_0001,region_ne_india_myanmar_r1,region_ne_india_myanmar_r1_b01_01,2023-06,myd14a1_061_aqua,44.5177,0.898189,calibration_not_released,unavailable
art_science_demo_contract_0001,region_ne_india_myanmar_r1,region_ne_india_myanmar_r1_b01_02,2023-06,myd14a1_061_aqua,45.9177,0.886189,calibration_not_released,unavailable
art_science_demo_contract_0001,region_ne_india_myanmar_r1,region_ne_india_myanmar_r1_b01_03,2023-06,myd14a1_061_aqua,41.0177,0.892189,calibration_not_released,unavailable
art_science_demo_contract_0001,region_ne_india_myanmar_r1,region_ne_india_myanmar_r1_b01_04,2023-06,myd14a1_061_aqua,42.4177,0.904189,calibration_not_released,unavailable
art_science_demo_contract_0001,region_ne_india_myanmar_r1,region_ne_india_myanmar_r1_b02_01,2023-06,myd14a1_061_aqua,43.1177,0.910189,calibration_not_released,unavailable
art_science_demo_contract_0001,region_ne_india_myanmar_r1,region_ne_india_myanmar_r1_b02_02,2023-06,myd14a1_061_aqua,44.5177,0.898189,calibration_not_released,unavailable
art_science_demo_contract_0001,region_ne_india_myanmar_r1,region_ne_india_myanmar_r1_b02_03,2023-06,myd14a1_061_aqua,45.9177,0.886189,calibration_not_released,unavailable
art_science_demo_contract_0001,region_ne_india_myanmar_r1,region_ne_india_myanmar_r1_b02_04,2023-06,myd14a1_061_aqua,41.0177,0.892189,calibration_not_released,unavailable
art_science_demo_contract_0001,region_ne_india_myanmar_r1,region_ne_india_myanmar_r1_b03_01,2023-06,myd14a1_061_aqua,41.7177,0.898189,calibration_not_released,unavailable
art_science_demo_contract_0001,region_ne_india_myanmar_r1,region_ne_india_myanmar_r1_b03_02,2023-06,myd14a1_061_aqua,43.1177,0.910189,calibration_not_released,unavailable
art_science_demo_contract_0001,region_ne_india_myanmar_r1,region_ne_india_myanmar_r1_b03_03,2023-06,myd14a1_061_aqua,44.5177,0.898189,calibration_not_released,unavailable
art_science_demo_contract_0001,region_ne_india_myanmar_r1,region_ne_india_myanmar_r1_b03_04,2023-06,myd14a1_061_aqua,45.9177,0.886189,calibration_not_released,unavailable
art_science_demo_contract_0001,region_ne_india_myanmar_r1,region_ne_india_myanmar_r1_b01_01,2023-07,myd14a1_061_aqua,41.3328,0.84182,calibration_not_released,unavailable
art_science_demo_contract_0001,region_ne_india_myanmar_r1,region_ne_india_myanmar_r1_b01_02,2023-07,myd14a1_061_aqua,36.4328,0.83582,calibration_not_released,unavailable
art_science_demo_contract_0001,region_ne_india_myanmar_r1,region_ne_india_myanmar_r1_b01_03,2023-07,myd14a1_061_aqua,37.8328,0.84782,calibration_not_released,unavailable
art_science_demo_contract_0001,region_ne_india_myanmar_r1,region_ne_india_myanmar_r1_b01_04,2023-07,myd14a1_061_aqua,39.2328,0.85982,calibration_not_released,unavailable
art_science_demo_contract_0001,region_ne_india_myanmar_r1,region_ne_india_myanmar_r1_b02_01,2023-07,myd14a1_061_aqua,39.9328,0.85382,calibration_not_released,unavailable
art_science_demo_contract_0001,region_ne_india_myanmar_r1,region_ne_india_myanmar_r1_b02_02,2023-07,myd14a1_061_aqua,41.3328,0.84182,calibration_not_released,unavailable
art_science_demo_contract_0001,region_ne_india_myanmar_r1,region_ne_india_myanmar_r1_b02_03,2023-07,myd14a1_061_aqua,36.4328,0.83582,calibration_not_released,unavailable
art_science_demo_contract_0001,region_ne_india_myanmar_r1,region_ne_india_myanmar_r1_b02_04,2023-07,myd14a1_061_aqua,37.8328,0.84782,calibration_not_released,unavailable
art_science_demo_contract_0001,region_ne_india_myanmar_r1,region_ne_india_myanmar_r1_b03_01,2023-07,myd14a1_061_aqua,38.5328,0.85382,calibration_not_released,unavailable
art_science_demo_contract_0001,region_ne_india_myanmar_r1,region_ne_india_myanmar_r1_b03_02,2023-07,myd14a1_061_aqua,39.9328,0.85382,calibration_not_released,unavailable
art_science_demo_contract_0001,region_ne_india_myanmar_r1,region_ne_india_myanmar_r1_b03_03,2023-07,myd14a1_061_aqua,41.3328,0.84182,calibration_not_released,unavailable
art_science_demo_contract_0001,region_ne_india_myanmar_r1,region_ne_india_myanmar_r1_b03_04,2023-07,myd14a1_061_aqua,36.4328,0.83582,calibration_not_released,unavailable
art_science_demo_contract_0001,region_ne_india_myanmar_r1,region_ne_india_myanmar_r1_b01_01,2023-08,myd14a1_061_aqua,22.9238,0.846034,calibration_not_released,unavailable
art_science_demo_contract_0001,region_ne_india_myanmar_r1,region_ne_india_myanmar_r1_b01_02,2023-08,myd14a1_061_aqua,18.0238,0.852034,calibration_not_released,unavailable
art_science_demo_contract_0001,region_ne_india_myanmar_r1,region_ne_india_myanmar_r1_b01_03,2023-08,myd14a1_061_aqua,19.4238,0.864034,calibration_not_released,unavailable
art_science_demo_contract_0001,region_ne_india_myanmar_r1,region_ne_india_myanmar_r1_b01_04,2023-08,myd14a1_061_aqua,20.8238,0.864034,calibration_not_released,unavailable
art_science_demo_contract_0001,region_ne_india_myanmar_r1,region_ne_india_myanmar_r1_b02_01,2023-08,myd14a1_061_aqua,21.5238,0.858034,calibration_not_released,unavailable
art_science_demo_contract_0001,region_ne_india_myanmar_r1,region_ne_india_myanmar_r1_b02_02,2023-08,myd14a1_061_aqua,22.9238,0.846034,calibration_not_released,unavailable
art_science_demo_contract_0001,region_ne_india_myanmar_r1,region_ne_india_myanmar_r1_b02_03,2023-08,myd14a1_061_aqua,18.0238,0.852034,calibration_not_released,unavailable
art_science_demo_contract_0001,region_ne_india_myanmar_r1,region_ne_india_myanmar_r1_b02_04,2023-08,myd14a1_061_aqua,19.4238,0.864034,calibration_not_released,unavailable
art_science_demo_contract_0001,region_ne_india_myanmar_r1,region_ne_india_myanmar_r1_b03_01,2023-08,myd14a1_061_aqua,20.1238,0.870034,calibration_not_released,unavailable
art_science_demo_contract_0001,region_ne_india_myanmar_r1,region_ne_india_myanmar_r1_b03_02,2023-08,myd14a1_061_aqua,21.5238,0.858034,calibration_not_released,unavailable
art_science_demo_contract_0001,region_ne_india_myanmar_r1,region_ne_india_myanmar_r1_b03_03,2023-08,myd14a1_061_aqua,22.9238,0.846034,calibration_not_released,unavailable
art_science_demo_contract_0001,region_ne_india_myanmar_r1,region_ne_india_myanmar_r1_b03_04,2023-08,myd14a1_061_aqua,18.0238,0.852034,calibration_not_released,unavailable
art_science_demo_contract_0001,region_ne_india_myanmar_r1,region_ne_india_myanmar_r1_b01_01,2023-09,myd14a1_061_aqua,11.1104,0.896341,calibration_not_released,unavailable
art_science_demo_contract_0001,region_ne_india_myanmar_r1,region_ne_india_myanmar_r1_b01_02,2023-09,myd14a1_061_aqua,12.5104,0.908341,calibration_not_released,unavailable
art_science_demo_contract_0001,region_ne_india_myanmar_r1,region_ne_india_myanmar_r1_b01_03,2023-09,myd14a1_061_aqua,13.9104,0.920341,calibration_not_released,unavailable
art_science_demo_contract_0001,region_ne_india_myanmar_r1,region_ne_india_myanmar_r1_b01_04,2023-09,myd14a1_061_aqua,15.3104,0.908341,calibration_not_released,unavailable
art_science_demo_contract_0001,region_ne_india_myanmar_r1,region_ne_india_myanmar_r1_b02_01,2023-09,myd14a1_061_aqua,16.0104,0.902341,calibration_not_released,unavailable
art_science_demo_contract_0001,region_ne_india_myanmar_r1,region_ne_india_myanmar_r1_b02_02,2023-09,myd14a1_061_aqua,11.1104,0.896341,calibration_not_released,unavailable
art_science_demo_contract_0001,region_ne_india_myanmar_r1,region_ne_india_myanmar_r1_b02_03,2023-09,myd14a1_061_aqua,12.5104,0.908341,calibration_not_released,unavailable
art_science_demo_contract_0001,region_ne_india_myanmar_r1,region_ne_india_myanmar_r1_b02_04,2023-09,myd14a1_061_aqua,13.9104,0.920341,calibration_not_released,unavailable
art_science_demo_contract_0001,region_ne_india_myanmar_r1,region_ne_india_myanmar_r1_b03_01,2023-09,myd14a1_061_aqua,14.6104,0.914341,calibration_not_released,unavailable
art_science_demo_contract_0001,region_ne_india_myanmar_r1,region_ne_india_myanmar_r1_b03_02,2023-09,myd14a1_061_aqua,16.0104,0.902341,calibration_not_released,unavailable
art_science_demo_contract_0001,region_ne_india_myanmar_r1,region_ne_india_myanmar_r1_b03_03,2023-09,myd14a1_061_aqua,11.1104,0.896341,calibration_not_released,unavailable
art_science_demo_contract_0001,region_ne_india_myanmar_r1,region_ne_india_myanmar_r1_b03_04,2023-09,myd14a1_061_aqua,12.5104,0.908341,calibration_not_released,unavailable
art_science_demo_contract_0001,region_ne_india_myanmar_r1,region_ne_india_myanmar_r1_b01_01,2023-10,myd14a1_061_aqua,14.2934,0.861808,calibration_not_released,unavailable
art_science_demo_contract_0001,region_ne_india_myanmar_r1,region_ne_india_myanmar_r1_b01_02,2023-10,myd14a1_061_aqua,15.6934,0.873808,calibration_not_released,unavailable
art_science_demo_contract_0001,region_ne_india_myanmar_r1,region_ne_india_myanmar_r1_b01_03,2023-10,myd14a1_061_aqua,17.0934,0.873808,calibration_not_released,unavailable
art_science_demo_contract_0001,region_ne_india_myanmar_r1,region_ne_india_myanmar_r1_b01_04,2023-10,myd14a1_061_aqua,18.4934,0.861808,calibration_not_released,unavailable
art_science_demo_contract_0001,region_ne_india_myanmar_r1,region_ne_india_myanmar_r1_b02_01,2023-10,myd14a1_061_aqua,19.1934,0.855808,calibration_not_released,unavailable
art_science_demo_contract_0001,region_ne_india_myanmar_r1,region_ne_india_myanmar_r1_b02_02,2023-10,myd14a1_061_aqua,14.2934,0.861808,calibration_not_released,unavailable
art_science_demo_contract_0001,region_ne_india_myanmar_r1,region_ne_india_myanmar_r1_b02_03,2023-10,myd14a1_061_aqua,15.6934,0.873808,calibration_not_released,unavailable
art_science_demo_contract_0001,region_ne_india_myanmar_r1,region_ne_india_myanmar_r1_b02_04,2023-10,myd14a1_061_aqua,17.0934,0.873808,calibration_not_released,unavailable
art_science_demo_contract_0001,region_ne_india_myanmar_r1,region_ne_india_myanmar_r1_b03_01,2023-10,myd14a1_061_aqua,17.7934,0.867808,calibration_not_released,unavailable
art_science_demo_contract_0001,region_ne_india_myanmar_r1,region_ne_india_myanmar_r1_b03_02,2023-10,myd14a1_061_aqua,19.1934,0.855808,calibration_not_released,unavailable
art_science_demo_contract_0001,region_ne_india_myanmar_r1,region_ne_india_myanmar_r1_b03_03,2023-10,myd14a1_061_aqua,14.2934,0.861808,calibration_not_released,unavailable
art_science_demo_contract_0001,region_ne_india_myanmar_r1,region_ne_india_myanmar_r1_b03_04,2023-10,myd14a1_061_aqua,15.6934,0.873808,calibration_not_released,unavailable
art_science_demo_contract_0001,region_ne_india_myanmar_r1,region_ne_india_myanmar_r1_b01_01,2023-11,myd14a1_061_aqua,7.9023,0.918065,calibration_not_released,unavailable
art_science_demo_contract_0001,region_ne_india_myanmar_r1,region_ne_india_myanmar_r1_b01_02,2023-11,myd14a1_061_aqua,9.3023,0.930065,calibration_not_released,unavailable
art_science_demo_contract_0001,region_ne_india_myanmar_r1,region_ne_india_myanmar_r1_b01_03,2023-11,myd14a1_061_aqua,10.7023,0.918065,calibration_not_released,unavailable
art_science_demo_contract_0001,region_ne_india_myanmar_r1,region_ne_india_myanmar_r1_b01_04,2023-11,myd14a1_061_aqua,12.1023,0.906065,calibration_not_released,unavailable
art_science_demo_contract_0001,region_ne_india_myanmar_r1,region_ne_india_myanmar_r1_b02_01,2023-11,myd14a1_061_aqua,6.5023,0.906065,calibration_not_released,unavailable
art_science_demo_contract_0001,region_ne_india_myanmar_r1,region_ne_india_myanmar_r1_b02_02,2023-11,myd14a1_061_aqua,7.9023,0.918065,calibration_not_released,unavailable
art_science_demo_contract_0001,region_ne_india_myanmar_r1,region_ne_india_myanmar_r1_b02_03,2023-11,myd14a1_061_aqua,9.3023,0.930065,calibration_not_released,unavailable
art_science_demo_contract_0001,region_ne_india_myanmar_r1,region_ne_india_myanmar_r1_b02_04,2023-11,myd14a1_061_aqua,10.7023,0.918065,calibration_not_released,unavailable
art_science_demo_contract_0001,region_ne_india_myanmar_r1,region_ne_india_myanmar_r1_b03_01,2023-11,myd14a1_061_aqua,11.4023,0.912065,calibration_not_released,unavailable
art_science_demo_contract_0001,region_ne_india_myanmar_r1,region_ne_india_myanmar_r1_b03_02,2023-11,myd14a1_061_aqua,6.5023,0.906065,calibration_not_released,unavailable
art_science_demo_contract_0001,region_ne_india_myanmar_r1,region_ne_india_myanmar_r1_b03_03,2023-11,myd14a1_061_aqua,7.9023,0.918065,calibration_not_released,unavailable
art_science_demo_contract_0001,region_ne_india_myanmar_r1,region_ne_india_myanmar_r1_b03_04,2023-11,myd14a1_061_aqua,9.3023,0.930065,calibration_not_released,unavailable
art_science_demo_contract_0001,region_ne_india_myanmar_r1,region_ne_india_myanmar_r1_b01_01,2023-12,myd14a1_061_aqua,13.2211,0.853707,calibration_not_released,unavailable
art_science_demo_contract_0001,region_ne_india_myanmar_r1,region_ne_india_myanmar_r1_b01_02,2023-12,myd14a1_061_aqua,14.6211,0.853707,calibration_not_released,unavailable
art_science_demo_contract_0001,region_ne_india_myanmar_r1,region_ne_india_myanmar_r1_b01_03,2023-12,myd14a1_061_aqua,16.0211,0.841707,calibration_not_released,unavailable
art_science_demo_contract_0001,region_ne_india_myanmar_r1,region_ne_india_myanmar_r1_b01_04,2023-12,myd14a1_061_aqua,11.1211,0.835707,calibration_not_released,unavailable
art_science_demo_contract_0001,region_ne_india_myanmar_r1,region_ne_india_myanmar_r1_b02_01,2023-12,myd14a1_061_aqua,11.8211,0.841707,calibration_not_released,unavailable
art_science_demo_contract_0001,region_ne_india_myanmar_r1,region_ne_india_myanmar_r1_b02_02,2023-12,myd14a1_061_aqua,13.2211,0.853707,calibration_not_released,unavailable
art_science_demo_contract_0001,region_ne_india_myanmar_r1,region_ne_india_myanmar_r1_b02_03,2023-12,myd14a1_061_aqua,14.6211,0.853707,calibration_not_released,unavailable
art_science_demo_contract_0001,region_ne_india_myanmar_r1,region_ne_india_myanmar_r1_b02_04,2023-12,myd14a1_061_aqua,16.0211,0.841707,calibration_not_released,unavailable
art_science_demo_contract_0001,region_ne_india_myanmar_r1,region_ne_india_myanmar_r1_b03_01,2023-12,myd14a1_061_aqua,16.7211,0.835707,calibration_not_released,unavailable
art_science_demo_contract_0001,region_ne_india_myanmar_r1,region_ne_india_myanmar_r1_b03_02,2023-12,myd14a1_061_aqua,11.8211,0.841707,calibration_not_released,unavailable
art_science_demo_contract_0001,region_ne_india_myanmar_r1,region_ne_india_myanmar_r1_b03_03,2023-12,myd14a1_061_aqua,13.2211,0.853707,calibration_not_released,unavailable
art_science_demo_contract_0001,region_ne_india_myanmar_r1,region_ne_india_myanmar_r1_b03_04,2023-12,myd14a1_061_aqua,14.6211,0.853707,calibration_not_released,unavailable
art_science_demo_contract_0001,region_ne_india_myanmar_r1,region_ne_india_myanmar_r1_b01_01,2024-01,myd14a1_061_aqua,42.4956,0.931749,calibration_not_released,unavailable
art_science_demo_contract_0001,region_ne_india_myanmar_r1,region_ne_india_myanmar_r1_b01_02,2024-01,myd14a1_061_aqua,43.8956,0.943749,calibration_not_released,unavailable
art_science_demo_contract_0001,region_ne_india_myanmar_r1,region_ne_india_myanmar_r1_b01_03,2024-01,myd14a1_061_aqua,45.2956,0.943749,calibration_not_released,unavailable
art_science_demo_contract_0001,region_ne_india_myanmar_r1,region_ne_india_myanmar_r1_b01_04,2024-01,myd14a1_061_aqua,46.6956,0.931749,calibration_not_released,unavailable
art_science_demo_contract_0001,region_ne_india_myanmar_r1,region_ne_india_myanmar_r1_b02_01,2024-01,myd14a1_061_aqua,47.3956,0.925749,calibration_not_released,unavailable
art_science_demo_contract_0001,region_ne_india_myanmar_r1,region_ne_india_myanmar_r1_b02_02,2024-01,myd14a1_061_aqua,42.4956,0.931749,calibration_not_released,unavailable
art_science_demo_contract_0001,region_ne_india_myanmar_r1,region_ne_india_myanmar_r1_b02_03,2024-01,myd14a1_061_aqua,43.8956,0.943749,calibration_not_released,unavailable
art_science_demo_contract_0001,region_ne_india_myanmar_r1,region_ne_india_myanmar_r1_b02_04,2024-01,myd14a1_061_aqua,45.2956,0.943749,calibration_not_released,unavailable
art_science_demo_contract_0001,region_ne_india_myanmar_r1,region_ne_india_myanmar_r1_b03_01,2024-01,myd14a1_061_aqua,45.9956,0.937749,calibration_not_released,unavailable
art_science_demo_contract_0001,region_ne_india_myanmar_r1,region_ne_india_myanmar_r1_b03_02,2024-01,myd14a1_061_aqua,47.3956,0.925749,calibration_not_released,unavailable
art_science_demo_contract_0001,region_ne_india_myanmar_r1,region_ne_india_myanmar_r1_b03_03,2024-01,myd14a1_061_aqua,42.4956,0.931749,calibration_not_released,unavailable
art_science_demo_contract_0001,region_ne_india_myanmar_r1,region_ne_india_myanmar_r1_b03_04,2024-01,myd14a1_061_aqua,43.8956,0.943749,calibration_not_released,unavailable
art_science_demo_contract_0001,region_ne_india_myanmar_r1,region_ne_india_myanmar_r1_b01_01,2024-02,myd14a1_061_aqua,48.3992,0.928332,calibration_not_released,unavailable
art_science_demo_contract_0001,region_ne_india_myanmar_r1,region_ne_india_myanmar_r1_b01_02,2024-02,myd14a1_061_aqua,49.7992,0.940332,calibration_not_released,unavailable
art_science_demo_contract_0001,region_ne_india_myanmar_r1,region_ne_india_myanmar_r1_b01_03,2024-02,myd14a1_061_aqua,51.1992,0.928332,calibration_not_released,unavailable
art_science_demo_contract_0001,region_ne_india_myanmar_r1,region_ne_india_myanmar_r1_b01_04,2024-02,myd14a1_061_aqua,52.5992,0.916332,calibration_not_released,unavailable
art_science_demo_contract_0001,region_ne_india_myanmar_r1,region_ne_india_myanmar_r1_b02_01,2024-02,myd14a1_061_aqua,46.9992,0.916332,calibration_not_released,unavailable
art_science_demo_contract_0001,region_ne_india_myanmar_r1,region_ne_india_myanmar_r1_b02_02,2024-02,myd14a1_061_aqua,48.3992,0.928332,calibration_not_released,unavailable
art_science_demo_contract_0001,region_ne_india_myanmar_r1,region_ne_india_myanmar_r1_b02_03,2024-02,myd14a1_061_aqua,49.7992,0.940332,calibration_not_released,unavailable
art_science_demo_contract_0001,region_ne_india_myanmar_r1,region_ne_india_myanmar_r1_b02_04,2024-02,myd14a1_061_aqua,51.1992,0.928332,calibration_not_released,unavailable
art_science_demo_contract_0001,region_ne_india_myanmar_r1,region_ne_india_myanmar_r1_b03_01,2024-02,myd14a1_061_aqua,51.8992,0.922332,calibration_not_released,unavailable
art_science_demo_contract_0001,region_ne_india_myanmar_r1,region_ne_india_myanmar_r1_b03_02,2024-02,myd14a1_061_aqua,46.9992,0.916332,calibration_not_released,unavailable
art_science_demo_contract_0001,region_ne_india_myanmar_r1,region_ne_india_myanmar_r1_b03_03,2024-02,myd14a1_061_aqua,48.3992,0.928332,calibration_not_released,unavailable
art_science_demo_contract_0001,region_ne_india_myanmar_r1,region_ne_india_myanmar_r1_b03_04,2024-02,myd14a1_061_aqua,49.7992,0.940332,calibration_not_released,unavailable
art_science_demo_contract_0001,region_ne_india_myanmar_r1,region_ne_india_myanmar_r1_b01_01,2024-03,myd14a1_061_aqua,54.3038,0.863767,calibration_not_released,unavailable
art_science_demo_contract_0001,region_ne_india_myanmar_r1,region_ne_india_myanmar_r1_b01_02,2024-03,myd14a1_061_aqua,55.7038,0.863767,calibration_not_released,unavailable
art_science_demo_contract_0001,region_ne_india_myanmar_r1,region_ne_india_myanmar_r1_b01_03,2024-03,myd14a1_061_aqua,57.1038,0.851767,calibration_not_released,unavailable
art_science_demo_contract_0001,region_ne_india_myanmar_r1,region_ne_india_myanmar_r1_b01_04,2024-03,myd14a1_061_aqua,52.2038,0.845767,calibration_not_released,unavailable
art_science_demo_contract_0001,region_ne_india_myanmar_r1,region_ne_india_myanmar_r1_b02_01,2024-03,myd14a1_061_aqua,52.9038,0.851767,calibration_not_released,unavailable
art_science_demo_contract_0001,region_ne_india_myanmar_r1,region_ne_india_myanmar_r1_b02_02,2024-03,myd14a1_061_aqua,54.3038,0.863767,calibration_not_released,unavailable
art_science_demo_contract_0001,region_ne_india_myanmar_r1,region_ne_india_myanmar_r1_b02_03,2024-03,myd14a1_061_aqua,55.7038,0.863767,calibration_not_released,unavailable
art_science_demo_contract_0001,region_ne_india_myanmar_r1,region_ne_india_myanmar_r1_b02_04,2024-03,myd14a1_061_aqua,57.1038,0.851767,calibration_not_released,unavailable
art_science_demo_contract_0001,region_ne_india_myanmar_r1,region_ne_india_myanmar_r1_b03_01,2024-03,myd14a1_061_aqua,57.8038,0.845767,calibration_not_released,unavailable
art_science_demo_contract_0001,region_ne_india_myanmar_r1,region_ne_india_myanmar_r1_b03_02,2024-03,myd14a1_061_aqua,52.9038,0.851767,calibration_not_released,unavailable
art_science_demo_contract_0001,region_ne_india_myanmar_r1,region_ne_india_myanmar_r1_b03_03,2024-03,myd14a1_061_aqua,54.3038,0.863767,calibration_not_released,unavailable
art_science_demo_contract_0001,region_ne_india_myanmar_r1,region_ne_india_myanmar_r1_b03_04,2024-03,myd14a1_061_aqua,55.7038,0.863767,calibration_not_released,unavailable
art_science_demo_contract_0001,region_ne_india_myanmar_r1,region_ne_india_myanmar_r1_b01_01,2024-04,myd14a1_061_aqua,52.7489,0.9302,calibration_not_released,unavailable
art_science_demo_contract_0001,region_ne_india_myanmar_r1,region_ne_india_myanmar_r1_b01_02,2024-04,myd14a1_061_aqua,54.1489,0.9182,calibration_not_released,unavailable
art_science_demo_contract_0001,region_ne_india_myanmar_r1,region_ne_india_myanmar_r1_b01_03,2024-04,myd14a1_061_aqua,55.5489,0.9062,calibration_not_released,unavailable
art_science_demo_contract_0001,region_ne_india_myanmar_r1,region_ne_india_myanmar_r1_b01_04,2024-04,myd14a1_061_aqua,50.6489,0.9122,calibration_not_released,unavailable
art_science_demo_contract_0001,region_ne_india_myanmar_r1,region_ne_india_myanmar_r1_b02_01,2024-04,myd14a1_061_aqua,51.3489,0.9182,calibration_not_released,unavailable
art_science_demo_contract_0001,region_ne_india_myanmar_r1,region_ne_india_myanmar_r1_b02_02,2024-04,myd14a1_061_aqua,52.7489,0.9302,calibration_not_released,unavailable
art_science_demo_contract_0001,region_ne_india_myanmar_r1,region_ne_india_myanmar_r1_b02_03,2024-04,myd14a1_061_aqua,54.1489,0.9182,calibration_not_released,unavailable
art_science_demo_contract_0001,region_ne_india_myanmar_r1,region_ne_india_myanmar_r1_b02_04,2024-04,myd14a1_061_aqua,55.5489,0.9062,calibration_not_released,unavailable
art_science_demo_contract_0001,region_ne_india_myanmar_r1,region_ne_india_myanmar_r1_b03_01,2024-04,myd14a1_061_aqua,49.9489,0.9062,calibration_not_released,unavailable
art_science_demo_contract_0001,region_ne_india_myanmar_r1,region_ne_india_myanmar_r1_b03_02,2024-04,myd14a1_061_aqua,51.3489,0.9182,calibration_not_released,unavailable
art_science_demo_contract_0001,region_ne_india_myanmar_r1,region_ne_india_myanmar_r1_b03_03,2024-04,myd14a1_061_aqua,52.7489,0.9302,calibration_not_released,unavailable
art_science_demo_contract_0001,region_ne_india_myanmar_r1,region_ne_india_myanmar_r1_b03_04,2024-04,myd14a1_061_aqua,54.1489,0.9182,calibration_not_released,unavailable
art_science_demo_contract_0001,region_ne_india_myanmar_r1,region_ne_india_myanmar_r1_b01_01,2024-05,myd14a1_061_aqua,54.242,0.864251,calibration_not_released,unavailable
art_science_demo_contract_0001,region_ne_india_myanmar_r1,region_ne_india_myanmar_r1_b01_02,2024-05,myd14a1_061_aqua,55.642,0.852251,calibration_not_released,unavailable
art_science_demo_contract_0001,region_ne_india_myanmar_r1,region_ne_india_myanmar_r1_b01_03,2024-05,myd14a1_061_aqua,50.742,0.846251,calibration_not_released,unavailable
art_science_demo_contract_0001,region_ne_india_myanmar_r1,region_ne_india_myanmar_r1_b01_04,2024-05,myd14a1_061_aqua,52.142,0.858251,calibration_not_released,unavailable
art_science_demo_contract_0001,region_ne_india_myanmar_r1,region_ne_india_myanmar_r1_b02_01,2024-05,myd14a1_061_aqua,52.842,0.864251,calibration_not_released,unavailable
art_science_demo_contract_0001,region_ne_india_myanmar_r1,region_ne_india_myanmar_r1_b02_02,2024-05,myd14a1_061_aqua,54.242,0.864251,calibration_not_released,unavailable
art_science_demo_contract_0001,region_ne_india_myanmar_r1,region_ne_india_myanmar_r1_b02_03,2024-05,myd14a1_061_aqua,55.642,0.852251,calibration_not_released,unavailable
art_science_demo_contract_0001,region_ne_india_myanmar_r1,region_ne_india_myanmar_r1_b02_04,2024-05,myd14a1_061_aqua,50.742,0.846251,calibration_not_released,unavailable
art_science_demo_contract_0001,region_ne_india_myanmar_r1,region_ne_india_myanmar_r1_b03_01,2024-05,myd14a1_061_aqua,51.442,0.852251,calibration_not_released,unavailable
art_science_demo_contract_0001,region_ne_india_myanmar_r1,region_ne_india_myanmar_r1_b03_02,2024-05,myd14a1_061_aqua,52.842,0.864251,calibration_not_released,unavailable
art_science_demo_contract_0001,region_ne_india_myanmar_r1,region_ne_india_myanmar_r1_b03_03,2024-05,myd14a1_061_aqua,54.242,0.864251,calibration_not_released,unavailable
art_science_demo_contract_0001,region_ne_india_myanmar_r1,region_ne_india_myanmar_r1_b03_04,2024-05,myd14a1_061_aqua,55.642,0.852251,calibration_not_released,unavailable
art_science_demo_contract_0001,region_ne_india_myanmar_r1,region_ne_india_myanmar_r1_b01_01,2024-06,myd14a1_061_aqua,36.1432,0.897966,calibration_not_released,unavailable
art_science_demo_contract_0001,region_ne_india_myanmar_r1,region_ne_india_myanmar_r1_b01_02,2024-06,myd14a1_061_aqua,37.5432,0.885966,calibration_not_released,unavailable
art_science_demo_contract_0001,region_ne_india_myanmar_r1,region_ne_india_myanmar_r1_b01_03,2024-06,myd14a1_061_aqua,32.6432,0.891966,calibration_not_released,unavailable
art_science_demo_contract_0001,region_ne_india_myanmar_r1,region_ne_india_myanmar_r1_b01_04,2024-06,myd14a1_061_aqua,34.0432,0.903966,calibration_not_released,unavailable
art_science_demo_contract_0001,region_ne_india_myanmar_r1,region_ne_india_myanmar_r1_b02_01,2024-06,myd14a1_061_aqua,34.7432,0.909966,calibration_not_released,unavailable
art_science_demo_contract_0001,region_ne_india_myanmar_r1,region_ne_india_myanmar_r1_b02_02,2024-06,myd14a1_061_aqua,36.1432,0.897966,calibration_not_released,unavailable
art_science_demo_contract_0001,region_ne_india_myanmar_r1,region_ne_india_myanmar_r1_b02_03,2024-06,myd14a1_061_aqua,37.5432,0.885966,calibration_not_released,unavailable
art_science_demo_contract_0001,region_ne_india_myanmar_r1,region_ne_india_myanmar_r1_b02_04,2024-06,myd14a1_061_aqua,32.6432,0.891966,calibration_not_released,unavailable
art_science_demo_contract_0001,region_ne_india_myanmar_r1,region_ne_india_myanmar_r1_b03_01,2024-06,myd14a1_061_aqua,33.3432,0.897966,calibration_not_released,unavailable
art_science_demo_contract_0001,region_ne_india_myanmar_r1,region_ne_india_myanmar_r1_b03_02,2024-06,myd14a1_061_aqua,34.7432,0.909966,calibration_not_released,unavailable
art_science_demo_contract_0001,region_ne_india_myanmar_r1,region_ne_india_myanmar_r1_b03_03,2024-06,myd14a1_061_aqua,36.1432,0.897966,calibration_not_released,unavailable
art_science_demo_contract_0001,region_ne_india_myanmar_r1,region_ne_india_myanmar_r1_b03_04,2024-06,myd14a1_061_aqua,37.5432,0.885966,calibration_not_released,unavailable
art_science_demo_contract_0001,region_ne_india_myanmar_r1,region_ne_india_myanmar_r1_b01_01,2024-07,myd14a1_061_aqua,41.4965,0.861794,calibration_not_released,unavailable
art_science_demo_contract_0001,region_ne_india_myanmar_r1,region_ne_india_myanmar_r1_b01_02,2024-07,myd14a1_061_aqua,36.5965,0.855794,calibration_not_released,unavailable
art_science_demo_contract_0001,region_ne_india_myanmar_r1,region_ne_india_myanmar_r1_b01_03,2024-07,myd14a1_061_aqua,37.9965,0.867794,calibration_not_released,unavailable
art_science_demo_contract_0001,region_ne_india_myanmar_r1,region_ne_india_myanmar_r1_b01_04,2024-07,myd14a1_061_aqua,39.3965,0.879794,calibration_not_released,unavailable
art_science_demo_contract_0001,region_ne_india_myanmar_r1,region_ne_india_myanmar_r1_b02_01,2024-07,myd14a1_061_aqua,40.0965,0.873794,calibration_not_released,unavailable
art_science_demo_contract_0001,region_ne_india_myanmar_r1,region_ne_india_myanmar_r1_b02_02,2024-07,myd14a1_061_aqua,41.4965,0.861794,calibration_not_released,unavailable
art_science_demo_contract_0001,region_ne_india_myanmar_r1,region_ne_india_myanmar_r1_b02_03,2024-07,myd14a1_061_aqua,36.5965,0.855794,calibration_not_released,unavailable
art_science_demo_contract_0001,region_ne_india_myanmar_r1,region_ne_india_myanmar_r1_b02_04,2024-07,myd14a1_061_aqua,37.9965,0.867794,calibration_not_released,unavailable
art_science_demo_contract_0001,region_ne_india_myanmar_r1,region_ne_india_myanmar_r1_b03_01,2024-07,myd14a1_061_aqua,38.6965,0.873794,calibration_not_released,unavailable
art_science_demo_contract_0001,region_ne_india_myanmar_r1,region_ne_india_myanmar_r1_b03_02,2024-07,myd14a1_061_aqua,40.0965,0.873794,calibration_not_released,unavailable
art_science_demo_contract_0001,region_ne_india_myanmar_r1,region_ne_india_myanmar_r1_b03_03,2024-07,myd14a1_061_aqua,41.4965,0.861794,calibration_not_released,unavailable
art_science_demo_contract_0001,region_ne_india_myanmar_r1,region_ne_india_myanmar_r1_b03_04,2024-07,myd14a1_061_aqua,36.5965,0.855794,calibration_not_released,unavailable
art_science_demo_contract_0001,region_ne_india_myanmar_r1,region_ne_india_myanmar_r1_b01_01,2024-08,myd14a1_061_aqua,31.9635,0.90605,calibration_not_released,unavailable
art_science_demo_contract_0001,region_ne_india_myanmar_r1,region_ne_india_myanmar_r1_b01_02,2024-08,myd14a1_061_aqua,27.0635,0.91205,calibration_not_released,unavailable
art_science_demo_contract_0001,region_ne_india_myanmar_r1,region_ne_india_myanmar_r1_b01_03,2024-08,myd14a1_061_aqua,28.4635,0.92405,calibration_not_released,unavailable
art_science_demo_contract_0001,region_ne_india_myanmar_r1,region_ne_india_myanmar_r1_b01_04,2024-08,myd14a1_061_aqua,29.8635,0.92405,calibration_not_released,unavailable
art_science_demo_contract_0001,region_ne_india_myanmar_r1,region_ne_india_myanmar_r1_b02_01,2024-08,myd14a1_061_aqua,30.5635,0.91805,calibration_not_released,unavailable
art_science_demo_contract_0001,region_ne_india_myanmar_r1,region_ne_india_myanmar_r1_b02_02,2024-08,myd14a1_061_aqua,31.9635,0.90605,calibration_not_released,unavailable
art_science_demo_contract_0001,region_ne_india_myanmar_r1,region_ne_india_myanmar_r1_b02_03,2024-08,myd14a1_061_aqua,27.0635,0.91205,calibration_not_released,unavailable
art_science_demo_contract_0001,region_ne_india_myanmar_r1,region_ne_india_myanmar_r1_b02_04,2024-08,myd14a1_061_aqua,28.4635,0.92405,calibration_not_released,unavailable
art_science_demo_contract_0001,region_ne_india_myanmar_r1,region_ne_india_myanmar_r1_b03_01,2024-08,myd14a1_061_aqua,29.1635,0.93005,calibration_not_released,unavailable
art_science_demo_contract_0001,region_ne_india_myanmar_r1,region_ne_india_myanmar_r1_b03_02,2024-08,myd14a1_061_aqua,30.5635,0.91805,calibration_not_released,unavailable
art_science_demo_contract_0001,region_ne_india_myanmar_r1,region_ne_india_myanmar_r1_b03_03,2024-08,myd14a1_061_aqua,31.9635,0.90605,calibration_not_released,unavailable
art_science_demo_contract_0001,region_ne_india_myanmar_r1,region_ne_india_myanmar_r1_b03_04,2024-08,myd14a1_061_aqua,27.0635,0.91205,calibration_not_released,unavailable
art_science_demo_contract_0001,region_ne_india_myanmar_r1,region_ne_india_myanmar_r1_b01_01,2024-09,myd14a1_061_aqua,17.5927,0.885966,calibration_not_released,unavailable
art_science_demo_contract_0001,region_ne_india_myanmar_r1,region_ne_india_myanmar_r1_b01_02,2024-09,myd14a1_061_aqua,18.9927,0.897966,calibration_not_released,unavailable
art_science_demo_contract_0001,region_ne_india_myanmar_r1,region_ne_india_myanmar_r1_b01_03,2024-09,myd14a1_061_aqua,20.3927,0.909966,calibration_not_released,unavailable
art_science_demo_contract_0001,region_ne_india_myanmar_r1,region_ne_india_myanmar_r1_b01_04,2024-09,myd14a1_061_aqua,21.7927,0.897966,calibration_not_released,unavailable
art_science_demo_contract_0001,region_ne_india_myanmar_r1,region_ne_india_myanmar_r1_b02_01,2024-09,myd14a1_061_aqua,22.4927,0.891966,calibration_not_released,unavailable
art_science_demo_contract_0001,region_ne_india_myanmar_r1,region_ne_india_myanmar_r1_b02_02,2024-09,myd14a1_061_aqua,17.5927,0.885966,calibration_not_released,unavailable
art_science_demo_contract_0001,region_ne_india_myanmar_r1,region_ne_india_myanmar_r1_b02_03,2024-09,myd14a1_061_aqua,18.9927,0.897966,calibration_not_released,unavailable
art_science_demo_contract_0001,region_ne_india_myanmar_r1,region_ne_india_myanmar_r1_b02_04,2024-09,myd14a1_061_aqua,20.3927,0.909966,calibration_not_released,unavailable
art_science_demo_contract_0001,region_ne_india_myanmar_r1,region_ne_india_myanmar_r1_b03_01,2024-09,myd14a1_061_aqua,21.0927,0.903966,calibration_not_released,unavailable
art_science_demo_contract_0001,region_ne_india_myanmar_r1,region_ne_india_myanmar_r1_b03_02,2024-09,myd14a1_061_aqua,22.4927,0.891966,calibration_not_released,unavailable
art_science_demo_contract_0001,region_ne_india_myanmar_r1,region_ne_india_myanmar_r1_b03_03,2024-09,myd14a1_061_aqua,17.5927,0.885966,calibration_not_released,unavailable
art_science_demo_contract_0001,region_ne_india_myanmar_r1,region_ne_india_myanmar_r1_b03_04,2024-09,myd14a1_061_aqua,18.9927,0.897966,calibration_not_released,unavailable
art_science_demo_contract_0001,region_ne_india_myanmar_r1,region_ne_india_myanmar_r1_b01_01,2024-10,myd14a1_061_aqua,17.6316,0.881858,calibration_not_released,unavailable
art_science_demo_contract_0001,region_ne_india_myanmar_r1,region_ne_india_myanmar_r1_b01_02,2024-10,myd14a1_061_aqua,19.0316,0.893858,calibration_not_released,unavailable
art_science_demo_contract_0001,region_ne_india_myanmar_r1,region_ne_india_myanmar_r1_b01_03,2024-10,myd14a1_061_aqua,20.4316,0.893858,calibration_not_released,unavailable
art_science_demo_contract_0001,region_ne_india_myanmar_r1,region_ne_india_myanmar_r1_b01_04,2024-10,myd14a1_061_aqua,21.8316,0.881858,calibration_not_released,unavailable
art_science_demo_contract_0001,region_ne_india_myanmar_r1,region_ne_india_myanmar_r1_b02_01,2024-10,myd14a1_061_aqua,22.5316,0.875858,calibration_not_released,unavailable
art_science_demo_contract_0001,region_ne_india_myanmar_r1,region_ne_india_myanmar_r1_b02_02,2024-10,myd14a1_061_aqua,17.6316,0.881858,calibration_not_released,unavailable
art_science_demo_contract_0001,region_ne_india_myanmar_r1,region_ne_india_myanmar_r1_b02_03,2024-10,myd14a1_061_aqua,19.0316,0.893858,calibration_not_released,unavailable
art_science_demo_contract_0001,region_ne_india_myanmar_r1,region_ne_india_myanmar_r1_b02_04,2024-10,myd14a1_061_aqua,20.4316,0.893858,calibration_not_released,unavailable
art_science_demo_contract_0001,region_ne_india_myanmar_r1,region_ne_india_myanmar_r1_b03_01,2024-10,myd14a1_061_aqua,21.1316,0.887858,calibration_not_released,unavailable
art_science_demo_contract_0001,region_ne_india_myanmar_r1,region_ne_india_myanmar_r1_b03_02,2024-10,myd14a1_061_aqua,22.5316,0.875858,calibration_not_released,unavailable
art_science_demo_contract_0001,region_ne_india_myanmar_r1,region_ne_india_myanmar_r1_b03_03,2024-10,myd14a1_061_aqua,17.6316,0.881858,calibration_not_released,unavailable
art_science_demo_contract_0001,region_ne_india_myanmar_r1,region_ne_india_myanmar_r1_b03_04,2024-10,myd14a1_061_aqua,19.0316,0.893858,calibration_not_released,unavailable
art_science_demo_contract_0001,region_ne_india_myanmar_r1,region_ne_india_myanmar_r1_b01_01,2024-11,myd14a1_061_aqua,6.965,0.898035,calibration_not_released,unavailable
art_science_demo_contract_0001,region_ne_india_myanmar_r1,region_ne_india_myanmar_r1_b01_02,2024-11,myd14a1_061_aqua,8.365,0.910035,calibration_not_released,unavailable
art_science_demo_contract_0001,region_ne_india_myanmar_r1,region_ne_india_myanmar_r1_b01_03,2024-11,myd14a1_061_aqua,9.765,0.898035,calibration_not_released,unavailable
art_science_demo_contract_0001,region_ne_india_myanmar_r1,region_ne_india_myanmar_r1_b01_04,2024-11,myd14a1_061_aqua,11.165,0.886035,calibration_not_released,unavailable
art_science_demo_contract_0001,region_ne_india_myanmar_r1,region_ne_india_myanmar_r1_b02_01,2024-11,myd14a1_061_aqua,5.565,0.886035,calibration_not_released,unavailable
art_science_demo_contract_0001,region_ne_india_myanmar_r1,region_ne_india_myanmar_r1_b02_02,2024-11,myd14a1_061_aqua,6.965,0.898035,calibration_not_released,unavailable
art_science_demo_contract_0001,region_ne_india_myanmar_r1,region_ne_india_myanmar_r1_b02_03,2024-11,myd14a1_061_aqua,8.365,0.910035,calibration_not_released,unavailable
art_science_demo_contract_0001,region_ne_india_myanmar_r1,region_ne_india_myanmar_r1_b02_04,2024-11,myd14a1_061_aqua,9.765,0.898035,calibration_not_released,unavailable
art_science_demo_contract_0001,region_ne_india_myanmar_r1,region_ne_india_myanmar_r1_b03_01,2024-11,myd14a1_061_aqua,10.465,0.892035,calibration_not_released,unavailable
art_science_demo_contract_0001,region_ne_india_myanmar_r1,region_ne_india_myanmar_r1_b03_02,2024-11,myd14a1_061_aqua,5.565,0.886035,calibration_not_released,unavailable
art_science_demo_contract_0001,region_ne_india_myanmar_r1,region_ne_india_myanmar_r1_b03_03,2024-11,myd14a1_061_aqua,6.965,0.898035,calibration_not_released,unavailable
art_science_demo_contract_0001,region_ne_india_myanmar_r1,region_ne_india_myanmar_r1_b03_04,2024-11,myd14a1_061_aqua,8.365,0.910035,calibration_not_released,unavailable
art_science_demo_contract_0001,region_ne_india_myanmar_r1,region_ne_india_myanmar_r1_b01_01,2024-12,myd14a1_061_aqua,18.6798,0.934233,calibration_not_released,unavailable
art_science_demo_contract_0001,region_ne_india_myanmar_r1,region_ne_india_myanmar_r1_b01_02,2024-12,myd14a1_061_aqua,20.0798,0.934233,calibration_not_released,unavailable
art_science_demo_contract_0001,region_ne_india_myanmar_r1,region_ne_india_myanmar_r1_b01_03,2024-12,myd14a1_061_aqua,21.4798,0.922233,calibration_not_released,unavailable
art_science_demo_contract_0001,region_ne_india_myanmar_r1,region_ne_india_myanmar_r1_b01_04,2024-12,myd14a1_061_aqua,16.5798,0.916233,calibration_not_released,unavailable
art_science_demo_contract_0001,region_ne_india_myanmar_r1,region_ne_india_myanmar_r1_b02_01,2024-12,myd14a1_061_aqua,17.2798,0.922233,calibration_not_released,unavailable
art_science_demo_contract_0001,region_ne_india_myanmar_r1,region_ne_india_myanmar_r1_b02_02,2024-12,myd14a1_061_aqua,18.6798,0.934233,calibration_not_released,unavailable
art_science_demo_contract_0001,region_ne_india_myanmar_r1,region_ne_india_myanmar_r1_b02_03,2024-12,myd14a1_061_aqua,20.0798,0.934233,calibration_not_released,unavailable
art_science_demo_contract_0001,region_ne_india_myanmar_r1,region_ne_india_myanmar_r1_b02_04,2024-12,myd14a1_061_aqua,21.4798,0.922233,calibration_not_released,unavailable
art_science_demo_contract_0001,region_ne_india_myanmar_r1,region_ne_india_myanmar_r1_b03_01,2024-12,myd14a1_061_aqua,22.1798,0.916233,calibration_not_released,unavailable
art_science_demo_contract_0001,region_ne_india_myanmar_r1,region_ne_india_myanmar_r1_b03_02,2024-12,myd14a1_061_aqua,17.2798,0.922233,calibration_not_released,unavailable
art_science_demo_contract_0001,region_ne_india_myanmar_r1,region_ne_india_myanmar_r1_b03_03,2024-12,myd14a1_061_aqua,18.6798,0.934233,calibration_not_released,unavailable
art_science_demo_contract_0001,region_ne_india_myanmar_r1,region_ne_india_myanmar_r1_b03_04,2024-12,myd14a1_061_aqua,20.0798,0.934233,calibration_not_released,unavailable
